Id,ErpProductId,Name,Name2,Reference,Ean,Brand,Manufacturer,Model,Comment,Link,PicName,PriceHT,UnitPrice,CPrice,RPrice,VatIncluded,TypeVatPerc,DiscountPerc,DiscountPrice,ProductDiscountPerc,TypeDiscountPerc,PromoActive,PromoPrice,PromoStartDate,PromoEndDate,StockQuantity,StockDate,Quantity,PerUnit,PieceID,Weight,Height,Width,Depth,MainTypeID,MainTypeName,MainSubTypeID,MainSubTypeName,TypeID,TypeName,SubTypeID,SubTypeName,SubProductID,Label,ColorCode,Archived,CreatedAt,UpdatedAt,LastSyncAt,DataSource,FromExcel,SourceFile,BrandId,CategoryId,CreatedBy,UpdatedBy,_BrandName,_CategoryNameFr,_CategoryLevel
108008,RAPID-6489749,Filtre à carburant,Fuel Filter,D20294,,1A FIRST AUTOMOTIVE,1A FIRST AUTOMOTIVE,,,,https://fsn1.your-objectstorage.com/tecdoc2025/media_files/images/4814/d3b2d4728d53a40c204b346455361c8abcff1123.webp,0.0000,0.0000,0.0000,0.0000,0,21.0000,0.0000,,0.0000,0.0000,0,,,,0.0000,2026-08-06 14:24:09,1.0000,piece,,,16.6000,,,,Additional Repairs,,,,Additional Repairs,,,,,,0,2026-08-06 14:24:09,2026-08-06 15:05:21,2026-08-06 14:24:09,RapidApi,0,,766,3427,,,1A FIRST AUTOMOTIVE,Additional Repairs,Type
108009,RAPID-6489812,Filtre à carburant,Fuel Filter,D20435,,1A FIRST AUTOMOTIVE,1A FIRST AUTOMOTIVE,,,,https://fsn1.your-objectstorage.com/tecdoc2025/media_files/images/4814/03e5bdb5a65b32edce94f3f7e6a5a4ca76f88cdf.webp,0.0000,0.0000,0.0000,0.0000,0,21.0000,0.0000,,0.0000,0.0000,0,,,,0.0000,2026-08-06 14:24:09,1.0000,piece,,,16.6000,,,,Additional Repairs,,,,Additional Repairs,,,,,,0,2026-08-06 14:24:09,2026-08-06 15:05:21,2026-08-06 14:24:09,RapidApi,0,,766,3427,,,1A FIRST AUTOMOTIVE,Additional Repairs,Type
108010,RAPID-1309951,Galet tendeur de courroie de distribution,"Tensioner Pulley, timing belt",13722,,3RG,3RG,,,,https://fsn1.your-objectstorage.com/tecdoc2025/media_files/images/4598/a11dc0093ec8cb06ec9cbeb76b04c459ceb86f94.webp,0.0000,0.0000,0.0000,0.0000,0,21.0000,0.0000,,0.0000,0.0000,0,,,,0.0000,2026-08-06 14:24:09,1.0000,piece,,0.3200,,2.5500,,,Additional Repairs,,,,Additional Repairs,,,,,,0,2026-08-06 14:24:09,2026-08-06 15:05:21,2026-08-06 14:24:09,RapidApi,0,,767,3427,,,3RG,Additional Repairs,Type
108011,RAPID-2085632,Jeu de mâchoires de frein,Brake Shoe Set,22523VV,,4U Autoparts,4U Autoparts,,,,https://fsn1.your-objectstorage.com/tecdoc2025/media_files/images/4420/dfb1629922f5498d2340adf24b8d1dfa8dcf7acf.webp,0.0000,0.0000,0.0000,0.0000,0,21.0000,0.0000,,0.0000,0.0000,0,,,,0.0000,2026-08-06 14:24:09,1.0000,piece,,1.8300,,4.0000,,,Additional Repairs,,,,Additional Repairs,,,,,,0,2026-08-06 14:24:09,2026-08-06 15:05:21,2026-08-06 14:24:09,RapidApi,0,,768,3427,,,4U Autoparts,Additional Repairs,Type
108012,RAPID-2744110,Galet tendeur de courroie de distribution,"Tensioner Pulley, timing belt",32505VV,,4U Autoparts,4U Autoparts,,,,https://fsn1.your-objectstorage.com/tecdoc2025/media_files/images/4420/0f567dd8e4f6282e7ba26a616229c9ddaa7edd3b.webp,0.0000,0.0000,0.0000,0.0000,0,21.0000,0.0000,,0.0000,0.0000,0,,,,0.0000,2026-08-06 14:24:09,1.0000,piece,,,3.5000,3.0000,,,Additional Repairs,,,,Additional Repairs,,,,,,0,2026-08-06 14:24:09,2026-08-06 15:05:21,2026-08-06 14:24:09,RapidApi,0,,768,3427,,,4U Autoparts,Additional Repairs,Type
108013,RAPID-6825636,Courroie de distribution,,EST-40-00-010,,4X4 ESTANFI,4X4 ESTANFI,,,,https://fsn1.your-objectstorage.com/tecdoc2025/media_files/images/6372/508d4c14cc02aafb6b2a0e874c645cd984668927.webp,0.0000,0.0000,0.0000,0.0000,0,21.0000,0.0000,,0.0000,0.0000,0,,,,0.0000,2026-08-06 14:24:09,1.0000,piece,,,,2.5000,,,Additional Repairs,,,,Additional Repairs,,,,,,0,2026-08-06 14:24:09,2026-08-06 15:03:28,2026-08-06 14:24:09,RapidApi,0,,769,3427,,,4X4 ESTANFI,Additional Repairs,Type
108014,RAPID-6828058,Jeu de plaquettes de frein à disque,"Brake Pad Set, disc brake",EST-50-00-0082,,4X4 ESTANFI,4X4 ESTANFI,,,,https://fsn1.your-objectstorage.com/tecdoc2025/media_files/images/6372/d533d4a6a83a4c077d932e6c54e48fbbb8209a4b.webp,0.0000,0.0000,0.0000,0.0000,0,21.0000,0.0000,,0.0000,0.0000,0,,,,0.0000,2026-08-06 14:24:09,1.0000,piece,,,,7.0000,11.9000,,Additional Repairs,,,,Additional Repairs,,,,,,0,2026-08-06 14:24:09,2026-08-06 15:05:21,2026-08-06 14:24:09,RapidApi,0,,769,3427,,,4X4 ESTANFI,Additional Repairs,Type
108015,RAPID-21393197,Jeu de plaquettes de frein à disque,"Brake Pad Set, disc brake",EST-50-00-0903,,4X4 ESTANFI,4X4 ESTANFI,,,,https://fsn1.your-objectstorage.com/tecdoc2025/media_files/images/6372/76fef56bf1ab87ccf22e977e08959d89d3299871.webp,0.0000,0.0000,0.0000,0.0000,0,21.0000,0.0000,,0.0000,0.0000,0,,,,0.0000,2026-08-06 14:24:09,1.0000,piece,,,,,,,Additional Repairs,,,,Additional Repairs,,,,,,0,2026-08-06 14:24:09,2026-08-06 15:05:21,2026-08-06 14:24:09,RapidApi,0,,769,3427,,,4X4 ESTANFI,Additional Repairs,Type
108016,RAPID-84960792,Jeu de mâchoires de frein,Brake Shoe Set,SVG10387,,7 SEVEN PARTS,7 SEVEN PARTS,,,,https://fsn1.your-objectstorage.com/tecdoc2025/media_files/images/6903/29136bb92300d2ced47e362c5e10133c195d0c3b.webp,0.0000,0.0000,0.0000,0.0000,0,21.0000,0.0000,,0.0000,0.0000,0,,,,0.0000,2026-08-06 14:24:09,1.0000,piece,,,,,,,Additional Repairs,,,,Additional Repairs,,,,,,0,2026-08-06 14:24:09,2026-08-06 15:05:21,2026-08-06 14:24:09,RapidApi,0,,770,3427,,,7 SEVEN PARTS,Additional Repairs,Type
108017,RAPID-78851769,Jeu de mâchoires de frein,Brake Shoe Set,SVG10408,,7 SEVEN PARTS,7 SEVEN PARTS,,,,https://fsn1.your-objectstorage.com/tecdoc2025/media_files/images/6903/cbf74d48c330129a6b928cebe7bd59e56142d29c.webp,0.0000,0.0000,0.0000,0.0000,0,21.0000,0.0000,,0.0000,0.0000,0,,,,0.0000,2026-08-06 14:24:09,1.0000,piece,,,,,,,Additional Repairs,,,,Additional Repairs,,,,,,0,2026-08-06 14:24:09,2026-08-06 15:05:21,2026-08-06 14:24:09,RapidApi,0,,770,3427,,,7 SEVEN PARTS,Additional Repairs,Type
108018,RAPID-73928733,Jeu de mâchoires de frein,Brake Shoe Set,SVG10407,,7 SEVEN PARTS,7 SEVEN PARTS,,,,https://fsn1.your-objectstorage.com/tecdoc2025/media_files/images/6903/0bdcd207efb57edaf256eb44a76079d044d7de10.webp,0.0000,0.0000,0.0000,0.0000,0,21.0000,0.0000,,0.0000,0.0000,0,,,,0.0000,2026-08-06 14:24:09,1.0000,piece,,,,,,,Additional Repairs,,,,Additional Repairs,,,,,,0,2026-08-06 14:24:09,2026-08-06 15:05:21,2026-08-06 14:24:09,RapidApi,0,,770,3427,,,7 SEVEN PARTS,Additional Repairs,Type
108019,RAPID-82037042,Jeu de mâchoires de frein,Brake Shoe Set,SVG10233,,7 SEVEN PARTS,7 SEVEN PARTS,,,,https://fsn1.your-objectstorage.com/tecdoc2025/media_files/images/6903/1e9855a09296d53a99c874e18d750f6f84d0e1bb.webp,0.0000,0.0000,0.0000,0.0000,0,21.0000,0.0000,,0.0000,0.0000,0,,,,0.0000,2026-08-06 14:24:09,1.0000,piece,,,,,,,Additional Repairs,,,,Additional Repairs,,,,,,0,2026-08-06 14:24:09,2026-08-06 15:05:21,2026-08-06 14:24:09,RapidApi,0,,770,3427,,,7 SEVEN PARTS,Additional Repairs,Type
108020,RAPID-82102237,Jeu de mâchoires de frein,Brake Shoe Set,SVG10254,,7 SEVEN PARTS,7 SEVEN PARTS,,,,https://fsn1.your-objectstorage.com/tecdoc2025/media_files/images/6903/c6b4516cbfacaaccc8ee90566fb69f86f521d011.webp,0.0000,0.0000,0.0000,0.0000,0,21.0000,0.0000,,0.0000,0.0000,0,,,,0.0000,2026-08-06 14:24:09,1.0000,piece,,,,,,,Additional Repairs,,,,Additional Repairs,,,,,,0,2026-08-06 14:24:09,2026-08-06 15:05:21,2026-08-06 14:24:09,RapidApi,0,,770,3427,,,7 SEVEN PARTS,Additional Repairs,Type
108021,RAPID-73828702,Jeu de plaquettes de frein à disque,"Brake Pad Set, disc brake",SVP15610,,7 SEVEN PARTS,7 SEVEN PARTS,,,,https://fsn1.your-objectstorage.com/tecdoc2025/media_files/images/6903/b4ed98bd2c70524a398e59b1862f36515f2231fe.webp,0.0000,0.0000,0.0000,0.0000,0,21.0000,0.0000,,0.0000,0.0000,0,,,,0.0000,2026-08-06 14:24:09,1.0000,piece,,,0.0000,0.0000,,,Additional Repairs,,,,Additional Repairs,,,,,,0,2026-08-06 14:24:09,2026-08-06 15:05:21,2026-08-06 14:24:09,RapidApi,0,,770,3427,,,7 SEVEN PARTS,Additional Repairs,Type
108022,RAPID-82430893,Jeu de plaquettes de frein à disque,"Brake Pad Set, disc brake",SVP13530,,7 SEVEN PARTS,7 SEVEN PARTS,,,,https://fsn1.your-objectstorage.com/tecdoc2025/media_files/images/6903/9dd9934bc99d3b91ef31495645dea5a76d64d988.webp,0.0000,0.0000,0.0000,0.0000,0,21.0000,0.0000,,0.0000,0.0000,0,,,,0.0000,2026-08-06 14:24:09,1.0000,piece,,,0.0000,0.0000,,,Additional Repairs,,,,Additional Repairs,,,,,,0,2026-08-06 14:24:09,2026-08-06 15:05:21,2026-08-06 14:24:09,RapidApi,0,,770,3427,,,7 SEVEN PARTS,Additional Repairs,Type
108023,RAPID-73697256,Jeu de plaquettes de frein à disque,"Brake Pad Set, disc brake",SVP14350,,7 SEVEN PARTS,7 SEVEN PARTS,,,,https://fsn1.your-objectstorage.com/tecdoc2025/media_files/images/6903/e9c2745c9b02c1de0f838adbe9fa9376d1e57e6f.webp,0.0000,0.0000,0.0000,0.0000,0,21.0000,0.0000,,0.0000,0.0000,0,,,,0.0000,2026-08-06 14:24:09,1.0000,piece,,,0.0000,0.0000,,,Additional Repairs,,,,Additional Repairs,,,,,,0,2026-08-06 14:24:09,2026-08-06 15:05:21,2026-08-06 14:24:09,RapidApi,0,,770,3427,,,7 SEVEN PARTS,Additional Repairs,Type
108024,RAPID-74585063,Jeu de plaquettes de frein à disque,"Brake Pad Set, disc brake",SVP19320,,7 SEVEN PARTS,7 SEVEN PARTS,,,,https://fsn1.your-objectstorage.com/tecdoc2025/media_files/images/6903/de671e4817ec644e7e7e807206cdaede6988e6ab.webp,0.0000,0.0000,0.0000,0.0000,0,21.0000,0.0000,,0.0000,0.0000,0,,,,0.0000,2026-08-06 14:24:09,1.0000,piece,,,0.0000,0.0000,,,Additional Repairs,,,,Additional Repairs,,,,,,0,2026-08-06 14:24:09,2026-08-06 15:05:21,2026-08-06 14:24:09,RapidApi,0,,770,3427,,,7 SEVEN PARTS,Additional Repairs,Type
108025,RAPID-78719442,Jeu de plaquettes de frein à disque,"Brake Pad Set, disc brake",SVP15613,,7 SEVEN PARTS,7 SEVEN PARTS,,,,https://fsn1.your-objectstorage.com/tecdoc2025/media_files/images/6903/d6a35ca1ee1448d3ebe26c2d427a6db00703acdc.webp,0.0000,0.0000,0.0000,0.0000,0,21.0000,0.0000,,0.0000,0.0000,0,,,,0.0000,2026-08-06 14:24:09,1.0000,piece,,,0.0000,0.0000,,,Additional Repairs,,,,Additional Repairs,,,,,,0,2026-08-06 14:24:09,2026-08-06 15:05:21,2026-08-06 14:24:09,RapidApi,0,,770,3427,,,7 SEVEN PARTS,Additional Repairs,Type
108026,RAPID-81905782,Jeu de plaquettes de frein à disque,"Brake Pad Set, disc brake",SVP18531,,7 SEVEN PARTS,7 SEVEN PARTS,,,,https://fsn1.your-objectstorage.com/tecdoc2025/media_files/images/6903/68d80e81b67a2ce8b9261934986e9536e701e393.webp,0.0000,0.0000,0.0000,0.0000,0,21.0000,0.0000,,0.0000,0.0000,0,,,,0.0000,2026-08-06 14:24:09,1.0000,piece,,,0.0000,0.0000,,,Additional Repairs,,,,Additional Repairs,,,,,,0,2026-08-06 14:24:09,2026-08-06 15:05:21,2026-08-06 14:24:09,RapidApi,0,,770,3427,,,7 SEVEN PARTS,Additional Repairs,Type
108027,RAPID-73043312,Jeu de plaquettes de frein à disque,"Brake Pad Set, disc brake",SVP15611,,7 SEVEN PARTS,7 SEVEN PARTS,,,,https://fsn1.your-objectstorage.com/tecdoc2025/media_files/images/6903/92765fbf8e7169b62cd1fcf94a1aa4cf95d11edf.webp,0.0000,0.0000,0.0000,0.0000,0,21.0000,0.0000,,0.0000,0.0000,0,,,,0.0000,2026-08-06 14:24:09,1.0000,piece,,,0.0000,0.0000,,,Additional Repairs,,,,Additional Repairs,,,,,,0,2026-08-06 14:24:09,2026-08-06 15:05:21,2026-08-06 14:24:09,RapidApi,0,,770,3427,,,7 SEVEN PARTS,Additional Repairs,Type
108028,RAPID-79673982,Jeu de plaquettes de frein à disque,"Brake Pad Set, disc brake",SVP18530,,7 SEVEN PARTS,7 SEVEN PARTS,,,,https://fsn1.your-objectstorage.com/tecdoc2025/media_files/images/6903/7b5a107c2017c4656e809c982b883bf32339685e.webp,0.0000,0.0000,0.0000,0.0000,0,21.0000,0.0000,,0.0000,0.0000,0,,,,0.0000,2026-08-06 14:24:09,1.0000,piece,,,0.0000,0.0000,,,Additional Repairs,,,,Additional Repairs,,,,,,0,2026-08-06 14:24:09,2026-08-06 15:05:21,2026-08-06 14:24:09,RapidApi,0,,770,3427,,,7 SEVEN PARTS,Additional Repairs,Type
108029,RAPID-77113107,Jeu de plaquettes de frein à disque,"Brake Pad Set, disc brake",SVP15612,,7 SEVEN PARTS,7 SEVEN PARTS,,,,https://fsn1.your-objectstorage.com/tecdoc2025/media_files/images/6903/d114c78b2c36af8ec561872512d1332f6ef0142a.webp,0.0000,0.0000,0.0000,0.0000,0,21.0000,0.0000,,0.0000,0.0000,0,,,,0.0000,2026-08-06 14:24:09,1.0000,piece,,,0.0000,0.0000,,,Additional Repairs,,,,Additional Repairs,,,,,,0,2026-08-06 14:24:09,2026-08-06 15:05:21,2026-08-06 14:24:09,RapidApi,0,,770,3427,,,7 SEVEN PARTS,Additional Repairs,Type
108030,RAPID-78785364,Jeu de plaquettes de frein à disque,"Brake Pad Set, disc brake",SVP15603,,7 SEVEN PARTS,7 SEVEN PARTS,,,,https://fsn1.your-objectstorage.com/tecdoc2025/media_files/images/6903/61a48e2f74443218cd24e81ad7f2e50f15ab0c90.webp,0.0000,0.0000,0.0000,0.0000,0,21.0000,0.0000,,0.0000,0.0000,0,,,,0.0000,2026-08-06 14:24:09,1.0000,piece,,,0.0000,0.0000,,,Additional Repairs,,,,Additional Repairs,,,,,,0,2026-08-06 14:24:09,2026-08-06 15:05:21,2026-08-06 14:24:09,RapidApi,0,,770,3427,,,7 SEVEN PARTS,Additional Repairs,Type
108031,RAPID-82595565,Jeu de plaquettes de frein à disque,"Brake Pad Set, disc brake",SVP11810,,7 SEVEN PARTS,7 SEVEN PARTS,,,,https://fsn1.your-objectstorage.com/tecdoc2025/media_files/images/6903/f8febaa1f21e950ce17db3edc5b3ab5fdf9a62dd.webp,0.0000,0.0000,0.0000,0.0000,0,21.0000,0.0000,,0.0000,0.0000,0,,,,0.0000,2026-08-06 14:24:09,1.0000,piece,,,0.0000,0.0000,,,Additional Repairs,,,,Additional Repairs,,,,,,0,2026-08-06 14:24:09,2026-08-06 15:05:21,2026-08-06 14:24:09,RapidApi,0,,770,3427,,,7 SEVEN PARTS,Additional Repairs,Type
108032,RAPID-85616011,Jeu de plaquettes de frein à disque,"Brake Pad Set, disc brake",SVP15600,,7 SEVEN PARTS,7 SEVEN PARTS,,,,https://fsn1.your-objectstorage.com/tecdoc2025/media_files/images/6903/706e4805a5c35714a04697c56e3b49afb611177a.webp,0.0000,0.0000,0.0000,0.0000,0,21.0000,0.0000,,0.0000,0.0000,0,,,,0.0000,2026-08-06 14:24:09,1.0000,piece,,,0.0000,0.0000,,,Additional Repairs,,,,Additional Repairs,,,,,,0,2026-08-06 14:24:09,2026-08-06 15:05:21,2026-08-06 14:24:09,RapidApi,0,,770,3427,,,7 SEVEN PARTS,Additional Repairs,Type
108033,RAPID-78030852,Jeu de plaquettes de frein à disque,"Brake Pad Set, disc brake",SVP15604,,7 SEVEN PARTS,7 SEVEN PARTS,,,,https://fsn1.your-objectstorage.com/tecdoc2025/media_files/images/6903/a9a08403754f2f1a208e36507b2351e47ec847b8.webp,0.0000,0.0000,0.0000,0.0000,0,21.0000,0.0000,,0.0000,0.0000,0,,,,0.0000,2026-08-06 14:24:09,1.0000,piece,,,0.0000,0.0000,,,Additional Repairs,,,,Additional Repairs,,,,,,0,2026-08-06 14:24:09,2026-08-06 15:05:21,2026-08-06 14:24:09,RapidApi,0,,770,3427,,,7 SEVEN PARTS,Additional Repairs,Type
108034,RAPID-76751619,Jeu de plaquettes de frein à disque,"Brake Pad Set, disc brake",SVP15642,,7 SEVEN PARTS,7 SEVEN PARTS,,,,https://fsn1.your-objectstorage.com/tecdoc2025/media_files/images/6903/1d193bb4aa746d4a82d5fa0eae8ddb9ef803ae26.webp,0.0000,0.0000,0.0000,0.0000,0,21.0000,0.0000,,0.0000,0.0000,0,,,,0.0000,2026-08-06 14:24:09,1.0000,piece,,,0.0000,0.0000,,,Additional Repairs,,,,Additional Repairs,,,,,,0,2026-08-06 14:24:09,2026-08-06 15:05:21,2026-08-06 14:24:09,RapidApi,0,,770,3427,,,7 SEVEN PARTS,Additional Repairs,Type
108035,RAPID-83053944,Jeu de plaquettes de frein à disque,"Brake Pad Set, disc brake",SVP19330,,7 SEVEN PARTS,7 SEVEN PARTS,,,,https://fsn1.your-objectstorage.com/tecdoc2025/media_files/images/6903/0c70a2f620c40eca2e93c48914a56840997dd622.webp,0.0000,0.0000,0.0000,0.0000,0,21.0000,0.0000,,0.0000,0.0000,0,,,,0.0000,2026-08-06 14:24:09,1.0000,piece,,,0.0000,0.0000,,,Additional Repairs,,,,Additional Repairs,,,,,,0,2026-08-06 14:24:09,2026-08-06 15:05:21,2026-08-06 14:24:09,RapidApi,0,,770,3427,,,7 SEVEN PARTS,Additional Repairs,Type
108036,RAPID-80953801,Jeu de plaquettes de frein à disque,"Brake Pad Set, disc brake",SVP14191,,7 SEVEN PARTS,7 SEVEN PARTS,,,,https://fsn1.your-objectstorage.com/tecdoc2025/media_files/images/6903/45b5994732c76f3d67c77e4c79ced2c71d4a74cc.webp,0.0000,0.0000,0.0000,0.0000,0,21.0000,0.0000,,0.0000,0.0000,0,,,,0.0000,2026-08-06 14:24:09,1.0000,piece,,,0.0000,0.0000,,,Additional Repairs,,,,Additional Repairs,,,,,,0,2026-08-06 14:24:09,2026-08-06 15:05:21,2026-08-06 14:24:09,RapidApi,0,,770,3427,,,7 SEVEN PARTS,Additional Repairs,Type
108037,RAPID-73304207,Jeu de plaquettes de frein à disque,"Brake Pad Set, disc brake",SVP25150,,7 SEVEN PARTS,7 SEVEN PARTS,,,,https://fsn1.your-objectstorage.com/tecdoc2025/media_files/images/6903/432dbce8b08c2ba7430a3cfdcd212a48f021ab4e.webp,0.0000,0.0000,0.0000,0.0000,0,21.0000,0.0000,,0.0000,0.0000,0,,,,0.0000,2026-08-06 14:24:09,1.0000,piece,,,15.4900,7.3300,,,Additional Repairs,,,,Additional Repairs,,,,,,0,2026-08-06 14:24:09,2026-08-06 15:05:21,2026-08-06 14:24:09,RapidApi,0,,770,3427,,,7 SEVEN PARTS,Additional Repairs,Type
108038,RAPID-76620330,Jeu de plaquettes de frein à disque,"Brake Pad Set, disc brake",SVP14302,,7 SEVEN PARTS,7 SEVEN PARTS,,,,https://fsn1.your-objectstorage.com/tecdoc2025/media_files/images/6903/29eb1a9734a83407fce60428e38e3addd55fb5ad.webp,0.0000,0.0000,0.0000,0.0000,0,21.0000,0.0000,,0.0000,0.0000,0,,,,0.0000,2026-08-06 14:24:09,1.0000,piece,,,,,,,Additional Repairs,,,,Additional Repairs,,,,,,0,2026-08-06 14:24:09,2026-08-06 15:05:21,2026-08-06 14:24:09,RapidApi,0,,770,3427,,,7 SEVEN PARTS,Additional Repairs,Type
108039,RAPID-82792491,Jeu de plaquettes de frein à disque,"Brake Pad Set, disc brake",SVP21260,,7 SEVEN PARTS,7 SEVEN PARTS,,,,https://fsn1.your-objectstorage.com/tecdoc2025/media_files/images/6903/17e8f927ca218f982439354e580fa7b32690d855.webp,0.0000,0.0000,0.0000,0.0000,0,21.0000,0.0000,,0.0000,0.0000,0,,,,0.0000,2026-08-06 14:24:09,1.0000,piece,,,,,,,Additional Repairs,,,,Additional Repairs,,,,,,0,2026-08-06 14:24:09,2026-08-06 15:05:21,2026-08-06 14:24:09,RapidApi,0,,770,3427,,,7 SEVEN PARTS,Additional Repairs,Type
108040,RAPID-10419898,Kit de courroie de distribution,Timing Belt Kit,YK500137,,A.B.A,A.B.A,,,,https://fsn1.your-objectstorage.com/tecdoc2025/media_files/images/4997/9b40a59292c5fd5713d33f0137915a65e6426b41.webp,0.0000,0.0000,0.0000,0.0000,0,21.0000,0.0000,,0.0000,0.0000,0,,,,0.0000,2026-08-06 14:24:09,1.0000,piece,,,,,,,Additional Repairs,,,,Additional Repairs,,,,,,0,2026-08-06 14:24:09,2026-08-06 15:05:21,2026-08-06 14:24:09,RapidApi,0,,771,3427,,,A.B.A,Additional Repairs,Type
108041,RAPID-10425833,Galet tendeur de courroie de distribution,"Tensioner Pulley, timing belt",YS505405,,A.B.A,A.B.A,,,,https://fsn1.your-objectstorage.com/tecdoc2025/media_files/images/4997/4dfb66302f7b5e423f4868eb67b5b8509f82b81a.webp,0.0000,0.0000,0.0000,0.0000,0,21.0000,0.0000,,0.0000,0.0000,0,,,,0.0000,2026-08-06 14:24:09,1.0000,piece,,,3.0000,,,,Additional Repairs,,,,Additional Repairs,,,,,,0,2026-08-06 14:24:09,2026-08-06 15:05:21,2026-08-06 14:24:09,RapidApi,0,,771,3427,,,A.B.A,Additional Repairs,Type
108042,RAPID-5054000,Jeu de mâchoires de frein,Brake Shoe Set,8921,,A.B.S.,A.B.S.,,,,https://fsn1.your-objectstorage.com/tecdoc2025/media_files/PDF/206/cc8fa82f1782b4a30c972e44e3e68561c7307a50.pdf,0.0000,0.0000,0.0000,0.0000,0,21.0000,0.0000,,0.0000,0.0000,0,,,,0.0000,2026-08-06 14:24:09,1.0000,piece,,2.0100,,4.0000,,,Additional Repairs,,,,Additional Repairs,,,,,,0,2026-08-06 14:24:09,2026-08-06 15:05:21,2026-08-06 14:24:09,RapidApi,0,,772,3427,,,A.B.S.,Additional Repairs,Type
108043,RAPID-10662616,Jeu de plaquettes de frein à disque,,P 85 092,,A.B.S.,A.B.S.,,,,,0.0000,0.0000,0.0000,0.0000,0,21.0000,0.0000,,0.0000,0.0000,0,,,,0.0000,2026-08-06 14:24:09,1.0000,piece,,1.2200,6.9500,11.9000,,,Additional Repairs,,,,Additional Repairs,,,,,,0,2026-08-06 14:24:09,2026-08-06 15:07:05,2026-08-06 14:24:09,RapidApi,0,,772,3427,,,A.B.S.,Additional Repairs,Type
108044,RAPID-18933302,Jeu de plaquettes de frein à disque,,P 85 013,,A.B.S.,A.B.S.,,,,,0.0000,0.0000,0.0000,0.0000,0,21.0000,0.0000,,0.0000,0.0000,0,,,,0.0000,2026-08-06 14:24:09,1.0000,piece,,0.8500,6.6900,8.7000,,,Additional Repairs,,,,Additional Repairs,,,,,,0,2026-08-06 14:24:09,2026-08-06 15:07:05,2026-08-06 14:24:09,RapidApi,0,,772,3427,,,A.B.S.,Additional Repairs,Type
108045,RAPID-2972227,Jeu de plaquettes de frein à disque,,36818,,A.B.S.,A.B.S.,,,,,0.0000,0.0000,0.0000,0.0000,0,21.0000,0.0000,,0.0000,0.0000,0,,,,0.0000,2026-08-06 14:24:09,1.0000,piece,,0.8500,6.6900,8.7000,,,Additional Repairs,,,,Additional Repairs,,,,,,0,2026-08-06 14:24:09,2026-08-06 15:07:05,2026-08-06 14:24:09,RapidApi,0,,772,3427,,,A.B.S.,Additional Repairs,Type
108046,RAPID-2971369,Jeu de plaquettes de frein à disque,,36789,,A.B.S.,A.B.S.,,,,,0.0000,0.0000,0.0000,0.0000,0,21.0000,0.0000,,0.0000,0.0000,0,,,,0.0000,2026-08-06 14:24:09,1.0000,piece,,1.2200,6.9500,11.8900,,,Additional Repairs,,,,Additional Repairs,,,,,,0,2026-08-06 14:24:09,2026-08-06 15:07:05,2026-08-06 14:24:09,RapidApi,0,,772,3427,,,A.B.S.,Additional Repairs,Type
108047,RAPID-5836942,Kit de courroie de distribution,,AZMT-30-058-2022,,A.Z. Meisterteile,A.Z. Meisterteile,,,,,0.0000,0.0000,0.0000,0.0000,0,21.0000,0.0000,,0.0000,0.0000,0,,,,0.0000,2026-08-06 14:24:09,1.0000,piece,,,,2.5000,,,Additional Repairs,,,,Additional Repairs,,,,,,0,2026-08-06 14:24:09,2026-08-06 15:07:05,2026-08-06 14:24:09,RapidApi,0,,773,3427,,,A.Z. Meisterteile,Additional Repairs,Type
108052,RAPID-16155990,"Ampoule, feu éclaireur de plaque",,AZMT-49-090-0025/1,,A.Z. Meisterteile,A.Z. Meisterteile,,,,https://fsn1.your-objectstorage.com/tecdoc2025/media_files/images/5275/ce49907b5cc96082a9d322bf4c046c5c739742e6.webp,0.0000,0.0000,0.0000,0.0000,0,21.0000,0.0000,,0.0000,0.0000,0,,,,0.0000,2026-08-08 22:47:30,1.0000,piece,,,,,,,Ampoule du feu éclaireur de plaque,,,,Ampoule du feu éclaireur de plaque,,,,,,0,2026-08-08 22:47:30,2026-08-08 22:47:30,2026-08-08 22:47:30,RapidApi,0,,773,3428,,,A.Z. Meisterteile,Ampoule du feu éclaireur de plaque,Type
108053,RAPID-44174154,"Ampoule, feu éclaireur de plaque",,6418-2BL,,ams-OSRAM,ams-OSRAM,,,,https://fsn1.your-objectstorage.com/tecdoc2025/media_files/PDF/67/0e4ee0465a2bfcef8d8cfece1093d68f0254e0ce.pdf,0.0000,0.0000,0.0000,0.0000,0,21.0000,0.0000,,0.0000,0.0000,0,,,,0.0000,2026-08-08 22:47:30,1.0000,piece,,,,,3.5000,,Ampoule du feu éclaireur de plaque,,,,Ampoule du feu éclaireur de plaque,,,,,,0,2026-08-08 22:47:30,2026-08-08 22:47:30,2026-08-08 22:47:30,RapidApi,0,,774,3428,,,ams-OSRAM,Ampoule du feu éclaireur de plaque,Type
108054,RAPID-4181904,"Ampoule, feu éclaireur de plaque",,6418,,ams-OSRAM,ams-OSRAM,,,,https://fsn1.your-objectstorage.com/tecdoc2025/media_files/PDF/67/0e4ee0465a2bfcef8d8cfece1093d68f0254e0ce.pdf,0.0000,0.0000,0.0000,0.0000,0,21.0000,0.0000,,0.0000,0.0000,0,,,,0.0000,2026-08-08 22:47:30,1.0000,piece,,,,,3.5000,,Ampoule du feu éclaireur de plaque,,,,Ampoule du feu éclaireur de plaque,,,,,,0,2026-08-08 22:47:30,2026-08-08 22:47:30,2026-08-08 22:47:30,RapidApi,0,,774,3428,,,ams-OSRAM,Ampoule du feu éclaireur de plaque,Type
108055,RAPID-4182072,"Ampoule, feu éclaireur de plaque",,6418ULT,,ams-OSRAM,ams-OSRAM,,,,https://fsn1.your-objectstorage.com/tecdoc2025/media_files/images/67/5327ee70e894774522b6bd0f1e2c7e3e6235c1bf.webp,0.0000,0.0000,0.0000,0.0000,0,21.0000,0.0000,,0.0000,0.0000,0,,,,0.0000,2026-08-08 22:47:30,1.0000,piece,,,,,3.5000,,Ampoule du feu éclaireur de plaque,,,,Ampoule du feu éclaireur de plaque,,,,,,0,2026-08-08 22:47:30,2026-08-08 22:47:30,2026-08-08 22:47:30,RapidApi,0,,774,3428,,,ams-OSRAM,Ampoule du feu éclaireur de plaque,Type
108056,RAPID-4182073,"Ampoule, feu éclaireur de plaque",,6418ULT-02B,,ams-OSRAM,ams-OSRAM,,,,https://fsn1.your-objectstorage.com/tecdoc2025/media_files/images/67/5327ee70e894774522b6bd0f1e2c7e3e6235c1bf.webp,0.0000,0.0000,0.0000,0.0000,0,21.0000,0.0000,,0.0000,0.0000,0,,,,0.0000,2026-08-08 22:47:30,1.0000,piece,,,,,3.5000,,Ampoule du feu éclaireur de plaque,,,,Ampoule du feu éclaireur de plaque,,,,,,0,2026-08-08 22:47:30,2026-08-08 22:47:30,2026-08-08 22:47:30,RapidApi,0,,774,3428,,,ams-OSRAM,Ampoule du feu éclaireur de plaque,Type
108057,RAPID-4181915,"Ampoule, feu éclaireur de plaque",,6418-02B,,ams-OSRAM,ams-OSRAM,,,,https://fsn1.your-objectstorage.com/tecdoc2025/media_files/PDF/67/0e4ee0465a2bfcef8d8cfece1093d68f0254e0ce.pdf,0.0000,0.0000,0.0000,0.0000,0,21.0000,0.0000,,0.0000,0.0000,0,,,,0.0000,2026-08-08 22:47:30,1.0000,piece,,,,,3.5000,,Ampoule du feu éclaireur de plaque,,,,Ampoule du feu éclaireur de plaque,,,,,,0,2026-08-08 22:47:30,2026-08-08 22:47:30,2026-08-08 22:47:30,RapidApi,0,,774,3428,,,ams-OSRAM,Ampoule du feu éclaireur de plaque,Type
108058,RAPID-10396180,"Ampoule, projecteur principal",,XE1711,,AP XENERGY,AP XENERGY,,,,https://fsn1.your-objectstorage.com/tecdoc2025/media_files/images/4975/5e1f23e4cdaf346f5c5596824e5d079deca1c923.webp,0.0000,0.0000,0.0000,0.0000,0,21.0000,0.0000,,0.0000,0.0000,0,,,,0.0000,2026-08-08 22:47:30,1.0000,piece,,,,,,,Ampoule du feu éclaireur de plaque,,,,Ampoule du feu éclaireur de plaque,,,,,,0,2026-08-08 22:47:30,2026-08-08 22:47:30,2026-08-08 22:47:30,RapidApi,0,,775,3428,,,AP XENERGY,Ampoule du feu éclaireur de plaque,Type
108059,RAPID-91165344,"Ampoule, feu éclaireur de plaque",,XE1292,,AP XENERGY,AP XENERGY,,,,https://fsn1.your-objectstorage.com/tecdoc2025/media_files/images/4975/0f213aa8d8d8e670483df8187e011cad29513478.webp,0.0000,0.0000,0.0000,0.0000,0,21.0000,0.0000,,0.0000,0.0000,0,,,,0.0000,2026-08-08 22:47:30,1.0000,piece,,,,,,,Ampoule du feu éclaireur de plaque,,,,Ampoule du feu éclaireur de plaque,,,,,,0,2026-08-08 22:47:30,2026-08-08 22:47:30,2026-08-08 22:47:30,RapidApi,0,,775,3428,,,AP XENERGY,Ampoule du feu éclaireur de plaque,Type
108060,RAPID-40470918,"Ampoule, projecteur principal",,OM-100,,Automotive Accessories SIRIUS,Automotive Accessories SIRIUS,,,,https://fsn1.your-objectstorage.com/tecdoc2025/media_files/images/7391/45c8ec9edb11e6a67304685ac7264448adfa4d68.webp,0.0000,0.0000,0.0000,0.0000,0,21.0000,0.0000,,0.0000,0.0000,0,,,,0.0000,2026-08-08 22:47:30,1.0000,piece,,,,3.6000,,,Ampoule du feu éclaireur de plaque,,,,Ampoule du feu éclaireur de plaque,,,,,,0,2026-08-08 22:47:30,2026-08-08 22:47:30,2026-08-08 22:47:30,RapidApi,0,,776,3428,,,Automotive Accessories SIRIUS,Ampoule du feu éclaireur de plaque,Type
108061,RAPID-37728228,"Ampoule, projecteur longue portée",,LED-047.2TK,,Automotive Accessories SIRIUS,Automotive Accessories SIRIUS,,,,https://fsn1.your-objectstorage.com/tecdoc2025/media_files/images/7391/4e629c8baad6781d5c622722811d9c589df976c6.webp,0.0000,0.0000,0.0000,0.0000,0,21.0000,0.0000,,0.0000,0.0000,0,,,,0.0000,2026-08-08 22:47:30,1.0000,piece,,,,3.6000,,,Ampoule du feu éclaireur de plaque,,,,Ampoule du feu éclaireur de plaque,,,,,,0,2026-08-08 22:47:30,2026-08-08 22:47:30,2026-08-08 22:47:30,RapidApi,0,,776,3428,,,Automotive Accessories SIRIUS,Ampoule du feu éclaireur de plaque,Type
108062,RAPID-43622495,"Ampoule, projecteur longue portée",,LED-047,,Automotive Accessories SIRIUS,Automotive Accessories SIRIUS,,,,https://fsn1.your-objectstorage.com/tecdoc2025/media_files/images/7391/242d15ae12e08e0531eb7a1a63eea0c877b89b32.webp,0.0000,0.0000,0.0000,0.0000,0,21.0000,0.0000,,0.0000,0.0000,0,,,,0.0000,2026-08-08 22:47:30,1.0000,piece,,,,3.6000,,,Ampoule du feu éclaireur de plaque,,,,Ampoule du feu éclaireur de plaque,,,,,,0,2026-08-08 22:47:30,2026-08-08 22:47:30,2026-08-08 22:47:30,RapidApi,0,,776,3428,,,Automotive Accessories SIRIUS,Ampoule du feu éclaireur de plaque,Type
108063,RAPID-41676174,"Ampoule, projecteur longue portée",,LED-123,,Automotive Accessories SIRIUS,Automotive Accessories SIRIUS,,,,https://fsn1.your-objectstorage.com/tecdoc2025/media_files/images/7391/f9cc1cf12ca3a211528b8b0246e325c0184cf2d7.webp,0.0000,0.0000,0.0000,0.0000,0,21.0000,0.0000,,0.0000,0.0000,0,,,,0.0000,2026-08-08 22:47:30,1.0000,piece,,,,3.6000,,,Ampoule du feu éclaireur de plaque,,,,Ampoule du feu éclaireur de plaque,,,,,,0,2026-08-08 22:47:30,2026-08-08 22:47:30,2026-08-08 22:47:30,RapidApi,0,,776,3428,,,Automotive Accessories SIRIUS,Ampoule du feu éclaireur de plaque,Type
108064,RAPID-737496,"Ampoule, feu éclaireur de plaque",,1 987 302 810,,BOSCH,BOSCH,,,,https://fsn1.your-objectstorage.com/tecdoc2025/media_files/images/30/42cf784dba078e63f6f764134970ebead324a166.webp,0.0000,0.0000,0.0000,0.0000,0,21.0000,0.0000,,0.0000,0.0000,0,,,,0.0000,2026-08-08 22:47:30,1.0000,piece,,,,,,,Ampoule du feu éclaireur de plaque,,,,Ampoule du feu éclaireur de plaque,,,,,,0,2026-08-08 22:47:30,2026-08-08 22:47:30,2026-08-08 22:47:30,RapidApi,0,,777,3428,,,BOSCH,Ampoule du feu éclaireur de plaque,Type
108065,RAPID-737422,"Ampoule, feu éclaireur de plaque",,1 987 302 281,,BOSCH,BOSCH,,,,https://fsn1.your-objectstorage.com/tecdoc2025/media_files/images/30/42cf784dba078e63f6f764134970ebead324a166.webp,0.0000,0.0000,0.0000,0.0000,0,21.0000,0.0000,,0.0000,0.0000,0,,,,0.0000,2026-08-08 22:47:30,1.0000,piece,,,,,,,Ampoule du feu éclaireur de plaque,,,,Ampoule du feu éclaireur de plaque,,,,,,0,2026-08-08 22:47:30,2026-08-08 22:47:30,2026-08-08 22:47:30,RapidApi,0,,777,3428,,,BOSCH,Ampoule du feu éclaireur de plaque,Type
108066,RAPID-737375,"Ampoule, feu éclaireur de plaque",,1 987 302 211,,BOSCH,BOSCH,,,,https://fsn1.your-objectstorage.com/tecdoc2025/media_files/images/30/42cf784dba078e63f6f764134970ebead324a166.webp,0.0000,0.0000,0.0000,0.0000,0,21.0000,0.0000,,0.0000,0.0000,0,,,,0.0000,2026-08-08 22:47:30,1.0000,piece,,,,,,,Ampoule du feu éclaireur de plaque,,,,Ampoule du feu éclaireur de plaque,,,,,,0,2026-08-08 22:47:30,2026-08-08 22:47:30,2026-08-08 22:47:30,RapidApi,0,,777,3428,,,BOSCH,Ampoule du feu éclaireur de plaque,Type
108067,RAPID-737251,"Ampoule, feu éclaireur de plaque",,1 987 301 502,,BOSCH,BOSCH,,,,https://fsn1.your-objectstorage.com/tecdoc2025/media_files/images/30/42cf784dba078e63f6f764134970ebead324a166.webp,0.0000,0.0000,0.0000,0.0000,0,21.0000,0.0000,,0.0000,0.0000,0,,,,0.0000,2026-08-08 22:47:30,1.0000,piece,,,,,,,Ampoule du feu éclaireur de plaque,,,,Ampoule du feu éclaireur de plaque,,,,,,0,2026-08-08 22:47:30,2026-08-08 22:47:30,2026-08-08 22:47:30,RapidApi,0,,777,3428,,,BOSCH,Ampoule du feu éclaireur de plaque,Type
108068,RAPID-737250,"Ampoule, feu éclaireur de plaque",,1 987 301 501,,BOSCH,BOSCH,,,,https://fsn1.your-objectstorage.com/tecdoc2025/media_files/images/30/42cf784dba078e63f6f764134970ebead324a166.webp,0.0000,0.0000,0.0000,0.0000,0,21.0000,0.0000,,0.0000,0.0000,0,,,,0.0000,2026-08-08 22:47:30,1.0000,piece,,,,,,,Ampoule du feu éclaireur de plaque,,,,Ampoule du feu éclaireur de plaque,,,,,,0,2026-08-08 22:47:30,2026-08-08 22:47:30,2026-08-08 22:47:30,RapidApi,0,,777,3428,,,BOSCH,Ampoule du feu éclaireur de plaque,Type
108069,RAPID-737152,"Ampoule, feu éclaireur de plaque",,1 987 301 060,,BOSCH,BOSCH,,,,https://fsn1.your-objectstorage.com/tecdoc2025/media_files/images/30/42cf784dba078e63f6f764134970ebead324a166.webp,0.0000,0.0000,0.0000,0.0000,0,21.0000,0.0000,,0.0000,0.0000,0,,,,0.0000,2026-08-08 22:47:30,1.0000,piece,,,,,,,Ampoule du feu éclaireur de plaque,,,,Ampoule du feu éclaireur de plaque,,,,,,0,2026-08-08 22:47:30,2026-08-08 22:47:30,2026-08-08 22:47:30,RapidApi,0,,777,3428,,,BOSCH,Ampoule du feu éclaireur de plaque,Type
108070,RAPID-737115,"Ampoule, feu éclaireur de plaque",,1 987 301 004,,BOSCH,BOSCH,,,,https://fsn1.your-objectstorage.com/tecdoc2025/media_files/images/30/42cf784dba078e63f6f764134970ebead324a166.webp,0.0000,0.0000,0.0000,0.0000,0,21.0000,0.0000,,0.0000,0.0000,0,,,,0.0000,2026-08-08 22:47:30,1.0000,piece,,,,,,,Ampoule du feu éclaireur de plaque,,,,Ampoule du feu éclaireur de plaque,,,,,,0,2026-08-08 22:47:30,2026-08-08 22:47:30,2026-08-08 22:47:30,RapidApi,0,,777,3428,,,BOSCH,Ampoule du feu éclaireur de plaque,Type
108071,RAPID-737535,"Ampoule, feu éclaireur de plaque",,1 987 302 880,,BOSCH,BOSCH,,,,https://fsn1.your-objectstorage.com/tecdoc2025/media_files/images/30/42cf784dba078e63f6f764134970ebead324a166.webp,0.0000,0.0000,0.0000,0.0000,0,21.0000,0.0000,,0.0000,0.0000,0,,,,0.0000,2026-08-08 22:47:30,1.0000,piece,,,,,,,Ampoule du feu éclaireur de plaque,,,,Ampoule du feu éclaireur de plaque,,,,,,0,2026-08-08 22:47:30,2026-08-08 22:47:30,2026-08-08 22:47:30,RapidApi,0,,777,3428,,,BOSCH,Ampoule du feu éclaireur de plaque,Type
108072,RAPID-62773408,"Ampoule, feu éclaireur de plaque",,EB239LEDSR,,ELTA AUTOMOTIVE,ELTA AUTOMOTIVE,,,,https://fsn1.your-objectstorage.com/tecdoc2025/media_files/images/4344/c0ca7cc6f8e1caa79e567a2f3019157e6cb7db52.webp,0.0000,0.0000,0.0000,0.0000,0,21.0000,0.0000,,0.0000,0.0000,0,,,,0.0000,2026-08-08 22:47:30,1.0000,piece,,,,1.1000,4.0000,,Ampoule du feu éclaireur de plaque,,,,Ampoule du feu éclaireur de plaque,,,,,,0,2026-08-08 22:47:30,2026-08-08 22:47:30,2026-08-08 22:47:30,RapidApi,0,,778,3428,,,ELTA AUTOMOTIVE,Ampoule du feu éclaireur de plaque,Type
108073,RAPID-6730562,"Ampoule, feu éclaireur de plaque",,EB0239TB,,ELTA AUTOMOTIVE,ELTA AUTOMOTIVE,,,,https://fsn1.your-objectstorage.com/tecdoc2025/media_files/images/4344/bb9d9a8d6061e82b4fbb32b8150fe7bf37e72c93.webp,0.0000,0.0000,0.0000,0.0000,0,21.0000,0.0000,,0.0000,0.0000,0,,,,0.0000,2026-08-08 22:47:30,1.0000,piece,,,4.0000,1.1000,,,Ampoule du feu éclaireur de plaque,,,,Ampoule du feu éclaireur de plaque,,,,,,0,2026-08-08 22:47:30,2026-08-08 22:47:30,2026-08-08 22:47:30,RapidApi,0,,778,3428,,,ELTA AUTOMOTIVE,Ampoule du feu éclaireur de plaque,Type
108074,RAPID-6730560,"Ampoule, feu éclaireur de plaque",,EB0239SB,,ELTA AUTOMOTIVE,ELTA AUTOMOTIVE,,,,https://fsn1.your-objectstorage.com/tecdoc2025/media_files/images/4344/bb9d9a8d6061e82b4fbb32b8150fe7bf37e72c93.webp,0.0000,0.0000,0.0000,0.0000,0,21.0000,0.0000,,0.0000,0.0000,0,,,,0.0000,2026-08-08 22:47:30,1.0000,piece,,,4.0000,1.1000,4.0000,,Ampoule du feu éclaireur de plaque,,,,Ampoule du feu éclaireur de plaque,,,,,,0,2026-08-08 22:47:30,2026-08-08 22:47:30,2026-08-08 22:47:30,RapidApi,0,,778,3428,,,ELTA AUTOMOTIVE,Ampoule du feu éclaireur de plaque,Type
108075,RAPID-6730563,"Ampoule, feu éclaireur de plaque",,EB0239TC,,ELTA AUTOMOTIVE,ELTA AUTOMOTIVE,,,,https://fsn1.your-objectstorage.com/tecdoc2025/media_files/images/4344/bb9d9a8d6061e82b4fbb32b8150fe7bf37e72c93.webp,0.0000,0.0000,0.0000,0.0000,0,21.0000,0.0000,,0.0000,0.0000,0,,,,0.0000,2026-08-08 22:47:30,1.0000,piece,,,4.0000,1.1000,,,Ampoule du feu éclaireur de plaque,,,,Ampoule du feu éclaireur de plaque,,,,,,0,2026-08-08 22:47:30,2026-08-08 22:47:30,2026-08-08 22:47:30,RapidApi,0,,778,3428,,,ELTA AUTOMOTIVE,Ampoule du feu éclaireur de plaque,Type
108076,RAPID-21724128,"Ampoule, feu clignotant",,E001LL-10C,,ERA,ERA,,,,https://fsn1.your-objectstorage.com/tecdoc2025/media_files/images/234/994f490f5208548a5cc75f3d4f803641d1ee6cf4.webp,0.0000,0.0000,0.0000,0.0000,0,21.0000,0.0000,,0.0000,0.0000,0,,,,0.0000,2026-08-08 22:47:30,1.0000,piece,,,,,,,Ampoule du feu éclaireur de plaque,,,,Ampoule du feu éclaireur de plaque,,,,,,0,2026-08-08 22:47:30,2026-08-08 22:47:30,2026-08-08 22:47:30,RapidApi,0,,779,3428,,,ERA,Ampoule du feu éclaireur de plaque,Type
108077,RAPID-19475374,"Ampoule, feu clignotant",,E001LL-2B,,ERA,ERA,,,,https://fsn1.your-objectstorage.com/tecdoc2025/media_files/images/234/79f9a0c831c9833ed79170a44567f14eaffb2d73.webp,0.0000,0.0000,0.0000,0.0000,0,21.0000,0.0000,,0.0000,0.0000,0,,,,0.0000,2026-08-08 22:47:30,1.0000,piece,,,,,,,Ampoule du feu éclaireur de plaque,,,,Ampoule du feu éclaireur de plaque,,,,,,0,2026-08-08 22:47:30,2026-08-08 22:47:30,2026-08-08 22:47:30,RapidApi,0,,779,3428,,,ERA,Ampoule du feu éclaireur de plaque,Type
108078,RAPID-17545327,"Ampoule, feu clignotant",,E003LL-10C,,ERA,ERA,,,,https://fsn1.your-objectstorage.com/tecdoc2025/media_files/images/234/14780086bb1c6654330324178d723c4e5953ffca.webp,0.0000,0.0000,0.0000,0.0000,0,21.0000,0.0000,,0.0000,0.0000,0,,,,0.0000,2026-08-08 22:47:30,1.0000,piece,,,,,,,Ampoule du feu éclaireur de plaque,,,,Ampoule du feu éclaireur de plaque,,,,,,0,2026-08-08 22:47:30,2026-08-08 22:47:30,2026-08-08 22:47:30,RapidApi,0,,779,3428,,,ERA,Ampoule du feu éclaireur de plaque,Type
108079,RAPID-18151300,"Ampoule, feu clignotant",,E003LL-2B,,ERA,ERA,,,,https://fsn1.your-objectstorage.com/tecdoc2025/media_files/images/234/84b9180b154cec8bc8ef060ba174e556961ff905.webp,0.0000,0.0000,0.0000,0.0000,0,21.0000,0.0000,,0.0000,0.0000,0,,,,0.0000,2026-08-08 22:47:30,1.0000,piece,,,,,,,Ampoule du feu éclaireur de plaque,,,,Ampoule du feu éclaireur de plaque,,,,,,0,2026-08-08 22:47:30,2026-08-08 22:47:30,2026-08-08 22:47:30,RapidApi,0,,779,3428,,,ERA,Ampoule du feu éclaireur de plaque,Type
108080,RAPID-16032286,"Ampoule, feu éclaireur de plaque",,E009LL-10C,,ERA,ERA,,,,https://fsn1.your-objectstorage.com/tecdoc2025/media_files/images/234/6e3fa92463941df9f979f5c2f450c47b41b3cd1e.webp,0.0000,0.0000,0.0000,0.0000,0,21.0000,0.0000,,0.0000,0.0000,0,,,,0.0000,2026-08-08 22:47:30,1.0000,piece,,,,,,,Ampoule du feu éclaireur de plaque,,,,Ampoule du feu éclaireur de plaque,,,,,,0,2026-08-08 22:47:30,2026-08-08 22:47:30,2026-08-08 22:47:30,RapidApi,0,,779,3428,,,ERA,Ampoule du feu éclaireur de plaque,Type
108081,RAPID-13841753,"Ampoule, feu éclaireur de plaque",,E009LL-2B,,ERA,ERA,,,,https://fsn1.your-objectstorage.com/tecdoc2025/media_files/images/234/7cf3a855dd9b55488e86f9aafcc3b8d8d3b6e181.webp,0.0000,0.0000,0.0000,0.0000,0,21.0000,0.0000,,0.0000,0.0000,0,,,,0.0000,2026-08-08 22:47:30,1.0000,piece,,,,,,,Ampoule du feu éclaireur de plaque,,,,Ampoule du feu éclaireur de plaque,,,,,,0,2026-08-08 22:47:30,2026-08-08 22:47:30,2026-08-08 22:47:30,RapidApi,0,,779,3428,,,ERA,Ampoule du feu éclaireur de plaque,Type
108082,RAPID-1497774,"Ampoule, feu éclaireur de plaque",,1616430780,,EUROREPAR,EUROREPAR,,,,https://fsn1.your-objectstorage.com/tecdoc2025/media_files/images/4391/7ea35922495f1ce0f309d3a9348d573d1be96c82.webp,0.0000,0.0000,0.0000,0.0000,0,21.0000,0.0000,,0.0000,0.0000,0,,,,0.0000,2026-08-08 22:47:30,1.0000,piece,,,,,,,Ampoule du feu éclaireur de plaque,,,,Ampoule du feu éclaireur de plaque,,,,,,0,2026-08-08 22:47:30,2026-08-08 22:47:30,2026-08-08 22:47:30,RapidApi,0,,780,3428,,,EUROREPAR,Ampoule du feu éclaireur de plaque,Type
108083,RAPID-5094460,"Ampoule, feu éclaireur de plaque",,8GM 002 092-171,,HELLA,HELLA,,,,https://fsn1.your-objectstorage.com/tecdoc2025/media_files/images/2/9f350b30b79bd415efdbfd9822e38a55a6806ca8.webp,0.0000,0.0000,0.0000,0.0000,0,21.0000,0.0000,,0.0000,0.0000,0,,,,0.0000,2026-08-08 22:47:30,1.0000,piece,,,,,,,Ampoule du feu éclaireur de plaque,,,,Ampoule du feu éclaireur de plaque,,,,,,0,2026-08-08 22:47:30,2026-08-08 22:47:30,2026-08-08 22:47:30,RapidApi,0,,781,3428,,,HELLA,Ampoule du feu éclaireur de plaque,Type
108084,RAPID-5094458,"Ampoule, feu éclaireur de plaque",,8GM 002 092-123,,HELLA,HELLA,,,,https://fsn1.your-objectstorage.com/tecdoc2025/media_files/images/2/eaaf289600e20d9f3df87430865c74f43b92be7a.webp,0.0000,0.0000,0.0000,0.0000,0,21.0000,0.0000,,0.0000,0.0000,0,,,,0.0000,2026-08-08 22:47:30,1.0000,piece,,,,,,,Ampoule du feu éclaireur de plaque,,,,Ampoule du feu éclaireur de plaque,,,,,,0,2026-08-08 22:47:30,2026-08-08 22:47:30,2026-08-08 22:47:30,RapidApi,0,,781,3428,,,HELLA,Ampoule du feu éclaireur de plaque,Type
108085,RAPID-5094457,"Ampoule, feu éclaireur de plaque",,8GM 002 092-121,,HELLA,HELLA,,,,https://fsn1.your-objectstorage.com/tecdoc2025/media_files/images/2/82327de68268802412ff7debb83c7ddc66a480f9.webp,0.0000,0.0000,0.0000,0.0000,0,21.0000,0.0000,,0.0000,0.0000,0,,,,0.0000,2026-08-08 22:47:30,1.0000,piece,,,,,,,Ampoule du feu éclaireur de plaque,,,,Ampoule du feu éclaireur de plaque,,,,,,0,2026-08-08 22:47:30,2026-08-08 22:47:30,2026-08-08 22:47:30,RapidApi,0,,781,3428,,,HELLA,Ampoule du feu éclaireur de plaque,Type
108086,RAPID-5065833,"Ampoule, feu éclaireur de plaque",,89901081,,HERTH+BUSS ELPARTS,HERTH+BUSS ELPARTS,,,,https://fsn1.your-objectstorage.com/tecdoc2025/media_files/images/72/b37e863d846194761195c13cc03abd379d7a8100.webp,0.0000,0.0000,0.0000,0.0000,0,21.0000,0.0000,,0.0000,0.0000,0,,,,0.0000,2026-08-08 22:47:30,1.0000,piece,,,,,3.6000,,Ampoule du feu éclaireur de plaque,,,,Ampoule du feu éclaireur de plaque,,,,,,0,2026-08-08 22:47:30,2026-08-08 22:47:30,2026-08-08 22:47:30,RapidApi,0,,782,3428,,,HERTH+BUSS ELPARTS,Ampoule du feu éclaireur de plaque,Type
108087,RAPID-5065880,"Ampoule, feu éclaireur de plaque",,89901150,,HERTH+BUSS ELPARTS,HERTH+BUSS ELPARTS,,,,https://fsn1.your-objectstorage.com/tecdoc2025/media_files/images/72/c40f3b074af462951863c4418e5de7eb0c7c9cd9.webp,0.0000,0.0000,0.0000,0.0000,0,21.0000,0.0000,,0.0000,0.0000,0,,,,0.0000,2026-08-08 22:47:30,1.0000,piece,,,,,3.6000,,Ampoule du feu éclaireur de plaque,,,,Ampoule du feu éclaireur de plaque,,,,,,0,2026-08-08 22:47:30,2026-08-08 22:47:30,2026-08-08 22:47:30,RapidApi,0,,782,3428,,,HERTH+BUSS ELPARTS,Ampoule du feu éclaireur de plaque,Type
108088,RAPID-68694873,"Ampoule, feu éclaireur de plaque",,LLX239LEDSR,,LUCAS,LUCAS,,,,https://fsn1.your-objectstorage.com/tecdoc2025/media_files/images/4501/d97b4a31a9cc5198eec49031558adde33cc0f071.webp,0.0000,0.0000,0.0000,0.0000,0,21.0000,0.0000,,0.0000,0.0000,0,,,,0.0000,2026-08-08 22:47:30,1.0000,piece,,,,,,,Ampoule du feu éclaireur de plaque,,,,Ampoule du feu éclaireur de plaque,,,,,,0,2026-08-08 22:47:30,2026-08-08 22:47:30,2026-08-08 22:47:30,RapidApi,0,,783,3428,,,LUCAS,Ampoule du feu éclaireur de plaque,Type
108089,RAPID-7903157,"Ampoule, feu éclaireur de plaque",,LLB239T,,LUCAS,LUCAS,,,,https://fsn1.your-objectstorage.com/tecdoc2025/media_files/images/4501/3d42e18bc6305637d7cb62684ee37e63f44a3415.webp,0.0000,0.0000,0.0000,0.0000,0,21.0000,0.0000,,0.0000,0.0000,0,,,,0.0000,2026-08-08 22:47:30,1.0000,piece,,,4.0000,,,,Ampoule du feu éclaireur de plaque,,,,Ampoule du feu éclaireur de plaque,,,,,,0,2026-08-08 22:47:30,2026-08-08 22:47:30,2026-08-08 22:47:30,RapidApi,0,,783,3428,,,LUCAS,Ampoule du feu éclaireur de plaque,Type
108090,RAPID-7903156,"Ampoule, feu éclaireur de plaque",,LLB239PX2,,LUCAS,LUCAS,,,,https://fsn1.your-objectstorage.com/tecdoc2025/media_files/images/4501/3d42e18bc6305637d7cb62684ee37e63f44a3415.webp,0.0000,0.0000,0.0000,0.0000,0,21.0000,0.0000,,0.0000,0.0000,0,,,,0.0000,2026-08-08 22:47:30,1.0000,piece,,,4.0000,,,,Ampoule du feu éclaireur de plaque,,,,Ampoule du feu éclaireur de plaque,,,,,,0,2026-08-08 22:47:30,2026-08-08 22:47:30,2026-08-08 22:47:30,RapidApi,0,,783,3428,,,LUCAS,Ampoule du feu éclaireur de plaque,Type
108091,RAPID-7903153,"Ampoule, feu éclaireur de plaque",,LLB239,,LUCAS,LUCAS,,,,https://fsn1.your-objectstorage.com/tecdoc2025/media_files/images/4501/3d42e18bc6305637d7cb62684ee37e63f44a3415.webp,0.0000,0.0000,0.0000,0.0000,0,21.0000,0.0000,,0.0000,0.0000,0,,,,0.0000,2026-08-08 22:47:30,1.0000,piece,,,4.0000,,,,Ampoule du feu éclaireur de plaque,,,,Ampoule du feu éclaireur de plaque,,,,,,0,2026-08-08 22:47:30,2026-08-08 22:47:30,2026-08-08 22:47:30,RapidApi,0,,783,3428,,,LUCAS,Ampoule du feu éclaireur de plaque,Type
108092,RAPID-34216686,"Ampoule, feu éclaireur de plaque",,LAC5W,,MGA,MGA,,,,https://fsn1.your-objectstorage.com/tecdoc2025/media_files/images/249/7556a23df5c0960c0b55375ddbd4ebb6dfe8f282.webp,0.0000,0.0000,0.0000,0.0000,0,21.0000,0.0000,,0.0000,0.0000,0,,,,0.0000,2026-08-08 22:47:30,1.0000,piece,,,,,,,Ampoule du feu éclaireur de plaque,,,,Ampoule du feu éclaireur de plaque,,,,,,0,2026-08-08 22:47:30,2026-08-08 22:47:30,2026-08-08 22:47:30,RapidApi,0,,784,3428,,,MGA,Ampoule du feu éclaireur de plaque,Type
108093,RAPID-9574907,"Ampoule, feu éclaireur de plaque",,VBU239,,MOTAQUIP,MOTAQUIP,,,,https://fsn1.your-objectstorage.com/tecdoc2025/media_files/images/4564/5a7060cbc36d3b38da887a13c725ddf358a7121b.webp,0.0000,0.0000,0.0000,0.0000,0,21.0000,0.0000,,0.0000,0.0000,0,,,,0.0000,2026-08-08 22:47:30,1.0000,piece,,,,,,,Ampoule du feu éclaireur de plaque,,,,Ampoule du feu éclaireur de plaque,,,,,,0,2026-08-08 22:47:30,2026-08-08 22:47:30,2026-08-08 22:47:30,RapidApi,0,,785,3428,,,MOTAQUIP,Ampoule du feu éclaireur de plaque,Type
108094,RAPID-32644377,"Ampoule, feu éclaireur de plaque",,8550504484,,MOTRIO,MOTRIO,,,,https://fsn1.your-objectstorage.com/tecdoc2025/media_files/images/5377/0d0e8883fcc8d7e907136dbf21c028917c58c02d.webp,0.0000,0.0000,0.0000,0.0000,0,21.0000,0.0000,,0.0000,0.0000,0,,,,0.0000,2026-08-08 22:47:30,1.0000,piece,,,,,3.5000,,Ampoule du feu éclaireur de plaque,,,,Ampoule du feu éclaireur de plaque,,,,,,0,2026-08-08 22:47:30,2026-08-08 22:47:30,2026-08-08 22:47:30,RapidApi,0,,786,3428,,,MOTRIO,Ampoule du feu éclaireur de plaque,Type
108095,RAPID-8269643,"Ampoule, projecteur antibrouillard",,NBU1239,,NAPA,NAPA,,,,https://fsn1.your-objectstorage.com/tecdoc2025/media_files/images/6473/2cf800a458b2564141e400112229e2b31f764c2f.webp,0.0000,0.0000,0.0000,0.0000,0,21.0000,0.0000,,0.0000,0.0000,0,,,,0.0000,2026-08-08 22:47:30,1.0000,piece,,,,,,,Ampoule du feu éclaireur de plaque,,,,Ampoule du feu éclaireur de plaque,,,,,,0,2026-08-08 22:47:30,2026-08-08 22:47:30,2026-08-08 22:47:30,RapidApi,0,,787,3428,,,NAPA,Ampoule du feu éclaireur de plaque,Type
108096,RAPID-29519970,"Ampoule, projecteur antibrouillard",,NBU2239,,NAPA,NAPA,,,,https://fsn1.your-objectstorage.com/tecdoc2025/media_files/images/6473/2cf800a458b2564141e400112229e2b31f764c2f.webp,0.0000,0.0000,0.0000,0.0000,0,21.0000,0.0000,,0.0000,0.0000,0,,,,0.0000,2026-08-08 22:47:30,1.0000,piece,,,,,,,Ampoule du feu éclaireur de plaque,,,,Ampoule du feu éclaireur de plaque,,,,,,0,2026-08-08 22:47:30,2026-08-08 22:47:30,2026-08-08 22:47:30,RapidApi,0,,787,3428,,,NAPA,Ampoule du feu éclaireur de plaque,Type
108097,RAPID-1575143,"Ampoule, feu éclaireur de plaque",,171253000,,NARVA,NARVA,,,,https://fsn1.your-objectstorage.com/tecdoc2025/media_files/images/485/d79e19f6e5afe56edeb9efa2292131102e5c8755.webp,0.0000,0.0000,0.0000,0.0000,0,21.0000,0.0000,,0.0000,0.0000,0,,,,0.0000,2026-08-08 22:47:30,1.0000,piece,,,,,,,Ampoule du feu éclaireur de plaque,,,,Ampoule du feu éclaireur de plaque,,,,,,0,2026-08-08 22:47:30,2026-08-08 22:47:30,2026-08-08 22:47:30,RapidApi,0,,788,3428,,,NARVA,Ampoule du feu éclaireur de plaque,Type
108098,RAPID-1575147,"Ampoule, feu éclaireur de plaque",,171254000,,NARVA,NARVA,,,,https://fsn1.your-objectstorage.com/tecdoc2025/media_files/images/485/d79e19f6e5afe56edeb9efa2292131102e5c8755.webp,0.0000,0.0000,0.0000,0.0000,0,21.0000,0.0000,,0.0000,0.0000,0,,,,0.0000,2026-08-08 22:47:30,1.0000,piece,,,,,,,Ampoule du feu éclaireur de plaque,,,,Ampoule du feu éclaireur de plaque,,,,,,0,2026-08-08 22:47:30,2026-08-08 22:47:30,2026-08-08 22:47:30,RapidApi,0,,788,3428,,,NARVA,Ampoule du feu éclaireur de plaque,Type
108099,RAPID-8249594,"Ampoule, feu éclaireur de plaque",,N239,,NEOLUX®,NEOLUX®,,,,https://fsn1.your-objectstorage.com/tecdoc2025/media_files/PDF/4671/79058eeca66bde3cba2afffaf078585a98b48511.pdf,0.0000,0.0000,0.0000,0.0000,0,21.0000,0.0000,,0.0000,0.0000,0,,,,0.0000,2026-08-08 22:47:30,1.0000,piece,,,,,,,Ampoule du feu éclaireur de plaque,,,,Ampoule du feu éclaireur de plaque,,,,,,0,2026-08-08 22:47:30,2026-08-08 22:47:30,2026-08-08 22:47:30,RapidApi,0,,789,3428,,,NEOLUX®,Ampoule du feu éclaireur de plaque,Type
108100,RAPID-8249596,"Ampoule, feu éclaireur de plaque",,N239S,,NEOLUX®,NEOLUX®,,,,https://fsn1.your-objectstorage.com/tecdoc2025/media_files/PDF/4671/79058eeca66bde3cba2afffaf078585a98b48511.pdf,0.0000,0.0000,0.0000,0.0000,0,21.0000,0.0000,,0.0000,0.0000,0,,,,0.0000,2026-08-08 22:47:30,1.0000,piece,,,,,,,Ampoule du feu éclaireur de plaque,,,,Ampoule du feu éclaireur de plaque,,,,,,0,2026-08-08 22:47:30,2026-08-08 22:47:30,2026-08-08 22:47:30,RapidApi,0,,789,3428,,,NEOLUX®,Ampoule du feu éclaireur de plaque,Type
108101,RAPID-8249595,"Ampoule, feu éclaireur de plaque",,N239-02B,,NEOLUX®,NEOLUX®,,,,https://fsn1.your-objectstorage.com/tecdoc2025/media_files/PDF/4671/79058eeca66bde3cba2afffaf078585a98b48511.pdf,0.0000,0.0000,0.0000,0.0000,0,21.0000,0.0000,,0.0000,0.0000,0,,,,0.0000,2026-08-08 22:47:30,1.0000,piece,,,,,,,Ampoule du feu éclaireur de plaque,,,,Ampoule du feu éclaireur de plaque,,,,,,0,2026-08-08 22:47:30,2026-08-08 22:47:30,2026-08-08 22:47:30,RapidApi,0,,789,3428,,,NEOLUX®,Ampoule du feu éclaireur de plaque,Type
108102,RAPID-9496013,"Ampoule, feu clignotant",,U671L13,,NPS,NPS,,,,https://fsn1.your-objectstorage.com/tecdoc2025/media_files/images/440/3e54ade2a7ea9233326650566e0cbe16d2561d56.webp,0.0000,0.0000,0.0000,0.0000,0,21.0000,0.0000,,0.0000,0.0000,0,,,,0.0000,2026-08-08 22:47:30,1.0000,piece,,,,,,,Ampoule du feu éclaireur de plaque,,,,Ampoule du feu éclaireur de plaque,,,,,,0,2026-08-08 22:47:30,2026-08-08 22:47:30,2026-08-08 22:47:30,RapidApi,0,,790,3428,,,NPS,Ampoule du feu éclaireur de plaque,Type
108103,RAPID-2163426,"Ampoule, feu éclaireur de plaque",,2330632,,Omnicraft,Omnicraft,,,,https://fsn1.your-objectstorage.com/tecdoc2025/media_files/images/4380/e6d9c212a512c043082db1b729a76f7b5c7cc954.webp,0.0000,0.0000,0.0000,0.0000,0,21.0000,0.0000,,0.0000,0.0000,0,,,,0.0000,2026-08-08 22:47:30,1.0000,piece,,,,,,,Ampoule du feu éclaireur de plaque,,,,Ampoule du feu éclaireur de plaque,,,,,,0,2026-08-08 22:47:30,2026-08-08 22:47:30,2026-08-08 22:47:30,RapidApi,0,,791,3428,,,Omnicraft,Ampoule du feu éclaireur de plaque,Type
108104,RAPID-1220295,"Ampoule, feu éclaireur de plaque",,12844B2,,PHILIPS,PHILIPS,,,,https://fsn1.your-objectstorage.com/tecdoc2025/media_files/images/75/ad6b478397850114ffb67355c202f6038eb9ec17.webp,0.0000,0.0000,0.0000,0.0000,0,21.0000,0.0000,,0.0000,0.0000,0,,,,0.0000,2026-08-08 22:47:30,1.0000,piece,,,,,,,Ampoule du feu éclaireur de plaque,,,,Ampoule du feu éclaireur de plaque,,,,,,0,2026-08-08 22:47:30,2026-08-08 22:47:30,2026-08-08 22:47:30,RapidApi,0,,792,3428,,,PHILIPS,Ampoule du feu éclaireur de plaque,Type
108105,RAPID-1220296,"Ampoule, feu éclaireur de plaque",,12844CP,,PHILIPS,PHILIPS,,,,https://fsn1.your-objectstorage.com/tecdoc2025/media_files/images/75/ad6b478397850114ffb67355c202f6038eb9ec17.webp,0.0000,0.0000,0.0000,0.0000,0,21.0000,0.0000,,0.0000,0.0000,0,,,,0.0000,2026-08-08 22:47:30,1.0000,piece,,,,,,,Ampoule du feu éclaireur de plaque,,,,Ampoule du feu éclaireur de plaque,,,,,,0,2026-08-08 22:47:30,2026-08-08 22:47:30,2026-08-08 22:47:30,RapidApi,0,,792,3428,,,PHILIPS,Ampoule du feu éclaireur de plaque,Type
108106,RAPID-8658489,"Ampoule, feu éclaireur de plaque",,QBL239,,QUINTON HAZELL,QUINTON HAZELL,,,,https://fsn1.your-objectstorage.com/tecdoc2025/media_files/images/57/2293213d1f8541b790775f90274b1165e580b2ed.webp,0.0000,0.0000,0.0000,0.0000,0,21.0000,0.0000,,0.0000,0.0000,0,,,,0.0000,2026-08-08 22:47:30,1.0000,piece,,,,,,,Ampoule du feu éclaireur de plaque,,,,Ampoule du feu éclaireur de plaque,,,,,,0,2026-08-08 22:47:30,2026-08-08 22:47:30,2026-08-08 22:47:30,RapidApi,0,,793,3428,,,QUINTON HAZELL,Ampoule du feu éclaireur de plaque,Type
108107,RAPID-40600138,"Ampoule, feu clignotant",,FRW239,,RING,RING,,,,https://fsn1.your-objectstorage.com/tecdoc2025/media_files/images/5646/028f5f918e8b5647b8bdf3f91f8b9ed9273f1142.webp,0.0000,0.0000,0.0000,0.0000,0,21.0000,0.0000,,0.0000,0.0000,0,,,,0.0000,2026-08-08 22:47:30,1.0000,piece,,,,,,,Ampoule du feu éclaireur de plaque,,,,Ampoule du feu éclaireur de plaque,,,,,,0,2026-08-08 22:47:30,2026-08-08 22:47:30,2026-08-08 22:47:30,RapidApi,0,,794,3428,,,RING,Ampoule du feu éclaireur de plaque,Type
108108,RAPID-12375902,"Ampoule, feu clignotant",,R239,,RING,RING,,,,https://fsn1.your-objectstorage.com/tecdoc2025/media_files/images/5646/028f5f918e8b5647b8bdf3f91f8b9ed9273f1142.webp,0.0000,0.0000,0.0000,0.0000,0,21.0000,0.0000,,0.0000,0.0000,0,,,,0.0000,2026-08-08 22:47:30,1.0000,piece,,,,,,,Ampoule du feu éclaireur de plaque,,,,Ampoule du feu éclaireur de plaque,,,,,,0,2026-08-08 22:47:30,2026-08-08 22:47:30,2026-08-08 22:47:30,RapidApi,0,,794,3428,,,RING,Ampoule du feu éclaireur de plaque,Type
108109,RAPID-46097464,"Ampoule, feu clignotant",,RW239,,RING,RING,,,,https://fsn1.your-objectstorage.com/tecdoc2025/media_files/images/5646/028f5f918e8b5647b8bdf3f91f8b9ed9273f1142.webp,0.0000,0.0000,0.0000,0.0000,0,21.0000,0.0000,,0.0000,0.0000,0,,,,0.0000,2026-08-08 22:47:30,1.0000,piece,,,,,,,Ampoule du feu éclaireur de plaque,,,,Ampoule du feu éclaireur de plaque,,,,,,0,2026-08-08 22:47:30,2026-08-08 22:47:30,2026-08-08 22:47:30,RapidApi,0,,794,3428,,,RING,Ampoule du feu éclaireur de plaque,Type
108110,RAPID-35425970,"Ampoule, feu clignotant",,RU239,,RING,RING,,,,https://fsn1.your-objectstorage.com/tecdoc2025/media_files/images/5646/028f5f918e8b5647b8bdf3f91f8b9ed9273f1142.webp,0.0000,0.0000,0.0000,0.0000,0,21.0000,0.0000,,0.0000,0.0000,0,,,,0.0000,2026-08-08 22:47:30,1.0000,piece,,,,,,,Ampoule du feu éclaireur de plaque,,,,Ampoule du feu éclaireur de plaque,,,,,,0,2026-08-08 22:47:30,2026-08-08 22:47:30,2026-08-08 22:47:30,RapidApi,0,,794,3428,,,RING,Ampoule du feu éclaireur de plaque,Type
108111,RAPID-42027007,"Ampoule, feu clignotant",,RB239,,RING,RING,,,,https://fsn1.your-objectstorage.com/tecdoc2025/media_files/images/5646/028f5f918e8b5647b8bdf3f91f8b9ed9273f1142.webp,0.0000,0.0000,0.0000,0.0000,0,21.0000,0.0000,,0.0000,0.0000,0,,,,0.0000,2026-08-08 22:47:30,1.0000,piece,,,,,,,Ampoule du feu éclaireur de plaque,,,,Ampoule du feu éclaireur de plaque,,,,,,0,2026-08-08 22:47:30,2026-08-08 22:47:30,2026-08-08 22:47:30,RapidApi,0,,794,3428,,,RING,Ampoule du feu éclaireur de plaque,Type
108112,RAPID-91361032,"Ampoule, feu éclaireur de plaque",,S239,,Simply,Simply,,,,https://fsn1.your-objectstorage.com/tecdoc2025/media_files/images/7788/fefcdbf0c905da8251d19835a666d03f2c04568c.webp,0.0000,0.0000,0.0000,0.0000,0,21.0000,0.0000,,0.0000,0.0000,0,,,,0.0000,2026-08-08 22:47:30,1.0000,piece,,,,,,,Ampoule du feu éclaireur de plaque,,,,Ampoule du feu éclaireur de plaque,,,,,,0,2026-08-08 22:47:30,2026-08-08 22:47:30,2026-08-08 22:47:30,RapidApi,0,,795,3428,,,Simply,Ampoule du feu éclaireur de plaque,Type
108113,RAPID-6027678,"Ampoule, feu clignotant",,BL2525,,SPAHN GLÜHLAMPEN,SPAHN GLÜHLAMPEN,,,,https://fsn1.your-objectstorage.com/tecdoc2025/media_files/images/45/5cafe857e274ea384429a9d0bc991c40ac42c2b0.webp,0.0000,0.0000,0.0000,0.0000,0,21.0000,0.0000,,0.0000,0.0000,0,,,,0.0000,2026-08-08 22:47:30,1.0000,piece,,,,,,,Ampoule du feu éclaireur de plaque,,,,Ampoule du feu éclaireur de plaque,,,,,,0,2026-08-08 22:47:30,2026-08-08 22:47:30,2026-08-08 22:47:30,RapidApi,0,,796,3428,,,SPAHN GLÜHLAMPEN,Ampoule du feu éclaireur de plaque,Type
108114,RAPID-6027674,"Ampoule, feu clignotant",,BL2521,,SPAHN GLÜHLAMPEN,SPAHN GLÜHLAMPEN,,,,https://fsn1.your-objectstorage.com/tecdoc2025/media_files/images/45/b0664dfbbbd049ff3d6c8370a2eb551038d8085d.webp,0.0000,0.0000,0.0000,0.0000,0,21.0000,0.0000,,0.0000,0.0000,0,,,,0.0000,2026-08-08 22:47:30,1.0000,piece,,,,,,,Ampoule du feu éclaireur de plaque,,,,Ampoule du feu éclaireur de plaque,,,,,,0,2026-08-08 22:47:30,2026-08-08 22:47:30,2026-08-08 22:47:30,RapidApi,0,,796,3428,,,SPAHN GLÜHLAMPEN,Ampoule du feu éclaireur de plaque,Type
108115,RAPID-2277452,"Ampoule, feu clignotant",,2525L,,SPAHN GLÜHLAMPEN,SPAHN GLÜHLAMPEN,,,,https://fsn1.your-objectstorage.com/tecdoc2025/media_files/images/45/3f5971964c71f226554b9be88761037177e12bb3.webp,0.0000,0.0000,0.0000,0.0000,0,21.0000,0.0000,,0.0000,0.0000,0,,,,0.0000,2026-08-08 22:47:30,1.0000,piece,,,,,,,Ampoule du feu éclaireur de plaque,,,,Ampoule du feu éclaireur de plaque,,,,,,0,2026-08-08 22:47:30,2026-08-08 22:47:30,2026-08-08 22:47:30,RapidApi,0,,796,3428,,,SPAHN GLÜHLAMPEN,Ampoule du feu éclaireur de plaque,Type
108116,RAPID-2276882,"Ampoule, feu clignotant",,2525,,SPAHN GLÜHLAMPEN,SPAHN GLÜHLAMPEN,,,,https://fsn1.your-objectstorage.com/tecdoc2025/media_files/images/45/3f5971964c71f226554b9be88761037177e12bb3.webp,0.0000,0.0000,0.0000,0.0000,0,21.0000,0.0000,,0.0000,0.0000,0,,,,0.0000,2026-08-08 22:47:30,1.0000,piece,,,,,,,Ampoule du feu éclaireur de plaque,,,,Ampoule du feu éclaireur de plaque,,,,,,0,2026-08-08 22:47:30,2026-08-08 22:47:30,2026-08-08 22:47:30,RapidApi,0,,796,3428,,,SPAHN GLÜHLAMPEN,Ampoule du feu éclaireur de plaque,Type
108117,RAPID-2275733,"Ampoule, feu clignotant",,2521,,SPAHN GLÜHLAMPEN,SPAHN GLÜHLAMPEN,,,,https://fsn1.your-objectstorage.com/tecdoc2025/media_files/images/45/3f5971964c71f226554b9be88761037177e12bb3.webp,0.0000,0.0000,0.0000,0.0000,0,21.0000,0.0000,,0.0000,0.0000,0,,,,0.0000,2026-08-08 22:47:30,1.0000,piece,,,,,,,Ampoule du feu éclaireur de plaque,,,,Ampoule du feu éclaireur de plaque,,,,,,0,2026-08-08 22:47:30,2026-08-08 22:47:30,2026-08-08 22:47:30,RapidApi,0,,796,3428,,,SPAHN GLÜHLAMPEN,Ampoule du feu éclaireur de plaque,Type
108118,RAPID-5386825,"Ampoule, feu éclaireur de plaque",,99-39047-SX,,STELLOX,STELLOX,,,,https://fsn1.your-objectstorage.com/tecdoc2025/media_files/images/4595/ab97c1c05538f799ffd6f445608af1d3dcb7bfb5.webp,0.0000,0.0000,0.0000,0.0000,0,21.0000,0.0000,,0.0000,0.0000,0,,,,0.0000,2026-08-08 22:47:30,1.0000,piece,,,,,,,Ampoule du feu éclaireur de plaque,,,,Ampoule du feu éclaireur de plaque,,,,,,0,2026-08-08 22:47:30,2026-08-08 22:47:30,2026-08-08 22:47:30,RapidApi,0,,797,3428,,,STELLOX,Ampoule du feu éclaireur de plaque,Type
108119,RAPID-374484,"Ampoule, feu éclaireur de plaque",,032217,,VALEO,VALEO,,,,https://fsn1.your-objectstorage.com/tecdoc2025/media_files/images/21/dfa304655a2a84bca2b9399296db9078633a1e39.webp,0.0000,0.0000,0.0000,0.0000,0,21.0000,0.0000,,0.0000,0.0000,0,,,,0.0000,2026-08-08 22:47:30,1.0000,piece,,,,,,,Ampoule du feu éclaireur de plaque,,,,Ampoule du feu éclaireur de plaque,,,,,,0,2026-08-08 22:47:30,2026-08-08 22:47:30,2026-08-08 22:47:30,RapidApi,0,,798,3428,,,VALEO,Ampoule du feu éclaireur de plaque,Type
108120,RAPID-374159,"Ampoule, feu éclaireur de plaque",,032124,,VALEO,VALEO,,,,https://fsn1.your-objectstorage.com/tecdoc2025/media_files/images/21/3d9b5cd2bfb1bfb30cc5a2808e5e4bfb20a476d5.webp,0.0000,0.0000,0.0000,0.0000,0,21.0000,0.0000,,0.0000,0.0000,0,,,,0.0000,2026-08-08 22:47:30,1.0000,piece,,,,,,,Ampoule du feu éclaireur de plaque,,,,Ampoule du feu éclaireur de plaque,,,,,,0,2026-08-08 22:47:30,2026-08-08 22:47:30,2026-08-08 22:47:30,RapidApi,0,,798,3428,,,VALEO,Ampoule du feu éclaireur de plaque,Type
108121,RAPID-9564360,"Ampoule, feu éclaireur de plaque",,V99-84-0008,,VEMO,VEMO,,,,https://fsn1.your-objectstorage.com/tecdoc2025/media_files/images/183/3958b4f10e4c719bb9644c0f85eefd2c4c256433.webp,0.0000,0.0000,0.0000,0.0000,0,21.0000,0.0000,,0.0000,0.0000,0,,,,0.0000,2026-08-08 22:47:30,1.0000,piece,,,,,,,Ampoule du feu éclaireur de plaque,,,,Ampoule du feu éclaireur de plaque,,,,,,0,2026-08-08 22:47:30,2026-08-08 22:47:30,2026-08-08 22:47:30,RapidApi,0,,799,3428,,,VEMO,Ampoule du feu éclaireur de plaque,Type
108122,RAPID-7910504,"Ampoule, feu éclaireur de plaque",,LP-1062,,ZEKKERT,ZEKKERT,,,,https://fsn1.your-objectstorage.com/tecdoc2025/media_files/images/4894/46997b05c076f21259de9792363d84814e41e174.webp,0.0000,0.0000,0.0000,0.0000,0,21.0000,0.0000,,0.0000,0.0000,0,,,,0.0000,2026-08-08 22:47:30,1.0000,piece,,0.0300,,,,,Ampoule du feu éclaireur de plaque,,,,Ampoule du feu éclaireur de plaque,,,,,,0,2026-08-08 22:47:30,2026-08-08 22:47:30,2026-08-08 22:47:30,RapidApi,0,,800,3428,,,ZEKKERT,Ampoule du feu éclaireur de plaque,Type
108123,RAPID-7910506,"Ampoule, feu clignotant",,LP-1065,,ZEKKERT,ZEKKERT,,,,https://fsn1.your-objectstorage.com/tecdoc2025/media_files/images/4894/b15e1a92ac151ec1509fbc9a9afa2b78286fc3c8.webp,0.0000,0.0000,0.0000,0.0000,0,21.0000,0.0000,,0.0000,0.0000,0,,,,0.0000,2026-08-08 22:47:30,1.0000,piece,,0.0100,,,,,Ampoule du feu éclaireur de plaque,,,,Ampoule du feu éclaireur de plaque,,,,,,0,2026-08-08 22:47:30,2026-08-08 22:47:30,2026-08-08 22:47:30,RapidApi,0,,800,3428,,,ZEKKERT,Ampoule du feu éclaireur de plaque,Type
108124,RAPID-7910534,"Ampoule, feu clignotant",,LP-1143,,ZEKKERT,ZEKKERT,,,,https://fsn1.your-objectstorage.com/tecdoc2025/media_files/images/4894/809e98a5692b4b6bf347eb82f651ab0dde4aa245.webp,0.0000,0.0000,0.0000,0.0000,0,21.0000,0.0000,,0.0000,0.0000,0,,,,0.0000,2026-08-08 22:47:30,1.0000,piece,,,,,,,Ampoule du feu éclaireur de plaque,,,,Ampoule du feu éclaireur de plaque,,,,,,0,2026-08-08 22:47:30,2026-08-08 22:47:30,2026-08-08 22:47:30,RapidApi,0,,800,3428,,,ZEKKERT,Ampoule du feu éclaireur de plaque,Type
108125,RAPID-6847990,Balai d'essuie-glace,,EST-SA-F53,,4X4 ESTANFI,4X4 ESTANFI,,,,https://fsn1.your-objectstorage.com/tecdoc2025/media_files/images/6372/9a2075e3cdc622403a0c96495963c0dd0984f96c.webp,0.0000,0.0000,0.0000,0.0000,0,21.0000,0.0000,,0.0000,0.0000,0,,,,0.0000,2026-08-08 22:47:30,1.0000,piece,,,,,52.5000,,Balai d'essuie-glace / raclette,,,,Balai d'essuie-glace / raclette,,,,,,0,2026-08-08 22:47:30,2026-08-08 22:47:30,2026-08-08 22:47:30,RapidApi,0,,769,3429,,,4X4 ESTANFI,Balai d'essuie-glace / raclette,Type
108126,RAPID-6847987,Balai d'essuie-glace,,EST-SA-F45,,4X4 ESTANFI,4X4 ESTANFI,,,,https://fsn1.your-objectstorage.com/tecdoc2025/media_files/images/6372/9a2075e3cdc622403a0c96495963c0dd0984f96c.webp,0.0000,0.0000,0.0000,0.0000,0,21.0000,0.0000,,0.0000,0.0000,0,,,,0.0000,2026-08-08 22:47:30,1.0000,piece,,,,,45.0000,,Balai d'essuie-glace / raclette,,,,Balai d'essuie-glace / raclette,,,,,,0,2026-08-08 22:47:30,2026-08-08 22:47:30,2026-08-08 22:47:30,RapidApi,0,,769,3429,,,4X4 ESTANFI,Balai d'essuie-glace / raclette,Type
108127,RAPID-6848003,Balai d'essuie-glace,,EST-SA-X30C,,4X4 ESTANFI,4X4 ESTANFI,,,,https://fsn1.your-objectstorage.com/tecdoc2025/media_files/images/6372/7f70dfc4183005dfdada9811b6e17abe25c790e6.webp,0.0000,0.0000,0.0000,0.0000,0,21.0000,0.0000,,0.0000,0.0000,0,,,,0.0000,2026-08-08 22:47:30,1.0000,piece,,,,,30.0000,,Balai d'essuie-glace / raclette,,,,Balai d'essuie-glace / raclette,,,,,,0,2026-08-08 22:47:30,2026-08-08 22:47:30,2026-08-08 22:47:30,RapidApi,0,,769,3429,,,4X4 ESTANFI,Balai d'essuie-glace / raclette,Type
108128,RAPID-6848014,Balai d'essuie-glace,,EST-SA-X45C,,4X4 ESTANFI,4X4 ESTANFI,,,,https://fsn1.your-objectstorage.com/tecdoc2025/media_files/images/6372/689ec81a6bad5f5820fce90989f2f4daabfb5e4f.webp,0.0000,0.0000,0.0000,0.0000,0,21.0000,0.0000,,0.0000,0.0000,0,,,,0.0000,2026-08-08 22:47:30,1.0000,piece,,,,,45.0000,,Balai d'essuie-glace / raclette,,,,Balai d'essuie-glace / raclette,,,,,,0,2026-08-08 22:47:30,2026-08-08 22:47:30,2026-08-08 22:47:30,RapidApi,0,,769,3429,,,4X4 ESTANFI,Balai d'essuie-glace / raclette,Type
108129,RAPID-6848021,Balai d'essuie-glace,,EST-SA-X53S,,4X4 ESTANFI,4X4 ESTANFI,,,,https://fsn1.your-objectstorage.com/tecdoc2025/media_files/images/6372/aa6a74feb0646a2ae4dc7151290f25f43e4a1515.webp,0.0000,0.0000,0.0000,0.0000,0,21.0000,0.0000,,0.0000,0.0000,0,,,,0.0000,2026-08-08 22:47:30,1.0000,piece,,,,,53.0000,,Balai d'essuie-glace / raclette,,,,Balai d'essuie-glace / raclette,,,,,,0,2026-08-08 22:47:30,2026-08-08 22:47:30,2026-08-08 22:47:30,RapidApi,0,,769,3429,,,4X4 ESTANFI,Balai d'essuie-glace / raclette,Type
108130,RAPID-6848004,Balai d'essuie-glace,,EST-SA-X30R,,4X4 ESTANFI,4X4 ESTANFI,,,,https://fsn1.your-objectstorage.com/tecdoc2025/media_files/images/6372/025363cf21e3963fedb1c06d592a4f646ec7c1b6.webp,0.0000,0.0000,0.0000,0.0000,0,21.0000,0.0000,,0.0000,0.0000,0,,,,0.0000,2026-08-08 22:47:30,1.0000,piece,,,,,30.0000,,Balai d'essuie-glace / raclette,,,,Balai d'essuie-glace / raclette,,,,,,0,2026-08-08 22:47:30,2026-08-08 22:47:30,2026-08-08 22:47:30,RapidApi,0,,769,3429,,,4X4 ESTANFI,Balai d'essuie-glace / raclette,Type
108131,RAPID-6848020,Balai d'essuie-glace,,EST-SA-X53C,,4X4 ESTANFI,4X4 ESTANFI,,,,https://fsn1.your-objectstorage.com/tecdoc2025/media_files/images/6372/7e92058578a0be083944cf5794cf1715038daf5d.webp,0.0000,0.0000,0.0000,0.0000,0,21.0000,0.0000,,0.0000,0.0000,0,,,,0.0000,2026-08-08 22:47:30,1.0000,piece,,,,,53.0000,,Balai d'essuie-glace / raclette,,,,Balai d'essuie-glace / raclette,,,,,,0,2026-08-08 22:47:30,2026-08-08 22:47:30,2026-08-08 22:47:30,RapidApi,0,,769,3429,,,4X4 ESTANFI,Balai d'essuie-glace / raclette,Type
108132,RAPID-5872826,Balai d'essuie-glace,,AZMT-49-030-1009,,A.Z. Meisterteile,A.Z. Meisterteile,,,,https://fsn1.your-objectstorage.com/tecdoc2025/media_files/images/5275/73b99ac25f51bbf11253d0b00a282ae77f1a4047.webp,0.0000,0.0000,0.0000,0.0000,0,21.0000,0.0000,,0.0000,0.0000,0,,,,0.0000,2026-08-08 22:47:30,1.0000,piece,,,,,53.0000,,Balai d'essuie-glace / raclette,,,,Balai d'essuie-glace / raclette,,,,,,0,2026-08-08 22:47:30,2026-08-08 22:47:30,2026-08-08 22:47:30,RapidApi,0,,773,3429,,,A.Z. Meisterteile,Balai d'essuie-glace / raclette,Type
108133,RAPID-5872823,Balai d'essuie-glace,,AZMT-49-030-1006,,A.Z. Meisterteile,A.Z. Meisterteile,,,,https://fsn1.your-objectstorage.com/tecdoc2025/media_files/images/5275/af89952640281cd45d8870f84ebb5e83eac80bc7.webp,0.0000,0.0000,0.0000,0.0000,0,21.0000,0.0000,,0.0000,0.0000,0,,,,0.0000,2026-08-08 22:47:30,1.0000,piece,,,,,45.0000,,Balai d'essuie-glace / raclette,,,,Balai d'essuie-glace / raclette,,,,,,0,2026-08-08 22:47:30,2026-08-08 22:47:30,2026-08-08 22:47:30,RapidApi,0,,773,3429,,,A.Z. Meisterteile,Balai d'essuie-glace / raclette,Type
108134,RAPID-869986,Balai d'essuie-glace,,103-01-010,,ABAKUS,ABAKUS,,,,https://fsn1.your-objectstorage.com/tecdoc2025/media_files/images/4657/77e3eda26fb0f46b1b63712c6f3c8685c43f7fdf.webp,0.0000,0.0000,0.0000,0.0000,0,21.0000,0.0000,,0.0000,0.0000,0,,,,0.0000,2026-08-08 22:47:30,1.0000,piece,,,,,30.5000,,Balai d'essuie-glace / raclette,,,,Balai d'essuie-glace / raclette,,,,,,0,2026-08-08 22:47:30,2026-08-08 22:47:30,2026-08-08 22:47:30,RapidApi,0,,801,3429,,,ABAKUS,Balai d'essuie-glace / raclette,Type
108135,RAPID-870642,Balai d'essuie-glace,,103-07-530,,ABAKUS,ABAKUS,,,,https://fsn1.your-objectstorage.com/tecdoc2025/media_files/images/4657/319716912e9d97eb5874d4a16cfc603e12d191a1.webp,0.0000,0.0000,0.0000,0.0000,0,21.0000,0.0000,,0.0000,0.0000,0,,,,0.0000,2026-08-08 22:47:30,1.0000,piece,,,,,53.0000,,Balai d'essuie-glace / raclette,,,,Balai d'essuie-glace / raclette,,,,,,0,2026-08-08 22:47:30,2026-08-08 22:47:30,2026-08-08 22:47:30,RapidApi,0,,801,3429,,,ABAKUS,Balai d'essuie-glace / raclette,Type
108136,RAPID-870639,Balai d'essuie-glace,,103-07-450,,ABAKUS,ABAKUS,,,,https://fsn1.your-objectstorage.com/tecdoc2025/media_files/images/4657/319716912e9d97eb5874d4a16cfc603e12d191a1.webp,0.0000,0.0000,0.0000,0.0000,0,21.0000,0.0000,,0.0000,0.0000,0,,,,0.0000,2026-08-08 22:47:30,1.0000,piece,,,,,45.0000,,Balai d'essuie-glace / raclette,,,,Balai d'essuie-glace / raclette,,,,,,0,2026-08-08 22:47:30,2026-08-08 22:47:30,2026-08-08 22:47:30,RapidApi,0,,801,3429,,,ABAKUS,Balai d'essuie-glace / raclette,Type
108137,RAPID-869875,"Bras d'essuie-glace, nettoyage des vitres",,103-00-082,,ABAKUS,ABAKUS,,,,https://fsn1.your-objectstorage.com/tecdoc2025/media_files/images/4657/5e9eea96dac36ac369b0630b28dde843846e5983.webp,0.0000,0.0000,0.0000,0.0000,0,21.0000,0.0000,,0.0000,0.0000,0,,,,0.0000,2026-08-08 22:47:30,1.0000,piece,,,,,,,Balai d'essuie-glace / raclette,,,,Balai d'essuie-glace / raclette,,,,,,0,2026-08-08 22:47:30,2026-08-08 22:47:30,2026-08-08 22:47:30,RapidApi,0,,801,3429,,,ABAKUS,Balai d'essuie-glace / raclette,Type
108138,RAPID-869877,"Kit de bras d'essuie-glace, nettoyage des vitres",,103-00-082-P,,ABAKUS,ABAKUS,,,,https://fsn1.your-objectstorage.com/tecdoc2025/media_files/images/4657/00352ab35e0d2996a22541bf6ea0259820647dce.webp,0.0000,0.0000,0.0000,0.0000,0,21.0000,0.0000,,0.0000,0.0000,0,,,,0.0000,2026-08-08 22:47:30,1.0000,piece,,,,,30.5000,,Balai d'essuie-glace / raclette,,,,Balai d'essuie-glace / raclette,,,,,,0,2026-08-08 22:47:30,2026-08-08 22:47:30,2026-08-08 22:47:30,RapidApi,0,,801,3429,,,ABAKUS,Balai d'essuie-glace / raclette,Type
108139,RAPID-869876,"Kit de bras d'essuie-glace, nettoyage des vitres",,103-00-082-C,,ABAKUS,ABAKUS,,,,https://fsn1.your-objectstorage.com/tecdoc2025/media_files/images/4657/bd0beb16246fcef7722b096bccabc3fa0090ab0a.webp,0.0000,0.0000,0.0000,0.0000,0,21.0000,0.0000,,0.0000,0.0000,0,,,,0.0000,2026-08-08 22:47:30,1.0000,piece,,,,,30.5000,,Balai d'essuie-glace / raclette,,,,Balai d'essuie-glace / raclette,,,,,,0,2026-08-08 22:47:30,2026-08-08 22:47:30,2026-08-08 22:47:30,RapidApi,0,,801,3429,,,ABAKUS,Balai d'essuie-glace / raclette,Type
108140,RAPID-3022870,Balai d'essuie-glace,,38450,,AE TOPLIGHT,AE TOPLIGHT,,,,https://fsn1.your-objectstorage.com/tecdoc2025/media_files/images/6390/813039a62a12c2fc5452e8924125043e9db5a70f.webp,0.0000,0.0000,0.0000,0.0000,0,21.0000,0.0000,,0.0000,0.0000,0,,,,0.0000,2026-08-08 22:47:30,1.0000,piece,,,,,18.0000,,Balai d'essuie-glace / raclette,,,,Balai d'essuie-glace / raclette,,,,,,0,2026-08-08 22:47:30,2026-08-08 22:47:30,2026-08-08 22:47:30,RapidApi,0,,802,3429,,,AE TOPLIGHT,Balai d'essuie-glace / raclette,Type
108141,RAPID-3023369,Balai d'essuie-glace,,38500,,AE TOPLIGHT,AE TOPLIGHT,,,,https://fsn1.your-objectstorage.com/tecdoc2025/media_files/images/6390/813039a62a12c2fc5452e8924125043e9db5a70f.webp,0.0000,0.0000,0.0000,0.0000,0,21.0000,0.0000,,0.0000,0.0000,0,,,,0.0000,2026-08-08 22:47:30,1.0000,piece,,,,,20.0000,,Balai d'essuie-glace / raclette,,,,Balai d'essuie-glace / raclette,,,,,,0,2026-08-08 22:47:30,2026-08-08 22:47:30,2026-08-08 22:47:30,RapidApi,0,,802,3429,,,AE TOPLIGHT,Balai d'essuie-glace / raclette,Type
108142,RAPID-3023899,Balai d'essuie-glace,,38530,,AE TOPLIGHT,AE TOPLIGHT,,,,https://fsn1.your-objectstorage.com/tecdoc2025/media_files/images/6390/813039a62a12c2fc5452e8924125043e9db5a70f.webp,0.0000,0.0000,0.0000,0.0000,0,21.0000,0.0000,,0.0000,0.0000,0,,,,0.0000,2026-08-08 22:47:30,1.0000,piece,,,,,21.0000,,Balai d'essuie-glace / raclette,,,,Balai d'essuie-glace / raclette,,,,,,0,2026-08-08 22:47:30,2026-08-08 22:47:30,2026-08-08 22:47:30,RapidApi,0,,802,3429,,,AE TOPLIGHT,Balai d'essuie-glace / raclette,Type
108143,RAPID-3024132,Balai d'essuie-glace,,38550,,AE TOPLIGHT,AE TOPLIGHT,,,,https://fsn1.your-objectstorage.com/tecdoc2025/media_files/images/6390/813039a62a12c2fc5452e8924125043e9db5a70f.webp,0.0000,0.0000,0.0000,0.0000,0,21.0000,0.0000,,0.0000,0.0000,0,,,,0.0000,2026-08-08 22:47:30,1.0000,piece,,,,,22.0000,,Balai d'essuie-glace / raclette,,,,Balai d'essuie-glace / raclette,,,,,,0,2026-08-08 22:47:30,2026-08-08 22:47:30,2026-08-08 22:47:30,RapidApi,0,,802,3429,,,AE TOPLIGHT,Balai d'essuie-glace / raclette,Type
108144,RAPID-4834585,Balai d'essuie-glace,,83300,,AE TOPLIGHT,AE TOPLIGHT,,,,https://fsn1.your-objectstorage.com/tecdoc2025/media_files/images/6390/e549af0595ab8454554408eca9e002d4021e6e9f.webp,0.0000,0.0000,0.0000,0.0000,0,21.0000,0.0000,,0.0000,0.0000,0,,,,0.0000,2026-08-08 22:47:30,1.0000,piece,,,,,15.0000,,Balai d'essuie-glace / raclette,,,,Balai d'essuie-glace / raclette,,,,,,0,2026-08-08 22:47:30,2026-08-08 22:47:30,2026-08-08 22:47:30,RapidApi,0,,802,3429,,,AE TOPLIGHT,Balai d'essuie-glace / raclette,Type
108145,RAPID-2862240,Balai d'essuie-glace,,34450,,AE TOPLIGHT,AE TOPLIGHT,,,,https://fsn1.your-objectstorage.com/tecdoc2025/media_files/images/6390/143364f3a691fe7e1fd92b648f0fd0681b4e7b09.webp,0.0000,0.0000,0.0000,0.0000,0,21.0000,0.0000,,0.0000,0.0000,0,,,,0.0000,2026-08-08 22:47:30,1.0000,piece,,,,,18.0000,,Balai d'essuie-glace / raclette,,,,Balai d'essuie-glace / raclette,,,,,,0,2026-08-08 22:47:30,2026-08-08 22:47:30,2026-08-08 22:47:30,RapidApi,0,,802,3429,,,AE TOPLIGHT,Balai d'essuie-glace / raclette,Type
108146,RAPID-2864194,Balai d'essuie-glace,,34500,,AE TOPLIGHT,AE TOPLIGHT,,,,https://fsn1.your-objectstorage.com/tecdoc2025/media_files/images/6390/143364f3a691fe7e1fd92b648f0fd0681b4e7b09.webp,0.0000,0.0000,0.0000,0.0000,0,21.0000,0.0000,,0.0000,0.0000,0,,,,0.0000,2026-08-08 22:47:30,1.0000,piece,,,,,20.0000,,Balai d'essuie-glace / raclette,,,,Balai d'essuie-glace / raclette,,,,,,0,2026-08-08 22:47:30,2026-08-08 22:47:30,2026-08-08 22:47:30,RapidApi,0,,802,3429,,,AE TOPLIGHT,Balai d'essuie-glace / raclette,Type
108147,RAPID-2866898,Balai d'essuie-glace,,34550,,AE TOPLIGHT,AE TOPLIGHT,,,,https://fsn1.your-objectstorage.com/tecdoc2025/media_files/images/6390/143364f3a691fe7e1fd92b648f0fd0681b4e7b09.webp,0.0000,0.0000,0.0000,0.0000,0,21.0000,0.0000,,0.0000,0.0000,0,,,,0.0000,2026-08-08 22:47:30,1.0000,piece,,,,,22.0000,,Balai d'essuie-glace / raclette,,,,Balai d'essuie-glace / raclette,,,,,,0,2026-08-08 22:47:30,2026-08-08 22:47:30,2026-08-08 22:47:30,RapidApi,0,,802,3429,,,AE TOPLIGHT,Balai d'essuie-glace / raclette,Type
108148,RAPID-2866147,Balai d'essuie-glace,,34530,,AE TOPLIGHT,AE TOPLIGHT,,,,https://fsn1.your-objectstorage.com/tecdoc2025/media_files/images/6390/143364f3a691fe7e1fd92b648f0fd0681b4e7b09.webp,0.0000,0.0000,0.0000,0.0000,0,21.0000,0.0000,,0.0000,0.0000,0,,,,0.0000,2026-08-08 22:47:30,1.0000,piece,,,,,21.0000,,Balai d'essuie-glace / raclette,,,,Balai d'essuie-glace / raclette,,,,,,0,2026-08-08 22:47:30,2026-08-08 22:47:30,2026-08-08 22:47:30,RapidApi,0,,802,3429,,,AE TOPLIGHT,Balai d'essuie-glace / raclette,Type
108149,RAPID-2966047,Balai d'essuie-glace,,36450,,AE TOPLIGHT,AE TOPLIGHT,,,,https://fsn1.your-objectstorage.com/tecdoc2025/media_files/images/6390/baa3678c0cec0ed9a9ce7f12cf6df0aac152837d.webp,0.0000,0.0000,0.0000,0.0000,0,21.0000,0.0000,,0.0000,0.0000,0,,,,0.0000,2026-08-08 22:47:30,1.0000,piece,,,,,18.0000,,Balai d'essuie-glace / raclette,,,,Balai d'essuie-glace / raclette,,,,,,0,2026-08-08 22:47:30,2026-08-08 22:47:30,2026-08-08 22:47:30,RapidApi,0,,802,3429,,,AE TOPLIGHT,Balai d'essuie-glace / raclette,Type
108150,RAPID-2966827,Balai d'essuie-glace,,36500,,AE TOPLIGHT,AE TOPLIGHT,,,,https://fsn1.your-objectstorage.com/tecdoc2025/media_files/images/6390/baa3678c0cec0ed9a9ce7f12cf6df0aac152837d.webp,0.0000,0.0000,0.0000,0.0000,0,21.0000,0.0000,,0.0000,0.0000,0,,,,0.0000,2026-08-08 22:47:30,1.0000,piece,,,,,20.0000,,Balai d'essuie-glace / raclette,,,,Balai d'essuie-glace / raclette,,,,,,0,2026-08-08 22:47:30,2026-08-08 22:47:30,2026-08-08 22:47:30,RapidApi,0,,802,3429,,,AE TOPLIGHT,Balai d'essuie-glace / raclette,Type
108151,RAPID-2967483,Balai d'essuie-glace,,36530,,AE TOPLIGHT,AE TOPLIGHT,,,,https://fsn1.your-objectstorage.com/tecdoc2025/media_files/images/6390/baa3678c0cec0ed9a9ce7f12cf6df0aac152837d.webp,0.0000,0.0000,0.0000,0.0000,0,21.0000,0.0000,,0.0000,0.0000,0,,,,0.0000,2026-08-08 22:47:30,1.0000,piece,,,,,21.0000,,Balai d'essuie-glace / raclette,,,,Balai d'essuie-glace / raclette,,,,,,0,2026-08-08 22:47:30,2026-08-08 22:47:30,2026-08-08 22:47:30,RapidApi,0,,802,3429,,,AE TOPLIGHT,Balai d'essuie-glace / raclette,Type
108152,RAPID-9463832,"Kit de bras d'essuie-glace, nettoyage des vitres",,TRA-R2C6,,AE TOPLIGHT,AE TOPLIGHT,,,,https://fsn1.your-objectstorage.com/tecdoc2025/media_files/images/6390/1b7a124273e00c8655c52c76f9ca3f1e49587572.webp,0.0000,0.0000,0.0000,0.0000,0,21.0000,0.0000,,0.0000,0.0000,0,,,,0.0000,2026-08-08 22:47:30,1.0000,piece,,,,,30.5000,,Balai d'essuie-glace / raclette,,,,Balai d'essuie-glace / raclette,,,,,,0,2026-08-08 22:47:30,2026-08-08 22:47:30,2026-08-08 22:47:30,RapidApi,0,,802,3429,,,AE TOPLIGHT,Balai d'essuie-glace / raclette,Type
108153,RAPID-3712914,"Bras d'essuie-glace, nettoyage des vitres",,52929,,AIC,AIC,,,,https://fsn1.your-objectstorage.com/tecdoc2025/media_files/images/6558/5f24edf735c3e0fbff4c3e5ad16cefd5c2cc20b7.webp,0.0000,0.0000,0.0000,0.0000,0,21.0000,0.0000,,0.0000,0.0000,0,,,,0.0000,2026-08-08 22:47:30,1.0000,piece,,,4.6000,5.7000,29.9000,,Balai d'essuie-glace / raclette,,,,Balai d'essuie-glace / raclette,,,,,,0,2026-08-08 22:47:30,2026-08-08 22:47:30,2026-08-08 22:47:30,RapidApi,0,,803,3429,,,AIC,Balai d'essuie-glace / raclette,Type
108154,RAPID-58298776,Balai d'essuie-glace,,AWB-BKP-450,,Airline,Airline,,,,https://fsn1.your-objectstorage.com/tecdoc2025/media_files/images/4826/eb74c46949621fc50c109c73617b3df87ab6cbe5.webp,0.0000,0.0000,0.0000,0.0000,0,21.0000,0.0000,,0.0000,0.0000,0,,,,0.0000,2026-08-08 22:47:30,1.0000,piece,,,,,18.0000,,Balai d'essuie-glace / raclette,,,,Balai d'essuie-glace / raclette,,,,,,0,2026-08-08 22:47:30,2026-08-08 22:47:30,2026-08-08 22:47:30,RapidApi,0,,804,3429,,,Airline,Balai d'essuie-glace / raclette,Type
108155,RAPID-51433062,Balai d'essuie-glace,,AWB-BK-530,,Airline,Airline,,,,https://fsn1.your-objectstorage.com/tecdoc2025/media_files/images/4826/56a6c1881a9cc4c287ff11dcdd7ea04e5aff53d9.webp,0.0000,0.0000,0.0000,0.0000,0,21.0000,0.0000,,0.0000,0.0000,0,,,,0.0000,2026-08-08 22:47:30,1.0000,piece,,,,,21.0000,,Balai d'essuie-glace / raclette,,,,Balai d'essuie-glace / raclette,,,,,,0,2026-08-08 22:47:30,2026-08-08 22:47:30,2026-08-08 22:47:30,RapidApi,0,,804,3429,,,Airline,Balai d'essuie-glace / raclette,Type
108156,RAPID-56953185,Balai d'essuie-glace,,AWB-BK-450,,Airline,Airline,,,,https://fsn1.your-objectstorage.com/tecdoc2025/media_files/images/4826/60082a5bcd4806e25f6cb43562090e95b54a3c2a.webp,0.0000,0.0000,0.0000,0.0000,0,21.0000,0.0000,,0.0000,0.0000,0,,,,0.0000,2026-08-08 22:47:30,1.0000,piece,,,,,18.0000,,Balai d'essuie-glace / raclette,,,,Balai d'essuie-glace / raclette,,,,,,0,2026-08-08 22:47:30,2026-08-08 22:47:30,2026-08-08 22:47:30,RapidApi,0,,804,3429,,,Airline,Balai d'essuie-glace / raclette,Type
108157,RAPID-53825165,Balai d'essuie-glace,,AWB-K-450,,Airline,Airline,,,,https://fsn1.your-objectstorage.com/tecdoc2025/media_files/images/4826/4338d96215ce02970039046ffa564d4a306e6bd7.webp,0.0000,0.0000,0.0000,0.0000,0,21.0000,0.0000,,0.0000,0.0000,0,,,,0.0000,2026-08-08 22:47:30,1.0000,piece,,,,,18.0000,,Balai d'essuie-glace / raclette,,,,Balai d'essuie-glace / raclette,,,,,,0,2026-08-08 22:47:30,2026-08-08 22:47:30,2026-08-08 22:47:30,RapidApi,0,,804,3429,,,Airline,Balai d'essuie-glace / raclette,Type
108158,RAPID-56232635,Balai d'essuie-glace,,AWB-R-300,,Airline,Airline,,,,https://fsn1.your-objectstorage.com/tecdoc2025/media_files/images/4826/56de4352b1dfd94cedf440142ff2347ab2a6fe6f.webp,0.0000,0.0000,0.0000,0.0000,0,21.0000,0.0000,,0.0000,0.0000,0,,,,0.0000,2026-08-08 22:47:30,1.0000,piece,,,,,12.0000,,Balai d'essuie-glace / raclette,,,,Balai d'essuie-glace / raclette,,,,,,0,2026-08-08 22:47:30,2026-08-08 22:47:30,2026-08-08 22:47:30,RapidApi,0,,804,3429,,,Airline,Balai d'essuie-glace / raclette,Type
108159,RAPID-54955204,Balai d'essuie-glace,,AWB-BKP-530,,Airline,Airline,,,,https://fsn1.your-objectstorage.com/tecdoc2025/media_files/images/4826/83f77809a9626ecd35c3271fd11d1096daf64a52.webp,0.0000,0.0000,0.0000,0.0000,0,21.0000,0.0000,,0.0000,0.0000,0,,,,0.0000,2026-08-08 22:47:30,1.0000,piece,,,,,21.0000,,Balai d'essuie-glace / raclette,,,,Balai d'essuie-glace / raclette,,,,,,0,2026-08-08 22:47:30,2026-08-08 22:47:30,2026-08-08 22:47:30,RapidApi,0,,804,3429,,,Airline,Balai d'essuie-glace / raclette,Type
108160,RAPID-54563697,Balai d'essuie-glace,,AWB-H-530,,Airline,Airline,,,,https://fsn1.your-objectstorage.com/tecdoc2025/media_files/images/4826/17a36f7ef20ec8d0c27cbd219c1199a36e60349f.webp,0.0000,0.0000,0.0000,0.0000,0,21.0000,0.0000,,0.0000,0.0000,0,,,,0.0000,2026-08-08 22:47:30,1.0000,piece,,,,,21.0000,,Balai d'essuie-glace / raclette,,,,Balai d'essuie-glace / raclette,,,,,,0,2026-08-08 22:47:30,2026-08-08 22:47:30,2026-08-08 22:47:30,RapidApi,0,,804,3429,,,Airline,Balai d'essuie-glace / raclette,Type
108161,RAPID-47436407,Balai d'essuie-glace,,AWB-H-450,,Airline,Airline,,,,https://fsn1.your-objectstorage.com/tecdoc2025/media_files/images/4826/3a2116e8b2f91f327ad12187df56390ab061d195.webp,0.0000,0.0000,0.0000,0.0000,0,21.0000,0.0000,,0.0000,0.0000,0,,,,0.0000,2026-08-08 22:47:30,1.0000,piece,,,,,18.0000,,Balai d'essuie-glace / raclette,,,,Balai d'essuie-glace / raclette,,,,,,0,2026-08-08 22:47:30,2026-08-08 22:47:30,2026-08-08 22:47:30,RapidApi,0,,804,3429,,,Airline,Balai d'essuie-glace / raclette,Type
108162,RAPID-46517535,Balai d'essuie-glace,,AWB-K-530,,Airline,Airline,,,,https://fsn1.your-objectstorage.com/tecdoc2025/media_files/images/4826/71bf7311b9a80f8884e8b49b9757d7afde622af7.webp,0.0000,0.0000,0.0000,0.0000,0,21.0000,0.0000,,0.0000,0.0000,0,,,,0.0000,2026-08-08 22:47:30,1.0000,piece,,,,,21.0000,,Balai d'essuie-glace / raclette,,,,Balai d'essuie-glace / raclette,,,,,,0,2026-08-08 22:47:30,2026-08-08 22:47:30,2026-08-08 22:47:30,RapidApi,0,,804,3429,,,Airline,Balai d'essuie-glace / raclette,Type
108163,RAPID-48306027,Balai d'essuie-glace,,AWB-W-450,,Airline,Airline,,,,https://fsn1.your-objectstorage.com/tecdoc2025/media_files/images/4826/77e7e87e88284a0df53660ca86b5f6e3bddf0777.webp,0.0000,0.0000,0.0000,0.0000,0,21.0000,0.0000,,0.0000,0.0000,0,,,,0.0000,2026-08-08 22:47:30,1.0000,piece,,,,,,,Balai d'essuie-glace / raclette,,,,Balai d'essuie-glace / raclette,,,,,,0,2026-08-08 22:47:30,2026-08-08 22:47:30,2026-08-08 22:47:30,RapidApi,0,,804,3429,,,Airline,Balai d'essuie-glace / raclette,Type
108164,RAPID-50712759,Balai d'essuie-glace,,AWB-RK-300,,Airline,Airline,,,,https://fsn1.your-objectstorage.com/tecdoc2025/media_files/images/4826/3fb194189d16d731e0a7af7edf58bff9b85dde2d.webp,0.0000,0.0000,0.0000,0.0000,0,21.0000,0.0000,,0.0000,0.0000,0,,,,0.0000,2026-08-08 22:47:30,1.0000,piece,,,,,12.0000,,Balai d'essuie-glace / raclette,,,,Balai d'essuie-glace / raclette,,,,,,0,2026-08-08 22:47:30,2026-08-08 22:47:30,2026-08-08 22:47:30,RapidApi,0,,804,3429,,,Airline,Balai d'essuie-glace / raclette,Type
108165,RAPID-54695406,Balai d'essuie-glace,,AWB-W-530,,Airline,Airline,,,,https://fsn1.your-objectstorage.com/tecdoc2025/media_files/images/4826/ea0ce25b82874d76b8d3809c52e62eda0560f8e6.webp,0.0000,0.0000,0.0000,0.0000,0,21.0000,0.0000,,0.0000,0.0000,0,,,,0.0000,2026-08-08 22:47:30,1.0000,piece,,,,,,,Balai d'essuie-glace / raclette,,,,Balai d'essuie-glace / raclette,,,,,,0,2026-08-08 22:47:30,2026-08-08 22:47:30,2026-08-08 22:47:30,RapidApi,0,,804,3429,,,Airline,Balai d'essuie-glace / raclette,Type
108166,RAPID-48975348,Balai d'essuie-glace,,AWBP009,,Airline,Airline,,,,https://fsn1.your-objectstorage.com/tecdoc2025/media_files/images/4826/4900d4dd59636e690ca0b5b1a1e41c8e02c56879.webp,0.0000,0.0000,0.0000,0.0000,0,21.0000,0.0000,,0.0000,0.0000,0,,,,0.0000,2026-08-08 22:47:30,1.0000,piece,,,,,21.0000,,Balai d'essuie-glace / raclette,,,,Balai d'essuie-glace / raclette,,,,,,0,2026-08-08 22:47:30,2026-08-08 22:47:30,2026-08-08 22:47:30,RapidApi,0,,804,3429,,,Airline,Balai d'essuie-glace / raclette,Type
108167,RAPID-49777592,Balai d'essuie-glace,,AWBM011,,Airline,Airline,,,,https://fsn1.your-objectstorage.com/tecdoc2025/media_files/images/4826/45f4a2b6a5caf39bc841444c0ec9d20be983f546.webp,0.0000,0.0000,0.0000,0.0000,0,21.0000,0.0000,,0.0000,0.0000,0,,,,0.0000,2026-08-08 22:47:30,1.0000,piece,,,,,21.0000,,Balai d'essuie-glace / raclette,,,,Balai d'essuie-glace / raclette,,,,,,0,2026-08-08 22:47:30,2026-08-08 22:47:30,2026-08-08 22:47:30,RapidApi,0,,804,3429,,,Airline,Balai d'essuie-glace / raclette,Type
108168,RAPID-57692425,Balai d'essuie-glace,,AWBP006,,Airline,Airline,,,,https://fsn1.your-objectstorage.com/tecdoc2025/media_files/images/4826/4900d4dd59636e690ca0b5b1a1e41c8e02c56879.webp,0.0000,0.0000,0.0000,0.0000,0,21.0000,0.0000,,0.0000,0.0000,0,,,,0.0000,2026-08-08 22:47:30,1.0000,piece,,,,,18.0000,,Balai d'essuie-glace / raclette,,,,Balai d'essuie-glace / raclette,,,,,,0,2026-08-08 22:47:30,2026-08-08 22:47:30,2026-08-08 22:47:30,RapidApi,0,,804,3429,,,Airline,Balai d'essuie-glace / raclette,Type
108169,RAPID-17349560,Balai d'essuie-glace,,ALP-006437,,alp,alp,,,,https://fsn1.your-objectstorage.com/tecdoc2025/media_files/images/5598/fad7574eef1aa973ed1b29b1b39c259fc189513c.webp,0.0000,0.0000,0.0000,0.0000,0,21.0000,0.0000,,0.0000,0.0000,0,,,,0.0000,2026-08-08 22:47:30,1.0000,piece,,,,,30.5000,,Balai d'essuie-glace / raclette,,,,Balai d'essuie-glace / raclette,,,,,,0,2026-08-08 22:47:30,2026-08-08 22:47:30,2026-08-08 22:47:30,RapidApi,0,,805,3429,,,alp,Balai d'essuie-glace / raclette,Type
108170,RAPID-21653491,"Kit de bras d'essuie-glace, nettoyage des vitres",,ALP-006434,,alp,alp,,,,https://fsn1.your-objectstorage.com/tecdoc2025/media_files/images/5598/f41d37f88728bfef0dde58ad9aae62f6bb86ce9b.webp,0.0000,0.0000,0.0000,0.0000,0,21.0000,0.0000,,0.0000,0.0000,0,,,,0.0000,2026-08-08 22:47:30,1.0000,piece,,,,,30.5000,,Balai d'essuie-glace / raclette,,,,Balai d'essuie-glace / raclette,,,,,,0,2026-08-08 22:47:30,2026-08-08 22:47:30,2026-08-08 22:47:30,RapidApi,0,,805,3429,,,alp,Balai d'essuie-glace / raclette,Type
108171,RAPID-20200487,"Bras d'essuie-glace, nettoyage des vitres",,65253,,ASAM AUTOMOTIVE,ASAM AUTOMOTIVE,,,,https://fsn1.your-objectstorage.com/tecdoc2025/media_files/images/4576/a8a35912f0fa3483c3ca62c4b7bcc98e7bfbb4da.webp,0.0000,0.0000,0.0000,0.0000,0,21.0000,0.0000,,0.0000,0.0000,0,,,,0.0000,2026-08-08 22:47:30,1.0000,piece,,,,,30.5000,,Balai d'essuie-glace / raclette,,,,Balai d'essuie-glace / raclette,,,,,,0,2026-08-08 22:47:30,2026-08-08 22:47:30,2026-08-08 22:47:30,RapidApi,0,,806,3429,,,ASAM AUTOMOTIVE,Balai d'essuie-glace / raclette,Type
108172,RAPID-13569324,"Bras d'essuie-glace, nettoyage des vitres",,65246,,ASAM AUTOMOTIVE,ASAM AUTOMOTIVE,,,,https://fsn1.your-objectstorage.com/tecdoc2025/media_files/images/4576/1d1b6948cf2c7b62b21f5439f5aae5719c0328d3.webp,0.0000,0.0000,0.0000,0.0000,0,21.0000,0.0000,,0.0000,0.0000,0,,,,0.0000,2026-08-08 22:47:30,1.0000,piece,,,,,35.0000,,Balai d'essuie-glace / raclette,,,,Balai d'essuie-glace / raclette,,,,,,0,2026-08-08 22:47:30,2026-08-08 22:47:30,2026-08-08 22:47:30,RapidApi,0,,806,3429,,,ASAM AUTOMOTIVE,Balai d'essuie-glace / raclette,Type
108173,RAPID-18871097,"Bras d'essuie-glace, nettoyage des vitres",,65388,,ASAM AUTOMOTIVE,ASAM AUTOMOTIVE,,,,https://fsn1.your-objectstorage.com/tecdoc2025/media_files/images/4576/5bde58d545aef5fa077a453fcec4d48d18d364db.webp,0.0000,0.0000,0.0000,0.0000,0,21.0000,0.0000,,0.0000,0.0000,0,,,,0.0000,2026-08-08 22:47:30,1.0000,piece,,,,,30.5000,,Balai d'essuie-glace / raclette,,,,Balai d'essuie-glace / raclette,,,,,,0,2026-08-08 22:47:30,2026-08-08 22:47:30,2026-08-08 22:47:30,RapidApi,0,,806,3429,,,ASAM AUTOMOTIVE,Balai d'essuie-glace / raclette,Type
108174,RAPID-8956998,Balai d'essuie-glace,,SA-X53C,,ASHIKA,ASHIKA,,,,https://fsn1.your-objectstorage.com/tecdoc2025/media_files/images/257/7e92058578a0be083944cf5794cf1715038daf5d.webp,0.0000,0.0000,0.0000,0.0000,0,21.0000,0.0000,,0.0000,0.0000,0,,,,0.0000,2026-08-08 22:47:30,1.0000,piece,,,,,53.0000,,Balai d'essuie-glace / raclette,,,,Balai d'essuie-glace / raclette,,,,,,0,2026-08-08 22:47:30,2026-08-08 22:47:30,2026-08-08 22:47:30,RapidApi,0,,807,3429,,,ASHIKA,Balai d'essuie-glace / raclette,Type
108175,RAPID-8956853,Balai d'essuie-glace,,SA-F53,,ASHIKA,ASHIKA,,,,https://fsn1.your-objectstorage.com/tecdoc2025/media_files/images/257/9a2075e3cdc622403a0c96495963c0dd0984f96c.webp,0.0000,0.0000,0.0000,0.0000,0,21.0000,0.0000,,0.0000,0.0000,0,,,,0.0000,2026-08-08 22:47:30,1.0000,piece,,,,,52.5000,,Balai d'essuie-glace / raclette,,,,Balai d'essuie-glace / raclette,,,,,,0,2026-08-08 22:47:30,2026-08-08 22:47:30,2026-08-08 22:47:30,RapidApi,0,,807,3429,,,ASHIKA,Balai d'essuie-glace / raclette,Type
108176,RAPID-8956992,Balai d'essuie-glace,,SA-X45C,,ASHIKA,ASHIKA,,,,https://fsn1.your-objectstorage.com/tecdoc2025/media_files/images/257/689ec81a6bad5f5820fce90989f2f4daabfb5e4f.webp,0.0000,0.0000,0.0000,0.0000,0,21.0000,0.0000,,0.0000,0.0000,0,,,,0.0000,2026-08-08 22:47:30,1.0000,piece,,,,,45.0000,,Balai d'essuie-glace / raclette,,,,Balai d'essuie-glace / raclette,,,,,,0,2026-08-08 22:47:30,2026-08-08 22:47:30,2026-08-08 22:47:30,RapidApi,0,,807,3429,,,ASHIKA,Balai d'essuie-glace / raclette,Type
108177,RAPID-8956981,Balai d'essuie-glace,,SA-X30R,,ASHIKA,ASHIKA,,,,https://fsn1.your-objectstorage.com/tecdoc2025/media_files/images/257/025363cf21e3963fedb1c06d592a4f646ec7c1b6.webp,0.0000,0.0000,0.0000,0.0000,0,21.0000,0.0000,,0.0000,0.0000,0,,,,0.0000,2026-08-08 22:47:30,1.0000,piece,,,,,30.0000,,Balai d'essuie-glace / raclette,,,,Balai d'essuie-glace / raclette,,,,,,0,2026-08-08 22:47:30,2026-08-08 22:47:30,2026-08-08 22:47:30,RapidApi,0,,807,3429,,,ASHIKA,Balai d'essuie-glace / raclette,Type
108178,RAPID-8956980,Balai d'essuie-glace,,SA-X30C,,ASHIKA,ASHIKA,,,,https://fsn1.your-objectstorage.com/tecdoc2025/media_files/images/257/7f70dfc4183005dfdada9811b6e17abe25c790e6.webp,0.0000,0.0000,0.0000,0.0000,0,21.0000,0.0000,,0.0000,0.0000,0,,,,0.0000,2026-08-08 22:47:30,1.0000,piece,,,,,30.0000,,Balai d'essuie-glace / raclette,,,,Balai d'essuie-glace / raclette,,,,,,0,2026-08-08 22:47:30,2026-08-08 22:47:30,2026-08-08 22:47:30,RapidApi,0,,807,3429,,,ASHIKA,Balai d'essuie-glace / raclette,Type
108179,RAPID-8956850,Balai d'essuie-glace,,SA-F45,,ASHIKA,ASHIKA,,,,https://fsn1.your-objectstorage.com/tecdoc2025/media_files/images/257/9a2075e3cdc622403a0c96495963c0dd0984f96c.webp,0.0000,0.0000,0.0000,0.0000,0,21.0000,0.0000,,0.0000,0.0000,0,,,,0.0000,2026-08-08 22:47:30,1.0000,piece,,,,,18.0000,,Balai d'essuie-glace / raclette,,,,Balai d'essuie-glace / raclette,,,,,,0,2026-08-08 22:47:30,2026-08-08 22:47:30,2026-08-08 22:47:30,RapidApi,0,,807,3429,,,ASHIKA,Balai d'essuie-glace / raclette,Type
108180,RAPID-8956999,Balai d'essuie-glace,,SA-X53S,,ASHIKA,ASHIKA,,,,https://fsn1.your-objectstorage.com/tecdoc2025/media_files/images/257/aa6a74feb0646a2ae4dc7151290f25f43e4a1515.webp,0.0000,0.0000,0.0000,0.0000,0,21.0000,0.0000,,0.0000,0.0000,0,,,,0.0000,2026-08-08 22:47:30,1.0000,piece,,,,,53.0000,,Balai d'essuie-glace / raclette,,,,Balai d'essuie-glace / raclette,,,,,,0,2026-08-08 22:47:30,2026-08-08 22:47:30,2026-08-08 22:47:30,RapidApi,0,,807,3429,,,ASHIKA,Balai d'essuie-glace / raclette,Type
108181,RAPID-50499364,Balai d'essuie-glace,,HA-053,,ASHIKA,ASHIKA,,,,https://fsn1.your-objectstorage.com/tecdoc2025/media_files/images/257/036b4a5d14a4c7a2bf43a5b1a44749e8e5c0a172.webp,0.0000,0.0000,0.0000,0.0000,0,21.0000,0.0000,,0.0000,0.0000,0,,,,0.0000,2026-08-08 22:47:30,1.0000,piece,,,,,52.5000,,Balai d'essuie-glace / raclette,,,,Balai d'essuie-glace / raclette,,,,,,0,2026-08-08 22:47:30,2026-08-08 22:47:30,2026-08-08 22:47:30,RapidApi,0,,807,3429,,,ASHIKA,Balai d'essuie-glace / raclette,Type
108182,RAPID-57690956,Balai d'essuie-glace,,HA-045,,ASHIKA,ASHIKA,,,,https://fsn1.your-objectstorage.com/tecdoc2025/media_files/images/257/ca2aa3fce45c9176972c51cda60ae29144ec4a10.webp,0.0000,0.0000,0.0000,0.0000,0,21.0000,0.0000,,0.0000,0.0000,0,,,,0.0000,2026-08-08 22:47:30,1.0000,piece,,,,,45.0000,,Balai d'essuie-glace / raclette,,,,Balai d'essuie-glace / raclette,,,,,,0,2026-08-08 22:47:30,2026-08-08 22:47:30,2026-08-08 22:47:30,RapidApi,0,,807,3429,,,ASHIKA,Balai d'essuie-glace / raclette,Type
108183,RAPID-9680207,Balai d'essuie-glace,,WA018,,ASHUKI by Palidium,ASHUKI by Palidium,,,,https://fsn1.your-objectstorage.com/tecdoc2025/media_files/images/442/74978c8c07b2bea9a8bf1af65b5b91cf91dac2c4.webp,0.0000,0.0000,0.0000,0.0000,0,21.0000,0.0000,,0.0000,0.0000,0,,,,0.0000,2026-08-08 22:47:30,1.0000,piece,,,,,18.0000,,Balai d'essuie-glace / raclette,,,,Balai d'essuie-glace / raclette,,,,,,0,2026-08-08 22:47:30,2026-08-08 22:47:30,2026-08-08 22:47:30,RapidApi,0,,808,3429,,,ASHUKI by Palidium,Balai d'essuie-glace / raclette,Type
108184,RAPID-9680208,Balai d'essuie-glace,,WA018H,,ASHUKI by Palidium,ASHUKI by Palidium,,,,https://fsn1.your-objectstorage.com/tecdoc2025/media_files/images/442/3f249429b768f3bd653f14e410fb2c569385378e.webp,0.0000,0.0000,0.0000,0.0000,0,21.0000,0.0000,,0.0000,0.0000,0,,,,0.0000,2026-08-08 22:47:30,1.0000,piece,,,,,18.0000,,Balai d'essuie-glace / raclette,,,,Balai d'essuie-glace / raclette,,,,,,0,2026-08-08 22:47:30,2026-08-08 22:47:30,2026-08-08 22:47:30,RapidApi,0,,808,3429,,,ASHUKI by Palidium,Balai d'essuie-glace / raclette,Type
108185,RAPID-9680218,Balai d'essuie-glace,,WA021S,,ASHUKI by Palidium,ASHUKI by Palidium,,,,https://fsn1.your-objectstorage.com/tecdoc2025/media_files/images/442/480f2ab2a87e892c982afe03353378f9482a27ed.webp,0.0000,0.0000,0.0000,0.0000,0,21.0000,0.0000,,0.0000,0.0000,0,,,,0.0000,2026-08-08 22:47:30,1.0000,piece,,,,,21.0000,,Balai d'essuie-glace / raclette,,,,Balai d'essuie-glace / raclette,,,,,,0,2026-08-08 22:47:30,2026-08-08 22:47:30,2026-08-08 22:47:30,RapidApi,0,,808,3429,,,ASHUKI by Palidium,Balai d'essuie-glace / raclette,Type
108186,RAPID-9680216,Balai d'essuie-glace,,WA021,,ASHUKI by Palidium,ASHUKI by Palidium,,,,https://fsn1.your-objectstorage.com/tecdoc2025/media_files/images/442/74978c8c07b2bea9a8bf1af65b5b91cf91dac2c4.webp,0.0000,0.0000,0.0000,0.0000,0,21.0000,0.0000,,0.0000,0.0000,0,,,,0.0000,2026-08-08 22:47:30,1.0000,piece,,,,,21.0000,,Balai d'essuie-glace / raclette,,,,Balai d'essuie-glace / raclette,,,,,,0,2026-08-08 22:47:30,2026-08-08 22:47:30,2026-08-08 22:47:30,RapidApi,0,,808,3429,,,ASHUKI by Palidium,Balai d'essuie-glace / raclette,Type
108187,RAPID-9680214,Balai d'essuie-glace,,WA020H,,ASHUKI by Palidium,ASHUKI by Palidium,,,,https://fsn1.your-objectstorage.com/tecdoc2025/media_files/images/442/3f249429b768f3bd653f14e410fb2c569385378e.webp,0.0000,0.0000,0.0000,0.0000,0,21.0000,0.0000,,0.0000,0.0000,0,,,,0.0000,2026-08-08 22:47:30,1.0000,piece,,,,,20.0000,,Balai d'essuie-glace / raclette,,,,Balai d'essuie-glace / raclette,,,,,,0,2026-08-08 22:47:30,2026-08-08 22:47:30,2026-08-08 22:47:30,RapidApi,0,,808,3429,,,ASHUKI by Palidium,Balai d'essuie-glace / raclette,Type
108188,RAPID-9680217,Balai d'essuie-glace,,WA021H,,ASHUKI by Palidium,ASHUKI by Palidium,,,,https://fsn1.your-objectstorage.com/tecdoc2025/media_files/images/442/3f249429b768f3bd653f14e410fb2c569385378e.webp,0.0000,0.0000,0.0000,0.0000,0,21.0000,0.0000,,0.0000,0.0000,0,,,,0.0000,2026-08-08 22:47:30,1.0000,piece,,,,,21.0000,,Balai d'essuie-glace / raclette,,,,Balai d'essuie-glace / raclette,,,,,,0,2026-08-08 22:47:30,2026-08-08 22:47:30,2026-08-08 22:47:30,RapidApi,0,,808,3429,,,ASHUKI by Palidium,Balai d'essuie-glace / raclette,Type
108189,RAPID-9680220,Balai d'essuie-glace,,WA022H,,ASHUKI by Palidium,ASHUKI by Palidium,,,,https://fsn1.your-objectstorage.com/tecdoc2025/media_files/images/442/3f249429b768f3bd653f14e410fb2c569385378e.webp,0.0000,0.0000,0.0000,0.0000,0,21.0000,0.0000,,0.0000,0.0000,0,,,,0.0000,2026-08-08 22:47:30,1.0000,piece,,,,,22.0000,,Balai d'essuie-glace / raclette,,,,Balai d'essuie-glace / raclette,,,,,,0,2026-08-08 22:47:30,2026-08-08 22:47:30,2026-08-08 22:47:30,RapidApi,0,,808,3429,,,ASHUKI by Palidium,Balai d'essuie-glace / raclette,Type
108190,RAPID-5789006,Balai d'essuie-glace,,ASH7-1014,,ASHUKI by Palidium,ASHUKI by Palidium,,,,https://fsn1.your-objectstorage.com/tecdoc2025/media_files/images/442/371b7671b20a6c27ecee17398b1a4e33526c821d.webp,0.0000,0.0000,0.0000,0.0000,0,21.0000,0.0000,,0.0000,0.0000,0,,,,0.0000,2026-08-08 22:47:30,1.0000,piece,,,,,45.0000,,Balai d'essuie-glace / raclette,,,,Balai d'essuie-glace / raclette,,,,,,0,2026-08-08 22:47:30,2026-08-08 22:47:30,2026-08-08 22:47:30,RapidApi,0,,808,3429,,,ASHUKI by Palidium,Balai d'essuie-glace / raclette,Type
108191,RAPID-5789162,Balai d'essuie-glace,,ASH7-2450,,ASHUKI by Palidium,ASHUKI by Palidium,,,,https://fsn1.your-objectstorage.com/tecdoc2025/media_files/images/442/6919c4952eb15146ce3bc489afe8916d1dbe9dad.webp,0.0000,0.0000,0.0000,0.0000,0,21.0000,0.0000,,0.0000,0.0000,0,,,,0.0000,2026-08-08 22:47:30,1.0000,piece,,,,,18.0000,,Balai d'essuie-glace / raclette,,,,Balai d'essuie-glace / raclette,,,,,,0,2026-08-08 22:47:30,2026-08-08 22:47:30,2026-08-08 22:47:30,RapidApi,0,,808,3429,,,ASHUKI by Palidium,Balai d'essuie-glace / raclette,Type
108192,RAPID-5789165,Balai d'essuie-glace,,ASH7-2530,,ASHUKI by Palidium,ASHUKI by Palidium,,,,https://fsn1.your-objectstorage.com/tecdoc2025/media_files/images/442/6919c4952eb15146ce3bc489afe8916d1dbe9dad.webp,0.0000,0.0000,0.0000,0.0000,0,21.0000,0.0000,,0.0000,0.0000,0,,,,0.0000,2026-08-08 22:47:30,1.0000,piece,,,,,21.0000,,Balai d'essuie-glace / raclette,,,,Balai d'essuie-glace / raclette,,,,,,0,2026-08-08 22:47:30,2026-08-08 22:47:30,2026-08-08 22:47:30,RapidApi,0,,808,3429,,,ASHUKI by Palidium,Balai d'essuie-glace / raclette,Type
108193,RAPID-5789133,Balai d'essuie-glace,,ASH7-1142,,ASHUKI by Palidium,ASHUKI by Palidium,,,,https://fsn1.your-objectstorage.com/tecdoc2025/media_files/images/442/3f71c8a706ff5d99d4b482696154196d11f7e75a.webp,0.0000,0.0000,0.0000,0.0000,0,21.0000,0.0000,,0.0000,0.0000,0,,,,0.0000,2026-08-08 22:47:30,1.0000,piece,,,,,45.0000,,Balai d'essuie-glace / raclette,,,,Balai d'essuie-glace / raclette,,,,,,0,2026-08-08 22:47:30,2026-08-08 22:47:30,2026-08-08 22:47:30,RapidApi,0,,808,3429,,,ASHUKI by Palidium,Balai d'essuie-glace / raclette,Type
108194,RAPID-5789225,Balai d'essuie-glace,,ASHR10-300,,ASHUKI by Palidium,ASHUKI by Palidium,,,,https://fsn1.your-objectstorage.com/tecdoc2025/media_files/images/442/0d9c5ad8ab94d661689b3e63de6fb2cf83304679.webp,0.0000,0.0000,0.0000,0.0000,0,21.0000,0.0000,,0.0000,0.0000,0,,,,0.0000,2026-08-08 22:47:30,1.0000,piece,,,,,12.0000,,Balai d'essuie-glace / raclette,,,,Balai d'essuie-glace / raclette,,,,,,0,2026-08-08 22:47:30,2026-08-08 22:47:30,2026-08-08 22:47:30,RapidApi,0,,808,3429,,,ASHUKI by Palidium,Balai d'essuie-glace / raclette,Type
108195,RAPID-5789164,Balai d'essuie-glace,,ASH7-2500,,ASHUKI by Palidium,ASHUKI by Palidium,,,,https://fsn1.your-objectstorage.com/tecdoc2025/media_files/images/442/6919c4952eb15146ce3bc489afe8916d1dbe9dad.webp,0.0000,0.0000,0.0000,0.0000,0,21.0000,0.0000,,0.0000,0.0000,0,,,,0.0000,2026-08-08 22:47:30,1.0000,piece,,,,,20.0000,,Balai d'essuie-glace / raclette,,,,Balai d'essuie-glace / raclette,,,,,,0,2026-08-08 22:47:30,2026-08-08 22:47:30,2026-08-08 22:47:30,RapidApi,0,,808,3429,,,ASHUKI by Palidium,Balai d'essuie-glace / raclette,Type
108196,RAPID-8471375,Balai d'essuie-glace,,PAL7-2500,,ASHUKI by Palidium,ASHUKI by Palidium,,,,https://fsn1.your-objectstorage.com/tecdoc2025/media_files/images/442/509dca72571676f6271162358b45ee26f8783265.webp,0.0000,0.0000,0.0000,0.0000,0,21.0000,0.0000,,0.0000,0.0000,0,,,,0.0000,2026-08-08 22:47:30,1.0000,piece,,,,,20.0000,,Balai d'essuie-glace / raclette,,,,Balai d'essuie-glace / raclette,,,,,,0,2026-08-08 22:47:30,2026-08-08 22:47:30,2026-08-08 22:47:30,RapidApi,0,,808,3429,,,ASHUKI by Palidium,Balai d'essuie-glace / raclette,Type
108197,RAPID-5788988,"Adaptateur, balai d'essuie-glace",,ASH7-0007,,ASHUKI by Palidium,ASHUKI by Palidium,,,,https://fsn1.your-objectstorage.com/tecdoc2025/media_files/images/442/182744cb9af939adc934ebba2d5aed6e269eb00a.webp,0.0000,0.0000,0.0000,0.0000,0,21.0000,0.0000,,0.0000,0.0000,0,,,,0.0000,2026-08-08 22:47:30,1.0000,piece,,,,,,,Balai d'essuie-glace / raclette,,,,Balai d'essuie-glace / raclette,,,,,,0,2026-08-08 22:47:30,2026-08-08 22:47:30,2026-08-08 22:47:30,RapidApi,0,,808,3429,,,ASHUKI by Palidium,Balai d'essuie-glace / raclette,Type
108198,RAPID-5788982,"Adaptateur, balai d'essuie-glace",,ASH7-0001,,ASHUKI by Palidium,ASHUKI by Palidium,,,,https://fsn1.your-objectstorage.com/tecdoc2025/media_files/images/442/10ef7e6673d1b686ff93a7b62da82d278e0f5899.webp,0.0000,0.0000,0.0000,0.0000,0,21.0000,0.0000,,0.0000,0.0000,0,,,,0.0000,2026-08-08 22:47:30,1.0000,piece,,,,,,,Balai d'essuie-glace / raclette,,,,Balai d'essuie-glace / raclette,,,,,,0,2026-08-08 22:47:30,2026-08-08 22:47:30,2026-08-08 22:47:30,RapidApi,0,,808,3429,,,ASHUKI by Palidium,Balai d'essuie-glace / raclette,Type
108199,RAPID-5776093,Balai d'essuie-glace,,AS-570116,,Aslyx,Aslyx,,,,https://fsn1.your-objectstorage.com/tecdoc2025/media_files/images/5259/691f468611598b9e7f6f1beedcdaad0d0f227c77.webp,0.0000,0.0000,0.0000,0.0000,0,21.0000,0.0000,,0.0000,0.0000,0,,,,0.0000,2026-08-08 22:47:30,1.0000,piece,,,,,30.5000,,Balai d'essuie-glace / raclette,,,,Balai d'essuie-glace / raclette,,,,,,0,2026-08-08 22:47:30,2026-08-08 22:47:30,2026-08-08 22:47:30,RapidApi,0,,809,3429,,,Aslyx,Balai d'essuie-glace / raclette,Type
108200,RAPID-5776090,"Kit de bras d'essuie-glace, nettoyage des vitres",,AS-570112,,Aslyx,Aslyx,,,,https://fsn1.your-objectstorage.com/tecdoc2025/media_files/images/5259/44006d584b3012cd08c8a830dcd2fa27df97e690.webp,0.0000,0.0000,0.0000,0.0000,0,21.0000,0.0000,,0.0000,0.0000,0,,,,0.0000,2026-08-08 22:47:30,1.0000,piece,,,,,30.5000,,Balai d'essuie-glace / raclette,,,,Balai d'essuie-glace / raclette,,,,,,0,2026-08-08 22:47:30,2026-08-08 22:47:30,2026-08-08 22:47:30,RapidApi,0,,809,3429,,,Aslyx,Balai d'essuie-glace / raclette,Type
108201,RAPID-27873809,Balai d'essuie-glace,,33-2530C,,AUTO FRANCE PARTS,AUTO FRANCE PARTS,,,,https://fsn1.your-objectstorage.com/tecdoc2025/media_files/images/7324/fd79c489200118f8246a1096a987aecd7f0c6da5.webp,0.0000,0.0000,0.0000,0.0000,0,21.0000,0.0000,,0.0000,0.0000,0,,,,0.0000,2026-08-08 22:47:30,1.0000,piece,,,,,21.0000,,Balai d'essuie-glace / raclette,,,,Balai d'essuie-glace / raclette,,,,,,0,2026-08-08 22:47:30,2026-08-08 22:47:30,2026-08-08 22:47:30,RapidApi,0,,810,3429,,,AUTO FRANCE PARTS,Balai d'essuie-glace / raclette,Type
108202,RAPID-9686272,Balai d'essuie-glace,,WBA530,,AUTOTEAM,AUTOTEAM,,,,https://fsn1.your-objectstorage.com/tecdoc2025/media_files/images/4464/f56ad6294a4d40ec5c676a0aba5f2cb42e1c6877.webp,0.0000,0.0000,0.0000,0.0000,0,21.0000,0.0000,,0.0000,0.0000,0,,,,0.0000,2026-08-08 22:47:30,1.0000,piece,,,,,21.0000,,Balai d'essuie-glace / raclette,,,,Balai d'essuie-glace / raclette,,,,,,0,2026-08-08 22:47:30,2026-08-08 22:47:30,2026-08-08 22:47:30,RapidApi,0,,811,3429,,,AUTOTEAM,Balai d'essuie-glace / raclette,Type
108203,RAPID-9686269,Balai d'essuie-glace,,WBA450,,AUTOTEAM,AUTOTEAM,,,,https://fsn1.your-objectstorage.com/tecdoc2025/media_files/images/4464/726cfcba3f7214e7e9b2d571f500889b9ac364d8.webp,0.0000,0.0000,0.0000,0.0000,0,21.0000,0.0000,,0.0000,0.0000,0,,,,0.0000,2026-08-08 22:47:30,1.0000,piece,,,,,18.0000,,Balai d'essuie-glace / raclette,,,,Balai d'essuie-glace / raclette,,,,,,0,2026-08-08 22:47:30,2026-08-08 22:47:30,2026-08-08 22:47:30,RapidApi,0,,811,3429,,,AUTOTEAM,Balai d'essuie-glace / raclette,Type
108204,RAPID-9686378,Balai d'essuie-glace,,WBF450,,AUTOTEAM,AUTOTEAM,,,,https://fsn1.your-objectstorage.com/tecdoc2025/media_files/images/4464/066f5d13f0a719525759cf7ac9e41e4cd92261e6.webp,0.0000,0.0000,0.0000,0.0000,0,21.0000,0.0000,,0.0000,0.0000,0,,,,0.0000,2026-08-08 22:47:30,1.0000,piece,,,,,18.0000,,Balai d'essuie-glace / raclette,,,,Balai d'essuie-glace / raclette,,,,,,0,2026-08-08 22:47:30,2026-08-08 22:47:30,2026-08-08 22:47:30,RapidApi,0,,811,3429,,,AUTOTEAM,Balai d'essuie-glace / raclette,Type
108205,RAPID-9686317,Balai d'essuie-glace,,WBC530,,AUTOTEAM,AUTOTEAM,,,,https://fsn1.your-objectstorage.com/tecdoc2025/media_files/images/4464/306d517a0016b2a2c8e43e1086f1c025fa4ef5a8.webp,0.0000,0.0000,0.0000,0.0000,0,21.0000,0.0000,,0.0000,0.0000,0,,,,0.0000,2026-08-08 22:47:30,1.0000,piece,,,,,21.0000,,Balai d'essuie-glace / raclette,,,,Balai d'essuie-glace / raclette,,,,,,0,2026-08-08 22:47:30,2026-08-08 22:47:30,2026-08-08 22:47:30,RapidApi,0,,811,3429,,,AUTOTEAM,Balai d'essuie-glace / raclette,Type
108206,RAPID-9686314,Balai d'essuie-glace,,WBC450,,AUTOTEAM,AUTOTEAM,,,,https://fsn1.your-objectstorage.com/tecdoc2025/media_files/images/4464/e799c99cae2398d44001e8fc45f729e2204cac0a.webp,0.0000,0.0000,0.0000,0.0000,0,21.0000,0.0000,,0.0000,0.0000,0,,,,0.0000,2026-08-08 22:47:30,1.0000,piece,,,,,18.0000,,Balai d'essuie-glace / raclette,,,,Balai d'essuie-glace / raclette,,,,,,0,2026-08-08 22:47:30,2026-08-08 22:47:30,2026-08-08 22:47:30,RapidApi,0,,811,3429,,,AUTOTEAM,Balai d'essuie-glace / raclette,Type
108207,RAPID-9686380,Balai d'essuie-glace,,WBF500,,AUTOTEAM,AUTOTEAM,,,,https://fsn1.your-objectstorage.com/tecdoc2025/media_files/images/4464/2a4d622b46f769cedee946cbb87f39f1ade422b6.webp,0.0000,0.0000,0.0000,0.0000,0,21.0000,0.0000,,0.0000,0.0000,0,,,,0.0000,2026-08-08 22:47:30,1.0000,piece,,,,,20.0000,,Balai d'essuie-glace / raclette,,,,Balai d'essuie-glace / raclette,,,,,,0,2026-08-08 22:47:30,2026-08-08 22:47:30,2026-08-08 22:47:30,RapidApi,0,,811,3429,,,AUTOTEAM,Balai d'essuie-glace / raclette,Type
108208,RAPID-9686382,Balai d'essuie-glace,,WBF530,,AUTOTEAM,AUTOTEAM,,,,https://fsn1.your-objectstorage.com/tecdoc2025/media_files/images/4464/c5f44b4f5346cb30350bad1a7ae5002fe01692d3.webp,0.0000,0.0000,0.0000,0.0000,0,21.0000,0.0000,,0.0000,0.0000,0,,,,0.0000,2026-08-08 22:47:30,1.0000,piece,,,,,21.0000,,Balai d'essuie-glace / raclette,,,,Balai d'essuie-glace / raclette,,,,,,0,2026-08-08 22:47:30,2026-08-08 22:47:30,2026-08-08 22:47:30,RapidApi,0,,811,3429,,,AUTOTEAM,Balai d'essuie-glace / raclette,Type
108209,RAPID-9686804,Balai d'essuie-glace,,WBH530,,AUTOTEAM,AUTOTEAM,,,,https://fsn1.your-objectstorage.com/tecdoc2025/media_files/images/4464/7917fd921364d580bf344cd65b902f164ab72723.webp,0.0000,0.0000,0.0000,0.0000,0,21.0000,0.0000,,0.0000,0.0000,0,,,,0.0000,2026-08-08 22:47:30,1.0000,piece,,,,,21.0000,,Balai d'essuie-glace / raclette,,,,Balai d'essuie-glace / raclette,,,,,,0,2026-08-08 22:47:30,2026-08-08 22:47:30,2026-08-08 22:47:30,RapidApi,0,,811,3429,,,AUTOTEAM,Balai d'essuie-glace / raclette,Type
108210,RAPID-9686803,Balai d'essuie-glace,,WBH500,,AUTOTEAM,AUTOTEAM,,,,https://fsn1.your-objectstorage.com/tecdoc2025/media_files/images/4464/f75c4814b26430b3314c271a8e46641482810bce.webp,0.0000,0.0000,0.0000,0.0000,0,21.0000,0.0000,,0.0000,0.0000,0,,,,0.0000,2026-08-08 22:47:30,1.0000,piece,,,,,20.0000,,Balai d'essuie-glace / raclette,,,,Balai d'essuie-glace / raclette,,,,,,0,2026-08-08 22:47:30,2026-08-08 22:47:30,2026-08-08 22:47:30,RapidApi,0,,811,3429,,,AUTOTEAM,Balai d'essuie-glace / raclette,Type
108211,RAPID-9686801,Balai d'essuie-glace,,WBH450,,AUTOTEAM,AUTOTEAM,,,,https://fsn1.your-objectstorage.com/tecdoc2025/media_files/images/4464/549b2609bd92a5084d008b23abc8468448d40abe.webp,0.0000,0.0000,0.0000,0.0000,0,21.0000,0.0000,,0.0000,0.0000,0,,,,0.0000,2026-08-08 22:47:30,1.0000,piece,,,,,18.0000,,Balai d'essuie-glace / raclette,,,,Balai d'essuie-glace / raclette,,,,,,0,2026-08-08 22:47:30,2026-08-08 22:47:30,2026-08-08 22:47:30,RapidApi,0,,811,3429,,,AUTOTEAM,Balai d'essuie-glace / raclette,Type
108212,RAPID-9689086,Lame d'essuie-glace,,WBX600,,AUTOTEAM,AUTOTEAM,,,,https://fsn1.your-objectstorage.com/tecdoc2025/media_files/images/4464/5eba43596b1c85be62a6abbfe3a44defdd341116.webp,0.0000,0.0000,0.0000,0.0000,0,21.0000,0.0000,,0.0000,0.0000,0,,,,0.0000,2026-08-08 22:47:30,1.0000,piece,,,,,,,Balai d'essuie-glace / raclette,,,,Balai d'essuie-glace / raclette,,,,,,0,2026-08-08 22:47:30,2026-08-08 22:47:30,2026-08-08 22:47:30,RapidApi,0,,811,3429,,,AUTOTEAM,Balai d'essuie-glace / raclette,Type
108213,RAPID-5596839,Balai d'essuie-glace,,AD18CH450,,BLUE PRINT,BLUE PRINT,,,,https://fsn1.your-objectstorage.com/tecdoc2025/media_files/images/350/09ba33414ceabd5496a4731ba9132be21bb70a0c.webp,0.0000,0.0000,0.0000,0.0000,0,21.0000,0.0000,,0.0000,0.0000,0,,,,0.0000,2026-08-08 22:47:30,1.0000,piece,,0.1080,,,18.0000,,Balai d'essuie-glace / raclette,,,,Balai d'essuie-glace / raclette,,,,,,0,2026-08-08 22:47:30,2026-08-08 22:47:30,2026-08-08 22:47:30,RapidApi,0,,812,3429,,,BLUE PRINT,Balai d'essuie-glace / raclette,Type
108214,RAPID-5596880,Balai d'essuie-glace,,AD21FL530,,BLUE PRINT,BLUE PRINT,,,,https://fsn1.your-objectstorage.com/tecdoc2025/media_files/images/350/1f3fe9b38a3f08c624c0a8138876a48f292b33b8.webp,0.0000,0.0000,0.0000,0.0000,0,21.0000,0.0000,,0.0000,0.0000,0,,,,0.0000,2026-08-08 22:47:30,1.0000,piece,,0.1070,,,21.0000,,Balai d'essuie-glace / raclette,,,,Balai d'essuie-glace / raclette,,,,,,0,2026-08-08 22:47:30,2026-08-08 22:47:30,2026-08-08 22:47:30,RapidApi,0,,812,3429,,,BLUE PRINT,Balai d'essuie-glace / raclette,Type
108215,RAPID-5596882,Balai d'essuie-glace,,AD21HY530,,BLUE PRINT,BLUE PRINT,,,,https://fsn1.your-objectstorage.com/tecdoc2025/media_files/images/350/8c8bd5dd22d679a6e09798e81ebb522a15e6847e.webp,0.0000,0.0000,0.0000,0.0000,0,21.0000,0.0000,,0.0000,0.0000,0,,,,0.0000,2026-08-08 22:47:30,1.0000,piece,,0.1070,,,21.0000,,Balai d'essuie-glace / raclette,,,,Balai d'essuie-glace / raclette,,,,,,0,2026-08-08 22:47:30,2026-08-08 22:47:30,2026-08-08 22:47:30,RapidApi,0,,812,3429,,,BLUE PRINT,Balai d'essuie-glace / raclette,Type
108216,RAPID-5596840,Balai d'essuie-glace,,AD18FL450,,BLUE PRINT,BLUE PRINT,,,,https://fsn1.your-objectstorage.com/tecdoc2025/media_files/images/350/1f3fe9b38a3f08c624c0a8138876a48f292b33b8.webp,0.0000,0.0000,0.0000,0.0000,0,21.0000,0.0000,,0.0000,0.0000,0,,,,0.0000,2026-08-08 22:47:30,1.0000,piece,,0.0880,,,18.0000,,Balai d'essuie-glace / raclette,,,,Balai d'essuie-glace / raclette,,,,,,0,2026-08-08 22:47:30,2026-08-08 22:47:30,2026-08-08 22:47:30,RapidApi,0,,812,3429,,,BLUE PRINT,Balai d'essuie-glace / raclette,Type
108217,RAPID-5596879,Balai d'essuie-glace,,AD21CH530,,BLUE PRINT,BLUE PRINT,,,,https://fsn1.your-objectstorage.com/tecdoc2025/media_files/images/350/09ba33414ceabd5496a4731ba9132be21bb70a0c.webp,0.0000,0.0000,0.0000,0.0000,0,21.0000,0.0000,,0.0000,0.0000,0,,,,0.0000,2026-08-08 22:47:30,1.0000,piece,,0.1280,,,21.0000,,Balai d'essuie-glace / raclette,,,,Balai d'essuie-glace / raclette,,,,,,0,2026-08-08 22:47:30,2026-08-08 22:47:30,2026-08-08 22:47:30,RapidApi,0,,812,3429,,,BLUE PRINT,Balai d'essuie-glace / raclette,Type
108218,RAPID-5596842,Balai d'essuie-glace,,AD18HY450,,BLUE PRINT,BLUE PRINT,,,,https://fsn1.your-objectstorage.com/tecdoc2025/media_files/images/350/8c8bd5dd22d679a6e09798e81ebb522a15e6847e.webp,0.0000,0.0000,0.0000,0.0000,0,21.0000,0.0000,,0.0000,0.0000,0,,,,0.0000,2026-08-08 22:47:30,1.0000,piece,,0.0880,,,18.0000,,Balai d'essuie-glace / raclette,,,,Balai d'essuie-glace / raclette,,,,,,0,2026-08-08 22:47:30,2026-08-08 22:47:30,2026-08-08 22:47:30,RapidApi,0,,812,3429,,,BLUE PRINT,Balai d'essuie-glace / raclette,Type
108219,RAPID-66585973,"Kit de bras d'essuie-glace, nettoyage des vitres",,R5515102,,BOGAP,BOGAP,,,,https://fsn1.your-objectstorage.com/tecdoc2025/media_files/images/5349/62da922a7e59dd3038be58c13d95c71adc7e48f5.webp,0.0000,0.0000,0.0000,0.0000,0,21.0000,0.0000,,0.0000,0.0000,0,,,,0.0000,2026-08-08 22:47:30,1.0000,piece,,0.1300,3.0000,5.0000,30.5000,,Balai d'essuie-glace / raclette,,,,Balai d'essuie-glace / raclette,,,,,,0,2026-08-08 22:47:30,2026-08-08 22:47:30,2026-08-08 22:47:30,RapidApi,0,,813,3429,,,BOGAP,Balai d'essuie-glace / raclette,Type
108220,RAPID-55693719,Balai d'essuie-glace,,BOL-E011018,,BÖLK,BÖLK,,,,https://fsn1.your-objectstorage.com/tecdoc2025/media_files/images/7673/66203fe2d72ffba5ae3ea2819fc22eb81537a459.webp,0.0000,0.0000,0.0000,0.0000,0,21.0000,0.0000,,0.0000,0.0000,0,,,,0.0000,2026-08-08 22:47:30,1.0000,piece,,,,,45.0000,,Balai d'essuie-glace / raclette,,,,Balai d'essuie-glace / raclette,,,,,,0,2026-08-08 22:47:30,2026-08-08 22:47:30,2026-08-08 22:47:30,RapidApi,0,,814,3429,,,BÖLK,Balai d'essuie-glace / raclette,Type
108221,RAPID-47648862,Balai d'essuie-glace,,BOL-E011020,,BÖLK,BÖLK,,,,https://fsn1.your-objectstorage.com/tecdoc2025/media_files/images/7673/c82977fe2e6f0a783fab48b2d00c991b52672318.webp,0.0000,0.0000,0.0000,0.0000,0,21.0000,0.0000,,0.0000,0.0000,0,,,,0.0000,2026-08-08 22:47:30,1.0000,piece,,,,,50.0000,,Balai d'essuie-glace / raclette,,,,Balai d'essuie-glace / raclette,,,,,,0,2026-08-08 22:47:30,2026-08-08 22:47:30,2026-08-08 22:47:30,RapidApi,0,,814,3429,,,BÖLK,Balai d'essuie-glace / raclette,Type
108222,RAPID-52694112,Balai d'essuie-glace,,BOL-F041050,,BÖLK,BÖLK,,,,https://fsn1.your-objectstorage.com/tecdoc2025/media_files/images/7673/75a6e65531abc67a4c09f3489ab7de43537d3b35.webp,0.0000,0.0000,0.0000,0.0000,0,21.0000,0.0000,,0.0000,0.0000,0,,,,0.0000,2026-08-08 22:47:30,1.0000,piece,,,,,45.0000,,Balai d'essuie-glace / raclette,,,,Balai d'essuie-glace / raclette,,,,,,0,2026-08-08 22:47:30,2026-08-08 22:47:30,2026-08-08 22:47:30,RapidApi,0,,814,3429,,,BÖLK,Balai d'essuie-glace / raclette,Type
108223,RAPID-52972322,Balai d'essuie-glace,,BOL-F041046,,BÖLK,BÖLK,,,,https://fsn1.your-objectstorage.com/tecdoc2025/media_files/images/7673/6a15ca81fd94a448d583147ffd5ec5d21dc995a3.webp,0.0000,0.0000,0.0000,0.0000,0,21.0000,0.0000,,0.0000,0.0000,0,,,,0.0000,2026-08-08 22:47:30,1.0000,piece,,,,,30.0000,,Balai d'essuie-glace / raclette,,,,Balai d'essuie-glace / raclette,,,,,,0,2026-08-08 22:47:30,2026-08-08 22:47:30,2026-08-08 22:47:30,RapidApi,0,,814,3429,,,BÖLK,Balai d'essuie-glace / raclette,Type
108224,RAPID-56626262,Balai d'essuie-glace,,BOL-I070068,,BÖLK,BÖLK,,,,https://fsn1.your-objectstorage.com/tecdoc2025/media_files/images/7673/af5558e5d0f05dac1811ddb82b2cad585e375295.webp,0.0000,0.0000,0.0000,0.0000,0,21.0000,0.0000,,0.0000,0.0000,0,,,,0.0000,2026-08-08 22:47:30,1.0000,piece,,,,,53.0000,,Balai d'essuie-glace / raclette,,,,Balai d'essuie-glace / raclette,,,,,,0,2026-08-08 22:47:30,2026-08-08 22:47:30,2026-08-08 22:47:30,RapidApi,0,,814,3429,,,BÖLK,Balai d'essuie-glace / raclette,Type
108225,RAPID-54103281,Balai d'essuie-glace,,BOL-I070065,,BÖLK,BÖLK,,,,https://fsn1.your-objectstorage.com/tecdoc2025/media_files/images/7673/af5558e5d0f05dac1811ddb82b2cad585e375295.webp,0.0000,0.0000,0.0000,0.0000,0,21.0000,0.0000,,0.0000,0.0000,0,,,,0.0000,2026-08-08 22:47:30,1.0000,piece,,,,,45.0000,,Balai d'essuie-glace / raclette,,,,Balai d'essuie-glace / raclette,,,,,,0,2026-08-08 22:47:30,2026-08-08 22:47:30,2026-08-08 22:47:30,RapidApi,0,,814,3429,,,BÖLK,Balai d'essuie-glace / raclette,Type
108226,RAPID-6142069,Balai d'essuie-glace,,BW18C.10,,BORG & BECK,BORG & BECK,,,,https://fsn1.your-objectstorage.com/tecdoc2025/media_files/images/475/8c2f1c166f5f4890077d7e80d90d4d306e2a22d9.webp,0.0000,0.0000,0.0000,0.0000,0,21.0000,0.0000,,0.0000,0.0000,0,,,,0.0000,2026-08-08 22:47:30,1.0000,piece,,,,,18.0000,,Balai d'essuie-glace / raclette,,,,Balai d'essuie-glace / raclette,,,,,,0,2026-08-08 22:47:30,2026-08-08 22:47:30,2026-08-08 22:47:30,RapidApi,0,,815,3429,,,BORG & BECK,Balai d'essuie-glace / raclette,Type
108227,RAPID-6141607,Balai d'essuie-glace,,BW12R.10,,BORG & BECK,BORG & BECK,,,,https://fsn1.your-objectstorage.com/tecdoc2025/media_files/images/475/a5d193b85a6f87ae9c716b86bdaa6f4f5ea9c755.webp,0.0000,0.0000,0.0000,0.0000,0,21.0000,0.0000,,0.0000,0.0000,0,,,,0.0000,2026-08-08 22:47:30,1.0000,piece,,,,,12.0000,,Balai d'essuie-glace / raclette,,,,Balai d'essuie-glace / raclette,,,,,,0,2026-08-08 22:47:30,2026-08-08 22:47:30,2026-08-08 22:47:30,RapidApi,0,,815,3429,,,BORG & BECK,Balai d'essuie-glace / raclette,Type
108228,RAPID-6142068,Balai d'essuie-glace,,BW18C,,BORG & BECK,BORG & BECK,,,,https://fsn1.your-objectstorage.com/tecdoc2025/media_files/images/475/8c2f1c166f5f4890077d7e80d90d4d306e2a22d9.webp,0.0000,0.0000,0.0000,0.0000,0,21.0000,0.0000,,0.0000,0.0000,0,,,,0.0000,2026-08-08 22:47:30,1.0000,piece,,,,,18.0000,,Balai d'essuie-glace / raclette,,,,Balai d'essuie-glace / raclette,,,,,,0,2026-08-08 22:47:30,2026-08-08 22:47:30,2026-08-08 22:47:30,RapidApi,0,,815,3429,,,BORG & BECK,Balai d'essuie-glace / raclette,Type
108229,RAPID-6141606,Balai d'essuie-glace,,BW12R,,BORG & BECK,BORG & BECK,,,,https://fsn1.your-objectstorage.com/tecdoc2025/media_files/images/475/a5d193b85a6f87ae9c716b86bdaa6f4f5ea9c755.webp,0.0000,0.0000,0.0000,0.0000,0,21.0000,0.0000,,0.0000,0.0000,0,,,,0.0000,2026-08-08 22:47:30,1.0000,piece,,,,,12.0000,,Balai d'essuie-glace / raclette,,,,Balai d'essuie-glace / raclette,,,,,,0,2026-08-08 22:47:30,2026-08-08 22:47:30,2026-08-08 22:47:30,RapidApi,0,,815,3429,,,BORG & BECK,Balai d'essuie-glace / raclette,Type
108230,RAPID-6142070,Balai d'essuie-glace,,BW18F,,BORG & BECK,BORG & BECK,,,,https://fsn1.your-objectstorage.com/tecdoc2025/media_files/images/475/0388c07026fd11d5624872a4e6b097c17ffaac22.webp,0.0000,0.0000,0.0000,0.0000,0,21.0000,0.0000,,0.0000,0.0000,0,,,,0.0000,2026-08-08 22:47:30,1.0000,piece,,,,,18.0000,,Balai d'essuie-glace / raclette,,,,Balai d'essuie-glace / raclette,,,,,,0,2026-08-08 22:47:30,2026-08-08 22:47:30,2026-08-08 22:47:30,RapidApi,0,,815,3429,,,BORG & BECK,Balai d'essuie-glace / raclette,Type
108231,RAPID-6142305,Balai d'essuie-glace,,BW21F,,BORG & BECK,BORG & BECK,,,,https://fsn1.your-objectstorage.com/tecdoc2025/media_files/images/475/85b135efec13ebbf4a07947f23e81c0032e2cf5d.webp,0.0000,0.0000,0.0000,0.0000,0,21.0000,0.0000,,0.0000,0.0000,0,,,,0.0000,2026-08-08 22:47:30,1.0000,piece,,,,,21.0000,,Balai d'essuie-glace / raclette,,,,Balai d'essuie-glace / raclette,,,,,,0,2026-08-08 22:47:30,2026-08-08 22:47:30,2026-08-08 22:47:30,RapidApi,0,,815,3429,,,BORG & BECK,Balai d'essuie-glace / raclette,Type
108232,RAPID-6142071,Balai d'essuie-glace,,BW18F.10,,BORG & BECK,BORG & BECK,,,,https://fsn1.your-objectstorage.com/tecdoc2025/media_files/images/475/0388c07026fd11d5624872a4e6b097c17ffaac22.webp,0.0000,0.0000,0.0000,0.0000,0,21.0000,0.0000,,0.0000,0.0000,0,,,,0.0000,2026-08-08 22:47:30,1.0000,piece,,,,,18.0000,,Balai d'essuie-glace / raclette,,,,Balai d'essuie-glace / raclette,,,,,,0,2026-08-08 22:47:30,2026-08-08 22:47:30,2026-08-08 22:47:30,RapidApi,0,,815,3429,,,BORG & BECK,Balai d'essuie-glace / raclette,Type
108233,RAPID-6142306,Balai d'essuie-glace,,BW21F.10,,BORG & BECK,BORG & BECK,,,,https://fsn1.your-objectstorage.com/tecdoc2025/media_files/images/475/85b135efec13ebbf4a07947f23e81c0032e2cf5d.webp,0.0000,0.0000,0.0000,0.0000,0,21.0000,0.0000,,0.0000,0.0000,0,,,,0.0000,2026-08-08 22:47:30,1.0000,piece,,,,,21.0000,,Balai d'essuie-glace / raclette,,,,Balai d'essuie-glace / raclette,,,,,,0,2026-08-08 22:47:30,2026-08-08 22:47:30,2026-08-08 22:47:30,RapidApi,0,,815,3429,,,BORG & BECK,Balai d'essuie-glace / raclette,Type
108234,RAPID-6142304,Balai d'essuie-glace,,BW21C.10,,BORG & BECK,BORG & BECK,,,,https://fsn1.your-objectstorage.com/tecdoc2025/media_files/images/475/59cdbde19f42988f500aaad818bbc1475085ee16.webp,0.0000,0.0000,0.0000,0.0000,0,21.0000,0.0000,,0.0000,0.0000,0,,,,0.0000,2026-08-08 22:47:30,1.0000,piece,,,,,21.0000,,Balai d'essuie-glace / raclette,,,,Balai d'essuie-glace / raclette,,,,,,0,2026-08-08 22:47:30,2026-08-08 22:47:30,2026-08-08 22:47:30,RapidApi,0,,815,3429,,,BORG & BECK,Balai d'essuie-glace / raclette,Type
108235,RAPID-6142072,Balai d'essuie-glace,,BW18H,,BORG & BECK,BORG & BECK,,,,https://fsn1.your-objectstorage.com/tecdoc2025/media_files/images/475/be2edb544898f0aa86b8c34bb79f015b2319d4a9.webp,0.0000,0.0000,0.0000,0.0000,0,21.0000,0.0000,,0.0000,0.0000,0,,,,0.0000,2026-08-08 22:47:30,1.0000,piece,,,,,18.0000,,Balai d'essuie-glace / raclette,,,,Balai d'essuie-glace / raclette,,,,,,0,2026-08-08 22:47:30,2026-08-08 22:47:30,2026-08-08 22:47:30,RapidApi,0,,815,3429,,,BORG & BECK,Balai d'essuie-glace / raclette,Type
108236,RAPID-6142307,Balai d'essuie-glace,,BW21H,,BORG & BECK,BORG & BECK,,,,https://fsn1.your-objectstorage.com/tecdoc2025/media_files/images/475/49a9c845ca817950d39f6fa507e71b883e4fadd2.webp,0.0000,0.0000,0.0000,0.0000,0,21.0000,0.0000,,0.0000,0.0000,0,,,,0.0000,2026-08-08 22:47:30,1.0000,piece,,,,,21.0000,,Balai d'essuie-glace / raclette,,,,Balai d'essuie-glace / raclette,,,,,,0,2026-08-08 22:47:30,2026-08-08 22:47:30,2026-08-08 22:47:30,RapidApi,0,,815,3429,,,BORG & BECK,Balai d'essuie-glace / raclette,Type
108237,RAPID-6142303,Balai d'essuie-glace,,BW21C,,BORG & BECK,BORG & BECK,,,,https://fsn1.your-objectstorage.com/tecdoc2025/media_files/images/475/59cdbde19f42988f500aaad818bbc1475085ee16.webp,0.0000,0.0000,0.0000,0.0000,0,21.0000,0.0000,,0.0000,0.0000,0,,,,0.0000,2026-08-08 22:47:30,1.0000,piece,,,,,21.0000,,Balai d'essuie-glace / raclette,,,,Balai d'essuie-glace / raclette,,,,,,0,2026-08-08 22:47:30,2026-08-08 22:47:30,2026-08-08 22:47:30,RapidApi,0,,815,3429,,,BORG & BECK,Balai d'essuie-glace / raclette,Type
108238,RAPID-6142073,Balai d'essuie-glace,,BW18H.10,,BORG & BECK,BORG & BECK,,,,https://fsn1.your-objectstorage.com/tecdoc2025/media_files/images/475/be2edb544898f0aa86b8c34bb79f015b2319d4a9.webp,0.0000,0.0000,0.0000,0.0000,0,21.0000,0.0000,,0.0000,0.0000,0,,,,0.0000,2026-08-08 22:47:30,1.0000,piece,,,,,18.0000,,Balai d'essuie-glace / raclette,,,,Balai d'essuie-glace / raclette,,,,,,0,2026-08-08 22:47:30,2026-08-08 22:47:30,2026-08-08 22:47:30,RapidApi,0,,815,3429,,,BORG & BECK,Balai d'essuie-glace / raclette,Type
108239,RAPID-6142337,Balai d'essuie-glace,,BW22H.10,,BORG & BECK,BORG & BECK,,,,https://fsn1.your-objectstorage.com/tecdoc2025/media_files/images/475/78ef5bbf5d802b8c28d73e1e40af36c6bf69f7c0.webp,0.0000,0.0000,0.0000,0.0000,0,21.0000,0.0000,,0.0000,0.0000,0,,,,0.0000,2026-08-08 22:47:30,1.0000,piece,,,,,22.0000,,Balai d'essuie-glace / raclette,,,,Balai d'essuie-glace / raclette,,,,,,0,2026-08-08 22:47:30,2026-08-08 22:47:30,2026-08-08 22:47:30,RapidApi,0,,815,3429,,,BORG & BECK,Balai d'essuie-glace / raclette,Type
108240,RAPID-6142335,Balai d'essuie-glace,,BW22F.10,,BORG & BECK,BORG & BECK,,,,https://fsn1.your-objectstorage.com/tecdoc2025/media_files/images/475/88f650cf8c3ead49ea32370dc02264a7c04bb33b.webp,0.0000,0.0000,0.0000,0.0000,0,21.0000,0.0000,,0.0000,0.0000,0,,,,0.0000,2026-08-08 22:47:30,1.0000,piece,,,,,22.0000,,Balai d'essuie-glace / raclette,,,,Balai d'essuie-glace / raclette,,,,,,0,2026-08-08 22:47:30,2026-08-08 22:47:30,2026-08-08 22:47:30,RapidApi,0,,815,3429,,,BORG & BECK,Balai d'essuie-glace / raclette,Type
108241,RAPID-6142308,Balai d'essuie-glace,,BW21H.10,,BORG & BECK,BORG & BECK,,,,https://fsn1.your-objectstorage.com/tecdoc2025/media_files/images/475/49a9c845ca817950d39f6fa507e71b883e4fadd2.webp,0.0000,0.0000,0.0000,0.0000,0,21.0000,0.0000,,0.0000,0.0000,0,,,,0.0000,2026-08-08 22:47:30,1.0000,piece,,,,,21.0000,,Balai d'essuie-glace / raclette,,,,Balai d'essuie-glace / raclette,,,,,,0,2026-08-08 22:47:30,2026-08-08 22:47:30,2026-08-08 22:47:30,RapidApi,0,,815,3429,,,BORG & BECK,Balai d'essuie-glace / raclette,Type
108242,RAPID-6142332,Balai d'essuie-glace,,BW22C,,BORG & BECK,BORG & BECK,,,,https://fsn1.your-objectstorage.com/tecdoc2025/media_files/images/475/83c8f88a11296cfa38a49eb28a80e8ce6616ed58.webp,0.0000,0.0000,0.0000,0.0000,0,21.0000,0.0000,,0.0000,0.0000,0,,,,0.0000,2026-08-08 22:47:30,1.0000,piece,,,,,22.0000,,Balai d'essuie-glace / raclette,,,,Balai d'essuie-glace / raclette,,,,,,0,2026-08-08 22:47:30,2026-08-08 22:47:30,2026-08-08 22:47:30,RapidApi,0,,815,3429,,,BORG & BECK,Balai d'essuie-glace / raclette,Type
108243,RAPID-6142334,Balai d'essuie-glace,,BW22F,,BORG & BECK,BORG & BECK,,,,https://fsn1.your-objectstorage.com/tecdoc2025/media_files/images/475/88f650cf8c3ead49ea32370dc02264a7c04bb33b.webp,0.0000,0.0000,0.0000,0.0000,0,21.0000,0.0000,,0.0000,0.0000,0,,,,0.0000,2026-08-08 22:47:30,1.0000,piece,,,,,22.0000,,Balai d'essuie-glace / raclette,,,,Balai d'essuie-glace / raclette,,,,,,0,2026-08-08 22:47:30,2026-08-08 22:47:30,2026-08-08 22:47:30,RapidApi,0,,815,3429,,,BORG & BECK,Balai d'essuie-glace / raclette,Type
108244,RAPID-6142336,Balai d'essuie-glace,,BW22H,,BORG & BECK,BORG & BECK,,,,https://fsn1.your-objectstorage.com/tecdoc2025/media_files/images/475/78ef5bbf5d802b8c28d73e1e40af36c6bf69f7c0.webp,0.0000,0.0000,0.0000,0.0000,0,21.0000,0.0000,,0.0000,0.0000,0,,,,0.0000,2026-08-08 22:47:30,1.0000,piece,,,,,22.0000,,Balai d'essuie-glace / raclette,,,,Balai d'essuie-glace / raclette,,,,,,0,2026-08-08 22:47:30,2026-08-08 22:47:30,2026-08-08 22:47:30,RapidApi,0,,815,3429,,,BORG & BECK,Balai d'essuie-glace / raclette,Type
108245,RAPID-6142333,Balai d'essuie-glace,,BW22C.10,,BORG & BECK,BORG & BECK,,,,https://fsn1.your-objectstorage.com/tecdoc2025/media_files/images/475/83c8f88a11296cfa38a49eb28a80e8ce6616ed58.webp,0.0000,0.0000,0.0000,0.0000,0,21.0000,0.0000,,0.0000,0.0000,0,,,,0.0000,2026-08-08 22:47:30,1.0000,piece,,,,,22.0000,,Balai d'essuie-glace / raclette,,,,Balai d'essuie-glace / raclette,,,,,,0,2026-08-08 22:47:30,2026-08-08 22:47:30,2026-08-08 22:47:30,RapidApi,0,,815,3429,,,BORG & BECK,Balai d'essuie-glace / raclette,Type
108246,RAPID-2512267,Balai d'essuie-glace,,3 397 001 769,,BOSCH,BOSCH,,,,https://fsn1.your-objectstorage.com/tecdoc2025/media_files/PDF/30/c97d325bb954384fde686c8bb5d8c63a9030676c.pdf,0.0000,0.0000,0.0000,0.0000,0,21.0000,0.0000,,0.0000,0.0000,0,,,,0.0000,2026-08-08 22:47:30,1.0000,piece,,,,,53.0000,,Balai d'essuie-glace / raclette,,,,Balai d'essuie-glace / raclette,,,,,,0,2026-08-08 22:47:30,2026-08-08 22:47:30,2026-08-08 22:47:30,RapidApi,0,,777,3429,,,BOSCH,Balai d'essuie-glace / raclette,Type
108247,RAPID-2512451,Balai d'essuie-glace,,3 397 004 362,,BOSCH,BOSCH,,,,https://fsn1.your-objectstorage.com/tecdoc2025/media_files/PDF/30/c97d325bb954384fde686c8bb5d8c63a9030676c.pdf,0.0000,0.0000,0.0000,0.0000,0,21.0000,0.0000,,0.0000,0.0000,0,,,,0.0000,2026-08-08 22:47:30,1.0000,piece,,,,,45.0000,,Balai d'essuie-glace / raclette,,,,Balai d'essuie-glace / raclette,,,,,,0,2026-08-08 22:47:30,2026-08-08 22:47:30,2026-08-08 22:47:30,RapidApi,0,,777,3429,,,BOSCH,Balai d'essuie-glace / raclette,Type
108248,RAPID-2512436,Balai d'essuie-glace,,3 397 004 254,,BOSCH,BOSCH,,,,https://fsn1.your-objectstorage.com/tecdoc2025/media_files/PDF/30/c97d325bb954384fde686c8bb5d8c63a9030676c.pdf,0.0000,0.0000,0.0000,0.0000,0,21.0000,0.0000,,0.0000,0.0000,0,,,,0.0000,2026-08-08 22:47:30,1.0000,piece,,,,,53.0000,,Balai d'essuie-glace / raclette,,,,Balai d'essuie-glace / raclette,,,,,,0,2026-08-08 22:47:30,2026-08-08 22:47:30,2026-08-08 22:47:30,RapidApi,0,,777,3429,,,BOSCH,Balai d'essuie-glace / raclette,Type
108249,RAPID-2512454,Balai d'essuie-glace,,3 397 004 365,,BOSCH,BOSCH,,,,https://fsn1.your-objectstorage.com/tecdoc2025/media_files/PDF/30/c97d325bb954384fde686c8bb5d8c63a9030676c.pdf,0.0000,0.0000,0.0000,0.0000,0,21.0000,0.0000,,0.0000,0.0000,0,,,,0.0000,2026-08-08 22:47:30,1.0000,piece,,,,,53.0000,,Balai d'essuie-glace / raclette,,,,Balai d'essuie-glace / raclette,,,,,,0,2026-08-08 22:47:30,2026-08-08 22:47:30,2026-08-08 22:47:30,RapidApi,0,,777,3429,,,BOSCH,Balai d'essuie-glace / raclette,Type
108250,RAPID-2512545,Balai d'essuie-glace,,3 397 004 629,,BOSCH,BOSCH,,,,https://fsn1.your-objectstorage.com/tecdoc2025/media_files/images/30/973167da7fccd52ae5cc5fb92976eccdb975ecb0.webp,0.0000,0.0000,0.0000,0.0000,0,21.0000,0.0000,,0.0000,0.0000,0,,,,0.0000,2026-08-08 22:47:30,1.0000,piece,,,,,30.0000,,Balai d'essuie-glace / raclette,,,,Balai d'essuie-glace / raclette,,,,,,0,2026-08-08 22:47:30,2026-08-08 22:47:30,2026-08-08 22:47:30,RapidApi,0,,777,3429,,,BOSCH,Balai d'essuie-glace / raclette,Type
108251,RAPID-2512556,Balai d'essuie-glace,,3 397 004 668,,BOSCH,BOSCH,,,,https://fsn1.your-objectstorage.com/tecdoc2025/media_files/images/30/c7ad715d1a9056cb3ec373da676180444a2ca8dc.webp,0.0000,0.0000,0.0000,0.0000,0,21.0000,0.0000,,0.0000,0.0000,0,,,,0.0000,2026-08-08 22:47:30,1.0000,piece,,,,,45.0000,,Balai d'essuie-glace / raclette,,,,Balai d'essuie-glace / raclette,,,,,,0,2026-08-08 22:47:30,2026-08-08 22:47:30,2026-08-08 22:47:30,RapidApi,0,,777,3429,,,BOSCH,Balai d'essuie-glace / raclette,Type
108252,RAPID-2512521,Balai d'essuie-glace,,3 397 004 581,,BOSCH,BOSCH,,,,https://fsn1.your-objectstorage.com/tecdoc2025/media_files/PDF/30/52762f69ce607775373069383d486d97d83a8702.pdf,0.0000,0.0000,0.0000,0.0000,0,21.0000,0.0000,,0.0000,0.0000,0,,,,0.0000,2026-08-08 22:47:30,1.0000,piece,,,,,45.0000,,Balai d'essuie-glace / raclette,,,,Balai d'essuie-glace / raclette,,,,,,0,2026-08-08 22:47:30,2026-08-08 22:47:30,2026-08-08 22:47:30,RapidApi,0,,777,3429,,,BOSCH,Balai d'essuie-glace / raclette,Type
108253,RAPID-2512524,Balai d'essuie-glace,,3 397 004 584,,BOSCH,BOSCH,,,,https://fsn1.your-objectstorage.com/tecdoc2025/media_files/PDF/30/52762f69ce607775373069383d486d97d83a8702.pdf,0.0000,0.0000,0.0000,0.0000,0,21.0000,0.0000,,0.0000,0.0000,0,,,,0.0000,2026-08-08 22:47:30,1.0000,piece,,,,,53.0000,,Balai d'essuie-glace / raclette,,,,Balai d'essuie-glace / raclette,,,,,,0,2026-08-08 22:47:30,2026-08-08 22:47:30,2026-08-08 22:47:30,RapidApi,0,,777,3429,,,BOSCH,Balai d'essuie-glace / raclette,Type
108254,RAPID-2512622,Balai d'essuie-glace,,3 397 004 917,,BOSCH,BOSCH,,,,https://fsn1.your-objectstorage.com/tecdoc2025/media_files/PDF/30/710eeedcab31768c7bd93199b4efada5cb2fb3a8.pdf,0.0000,0.0000,0.0000,0.0000,0,21.0000,0.0000,,0.0000,0.0000,0,,,,0.0000,2026-08-08 22:47:30,1.0000,piece,,,,,53.0000,,Balai d'essuie-glace / raclette,,,,Balai d'essuie-glace / raclette,,,,,,0,2026-08-08 22:47:30,2026-08-08 22:47:30,2026-08-08 22:47:30,RapidApi,0,,777,3429,,,BOSCH,Balai d'essuie-glace / raclette,Type
108255,RAPID-2512559,Balai d'essuie-glace,,3 397 004 671,,BOSCH,BOSCH,,,,https://fsn1.your-objectstorage.com/tecdoc2025/media_files/PDF/30/710eeedcab31768c7bd93199b4efada5cb2fb3a8.pdf,0.0000,0.0000,0.0000,0.0000,0,21.0000,0.0000,,0.0000,0.0000,0,,,,0.0000,2026-08-08 22:47:30,1.0000,piece,,,,,53.0000,,Balai d'essuie-glace / raclette,,,,Balai d'essuie-glace / raclette,,,,,,0,2026-08-08 22:47:30,2026-08-08 22:47:30,2026-08-08 22:47:30,RapidApi,0,,777,3429,,,BOSCH,Balai d'essuie-glace / raclette,Type
108256,RAPID-2512619,Balai d'essuie-glace,,3 397 004 914,,BOSCH,BOSCH,,,,https://fsn1.your-objectstorage.com/tecdoc2025/media_files/PDF/30/710eeedcab31768c7bd93199b4efada5cb2fb3a8.pdf,0.0000,0.0000,0.0000,0.0000,0,21.0000,0.0000,,0.0000,0.0000,0,,,,0.0000,2026-08-08 22:47:30,1.0000,piece,,,,,45.0000,,Balai d'essuie-glace / raclette,,,,Balai d'essuie-glace / raclette,,,,,,0,2026-08-08 22:47:30,2026-08-08 22:47:30,2026-08-08 22:47:30,RapidApi,0,,777,3429,,,BOSCH,Balai d'essuie-glace / raclette,Type
108257,RAPID-2512621,Balai d'essuie-glace,,3 397 004 916,,BOSCH,BOSCH,,,,https://fsn1.your-objectstorage.com/tecdoc2025/media_files/PDF/30/710eeedcab31768c7bd93199b4efada5cb2fb3a8.pdf,0.0000,0.0000,0.0000,0.0000,0,21.0000,0.0000,,0.0000,0.0000,0,,,,0.0000,2026-08-08 22:47:30,1.0000,piece,,,,,50.0000,,Balai d'essuie-glace / raclette,,,,Balai d'essuie-glace / raclette,,,,,,0,2026-08-08 22:47:30,2026-08-08 22:47:30,2026-08-08 22:47:30,RapidApi,0,,777,3429,,,BOSCH,Balai d'essuie-glace / raclette,Type
108258,RAPID-2512847,Balai d'essuie-glace,,3 397 006 892,,BOSCH,BOSCH,,,,https://fsn1.your-objectstorage.com/tecdoc2025/media_files/images/30/493ed67d3e400ebdc9e300643120884503d56412.webp,0.0000,0.0000,0.0000,0.0000,0,21.0000,0.0000,,0.0000,0.0000,0,,,,0.0000,2026-08-08 22:47:30,1.0000,piece,,,,,45.0000,,Balai d'essuie-glace / raclette,,,,Balai d'essuie-glace / raclette,,,,,,0,2026-08-08 22:47:30,2026-08-08 22:47:30,2026-08-08 22:47:30,RapidApi,0,,777,3429,,,BOSCH,Balai d'essuie-glace / raclette,Type
108259,RAPID-2512832,Balai d'essuie-glace,,3 397 006 833,,BOSCH,BOSCH,,,,https://fsn1.your-objectstorage.com/tecdoc2025/media_files/PDF/30/b0d4e99e1f7a188bc1e4bc51b66353fc52647196.pdf,0.0000,0.0000,0.0000,0.0000,0,21.0000,0.0000,,0.0000,0.0000,0,,,,0.0000,2026-08-08 22:47:30,1.0000,piece,,,,,50.0000,,Balai d'essuie-glace / raclette,,,,Balai d'essuie-glace / raclette,,,,,,0,2026-08-08 22:47:30,2026-08-08 22:47:30,2026-08-08 22:47:30,RapidApi,0,,777,3429,,,BOSCH,Balai d'essuie-glace / raclette,Type
108260,RAPID-2512729,Balai d'essuie-glace,,3 397 005 286,,BOSCH,BOSCH,,,,https://fsn1.your-objectstorage.com/tecdoc2025/media_files/PDF/30/710eeedcab31768c7bd93199b4efada5cb2fb3a8.pdf,0.0000,0.0000,0.0000,0.0000,0,21.0000,0.0000,,0.0000,0.0000,0,,,,0.0000,2026-08-08 22:47:30,1.0000,piece,,,,,53.0000,,Balai d'essuie-glace / raclette,,,,Balai d'essuie-glace / raclette,,,,,,0,2026-08-08 22:47:30,2026-08-08 22:47:30,2026-08-08 22:47:30,RapidApi,0,,777,3429,,,BOSCH,Balai d'essuie-glace / raclette,Type
108261,RAPID-2512716,Balai d'essuie-glace,,3 397 005 162,,BOSCH,BOSCH,,,,https://fsn1.your-objectstorage.com/tecdoc2025/media_files/PDF/30/710eeedcab31768c7bd93199b4efada5cb2fb3a8.pdf,0.0000,0.0000,0.0000,0.0000,0,21.0000,0.0000,,0.0000,0.0000,0,,,,0.0000,2026-08-08 22:47:30,1.0000,piece,,,,,53.0000,,Balai d'essuie-glace / raclette,,,,Balai d'essuie-glace / raclette,,,,,,0,2026-08-08 22:47:30,2026-08-08 22:47:30,2026-08-08 22:47:30,RapidApi,0,,777,3429,,,BOSCH,Balai d'essuie-glace / raclette,Type
108262,RAPID-2512830,Balai d'essuie-glace,,3 397 006 831,,BOSCH,BOSCH,,,,https://fsn1.your-objectstorage.com/tecdoc2025/media_files/PDF/30/b0d4e99e1f7a188bc1e4bc51b66353fc52647196.pdf,0.0000,0.0000,0.0000,0.0000,0,21.0000,0.0000,,0.0000,0.0000,0,,,,0.0000,2026-08-08 22:47:30,1.0000,piece,,,,,45.0000,,Balai d'essuie-glace / raclette,,,,Balai d'essuie-glace / raclette,,,,,,0,2026-08-08 22:47:30,2026-08-08 22:47:30,2026-08-08 22:47:30,RapidApi,0,,777,3429,,,BOSCH,Balai d'essuie-glace / raclette,Type
108263,RAPID-2512862,Balai d'essuie-glace,,3 397 006 947,,BOSCH,BOSCH,,,,https://fsn1.your-objectstorage.com/tecdoc2025/media_files/PDF/30/b0d4e99e1f7a188bc1e4bc51b66353fc52647196.pdf,0.0000,0.0000,0.0000,0.0000,0,21.0000,0.0000,,0.0000,0.0000,0,,,,0.0000,2026-08-08 22:47:30,1.0000,piece,,,,,50.0000,,Balai d'essuie-glace / raclette,,,,Balai d'essuie-glace / raclette,,,,,,0,2026-08-08 22:47:30,2026-08-08 22:47:30,2026-08-08 22:47:30,RapidApi,0,,777,3429,,,BOSCH,Balai d'essuie-glace / raclette,Type
108264,RAPID-2512860,Balai d'essuie-glace,,3 397 006 945,,BOSCH,BOSCH,,,,https://fsn1.your-objectstorage.com/tecdoc2025/media_files/images/30/f0be65908707b717fdba9bcb73e04ca6f1297831.webp,0.0000,0.0000,0.0000,0.0000,0,21.0000,0.0000,,0.0000,0.0000,0,,,,0.0000,2026-08-08 22:47:30,1.0000,piece,,,,,45.0000,,Balai d'essuie-glace / raclette,,,,Balai d'essuie-glace / raclette,,,,,,0,2026-08-08 22:47:30,2026-08-08 22:47:30,2026-08-08 22:47:30,RapidApi,0,,777,3429,,,BOSCH,Balai d'essuie-glace / raclette,Type
108265,RAPID-2512850,Balai d'essuie-glace,,3 397 006 895,,BOSCH,BOSCH,,,,https://fsn1.your-objectstorage.com/tecdoc2025/media_files/images/30/293e8371ce980a010c51c6b006c0a931593f7be7.webp,0.0000,0.0000,0.0000,0.0000,0,21.0000,0.0000,,0.0000,0.0000,0,,,,0.0000,2026-08-08 22:47:30,1.0000,piece,,,,,53.0000,,Balai d'essuie-glace / raclette,,,,Balai d'essuie-glace / raclette,,,,,,0,2026-08-08 22:47:30,2026-08-08 22:47:30,2026-08-08 22:47:30,RapidApi,0,,777,3429,,,BOSCH,Balai d'essuie-glace / raclette,Type
108266,RAPID-2513252,Balai d'essuie-glace,,3 397 010 042,,BOSCH,BOSCH,,,,https://fsn1.your-objectstorage.com/tecdoc2025/media_files/images/30/4e501781d03a14261add3673746917f2d1da14b1.webp,0.0000,0.0000,0.0000,0.0000,0,21.0000,0.0000,,0.0000,0.0000,0,,,,0.0000,2026-08-08 22:47:30,1.0000,piece,,,,,45.0000,,Balai d'essuie-glace / raclette,,,,Balai d'essuie-glace / raclette,,,,,,0,2026-08-08 22:47:30,2026-08-08 22:47:30,2026-08-08 22:47:30,RapidApi,0,,777,3429,,,BOSCH,Balai d'essuie-glace / raclette,Type
108267,RAPID-2513002,Balai d'essuie-glace,,3 397 007 692,,BOSCH,BOSCH,,,,https://fsn1.your-objectstorage.com/tecdoc2025/media_files/PDF/30/b0d4e99e1f7a188bc1e4bc51b66353fc52647196.pdf,0.0000,0.0000,0.0000,0.0000,0,21.0000,0.0000,,0.0000,0.0000,0,,,,0.0000,2026-08-08 22:47:30,1.0000,piece,,,,,45.0000,,Balai d'essuie-glace / raclette,,,,Balai d'essuie-glace / raclette,,,,,,0,2026-08-08 22:47:30,2026-08-08 22:47:30,2026-08-08 22:47:30,RapidApi,0,,777,3429,,,BOSCH,Balai d'essuie-glace / raclette,Type
108268,RAPID-2512849,Balai d'essuie-glace,,3 397 006 894,,BOSCH,BOSCH,,,,https://fsn1.your-objectstorage.com/tecdoc2025/media_files/images/30/c1a20e90c7aba78b4558841428abc74414c408b9.webp,0.0000,0.0000,0.0000,0.0000,0,21.0000,0.0000,,0.0000,0.0000,0,,,,0.0000,2026-08-08 22:47:30,1.0000,piece,,,,,50.0000,,Balai d'essuie-glace / raclette,,,,Balai d'essuie-glace / raclette,,,,,,0,2026-08-08 22:47:30,2026-08-08 22:47:30,2026-08-08 22:47:30,RapidApi,0,,777,3429,,,BOSCH,Balai d'essuie-glace / raclette,Type
108269,RAPID-2513126,Balai d'essuie-glace,,3 397 008 535,,BOSCH,BOSCH,,,,https://fsn1.your-objectstorage.com/tecdoc2025/media_files/PDF/30/4ecd71838d467cee799631666377bc459e256d29.pdf,0.0000,0.0000,0.0000,0.0000,0,21.0000,0.0000,,0.0000,0.0000,0,,,,0.0000,2026-08-08 22:47:30,1.0000,piece,,,,,50.0000,,Balai d'essuie-glace / raclette,,,,Balai d'essuie-glace / raclette,,,,,,0,2026-08-08 22:47:30,2026-08-08 22:47:30,2026-08-08 22:47:30,RapidApi,0,,777,3429,,,BOSCH,Balai d'essuie-glace / raclette,Type
108270,RAPID-2513127,Balai d'essuie-glace,,3 397 008 536,,BOSCH,BOSCH,,,,https://fsn1.your-objectstorage.com/tecdoc2025/media_files/PDF/30/b0d4e99e1f7a188bc1e4bc51b66353fc52647196.pdf,0.0000,0.0000,0.0000,0.0000,0,21.0000,0.0000,,0.0000,0.0000,0,,,,0.0000,2026-08-08 22:47:30,1.0000,piece,,,,,53.0000,,Balai d'essuie-glace / raclette,,,,Balai d'essuie-glace / raclette,,,,,,0,2026-08-08 22:47:30,2026-08-08 22:47:30,2026-08-08 22:47:30,RapidApi,0,,777,3429,,,BOSCH,Balai d'essuie-glace / raclette,Type
108271,RAPID-2513193,Balai d'essuie-glace,,3 397 008 936,,BOSCH,BOSCH,,,,https://fsn1.your-objectstorage.com/tecdoc2025/media_files/PDF/30/b0d4e99e1f7a188bc1e4bc51b66353fc52647196.pdf,0.0000,0.0000,0.0000,0.0000,0,21.0000,0.0000,,0.0000,0.0000,0,,,,0.0000,2026-08-08 22:47:30,1.0000,piece,,,,,53.0000,,Balai d'essuie-glace / raclette,,,,Balai d'essuie-glace / raclette,,,,,,0,2026-08-08 22:47:30,2026-08-08 22:47:30,2026-08-08 22:47:30,RapidApi,0,,777,3429,,,BOSCH,Balai d'essuie-glace / raclette,Type
108272,RAPID-2513311,Balai d'essuie-glace,,3 397 010 281,,BOSCH,BOSCH,,,,https://fsn1.your-objectstorage.com/tecdoc2025/media_files/PDF/30/c97d325bb954384fde686c8bb5d8c63a9030676c.pdf,0.0000,0.0000,0.0000,0.0000,0,21.0000,0.0000,,0.0000,0.0000,0,,,,0.0000,2026-08-08 22:47:30,1.0000,piece,,,,,45.0000,,Balai d'essuie-glace / raclette,,,,Balai d'essuie-glace / raclette,,,,,,0,2026-08-08 22:47:30,2026-08-08 22:47:30,2026-08-08 22:47:30,RapidApi,0,,777,3429,,,BOSCH,Balai d'essuie-glace / raclette,Type
108273,RAPID-2513123,Balai d'essuie-glace,,3 397 008 532,,BOSCH,BOSCH,,,,https://fsn1.your-objectstorage.com/tecdoc2025/media_files/PDF/30/b0d4e99e1f7a188bc1e4bc51b66353fc52647196.pdf,0.0000,0.0000,0.0000,0.0000,0,21.0000,0.0000,,0.0000,0.0000,0,,,,0.0000,2026-08-08 22:47:30,1.0000,piece,,,,,45.0000,,Balai d'essuie-glace / raclette,,,,Balai d'essuie-glace / raclette,,,,,,0,2026-08-08 22:47:30,2026-08-08 22:47:30,2026-08-08 22:47:30,RapidApi,0,,777,3429,,,BOSCH,Balai d'essuie-glace / raclette,Type
108274,RAPID-2513125,Balai d'essuie-glace,,3 397 008 534,,BOSCH,BOSCH,,,,https://fsn1.your-objectstorage.com/tecdoc2025/media_files/PDF/30/b0d4e99e1f7a188bc1e4bc51b66353fc52647196.pdf,0.0000,0.0000,0.0000,0.0000,0,21.0000,0.0000,,0.0000,0.0000,0,,,,0.0000,2026-08-08 22:47:30,1.0000,piece,,,,,50.0000,,Balai d'essuie-glace / raclette,,,,Balai d'essuie-glace / raclette,,,,,,0,2026-08-08 22:47:30,2026-08-08 22:47:30,2026-08-08 22:47:30,RapidApi,0,,777,3429,,,BOSCH,Balai d'essuie-glace / raclette,Type
108275,RAPID-2513704,Balai d'essuie-glace,,3 397 013 061,,BOSCH,BOSCH,,,,https://fsn1.your-objectstorage.com/tecdoc2025/media_files/PDF/30/b0d4e99e1f7a188bc1e4bc51b66353fc52647196.pdf,0.0000,0.0000,0.0000,0.0000,0,21.0000,0.0000,,0.0000,0.0000,0,,,,0.0000,2026-08-08 22:47:30,1.0000,piece,,,,,45.0000,,Balai d'essuie-glace / raclette,,,,Balai d'essuie-glace / raclette,,,,,,0,2026-08-08 22:47:30,2026-08-08 22:47:30,2026-08-08 22:47:30,RapidApi,0,,777,3429,,,BOSCH,Balai d'essuie-glace / raclette,Type
108276,RAPID-2513475,Balai d'essuie-glace,,3 397 011 352,,BOSCH,BOSCH,,,,https://fsn1.your-objectstorage.com/tecdoc2025/media_files/PDF/30/52762f69ce607775373069383d486d97d83a8702.pdf,0.0000,0.0000,0.0000,0.0000,0,21.0000,0.0000,,0.0000,0.0000,0,,,,0.0000,2026-08-08 22:47:30,1.0000,piece,,,,,53.0000,,Balai d'essuie-glace / raclette,,,,Balai d'essuie-glace / raclette,,,,,,0,2026-08-08 22:47:30,2026-08-08 22:47:30,2026-08-08 22:47:30,RapidApi,0,,777,3429,,,BOSCH,Balai d'essuie-glace / raclette,Type
108277,RAPID-2514804,Balai d'essuie-glace,,3 397 118 403,,BOSCH,BOSCH,,,,https://fsn1.your-objectstorage.com/tecdoc2025/media_files/PDF/30/52762f69ce607775373069383d486d97d83a8702.pdf,0.0000,0.0000,0.0000,0.0000,0,21.0000,0.0000,,0.0000,0.0000,0,,,,0.0000,2026-08-08 22:47:30,1.0000,piece,,,,,45.0000,,Balai d'essuie-glace / raclette,,,,Balai d'essuie-glace / raclette,,,,,,0,2026-08-08 22:47:30,2026-08-08 22:47:30,2026-08-08 22:47:30,RapidApi,0,,777,3429,,,BOSCH,Balai d'essuie-glace / raclette,Type
108278,RAPID-2514803,Balai d'essuie-glace,,3 397 118 402,,BOSCH,BOSCH,,,,https://fsn1.your-objectstorage.com/tecdoc2025/media_files/PDF/30/52762f69ce607775373069383d486d97d83a8702.pdf,0.0000,0.0000,0.0000,0.0000,0,21.0000,0.0000,,0.0000,0.0000,0,,,,0.0000,2026-08-08 22:47:30,1.0000,piece,,,,,45.0000,,Balai d'essuie-glace / raclette,,,,Balai d'essuie-glace / raclette,,,,,,0,2026-08-08 22:47:30,2026-08-08 22:47:30,2026-08-08 22:47:30,RapidApi,0,,777,3429,,,BOSCH,Balai d'essuie-glace / raclette,Type
108279,RAPID-2514841,Balai d'essuie-glace,,3 397 118 901,,BOSCH,BOSCH,,,,https://fsn1.your-objectstorage.com/tecdoc2025/media_files/PDF/30/b0d4e99e1f7a188bc1e4bc51b66353fc52647196.pdf,0.0000,0.0000,0.0000,0.0000,0,21.0000,0.0000,,0.0000,0.0000,0,,,,0.0000,2026-08-08 22:47:30,1.0000,piece,,,,,45.0000,,Balai d'essuie-glace / raclette,,,,Balai d'essuie-glace / raclette,,,,,,0,2026-08-08 22:47:30,2026-08-08 22:47:30,2026-08-08 22:47:30,RapidApi,0,,777,3429,,,BOSCH,Balai d'essuie-glace / raclette,Type
108280,RAPID-2514802,Balai d'essuie-glace,,3 397 118 401,,BOSCH,BOSCH,,,,https://fsn1.your-objectstorage.com/tecdoc2025/media_files/PDF/30/52762f69ce607775373069383d486d97d83a8702.pdf,0.0000,0.0000,0.0000,0.0000,0,21.0000,0.0000,,0.0000,0.0000,0,,,,0.0000,2026-08-08 22:47:30,1.0000,piece,,,,,53.0000,,Balai d'essuie-glace / raclette,,,,Balai d'essuie-glace / raclette,,,,,,0,2026-08-08 22:47:30,2026-08-08 22:47:30,2026-08-08 22:47:30,RapidApi,0,,777,3429,,,BOSCH,Balai d'essuie-glace / raclette,Type
108281,RAPID-2514843,Balai d'essuie-glace,,3 397 118 903,,BOSCH,BOSCH,,,,https://fsn1.your-objectstorage.com/tecdoc2025/media_files/PDF/30/b0d4e99e1f7a188bc1e4bc51b66353fc52647196.pdf,0.0000,0.0000,0.0000,0.0000,0,21.0000,0.0000,,0.0000,0.0000,0,,,,0.0000,2026-08-08 22:47:30,1.0000,piece,,,,,53.0000,,Balai d'essuie-glace / raclette,,,,Balai d'essuie-glace / raclette,,,,,,0,2026-08-08 22:47:30,2026-08-08 22:47:30,2026-08-08 22:47:30,RapidApi,0,,777,3429,,,BOSCH,Balai d'essuie-glace / raclette,Type
108282,RAPID-2514801,Balai d'essuie-glace,,3 397 118 400,,BOSCH,BOSCH,,,,https://fsn1.your-objectstorage.com/tecdoc2025/media_files/PDF/30/52762f69ce607775373069383d486d97d83a8702.pdf,0.0000,0.0000,0.0000,0.0000,0,21.0000,0.0000,,0.0000,0.0000,0,,,,0.0000,2026-08-08 22:47:30,1.0000,piece,,,,,53.0000,,Balai d'essuie-glace / raclette,,,,Balai d'essuie-glace / raclette,,,,,,0,2026-08-08 22:47:30,2026-08-08 22:47:30,2026-08-08 22:47:30,RapidApi,0,,777,3429,,,BOSCH,Balai d'essuie-glace / raclette,Type
108283,RAPID-2513860,Balai d'essuie-glace,,3 397 014 189,,BOSCH,BOSCH,,,,https://fsn1.your-objectstorage.com/tecdoc2025/media_files/images/30/49ba72a079f2ffd067d7073c01949e9d79d5eab7.webp,0.0000,0.0000,0.0000,0.0000,0,21.0000,0.0000,,0.0000,0.0000,0,,,,0.0000,2026-08-08 22:47:30,1.0000,piece,,,,,45.0000,,Balai d'essuie-glace / raclette,,,,Balai d'essuie-glace / raclette,,,,,,0,2026-08-08 22:47:30,2026-08-08 22:47:30,2026-08-08 22:47:30,RapidApi,0,,777,3429,,,BOSCH,Balai d'essuie-glace / raclette,Type
108284,RAPID-2513190,Balai d'essuie-glace,,3 397 008 933,,BOSCH,BOSCH,,,,https://fsn1.your-objectstorage.com/tecdoc2025/media_files/PDF/30/b0d4e99e1f7a188bc1e4bc51b66353fc52647196.pdf,0.0000,0.0000,0.0000,0.0000,0,21.0000,0.0000,,0.0000,0.0000,0,,,,0.0000,2026-08-08 22:47:30,1.0000,piece,,,,,45.0000,,Balai d'essuie-glace / raclette,,,,Balai d'essuie-glace / raclette,,,,,,0,2026-08-08 22:47:30,2026-08-08 22:47:30,2026-08-08 22:47:30,RapidApi,0,,777,3429,,,BOSCH,Balai d'essuie-glace / raclette,Type
108285,RAPID-2513192,Balai d'essuie-glace,,3 397 008 935,,BOSCH,BOSCH,,,,https://fsn1.your-objectstorage.com/tecdoc2025/media_files/PDF/30/b0d4e99e1f7a188bc1e4bc51b66353fc52647196.pdf,0.0000,0.0000,0.0000,0.0000,0,21.0000,0.0000,,0.0000,0.0000,0,,,,0.0000,2026-08-08 22:47:30,1.0000,piece,,,,,50.0000,,Balai d'essuie-glace / raclette,,,,Balai d'essuie-glace / raclette,,,,,,0,2026-08-08 22:47:30,2026-08-08 22:47:30,2026-08-08 22:47:30,RapidApi,0,,777,3429,,,BOSCH,Balai d'essuie-glace / raclette,Type
108286,RAPID-6108399,Balai d'essuie-glace,,BSG 30-992-025,,BSG,BSG,,,,https://fsn1.your-objectstorage.com/tecdoc2025/media_files/images/4455/020c4e3a2eaf6d7226de0fec56af78ada0a8583f.webp,0.0000,0.0000,0.0000,0.0000,0,21.0000,0.0000,,0.0000,0.0000,0,,,,0.0000,2026-08-08 22:47:30,1.0000,piece,,,,,30.0000,,Balai d'essuie-glace / raclette,,,,Balai d'essuie-glace / raclette,,,,,,0,2026-08-08 22:47:30,2026-08-08 22:47:30,2026-08-08 22:47:30,RapidApi,0,,816,3429,,,BSG,Balai d'essuie-glace / raclette,Type
108287,RAPID-6118150,Balai d'essuie-glace,,BSG 70-992-006,,BSG,BSG,,,,https://fsn1.your-objectstorage.com/tecdoc2025/media_files/images/4455/2f2e85ebf708f3b92e83ebeb185443bd10053ab7.webp,0.0000,0.0000,0.0000,0.0000,0,21.0000,0.0000,,0.0000,0.0000,0,,,,0.0000,2026-08-08 22:47:30,1.0000,piece,,0.0000,,,12.0000,,Balai d'essuie-glace / raclette,,,,Balai d'essuie-glace / raclette,,,,,,0,2026-08-08 22:47:30,2026-08-08 22:47:30,2026-08-08 22:47:30,RapidApi,0,,816,3429,,,BSG,Balai d'essuie-glace / raclette,Type
108288,RAPID-4612423,Balai d'essuie-glace,,79040153,,CARPRISS,CARPRISS,,,,https://fsn1.your-objectstorage.com/tecdoc2025/media_files/images/363/c1feb2c7c601f7e941992ae77430763437f494de.webp,0.0000,0.0000,0.0000,0.0000,0,21.0000,0.0000,,0.0000,0.0000,0,,,,0.0000,2026-08-08 22:47:30,1.0000,piece,,,,,21.0000,,Balai d'essuie-glace / raclette,,,,Balai d'essuie-glace / raclette,,,,,,0,2026-08-08 22:47:30,2026-08-08 22:47:30,2026-08-08 22:47:30,RapidApi,0,,817,3429,,,CARPRISS,Balai d'essuie-glace / raclette,Type
108289,RAPID-4612420,Balai d'essuie-glace,,79040145,,CARPRISS,CARPRISS,,,,https://fsn1.your-objectstorage.com/tecdoc2025/media_files/images/363/791ddfea66c15c1c7d2cbe80e8aea2816e1ae09e.webp,0.0000,0.0000,0.0000,0.0000,0,21.0000,0.0000,,0.0000,0.0000,0,,,,0.0000,2026-08-08 22:47:30,1.0000,piece,,,,,18.0000,,Balai d'essuie-glace / raclette,,,,Balai d'essuie-glace / raclette,,,,,,0,2026-08-08 22:47:30,2026-08-08 22:47:30,2026-08-08 22:47:30,RapidApi,0,,817,3429,,,CARPRISS,Balai d'essuie-glace / raclette,Type
108290,RAPID-4612438,Balai d'essuie-glace,,79040245,,CARPRISS,CARPRISS,,,,https://fsn1.your-objectstorage.com/tecdoc2025/media_files/images/363/d3e6aae6d5b78f13b1e3bfed35982422140c32bc.webp,0.0000,0.0000,0.0000,0.0000,0,21.0000,0.0000,,0.0000,0.0000,0,,,,0.0000,2026-08-08 22:47:30,1.0000,piece,,,,,18.0000,,Balai d'essuie-glace / raclette,,,,Balai d'essuie-glace / raclette,,,,,,0,2026-08-08 22:47:30,2026-08-08 22:47:30,2026-08-08 22:47:30,RapidApi,0,,817,3429,,,CARPRISS,Balai d'essuie-glace / raclette,Type
108291,RAPID-4612402,Balai d'essuie-glace,,79040045,,CARPRISS,CARPRISS,,,,https://fsn1.your-objectstorage.com/tecdoc2025/media_files/images/363/0f1da4e4a5b58e6ae1e86e3ff8c16d04b22cb479.webp,0.0000,0.0000,0.0000,0.0000,0,21.0000,0.0000,,0.0000,0.0000,0,,,,0.0000,2026-08-08 22:47:30,1.0000,piece,,,,,18.0000,,Balai d'essuie-glace / raclette,,,,Balai d'essuie-glace / raclette,,,,,,0,2026-08-08 22:47:30,2026-08-08 22:47:30,2026-08-08 22:47:30,RapidApi,0,,817,3429,,,CARPRISS,Balai d'essuie-glace / raclette,Type
108292,RAPID-4612405,Balai d'essuie-glace,,79040053,,CARPRISS,CARPRISS,,,,https://fsn1.your-objectstorage.com/tecdoc2025/media_files/images/363/716819685343cdc732eceff4352aa3390ef2f619.webp,0.0000,0.0000,0.0000,0.0000,0,21.0000,0.0000,,0.0000,0.0000,0,,,,0.0000,2026-08-08 22:47:30,1.0000,piece,,,,,21.0000,,Balai d'essuie-glace / raclette,,,,Balai d'essuie-glace / raclette,,,,,,0,2026-08-08 22:47:30,2026-08-08 22:47:30,2026-08-08 22:47:30,RapidApi,0,,817,3429,,,CARPRISS,Balai d'essuie-glace / raclette,Type
108293,RAPID-4612462,Balai d'essuie-glace,,79040353,,CARPRISS,CARPRISS,,,,https://fsn1.your-objectstorage.com/tecdoc2025/media_files/images/363/726f1a4c184c02a53b3b6486fdbdbfdf75db09bb.webp,0.0000,0.0000,0.0000,0.0000,0,21.0000,0.0000,,0.0000,0.0000,0,,,,0.0000,2026-08-08 22:47:30,1.0000,piece,,,,,21.0000,,Balai d'essuie-glace / raclette,,,,Balai d'essuie-glace / raclette,,,,,,0,2026-08-08 22:47:30,2026-08-08 22:47:30,2026-08-08 22:47:30,RapidApi,0,,817,3429,,,CARPRISS,Balai d'essuie-glace / raclette,Type
108294,RAPID-4612459,Balai d'essuie-glace,,79040345,,CARPRISS,CARPRISS,,,,https://fsn1.your-objectstorage.com/tecdoc2025/media_files/images/363/fdd8953bd772ede62be380ce8673c61a2dffd692.webp,0.0000,0.0000,0.0000,0.0000,0,21.0000,0.0000,,0.0000,0.0000,0,,,,0.0000,2026-08-08 22:47:30,1.0000,piece,,,,,18.0000,,Balai d'essuie-glace / raclette,,,,Balai d'essuie-glace / raclette,,,,,,0,2026-08-08 22:47:30,2026-08-08 22:47:30,2026-08-08 22:47:30,RapidApi,0,,817,3429,,,CARPRISS,Balai d'essuie-glace / raclette,Type
108295,RAPID-4612442,Balai d'essuie-glace,,79040253,,CARPRISS,CARPRISS,,,,https://fsn1.your-objectstorage.com/tecdoc2025/media_files/images/363/8d5d7080f16d8cb184138b8c1a4c8667abeff221.webp,0.0000,0.0000,0.0000,0.0000,0,21.0000,0.0000,,0.0000,0.0000,0,,,,0.0000,2026-08-08 22:47:30,1.0000,piece,,,,,21.0000,,Balai d'essuie-glace / raclette,,,,Balai d'essuie-glace / raclette,,,,,,0,2026-08-08 22:47:30,2026-08-08 22:47:30,2026-08-08 22:47:30,RapidApi,0,,817,3429,,,CARPRISS,Balai d'essuie-glace / raclette,Type
108296,RAPID-4612485,Balai d'essuie-glace,,79040553,,CARPRISS,CARPRISS,,,,https://fsn1.your-objectstorage.com/tecdoc2025/media_files/images/363/5be8704fcb8ab886d6461bf46281f0f24be492d7.webp,0.0000,0.0000,0.0000,0.0000,0,21.0000,0.0000,,0.0000,0.0000,0,,,,0.0000,2026-08-08 22:47:30,1.0000,piece,,,,,21.0000,,Balai d'essuie-glace / raclette,,,,Balai d'essuie-glace / raclette,,,,,,0,2026-08-08 22:47:30,2026-08-08 22:47:30,2026-08-08 22:47:30,RapidApi,0,,817,3429,,,CARPRISS,Balai d'essuie-glace / raclette,Type
108297,RAPID-4612499,Balai d'essuie-glace,,79040653,,CARPRISS,CARPRISS,,,,https://fsn1.your-objectstorage.com/tecdoc2025/media_files/images/363/a89e64571e11f3480967ea60a09b15fbf24e4812.webp,0.0000,0.0000,0.0000,0.0000,0,21.0000,0.0000,,0.0000,0.0000,0,,,,0.0000,2026-08-08 22:47:30,1.0000,piece,,,,,21.0000,,Balai d'essuie-glace / raclette,,,,Balai d'essuie-glace / raclette,,,,,,0,2026-08-08 22:47:30,2026-08-08 22:47:30,2026-08-08 22:47:30,RapidApi,0,,817,3429,,,CARPRISS,Balai d'essuie-glace / raclette,Type
108298,RAPID-4612472,Balai d'essuie-glace,,79040430,,CARPRISS,CARPRISS,,,,https://fsn1.your-objectstorage.com/tecdoc2025/media_files/images/363/3cbdef580d574fe459f6f0cc620af74072d4b0a0.webp,0.0000,0.0000,0.0000,0.0000,0,21.0000,0.0000,,0.0000,0.0000,0,,,,0.0000,2026-08-08 22:47:30,1.0000,piece,,,,,12.0000,,Balai d'essuie-glace / raclette,,,,Balai d'essuie-glace / raclette,,,,,,0,2026-08-08 22:47:30,2026-08-08 22:47:30,2026-08-08 22:47:30,RapidApi,0,,817,3429,,,CARPRISS,Balai d'essuie-glace / raclette,Type
108299,RAPID-4612481,Balai d'essuie-glace,,79040545,,CARPRISS,CARPRISS,,,,https://fsn1.your-objectstorage.com/tecdoc2025/media_files/images/363/31dcb0ebb45bb546c9740ef1011ad8191dbde34e.webp,0.0000,0.0000,0.0000,0.0000,0,21.0000,0.0000,,0.0000,0.0000,0,,,,0.0000,2026-08-08 22:47:30,1.0000,piece,,,,,18.0000,,Balai d'essuie-glace / raclette,,,,Balai d'essuie-glace / raclette,,,,,,0,2026-08-08 22:47:30,2026-08-08 22:47:30,2026-08-08 22:47:30,RapidApi,0,,817,3429,,,CARPRISS,Balai d'essuie-glace / raclette,Type
108300,RAPID-4612496,Balai d'essuie-glace,,79040645,,CARPRISS,CARPRISS,,,,https://fsn1.your-objectstorage.com/tecdoc2025/media_files/images/363/a2dc7b50f1bcdfbf9d170935333a5770b14f3a42.webp,0.0000,0.0000,0.0000,0.0000,0,21.0000,0.0000,,0.0000,0.0000,0,,,,0.0000,2026-08-08 22:47:30,1.0000,piece,,,,,18.0000,,Balai d'essuie-glace / raclette,,,,Balai d'essuie-glace / raclette,,,,,,0,2026-08-08 22:47:30,2026-08-08 22:47:30,2026-08-08 22:47:30,RapidApi,0,,817,3429,,,CARPRISS,Balai d'essuie-glace / raclette,Type
108301,RAPID-4612551,Balai d'essuie-glace,,79041253,,CARPRISS,CARPRISS,,,,https://fsn1.your-objectstorage.com/tecdoc2025/media_files/images/363/0e0d22790dd9000320dd419a7ef0c050621f8a44.webp,0.0000,0.0000,0.0000,0.0000,0,21.0000,0.0000,,0.0000,0.0000,0,,,,0.0000,2026-08-08 22:47:30,1.0000,piece,,,,,21.0000,,Balai d'essuie-glace / raclette,,,,Balai d'essuie-glace / raclette,,,,,,0,2026-08-08 22:47:30,2026-08-08 22:47:30,2026-08-08 22:47:30,RapidApi,0,,817,3429,,,CARPRISS,Balai d'essuie-glace / raclette,Type
108302,RAPID-4612548,Balai d'essuie-glace,,79041245,,CARPRISS,CARPRISS,,,,https://fsn1.your-objectstorage.com/tecdoc2025/media_files/images/363/1ae6ab27f07e01f5d5aabb9e1a6f0c5b51a4c888.webp,0.0000,0.0000,0.0000,0.0000,0,21.0000,0.0000,,0.0000,0.0000,0,,,,0.0000,2026-08-08 22:47:30,1.0000,piece,,,,,18.0000,,Balai d'essuie-glace / raclette,,,,Balai d'essuie-glace / raclette,,,,,,0,2026-08-08 22:47:30,2026-08-08 22:47:30,2026-08-08 22:47:30,RapidApi,0,,817,3429,,,CARPRISS,Balai d'essuie-glace / raclette,Type
108303,RAPID-4612508,Balai d'essuie-glace,,79040730,,CARPRISS,CARPRISS,,,,https://fsn1.your-objectstorage.com/tecdoc2025/media_files/images/363/12060e23b69c46a136b403a076580ef6c40450c9.webp,0.0000,0.0000,0.0000,0.0000,0,21.0000,0.0000,,0.0000,0.0000,0,,,,0.0000,2026-08-08 22:47:30,1.0000,piece,,,,,12.0000,,Balai d'essuie-glace / raclette,,,,Balai d'essuie-glace / raclette,,,,,,0,2026-08-08 22:47:30,2026-08-08 22:47:30,2026-08-08 22:47:30,RapidApi,0,,817,3429,,,CARPRISS,Balai d'essuie-glace / raclette,Type
108304,RAPID-4612566,Balai d'essuie-glace,,79041353,,CARPRISS,CARPRISS,,,,https://fsn1.your-objectstorage.com/tecdoc2025/media_files/images/363/41b0184da17f824ebbc956830d56386c22c50d2a.webp,0.0000,0.0000,0.0000,0.0000,0,21.0000,0.0000,,0.0000,0.0000,0,,,,0.0000,2026-08-08 22:47:30,1.0000,piece,,,,,21.0000,,Balai d'essuie-glace / raclette,,,,Balai d'essuie-glace / raclette,,,,,,0,2026-08-08 22:47:30,2026-08-08 22:47:30,2026-08-08 22:47:30,RapidApi,0,,817,3429,,,CARPRISS,Balai d'essuie-glace / raclette,Type
108305,RAPID-4612563,Balai d'essuie-glace,,79041345,,CARPRISS,CARPRISS,,,,https://fsn1.your-objectstorage.com/tecdoc2025/media_files/images/363/6bf83b547cb92502174721100a84b15b454d4dad.webp,0.0000,0.0000,0.0000,0.0000,0,21.0000,0.0000,,0.0000,0.0000,0,,,,0.0000,2026-08-08 22:47:30,1.0000,piece,,,,,18.0000,,Balai d'essuie-glace / raclette,,,,Balai d'essuie-glace / raclette,,,,,,0,2026-08-08 22:47:30,2026-08-08 22:47:30,2026-08-08 22:47:30,RapidApi,0,,817,3429,,,CARPRISS,Balai d'essuie-glace / raclette,Type
108306,RAPID-6467336,"Bras d'essuie-glace, nettoyage des vitres",,CWA74314AS,,CASCO,CASCO,,,,https://fsn1.your-objectstorage.com/tecdoc2025/media_files/images/484/c0d73cf8cb6710daa43562677d3a59b6217c2920.webp,0.0000,0.0000,0.0000,0.0000,0,21.0000,0.0000,,0.0000,0.0000,0,,,,0.0000,2026-08-08 22:47:30,1.0000,piece,,,,,,,Balai d'essuie-glace / raclette,,,,Balai d'essuie-glace / raclette,,,,,,0,2026-08-08 22:47:30,2026-08-08 22:47:30,2026-08-08 22:47:30,RapidApi,0,,818,3429,,,CASCO,Balai d'essuie-glace / raclette,Type
108307,RAPID-4529989,Balai d'essuie-glace,,752614,,CAUTEX,CAUTEX,,,,https://fsn1.your-objectstorage.com/tecdoc2025/media_files/images/405/dd95d38907022bb0a2a63604156829b6a1716cb5.webp,0.0000,0.0000,0.0000,0.0000,0,21.0000,0.0000,,0.0000,0.0000,0,,,,0.0000,2026-08-08 22:47:30,1.0000,piece,,0.1520,,,30.5000,,Balai d'essuie-glace / raclette,,,,Balai d'essuie-glace / raclette,,,,,,0,2026-08-08 22:47:30,2026-08-08 22:47:30,2026-08-08 22:47:30,RapidApi,0,,819,3429,,,CAUTEX,Balai d'essuie-glace / raclette,Type
108308,RAPID-4529997,Balai d'essuie-glace,,752618,,CAUTEX,CAUTEX,,,,https://fsn1.your-objectstorage.com/tecdoc2025/media_files/images/405/8e03658f71389a9e00eed5609c1b98de279a1d9b.webp,0.0000,0.0000,0.0000,0.0000,0,21.0000,0.0000,,0.0000,0.0000,0,,,,0.0000,2026-08-08 22:47:30,1.0000,piece,,0.1500,,,30.5000,,Balai d'essuie-glace / raclette,,,,Balai d'essuie-glace / raclette,,,,,,0,2026-08-08 22:47:30,2026-08-08 22:47:30,2026-08-08 22:47:30,RapidApi,0,,819,3429,,,CAUTEX,Balai d'essuie-glace / raclette,Type
108309,RAPID-6278790,Balai d'essuie-glace,,CCWB530,,COMLINE,COMLINE,,,,https://fsn1.your-objectstorage.com/tecdoc2025/media_files/images/421/9e526863761dd51e4853a98f1c2f7ce689d6a0d4.webp,0.0000,0.0000,0.0000,0.0000,0,21.0000,0.0000,,0.0000,0.0000,0,,,,0.0000,2026-08-08 22:47:30,1.0000,piece,,,,,53.0000,,Balai d'essuie-glace / raclette,,,,Balai d'essuie-glace / raclette,,,,,,0,2026-08-08 22:47:30,2026-08-08 22:47:30,2026-08-08 22:47:30,RapidApi,0,,820,3429,,,COMLINE,Balai d'essuie-glace / raclette,Type
108310,RAPID-6278787,Balai d'essuie-glace,,CCWB450,,COMLINE,COMLINE,,,,https://fsn1.your-objectstorage.com/tecdoc2025/media_files/images/421/aa3cd7db761aed17799837a7634535b52346cf76.webp,0.0000,0.0000,0.0000,0.0000,0,21.0000,0.0000,,0.0000,0.0000,0,,,,0.0000,2026-08-08 22:47:30,1.0000,piece,,,,,45.0000,,Balai d'essuie-glace / raclette,,,,Balai d'essuie-glace / raclette,,,,,,0,2026-08-08 22:47:30,2026-08-08 22:47:30,2026-08-08 22:47:30,RapidApi,0,,820,3429,,,COMLINE,Balai d'essuie-glace / raclette,Type
108311,RAPID-6298703,Balai d'essuie-glace,,CFWB530,,COMLINE,COMLINE,,,,https://fsn1.your-objectstorage.com/tecdoc2025/media_files/images/421/394854caa4b1ed9c21d2b1d198c1e5b32ca8a1ec.webp,0.0000,0.0000,0.0000,0.0000,0,21.0000,0.0000,,0.0000,0.0000,0,,,,0.0000,2026-08-08 22:47:30,1.0000,piece,,,,,53.0000,,Balai d'essuie-glace / raclette,,,,Balai d'essuie-glace / raclette,,,,,,0,2026-08-08 22:47:30,2026-08-08 22:47:30,2026-08-08 22:47:30,RapidApi,0,,820,3429,,,COMLINE,Balai d'essuie-glace / raclette,Type
108312,RAPID-6298700,Balai d'essuie-glace,,CFWB450,,COMLINE,COMLINE,,,,https://fsn1.your-objectstorage.com/tecdoc2025/media_files/images/421/abe535bcf4846a6571a46d78809ea1e9a10dcd74.webp,0.0000,0.0000,0.0000,0.0000,0,21.0000,0.0000,,0.0000,0.0000,0,,,,0.0000,2026-08-08 22:47:30,1.0000,piece,,,,,45.0000,,Balai d'essuie-glace / raclette,,,,Balai d'essuie-glace / raclette,,,,,,0,2026-08-08 22:47:30,2026-08-08 22:47:30,2026-08-08 22:47:30,RapidApi,0,,820,3429,,,COMLINE,Balai d'essuie-glace / raclette,Type
108313,RAPID-6388627,Balai d'essuie-glace,,CR2,,COMLINE,COMLINE,,,,https://fsn1.your-objectstorage.com/tecdoc2025/media_files/images/421/1f4d96aab1f36dee48345e75879e3b3cedc7ca8a.webp,0.0000,0.0000,0.0000,0.0000,0,21.0000,0.0000,,0.0000,0.0000,0,,,,0.0000,2026-08-08 22:47:30,1.0000,piece,,,,,30.0000,,Balai d'essuie-glace / raclette,,,,Balai d'essuie-glace / raclette,,,,,,0,2026-08-08 22:47:30,2026-08-08 22:47:30,2026-08-08 22:47:30,RapidApi,0,,820,3429,,,COMLINE,Balai d'essuie-glace / raclette,Type
108314,RAPID-6401220,Balai d'essuie-glace,,CRWB300A,,COMLINE,COMLINE,,,,https://fsn1.your-objectstorage.com/tecdoc2025/media_files/images/421/8df1b2a37f99fbb0c0cba26e0e758ad500bd5e60.webp,0.0000,0.0000,0.0000,0.0000,0,21.0000,0.0000,,0.0000,0.0000,0,,,,0.0000,2026-08-08 22:47:30,1.0000,piece,,,,,30.0000,,Balai d'essuie-glace / raclette,,,,Balai d'essuie-glace / raclette,,,,,,0,2026-08-08 22:47:30,2026-08-08 22:47:30,2026-08-08 22:47:30,RapidApi,0,,820,3429,,,COMLINE,Balai d'essuie-glace / raclette,Type
108315,RAPID-6467243,Balai d'essuie-glace,,CW53,,COMLINE,COMLINE,,,,https://fsn1.your-objectstorage.com/tecdoc2025/media_files/images/421/a5b0e9f2c3f0d8443e6c04a866fc640a0fbbd64a.webp,0.0000,0.0000,0.0000,0.0000,0,21.0000,0.0000,,0.0000,0.0000,0,,,,0.0000,2026-08-08 22:47:30,1.0000,piece,,,,,53.0000,,Balai d'essuie-glace / raclette,,,,Balai d'essuie-glace / raclette,,,,,,0,2026-08-08 22:47:30,2026-08-08 22:47:30,2026-08-08 22:47:30,RapidApi,0,,820,3429,,,COMLINE,Balai d'essuie-glace / raclette,Type
108316,RAPID-2394533,Balai d'essuie-glace,,2800011306280,,CONTINENTAL,CONTINENTAL,,,,https://fsn1.your-objectstorage.com/tecdoc2025/media_files/PDF/4434/86a00cf2fedfd70d7fc2c247cde63f5381b27547.pdf,0.0000,0.0000,0.0000,0.0000,0,21.0000,0.0000,,0.0000,0.0000,0,,,,0.0000,2026-08-08 22:47:30,1.0000,piece,,,,,20.0000,,Balai d'essuie-glace / raclette,,,,Balai d'essuie-glace / raclette,,,,,,0,2026-08-08 22:47:30,2026-08-08 22:47:30,2026-08-08 22:47:30,RapidApi,0,,821,3429,,,CONTINENTAL,Balai d'essuie-glace / raclette,Type
108317,RAPID-2394531,Balai d'essuie-glace,,2800011304280,,CONTINENTAL,CONTINENTAL,,,,https://fsn1.your-objectstorage.com/tecdoc2025/media_files/PDF/4434/86a00cf2fedfd70d7fc2c247cde63f5381b27547.pdf,0.0000,0.0000,0.0000,0.0000,0,21.0000,0.0000,,0.0000,0.0000,0,,,,0.0000,2026-08-08 22:47:30,1.0000,piece,,,,,18.0000,,Balai d'essuie-glace / raclette,,,,Balai d'essuie-glace / raclette,,,,,,0,2026-08-08 22:47:30,2026-08-08 22:47:30,2026-08-08 22:47:30,RapidApi,0,,821,3429,,,CONTINENTAL,Balai d'essuie-glace / raclette,Type
108318,RAPID-2394479,Balai d'essuie-glace,,2800011230280,,CONTINENTAL,CONTINENTAL,,,,https://fsn1.your-objectstorage.com/tecdoc2025/media_files/PDF/4434/cf0a06b7057cce3765b9c56525f73151e1085d2c.pdf,0.0000,0.0000,0.0000,0.0000,0,21.0000,0.0000,,0.0000,0.0000,0,,,,0.0000,2026-08-08 22:47:30,1.0000,piece,,,,,45.0000,,Balai d'essuie-glace / raclette,,,,Balai d'essuie-glace / raclette,,,,,,0,2026-08-08 22:47:30,2026-08-08 22:47:30,2026-08-08 22:47:30,RapidApi,0,,821,3429,,,CONTINENTAL,Balai d'essuie-glace / raclette,Type
108319,RAPID-2394420,Balai d'essuie-glace,,2800011132280,,CONTINENTAL,CONTINENTAL,,,,https://fsn1.your-objectstorage.com/tecdoc2025/media_files/PDF/4434/5497a51047fe6fa702ac1ad50b932e65ea1cdfcf.pdf,0.0000,0.0000,0.0000,0.0000,0,21.0000,0.0000,,0.0000,0.0000,0,,,,0.0000,2026-08-08 22:47:30,1.0000,piece,,0.2170,,,45.0000,,Balai d'essuie-glace / raclette,,,,Balai d'essuie-glace / raclette,,,,,,0,2026-08-08 22:47:30,2026-08-08 22:47:30,2026-08-08 22:47:30,RapidApi,0,,821,3429,,,CONTINENTAL,Balai d'essuie-glace / raclette,Type
108320,RAPID-2394534,Balai d'essuie-glace,,2800011307280,,CONTINENTAL,CONTINENTAL,,,,https://fsn1.your-objectstorage.com/tecdoc2025/media_files/PDF/4434/86a00cf2fedfd70d7fc2c247cde63f5381b27547.pdf,0.0000,0.0000,0.0000,0.0000,0,21.0000,0.0000,,0.0000,0.0000,0,,,,0.0000,2026-08-08 22:47:30,1.0000,piece,,,,,21.0000,,Balai d'essuie-glace / raclette,,,,Balai d'essuie-glace / raclette,,,,,,0,2026-08-08 22:47:30,2026-08-08 22:47:30,2026-08-08 22:47:30,RapidApi,0,,821,3429,,,CONTINENTAL,Balai d'essuie-glace / raclette,Type
108321,RAPID-15624439,Balai d'essuie-glace,,2800011605260,,CONTINENTAL,CONTINENTAL,,,,https://fsn1.your-objectstorage.com/tecdoc2025/media_files/PDF/4434/86a00cf2fedfd70d7fc2c247cde63f5381b27547.pdf,0.0000,0.0000,0.0000,0.0000,0,21.0000,0.0000,,0.0000,0.0000,0,,,,0.0000,2026-08-08 22:47:30,1.0000,piece,,,,,18.0000,,Balai d'essuie-glace / raclette,,,,Balai d'essuie-glace / raclette,,,,,,0,2026-08-08 22:47:30,2026-08-08 22:47:30,2026-08-08 22:47:30,RapidApi,0,,821,3429,,,CONTINENTAL,Balai d'essuie-glace / raclette,Type
108322,RAPID-17808437,Balai d'essuie-glace,,2800011607260,,CONTINENTAL,CONTINENTAL,,,,https://fsn1.your-objectstorage.com/tecdoc2025/media_files/PDF/4434/86a00cf2fedfd70d7fc2c247cde63f5381b27547.pdf,0.0000,0.0000,0.0000,0.0000,0,21.0000,0.0000,,0.0000,0.0000,0,,,,0.0000,2026-08-08 22:47:30,1.0000,piece,,,,,20.0000,,Balai d'essuie-glace / raclette,,,,Balai d'essuie-glace / raclette,,,,,,0,2026-08-08 22:47:30,2026-08-08 22:47:30,2026-08-08 22:47:30,RapidApi,0,,821,3429,,,CONTINENTAL,Balai d'essuie-glace / raclette,Type
108323,RAPID-14500658,Balai d'essuie-glace,,2800011505160,,CONTINENTAL,CONTINENTAL,,,,https://fsn1.your-objectstorage.com/tecdoc2025/media_files/PDF/4434/48a760a44ec82db420aa64a9e774558b69fe58b4.pdf,0.0000,0.0000,0.0000,0.0000,0,21.0000,0.0000,,0.0000,0.0000,0,,,,0.0000,2026-08-08 22:47:30,1.0000,piece,,0.0490,,,12.0000,,Balai d'essuie-glace / raclette,,,,Balai d'essuie-glace / raclette,,,,,,0,2026-08-08 22:47:30,2026-08-08 22:47:30,2026-08-08 22:47:30,RapidApi,0,,821,3429,,,CONTINENTAL,Balai d'essuie-glace / raclette,Type
108324,RAPID-2394553,Balai d'essuie-glace,,2800011505180,,CONTINENTAL,CONTINENTAL,,,,https://fsn1.your-objectstorage.com/tecdoc2025/media_files/PDF/4434/48a760a44ec82db420aa64a9e774558b69fe58b4.pdf,0.0000,0.0000,0.0000,0.0000,0,21.0000,0.0000,,0.0000,0.0000,0,,,,0.0000,2026-08-08 22:47:30,1.0000,piece,,0.0490,,,12.0000,,Balai d'essuie-glace / raclette,,,,Balai d'essuie-glace / raclette,,,,,,0,2026-08-08 22:47:30,2026-08-08 22:47:30,2026-08-08 22:47:30,RapidApi,0,,821,3429,,,CONTINENTAL,Balai d'essuie-glace / raclette,Type
108325,RAPID-21134698,Balai d'essuie-glace,,2800011610260,,CONTINENTAL,CONTINENTAL,,,,https://fsn1.your-objectstorage.com/tecdoc2025/media_files/PDF/4434/86a00cf2fedfd70d7fc2c247cde63f5381b27547.pdf,0.0000,0.0000,0.0000,0.0000,0,21.0000,0.0000,,0.0000,0.0000,0,,,,0.0000,2026-08-08 22:47:30,1.0000,piece,,,,,22.0000,,Balai d'essuie-glace / raclette,,,,Balai d'essuie-glace / raclette,,,,,,0,2026-08-08 22:47:30,2026-08-08 22:47:30,2026-08-08 22:47:30,RapidApi,0,,821,3429,,,CONTINENTAL,Balai d'essuie-glace / raclette,Type
108326,RAPID-2394371,Balai d'essuie-glace,,2800011003280,,CONTINENTAL,CONTINENTAL,,,,https://fsn1.your-objectstorage.com/tecdoc2025/media_files/PDF/4434/a0b4c47020de6fb4b9ae944916789d8e60e41f74.pdf,0.0000,0.0000,0.0000,0.0000,0,21.0000,0.0000,,0.0000,0.0000,0,,,,0.0000,2026-08-08 22:47:30,1.0000,piece,,0.1380,,,18.0000,,Balai d'essuie-glace / raclette,,,,Balai d'essuie-glace / raclette,,,,,,0,2026-08-08 22:47:30,2026-08-08 22:47:30,2026-08-08 22:47:30,RapidApi,0,,821,3429,,,CONTINENTAL,Balai d'essuie-glace / raclette,Type
108327,RAPID-2394374,Balai d'essuie-glace,,2800011006280,,CONTINENTAL,CONTINENTAL,,,,https://fsn1.your-objectstorage.com/tecdoc2025/media_files/PDF/4434/a0b4c47020de6fb4b9ae944916789d8e60e41f74.pdf,0.0000,0.0000,0.0000,0.0000,0,21.0000,0.0000,,0.0000,0.0000,0,,,,0.0000,2026-08-08 22:47:30,1.0000,piece,,0.1550,,,21.0000,,Balai d'essuie-glace / raclette,,,,Balai d'essuie-glace / raclette,,,,,,0,2026-08-08 22:47:30,2026-08-08 22:47:30,2026-08-08 22:47:30,RapidApi,0,,821,3429,,,CONTINENTAL,Balai d'essuie-glace / raclette,Type
108328,RAPID-2394373,Balai d'essuie-glace,,2800011005280,,CONTINENTAL,CONTINENTAL,,,,https://fsn1.your-objectstorage.com/tecdoc2025/media_files/PDF/4434/a0b4c47020de6fb4b9ae944916789d8e60e41f74.pdf,0.0000,0.0000,0.0000,0.0000,0,21.0000,0.0000,,0.0000,0.0000,0,,,,0.0000,2026-08-08 22:47:30,1.0000,piece,,0.1500,,,20.0000,,Balai d'essuie-glace / raclette,,,,Balai d'essuie-glace / raclette,,,,,,0,2026-08-08 22:47:30,2026-08-08 22:47:30,2026-08-08 22:47:30,RapidApi,0,,821,3429,,,CONTINENTAL,Balai d'essuie-glace / raclette,Type
108329,RAPID-6489509,Balai d'essuie-glace,,D200R0018,,CWORKS,CWORKS,,,,https://fsn1.your-objectstorage.com/tecdoc2025/media_files/images/6476/3f94926c5415a68a8b3715b59f3d2c566bb22a95.webp,0.0000,0.0000,0.0000,0.0000,0,21.0000,0.0000,,0.0000,0.0000,0,,,,0.0000,2026-08-08 22:47:30,1.0000,piece,,,,,18.0000,,Balai d'essuie-glace / raclette,,,,Balai d'essuie-glace / raclette,,,,,,0,2026-08-08 22:47:30,2026-08-08 22:47:30,2026-08-08 22:47:30,RapidApi,0,,822,3429,,,CWORKS,Balai d'essuie-glace / raclette,Type
108330,RAPID-6489512,Balai d'essuie-glace,,D200R0021,,CWORKS,CWORKS,,,,https://fsn1.your-objectstorage.com/tecdoc2025/media_files/images/6476/b0dbfd22241e05a997966a79514de4feae6318ca.webp,0.0000,0.0000,0.0000,0.0000,0,21.0000,0.0000,,0.0000,0.0000,0,,,,0.0000,2026-08-08 22:47:30,1.0000,piece,,,,,21.0000,,Balai d'essuie-glace / raclette,,,,Balai d'essuie-glace / raclette,,,,,,0,2026-08-08 22:47:30,2026-08-08 22:47:30,2026-08-08 22:47:30,RapidApi,0,,822,3429,,,CWORKS,Balai d'essuie-glace / raclette,Type
108331,RAPID-9577173,Balai d'essuie-glace,,VD20004,,DENCKERMANN,DENCKERMANN,,,,https://fsn1.your-objectstorage.com/tecdoc2025/media_files/images/186/26e393d4fbae34fe1240f41cfe2659bc0e5eb46c.webp,0.0000,0.0000,0.0000,0.0000,0,21.0000,0.0000,,0.0000,0.0000,0,,,,0.0000,2026-08-08 22:47:30,1.0000,piece,,,,,12.0000,,Balai d'essuie-glace / raclette,,,,Balai d'essuie-glace / raclette,,,,,,0,2026-08-08 22:47:30,2026-08-08 22:47:30,2026-08-08 22:47:30,RapidApi,0,,823,3429,,,DENCKERMANN,Balai d'essuie-glace / raclette,Type
108332,RAPID-9628158,Balai d'essuie-glace,,VM00525,,DENCKERMANN,DENCKERMANN,,,,https://fsn1.your-objectstorage.com/tecdoc2025/media_files/images/186/ac0f732ca36aeae13a28b9d0ff3c1e692828eee2.webp,0.0000,0.0000,0.0000,0.0000,0,21.0000,0.0000,,0.0000,0.0000,0,,,,0.0000,2026-08-08 22:47:30,1.0000,piece,,,,,52.5000,,Balai d'essuie-glace / raclette,,,,Balai d'essuie-glace / raclette,,,,,,0,2026-08-08 22:47:30,2026-08-08 22:47:30,2026-08-08 22:47:30,RapidApi,0,,823,3429,,,DENCKERMANN,Balai d'essuie-glace / raclette,Type
108333,RAPID-9628155,Balai d'essuie-glace,,VM00450,,DENCKERMANN,DENCKERMANN,,,,https://fsn1.your-objectstorage.com/tecdoc2025/media_files/images/186/ac0f732ca36aeae13a28b9d0ff3c1e692828eee2.webp,0.0000,0.0000,0.0000,0.0000,0,21.0000,0.0000,,0.0000,0.0000,0,,,,0.0000,2026-08-08 22:47:30,1.0000,piece,,,,,45.0000,,Balai d'essuie-glace / raclette,,,,Balai d'essuie-glace / raclette,,,,,,0,2026-08-08 22:47:30,2026-08-08 22:47:30,2026-08-08 22:47:30,RapidApi,0,,823,3429,,,DENCKERMANN,Balai d'essuie-glace / raclette,Type
108334,RAPID-9638631,Balai d'essuie-glace,,VP00450,,DENCKERMANN,DENCKERMANN,,,,https://fsn1.your-objectstorage.com/tecdoc2025/media_files/images/186/d065357892440a88f04879c4e122e366607ab39b.webp,0.0000,0.0000,0.0000,0.0000,0,21.0000,0.0000,,0.0000,0.0000,0,,,,0.0000,2026-08-08 22:47:30,1.0000,piece,,,,,18.0000,,Balai d'essuie-glace / raclette,,,,Balai d'essuie-glace / raclette,,,,,,0,2026-08-08 22:47:30,2026-08-08 22:47:30,2026-08-08 22:47:30,RapidApi,0,,823,3429,,,DENCKERMANN,Balai d'essuie-glace / raclette,Type
108335,RAPID-9638634,Balai d'essuie-glace,,VP00525,,DENCKERMANN,DENCKERMANN,,,,https://fsn1.your-objectstorage.com/tecdoc2025/media_files/images/186/d065357892440a88f04879c4e122e366607ab39b.webp,0.0000,0.0000,0.0000,0.0000,0,21.0000,0.0000,,0.0000,0.0000,0,,,,0.0000,2026-08-08 22:47:30,1.0000,piece,,,,,21.0000,,Balai d'essuie-glace / raclette,,,,Balai d'essuie-glace / raclette,,,,,,0,2026-08-08 22:47:30,2026-08-08 22:47:30,2026-08-08 22:47:30,RapidApi,0,,823,3429,,,DENCKERMANN,Balai d'essuie-glace / raclette,Type
108336,RAPID-9642232,Balai d'essuie-glace,,VS00450,,DENCKERMANN,DENCKERMANN,,,,https://fsn1.your-objectstorage.com/tecdoc2025/media_files/images/186/0c5111d7463d4a5d4035b4fb20567544c6a9ffc3.webp,0.0000,0.0000,0.0000,0.0000,0,21.0000,0.0000,,0.0000,0.0000,0,,,,0.0000,2026-08-08 22:47:30,1.0000,piece,,,,,18.0000,,Balai d'essuie-glace / raclette,,,,Balai d'essuie-glace / raclette,,,,,,0,2026-08-08 22:47:30,2026-08-08 22:47:30,2026-08-08 22:47:30,RapidApi,0,,823,3429,,,DENCKERMANN,Balai d'essuie-glace / raclette,Type
108337,RAPID-9642243,Balai d'essuie-glace,,VS00525,,DENCKERMANN,DENCKERMANN,,,,https://fsn1.your-objectstorage.com/tecdoc2025/media_files/images/186/0c5111d7463d4a5d4035b4fb20567544c6a9ffc3.webp,0.0000,0.0000,0.0000,0.0000,0,21.0000,0.0000,,0.0000,0.0000,0,,,,0.0000,2026-08-08 22:47:30,1.0000,piece,,,,,21.0000,,Balai d'essuie-glace / raclette,,,,Balai d'essuie-glace / raclette,,,,,,0,2026-08-08 22:47:30,2026-08-08 22:47:30,2026-08-08 22:47:30,RapidApi,0,,823,3429,,,DENCKERMANN,Balai d'essuie-glace / raclette,Type
108338,RAPID-51777116,"Bras d'essuie-glace, nettoyage des vitres",,VD30014,,DENCKERMANN,DENCKERMANN,,,,https://fsn1.your-objectstorage.com/tecdoc2025/media_files/images/186/a6c1e9350686b63d466ea511af20b63dc48d8c2a.webp,0.0000,0.0000,0.0000,0.0000,0,21.0000,0.0000,,0.0000,0.0000,0,,,,0.0000,2026-08-08 22:47:30,1.0000,piece,,,,,30.0000,,Balai d'essuie-glace / raclette,,,,Balai d'essuie-glace / raclette,,,,,,0,2026-08-08 22:47:30,2026-08-08 22:47:30,2026-08-08 22:47:30,RapidApi,0,,823,3429,,,DENCKERMANN,Balai d'essuie-glace / raclette,Type
108339,RAPID-6604009,Balai d'essuie-glace,,DFR-002,,DENSO,DENSO,,,,https://fsn1.your-objectstorage.com/tecdoc2025/media_files/PDF/66/b0a06df19d2fb12eb19f54b7735ec6b1b5cc4d59.pdf,0.0000,0.0000,0.0000,0.0000,0,21.0000,0.0000,,0.0000,0.0000,0,,,,0.0000,2026-08-08 22:47:30,1.0000,piece,,0.1880,,,18.0000,,Balai d'essuie-glace / raclette,,,,Balai d'essuie-glace / raclette,,,,,,0,2026-08-08 22:47:30,2026-08-08 22:47:30,2026-08-08 22:47:30,RapidApi,0,,824,3429,,,DENSO,Balai d'essuie-glace / raclette,Type
108340,RAPID-6604012,Balai d'essuie-glace,,DFR-005,,DENSO,DENSO,,,,https://fsn1.your-objectstorage.com/tecdoc2025/media_files/PDF/66/b0a06df19d2fb12eb19f54b7735ec6b1b5cc4d59.pdf,0.0000,0.0000,0.0000,0.0000,0,21.0000,0.0000,,0.0000,0.0000,0,,,,0.0000,2026-08-08 22:47:30,1.0000,piece,,0.2140,,,21.0000,,Balai d'essuie-glace / raclette,,,,Balai d'essuie-glace / raclette,,,,,,0,2026-08-08 22:47:30,2026-08-08 22:47:30,2026-08-08 22:47:30,RapidApi,0,,824,3429,,,DENSO,Balai d'essuie-glace / raclette,Type
108341,RAPID-6617686,Balai d'essuie-glace,,DM-053,,DENSO,DENSO,,,,https://fsn1.your-objectstorage.com/tecdoc2025/media_files/PDF/66/b0a06df19d2fb12eb19f54b7735ec6b1b5cc4d59.pdf,0.0000,0.0000,0.0000,0.0000,0,21.0000,0.0000,,0.0000,0.0000,0,,,,0.0000,2026-08-08 22:47:30,1.0000,piece,,0.1840,,,21.0000,,Balai d'essuie-glace / raclette,,,,Balai d'essuie-glace / raclette,,,,,,0,2026-08-08 22:47:30,2026-08-08 22:47:30,2026-08-08 22:47:30,RapidApi,0,,824,3429,,,DENSO,Balai d'essuie-glace / raclette,Type
108342,RAPID-6617676,Balai d'essuie-glace,,DM-045,,DENSO,DENSO,,,,https://fsn1.your-objectstorage.com/tecdoc2025/media_files/PDF/66/b0a06df19d2fb12eb19f54b7735ec6b1b5cc4d59.pdf,0.0000,0.0000,0.0000,0.0000,0,21.0000,0.0000,,0.0000,0.0000,0,,,,0.0000,2026-08-08 22:47:30,1.0000,piece,,0.1460,,,18.0000,,Balai d'essuie-glace / raclette,,,,Balai d'essuie-glace / raclette,,,,,,0,2026-08-08 22:47:30,2026-08-08 22:47:30,2026-08-08 22:47:30,RapidApi,0,,824,3429,,,DENSO,Balai d'essuie-glace / raclette,Type
108343,RAPID-6621121,Balai d'essuie-glace,,DMS-553,,DENSO,DENSO,,,,https://fsn1.your-objectstorage.com/tecdoc2025/media_files/PDF/66/b0a06df19d2fb12eb19f54b7735ec6b1b5cc4d59.pdf,0.0000,0.0000,0.0000,0.0000,0,21.0000,0.0000,,0.0000,0.0000,0,,,,0.0000,2026-08-08 22:47:30,1.0000,piece,,0.2430,,,21.0000,,Balai d'essuie-glace / raclette,,,,Balai d'essuie-glace / raclette,,,,,,0,2026-08-08 22:47:30,2026-08-08 22:47:30,2026-08-08 22:47:30,RapidApi,0,,824,3429,,,DENSO,Balai d'essuie-glace / raclette,Type
108344,RAPID-19142957,Balai d'essuie-glace,,DRD-004,,DENSO,DENSO,,,,https://fsn1.your-objectstorage.com/tecdoc2025/media_files/images/66/3fa13b472e476d6aac46074125104fb77d9a7ce8.webp,0.0000,0.0000,0.0000,0.0000,0,21.0000,0.0000,,0.0000,0.0000,0,,,,0.0000,2026-08-08 22:47:30,1.0000,piece,,0.0970,,,12.0000,,Balai d'essuie-glace / raclette,,,,Balai d'essuie-glace / raclette,,,,,,0,2026-08-08 22:47:30,2026-08-08 22:47:30,2026-08-08 22:47:30,RapidApi,0,,824,3429,,,DENSO,Balai d'essuie-glace / raclette,Type
108345,RAPID-6677577,Balai d'essuie-glace,,DUR-045R,,DENSO,DENSO,,,,https://fsn1.your-objectstorage.com/tecdoc2025/media_files/PDF/66/b0a06df19d2fb12eb19f54b7735ec6b1b5cc4d59.pdf,0.0000,0.0000,0.0000,0.0000,0,21.0000,0.0000,,0.0000,0.0000,0,,,,0.0000,2026-08-08 22:47:30,1.0000,piece,,0.1770,,,18.0000,,Balai d'essuie-glace / raclette,,,,Balai d'essuie-glace / raclette,,,,,,0,2026-08-08 22:47:30,2026-08-08 22:47:30,2026-08-08 22:47:30,RapidApi,0,,824,3429,,,DENSO,Balai d'essuie-glace / raclette,Type
108346,RAPID-6677576,Balai d'essuie-glace,,DUR-045L,,DENSO,DENSO,,,,https://fsn1.your-objectstorage.com/tecdoc2025/media_files/PDF/66/b0a06df19d2fb12eb19f54b7735ec6b1b5cc4d59.pdf,0.0000,0.0000,0.0000,0.0000,0,21.0000,0.0000,,0.0000,0.0000,0,,,,0.0000,2026-08-08 22:47:30,1.0000,piece,,0.1770,,,18.0000,,Balai d'essuie-glace / raclette,,,,Balai d'essuie-glace / raclette,,,,,,0,2026-08-08 22:47:30,2026-08-08 22:47:30,2026-08-08 22:47:30,RapidApi,0,,824,3429,,,DENSO,Balai d'essuie-glace / raclette,Type
108347,RAPID-6677582,Balai d'essuie-glace,,DUR-053L,,DENSO,DENSO,,,,https://fsn1.your-objectstorage.com/tecdoc2025/media_files/PDF/66/b0a06df19d2fb12eb19f54b7735ec6b1b5cc4d59.pdf,0.0000,0.0000,0.0000,0.0000,0,21.0000,0.0000,,0.0000,0.0000,0,,,,0.0000,2026-08-08 22:47:30,1.0000,piece,,0.2130,,,21.0000,,Balai d'essuie-glace / raclette,,,,Balai d'essuie-glace / raclette,,,,,,0,2026-08-08 22:47:30,2026-08-08 22:47:30,2026-08-08 22:47:30,RapidApi,0,,824,3429,,,DENSO,Balai d'essuie-glace / raclette,Type
108348,RAPID-6677581,Balai d'essuie-glace,,DUR-050R,,DENSO,DENSO,,,,https://fsn1.your-objectstorage.com/tecdoc2025/media_files/PDF/66/b0a06df19d2fb12eb19f54b7735ec6b1b5cc4d59.pdf,0.0000,0.0000,0.0000,0.0000,0,21.0000,0.0000,,0.0000,0.0000,0,,,,0.0000,2026-08-08 22:47:30,1.0000,piece,,0.2000,,,20.0000,,Balai d'essuie-glace / raclette,,,,Balai d'essuie-glace / raclette,,,,,,0,2026-08-08 22:47:30,2026-08-08 22:47:30,2026-08-08 22:47:30,RapidApi,0,,824,3429,,,DENSO,Balai d'essuie-glace / raclette,Type
108349,RAPID-8317600,Balai d'essuie-glace,,OH008,,DOGA,DOGA,,,,https://fsn1.your-objectstorage.com/tecdoc2025/media_files/images/4585/7cf351a009a4d0587c73d3f756f45e7d5ebdfd63.webp,0.0000,0.0000,0.0000,0.0000,0,21.0000,0.0000,,0.0000,0.0000,0,,,,0.0000,2026-08-08 22:47:30,1.0000,piece,,,,,53.0000,,Balai d'essuie-glace / raclette,,,,Balai d'essuie-glace / raclette,,,,,,0,2026-08-08 22:47:30,2026-08-08 22:47:30,2026-08-08 22:47:30,RapidApi,0,,825,3429,,,DOGA,Balai d'essuie-glace / raclette,Type
108350,RAPID-8317596,Balai d'essuie-glace,,OH004,,DOGA,DOGA,,,,https://fsn1.your-objectstorage.com/tecdoc2025/media_files/images/4585/eae00141e65f4d75389a91763d2686b8829ce59c.webp,0.0000,0.0000,0.0000,0.0000,0,21.0000,0.0000,,0.0000,0.0000,0,,,,0.0000,2026-08-08 22:47:30,1.0000,piece,,,,,45.0000,,Balai d'essuie-glace / raclette,,,,Balai d'essuie-glace / raclette,,,,,,0,2026-08-08 22:47:30,2026-08-08 22:47:30,2026-08-08 22:47:30,RapidApi,0,,825,3429,,,DOGA,Balai d'essuie-glace / raclette,Type
108351,RAPID-6678475,Balai d'essuie-glace,,DVF50,,DOGA,DOGA,,,,https://fsn1.your-objectstorage.com/tecdoc2025/media_files/images/4585/03e60ef31c04ac3c99f4e6373bf0847ed260a4f8.webp,0.0000,0.0000,0.0000,0.0000,0,21.0000,0.0000,,0.0000,0.0000,0,,,,0.0000,2026-08-08 22:47:30,1.0000,piece,,,,,20.0000,,Balai d'essuie-glace / raclette,,,,Balai d'essuie-glace / raclette,,,,,,0,2026-08-08 22:47:30,2026-08-08 22:47:30,2026-08-08 22:47:30,RapidApi,0,,825,3429,,,DOGA,Balai d'essuie-glace / raclette,Type
108352,RAPID-6678280,Balai d'essuie-glace,,DV53,,DOGA,DOGA,,,,https://fsn1.your-objectstorage.com/tecdoc2025/media_files/images/4585/f4af9c3f6ae68351eab0a854982907a54fd9496a.webp,0.0000,0.0000,0.0000,0.0000,0,21.0000,0.0000,,0.0000,0.0000,0,,,,0.0000,2026-08-08 22:47:30,1.0000,piece,,,,,21.0000,,Balai d'essuie-glace / raclette,,,,Balai d'essuie-glace / raclette,,,,,,0,2026-08-08 22:47:30,2026-08-08 22:47:30,2026-08-08 22:47:30,RapidApi,0,,825,3429,,,DOGA,Balai d'essuie-glace / raclette,Type
108353,RAPID-6678274,Balai d'essuie-glace,,DV45,,DOGA,DOGA,,,,https://fsn1.your-objectstorage.com/tecdoc2025/media_files/images/4585/f4af9c3f6ae68351eab0a854982907a54fd9496a.webp,0.0000,0.0000,0.0000,0.0000,0,21.0000,0.0000,,0.0000,0.0000,0,,,,0.0000,2026-08-08 22:47:30,1.0000,piece,,,,,18.0000,,Balai d'essuie-glace / raclette,,,,Balai d'essuie-glace / raclette,,,,,,0,2026-08-08 22:47:30,2026-08-08 22:47:30,2026-08-08 22:47:30,RapidApi,0,,825,3429,,,DOGA,Balai d'essuie-glace / raclette,Type
108354,RAPID-6678476,Balai d'essuie-glace,,DVF53,,DOGA,DOGA,,,,https://fsn1.your-objectstorage.com/tecdoc2025/media_files/images/4585/77a156a3ab60bfa83484699d2d8e99811ef72419.webp,0.0000,0.0000,0.0000,0.0000,0,21.0000,0.0000,,0.0000,0.0000,0,,,,0.0000,2026-08-08 22:47:30,1.0000,piece,,,,,21.0000,,Balai d'essuie-glace / raclette,,,,Balai d'essuie-glace / raclette,,,,,,0,2026-08-08 22:47:30,2026-08-08 22:47:30,2026-08-08 22:47:30,RapidApi,0,,825,3429,,,DOGA,Balai d'essuie-glace / raclette,Type
108355,RAPID-8352975,Balai d'essuie-glace,,OR032,,DOGA,DOGA,,,,https://fsn1.your-objectstorage.com/tecdoc2025/media_files/images/4585/8a635237c3125a9bf113eb0090c7d8c66cc719b2.webp,0.0000,0.0000,0.0000,0.0000,0,21.0000,0.0000,,0.0000,0.0000,0,,,,0.0000,2026-08-08 22:47:30,1.0000,piece,,,,,30.0000,,Balai d'essuie-glace / raclette,,,,Balai d'essuie-glace / raclette,,,,,,0,2026-08-08 22:47:30,2026-08-08 22:47:30,2026-08-08 22:47:30,RapidApi,0,,825,3429,,,DOGA,Balai d'essuie-glace / raclette,Type
108356,RAPID-8354960,Balai d'essuie-glace,,OS026,,DOGA,DOGA,,,,https://fsn1.your-objectstorage.com/tecdoc2025/media_files/images/4585/1565f40273618ad9abef3435a2b17e5b96605a66.webp,0.0000,0.0000,0.0000,0.0000,0,21.0000,0.0000,,0.0000,0.0000,0,,,,0.0000,2026-08-08 22:47:30,1.0000,piece,,,,,45.0000,,Balai d'essuie-glace / raclette,,,,Balai d'essuie-glace / raclette,,,,,,0,2026-08-08 22:47:30,2026-08-08 22:47:30,2026-08-08 22:47:30,RapidApi,0,,825,3429,,,DOGA,Balai d'essuie-glace / raclette,Type
108357,RAPID-6678473,Balai d'essuie-glace,,DVF45,,DOGA,DOGA,,,,https://fsn1.your-objectstorage.com/tecdoc2025/media_files/images/4585/21726930fa9b854a3c06e19c3e52e858cb9ad4b5.webp,0.0000,0.0000,0.0000,0.0000,0,21.0000,0.0000,,0.0000,0.0000,0,,,,0.0000,2026-08-08 22:47:30,1.0000,piece,,,,,18.0000,,Balai d'essuie-glace / raclette,,,,Balai d'essuie-glace / raclette,,,,,,0,2026-08-08 22:47:30,2026-08-08 22:47:30,2026-08-08 22:47:30,RapidApi,0,,825,3429,,,DOGA,Balai d'essuie-glace / raclette,Type
108358,RAPID-2560074,Balai d'essuie-glace,,300DR,,DYNAMATRIX,DYNAMATRIX,,,,https://fsn1.your-objectstorage.com/tecdoc2025/media_files/images/4318/579a9876454fd97c24b41a7da046f0fc12a236c3.webp,0.0000,0.0000,0.0000,0.0000,0,21.0000,0.0000,,0.0000,0.0000,0,,,,0.0000,2026-08-08 22:47:30,1.0000,piece,,,,,30.0000,,Balai d'essuie-glace / raclette,,,,Balai d'essuie-glace / raclette,,,,,,0,2026-08-08 22:47:30,2026-08-08 22:47:30,2026-08-08 22:47:30,RapidApi,0,,826,3429,,,DYNAMATRIX,Balai d'essuie-glace / raclette,Type
108359,RAPID-3706432,Balai d'essuie-glace,,525DF,,DYNAMATRIX,DYNAMATRIX,,,,https://fsn1.your-objectstorage.com/tecdoc2025/media_files/images/4318/ac1d48a836d9e65ada7f106952a5cc3d3feb8ed2.webp,0.0000,0.0000,0.0000,0.0000,0,21.0000,0.0000,,0.0000,0.0000,0,,,,0.0000,2026-08-08 22:47:30,1.0000,piece,,,,,52.5000,,Balai d'essuie-glace / raclette,,,,Balai d'essuie-glace / raclette,,,,,,0,2026-08-08 22:47:30,2026-08-08 22:47:30,2026-08-08 22:47:30,RapidApi,0,,826,3429,,,DYNAMATRIX,Balai d'essuie-glace / raclette,Type
108360,RAPID-3706431,Balai d'essuie-glace,,525DC,,DYNAMATRIX,DYNAMATRIX,,,,https://fsn1.your-objectstorage.com/tecdoc2025/media_files/images/4318/2313e728d09fa42021c5b7d857a7b9b232facdb7.webp,0.0000,0.0000,0.0000,0.0000,0,21.0000,0.0000,,0.0000,0.0000,0,,,,0.0000,2026-08-08 22:47:30,1.0000,piece,,,,,52.5000,,Balai d'essuie-glace / raclette,,,,Balai d'essuie-glace / raclette,,,,,,0,2026-08-08 22:47:30,2026-08-08 22:47:30,2026-08-08 22:47:30,RapidApi,0,,826,3429,,,DYNAMATRIX,Balai d'essuie-glace / raclette,Type
108361,RAPID-3706446,Balai d'essuie-glace,,525UDF,,DYNAMATRIX,DYNAMATRIX,,,,https://fsn1.your-objectstorage.com/tecdoc2025/media_files/images/4318/28d4d717bd319224fc02cf37e87e815dd342c47c.webp,0.0000,0.0000,0.0000,0.0000,0,21.0000,0.0000,,0.0000,0.0000,0,,,,0.0000,2026-08-08 22:47:30,1.0000,piece,,,,,52.5000,,Balai d'essuie-glace / raclette,,,,Balai d'essuie-glace / raclette,,,,,,0,2026-08-08 22:47:30,2026-08-08 22:47:30,2026-08-08 22:47:30,RapidApi,0,,826,3429,,,DYNAMATRIX,Balai d'essuie-glace / raclette,Type
108362,RAPID-3728925,Balai d'essuie-glace,,530DH,,DYNAMATRIX,DYNAMATRIX,,,,https://fsn1.your-objectstorage.com/tecdoc2025/media_files/images/4318/d671f01718f4dd6bd08600443ec5de942b86ad61.webp,0.0000,0.0000,0.0000,0.0000,0,21.0000,0.0000,,0.0000,0.0000,0,,,,0.0000,2026-08-08 22:47:30,1.0000,piece,,,,,53.0000,,Balai d'essuie-glace / raclette,,,,Balai d'essuie-glace / raclette,,,,,,0,2026-08-08 22:47:30,2026-08-08 22:47:30,2026-08-08 22:47:30,RapidApi,0,,826,3429,,,DYNAMATRIX,Balai d'essuie-glace / raclette,Type
108363,RAPID-3381217,Balai d'essuie-glace,,450UDF,,DYNAMATRIX,DYNAMATRIX,,,,https://fsn1.your-objectstorage.com/tecdoc2025/media_files/images/4318/891ec1321ae24f80060b02e9b69101888971d065.webp,0.0000,0.0000,0.0000,0.0000,0,21.0000,0.0000,,0.0000,0.0000,0,,,,0.0000,2026-08-08 22:47:30,1.0000,piece,,,,,45.0000,,Balai d'essuie-glace / raclette,,,,Balai d'essuie-glace / raclette,,,,,,0,2026-08-08 22:47:30,2026-08-08 22:47:30,2026-08-08 22:47:30,RapidApi,0,,826,3429,,,DYNAMATRIX,Balai d'essuie-glace / raclette,Type
108364,RAPID-3381130,Balai d'essuie-glace,,450DH,,DYNAMATRIX,DYNAMATRIX,,,,https://fsn1.your-objectstorage.com/tecdoc2025/media_files/images/4318/18d84906924bb3edd3a8b43b37aebd91daa03d68.webp,0.0000,0.0000,0.0000,0.0000,0,21.0000,0.0000,,0.0000,0.0000,0,,,,0.0000,2026-08-08 22:47:30,1.0000,piece,,,,,45.0000,,Balai d'essuie-glace / raclette,,,,Balai d'essuie-glace / raclette,,,,,,0,2026-08-08 22:47:30,2026-08-08 22:47:30,2026-08-08 22:47:30,RapidApi,0,,826,3429,,,DYNAMATRIX,Balai d'essuie-glace / raclette,Type
108365,RAPID-3381128,Balai d'essuie-glace,,450DC,,DYNAMATRIX,DYNAMATRIX,,,,https://fsn1.your-objectstorage.com/tecdoc2025/media_files/images/4318/94436faa8b81302efc773eeb084a5f13407de9f9.webp,0.0000,0.0000,0.0000,0.0000,0,21.0000,0.0000,,0.0000,0.0000,0,,,,0.0000,2026-08-08 22:47:30,1.0000,piece,,,,,45.0000,,Balai d'essuie-glace / raclette,,,,Balai d'essuie-glace / raclette,,,,,,0,2026-08-08 22:47:30,2026-08-08 22:47:30,2026-08-08 22:47:30,RapidApi,0,,826,3429,,,DYNAMATRIX,Balai d'essuie-glace / raclette,Type
108366,RAPID-3381129,Balai d'essuie-glace,,450DF,,DYNAMATRIX,DYNAMATRIX,,,,https://fsn1.your-objectstorage.com/tecdoc2025/media_files/images/4318/04912c3a07d32578775ba0d97eae52a1883d703a.webp,0.0000,0.0000,0.0000,0.0000,0,21.0000,0.0000,,0.0000,0.0000,0,,,,0.0000,2026-08-08 22:47:30,1.0000,piece,,,,,45.0000,,Balai d'essuie-glace / raclette,,,,Balai d'essuie-glace / raclette,,,,,,0,2026-08-08 22:47:30,2026-08-08 22:47:30,2026-08-08 22:47:30,RapidApi,0,,826,3429,,,DYNAMATRIX,Balai d'essuie-glace / raclette,Type
108367,RAPID-4170447,Balai d'essuie-glace,,635951,,DYNAMAX,DYNAMAX,,,,https://fsn1.your-objectstorage.com/tecdoc2025/media_files/images/4881/5cceb700cbebecee6a13f0580b046c264143b7ea.webp,0.0000,0.0000,0.0000,0.0000,0,21.0000,0.0000,,0.0000,0.0000,0,,,,0.0000,2026-08-08 22:47:30,1.0000,piece,,,,,18.0000,,Balai d'essuie-glace / raclette,,,,Balai d'essuie-glace / raclette,,,,,,0,2026-08-08 22:47:30,2026-08-08 22:47:30,2026-08-08 22:47:30,RapidApi,0,,827,3429,,,DYNAMAX,Balai d'essuie-glace / raclette,Type
108368,RAPID-4170449,Balai d'essuie-glace,,635954,,DYNAMAX,DYNAMAX,,,,https://fsn1.your-objectstorage.com/tecdoc2025/media_files/images/4881/5cceb700cbebecee6a13f0580b046c264143b7ea.webp,0.0000,0.0000,0.0000,0.0000,0,21.0000,0.0000,,0.0000,0.0000,0,,,,0.0000,2026-08-08 22:47:30,1.0000,piece,,,,,20.0000,,Balai d'essuie-glace / raclette,,,,Balai d'essuie-glace / raclette,,,,,,0,2026-08-08 22:47:30,2026-08-08 22:47:30,2026-08-08 22:47:30,RapidApi,0,,827,3429,,,DYNAMAX,Balai d'essuie-glace / raclette,Type
108369,RAPID-4170450,Balai d'essuie-glace,,635955,,DYNAMAX,DYNAMAX,,,,https://fsn1.your-objectstorage.com/tecdoc2025/media_files/images/4881/5cceb700cbebecee6a13f0580b046c264143b7ea.webp,0.0000,0.0000,0.0000,0.0000,0,21.0000,0.0000,,0.0000,0.0000,0,,,,0.0000,2026-08-08 22:47:30,1.0000,piece,,,,,21.0000,,Balai d'essuie-glace / raclette,,,,Balai d'essuie-glace / raclette,,,,,,0,2026-08-08 22:47:30,2026-08-08 22:47:30,2026-08-08 22:47:30,RapidApi,0,,827,3429,,,DYNAMAX,Balai d'essuie-glace / raclette,Type
108370,RAPID-6870818,Balai d'essuie-glace,,EW5009,,ELTA AUTOMOTIVE,ELTA AUTOMOTIVE,,,,https://fsn1.your-objectstorage.com/tecdoc2025/media_files/images/4344/b4806c2077a5e3d2ba0e17dcf53e5cc80df5f226.webp,0.0000,0.0000,0.0000,0.0000,0,21.0000,0.0000,,0.0000,0.0000,0,,,,0.0000,2026-08-08 22:47:30,1.0000,piece,,,,,21.0000,,Balai d'essuie-glace / raclette,,,,Balai d'essuie-glace / raclette,,,,,,0,2026-08-08 22:47:30,2026-08-08 22:47:30,2026-08-08 22:47:30,RapidApi,0,,778,3429,,,ELTA AUTOMOTIVE,Balai d'essuie-glace / raclette,Type
108371,RAPID-6870849,Balai d'essuie-glace,,EW7009,,ELTA AUTOMOTIVE,ELTA AUTOMOTIVE,,,,https://fsn1.your-objectstorage.com/tecdoc2025/media_files/images/4344/b7009d74e21c8d88773b4f4d11e0d70978b87d54.webp,0.0000,0.0000,0.0000,0.0000,0,21.0000,0.0000,,0.0000,0.0000,0,,,,0.0000,2026-08-08 22:47:30,1.0000,piece,,,,,12.0000,,Balai d'essuie-glace / raclette,,,,Balai d'essuie-glace / raclette,,,,,,0,2026-08-08 22:47:30,2026-08-08 22:47:30,2026-08-08 22:47:30,RapidApi,0,,778,3429,,,ELTA AUTOMOTIVE,Balai d'essuie-glace / raclette,Type
108372,RAPID-6870860,Balai d'essuie-glace,,EW7020,,ELTA AUTOMOTIVE,ELTA AUTOMOTIVE,,,,https://fsn1.your-objectstorage.com/tecdoc2025/media_files/images/4344/8e540e3b30ffdb32204b71042e1a88e3dfd6dfe5.webp,0.0000,0.0000,0.0000,0.0000,0,21.0000,0.0000,,0.0000,0.0000,0,,,,0.0000,2026-08-08 22:47:30,1.0000,piece,,,,,14.0000,,Balai d'essuie-glace / raclette,,,,Balai d'essuie-glace / raclette,,,,,,0,2026-08-08 22:47:30,2026-08-08 22:47:30,2026-08-08 22:47:30,RapidApi,0,,778,3429,,,ELTA AUTOMOTIVE,Balai d'essuie-glace / raclette,Type
108373,RAPID-6870791,Balai d'essuie-glace,,EW1005,,ELTA AUTOMOTIVE,ELTA AUTOMOTIVE,,,,https://fsn1.your-objectstorage.com/tecdoc2025/media_files/images/4344/7d2db63b46a56c7d1378376a4597487ae75d28c4.webp,0.0000,0.0000,0.0000,0.0000,0,21.0000,0.0000,,0.0000,0.0000,0,,,,0.0000,2026-08-08 22:47:30,1.0000,piece,,,,,21.0000,,Balai d'essuie-glace / raclette,,,,Balai d'essuie-glace / raclette,,,,,,0,2026-08-08 22:47:30,2026-08-08 22:47:30,2026-08-08 22:47:30,RapidApi,0,,778,3429,,,ELTA AUTOMOTIVE,Balai d'essuie-glace / raclette,Type
108374,RAPID-6870777,Balai d'essuie-glace,,EW0012,,ELTA AUTOMOTIVE,ELTA AUTOMOTIVE,,,,https://fsn1.your-objectstorage.com/tecdoc2025/media_files/images/4344/ab2bf44e76cfeec893b080e3d3ea629d59827cdb.webp,0.0000,0.0000,0.0000,0.0000,0,21.0000,0.0000,,0.0000,0.0000,0,,,,0.0000,2026-08-08 22:47:30,1.0000,piece,,,,,21.0000,,Balai d'essuie-glace / raclette,,,,Balai d'essuie-glace / raclette,,,,,,0,2026-08-08 22:47:30,2026-08-08 22:47:30,2026-08-08 22:47:30,RapidApi,0,,778,3429,,,ELTA AUTOMOTIVE,Balai d'essuie-glace / raclette,Type
108375,RAPID-8904852,"Bras d'essuie-glace, nettoyage des vitres",,RWT0015,,ENERGY,ENERGY,,,,https://fsn1.your-objectstorage.com/tecdoc2025/media_files/images/6942/1ac89209cd207032b1fca5a6043f212f0144ef58.webp,0.0000,0.0000,0.0000,0.0000,0,21.0000,0.0000,,0.0000,0.0000,0,,,,0.0000,2026-08-08 22:47:30,1.0000,piece,,,,,30.5000,,Balai d'essuie-glace / raclette,,,,Balai d'essuie-glace / raclette,,,,,,0,2026-08-08 22:47:30,2026-08-08 22:47:30,2026-08-08 22:47:30,RapidApi,0,,828,3429,,,ENERGY,Balai d'essuie-glace / raclette,Type
108376,RAPID-49713706,"Kit de bras d'essuie-glace, nettoyage des vitres",,GOM780112,,EQUAL QUALITY,EQUAL QUALITY,,,,https://fsn1.your-objectstorage.com/tecdoc2025/media_files/images/435/b3098b42283245193b5a65ae3207a8c41f70da47.webp,0.0000,0.0000,0.0000,0.0000,0,21.0000,0.0000,,0.0000,0.0000,0,,,,0.0000,2026-08-08 22:47:30,1.0000,piece,,,,,30.5000,,Balai d'essuie-glace / raclette,,,,Balai d'essuie-glace / raclette,,,,,,0,2026-08-08 22:47:30,2026-08-08 22:47:30,2026-08-08 22:47:30,RapidApi,0,,829,3429,,,EQUAL QUALITY,Balai d'essuie-glace / raclette,Type
108377,RAPID-56167489,"Bras d'essuie-glace, nettoyage des vitres",,05SKV823,,ESEN SKV,ESEN SKV,,,,https://fsn1.your-objectstorage.com/tecdoc2025/media_files/images/4969/bff2693aea68b4fad9aafdddb949dcc00e430464.webp,0.0000,0.0000,0.0000,0.0000,0,21.0000,0.0000,,0.0000,0.0000,0,,,,0.0000,2026-08-08 22:47:30,1.0000,piece,,0.1100,,,,,Balai d'essuie-glace / raclette,,,,Balai d'essuie-glace / raclette,,,,,,0,2026-08-08 22:47:30,2026-08-08 22:47:30,2026-08-08 22:47:30,RapidApi,0,,830,3429,,,ESEN SKV,Balai d'essuie-glace / raclette,Type
108378,RAPID-1506334,Balai d'essuie-glace,,1623233980,,EUROREPAR,EUROREPAR,,,,https://fsn1.your-objectstorage.com/tecdoc2025/media_files/images/4391/cd1efb17dc5dd6934840f444d51b752c5b074e49.webp,0.0000,0.0000,0.0000,0.0000,0,21.0000,0.0000,,0.0000,0.0000,0,,,,0.0000,2026-08-08 22:47:30,1.0000,piece,,,,,53.0000,,Balai d'essuie-glace / raclette,,,,Balai d'essuie-glace / raclette,,,,,,0,2026-08-08 22:47:30,2026-08-08 22:47:30,2026-08-08 22:47:30,RapidApi,0,,780,3429,,,EUROREPAR,Balai d'essuie-glace / raclette,Type
108379,RAPID-1506346,Balai d'essuie-glace,,1623235180,,EUROREPAR,EUROREPAR,,,,https://fsn1.your-objectstorage.com/tecdoc2025/media_files/images/4391/7cf3272d1ddd44b1cd1bfb9e9997b54ff29ee148.webp,0.0000,0.0000,0.0000,0.0000,0,21.0000,0.0000,,0.0000,0.0000,0,,,,0.0000,2026-08-08 22:47:30,1.0000,piece,,,,,12.0000,,Balai d'essuie-glace / raclette,,,,Balai d'essuie-glace / raclette,,,,,,0,2026-08-08 22:47:30,2026-08-08 22:47:30,2026-08-08 22:47:30,RapidApi,0,,780,3429,,,EUROREPAR,Balai d'essuie-glace / raclette,Type
108380,RAPID-1506359,Balai d'essuie-glace,,1623236480,,EUROREPAR,EUROREPAR,,,,https://fsn1.your-objectstorage.com/tecdoc2025/media_files/images/4391/8efd73a5acf3321b1d4fa062d15a573a56064cc1.webp,0.0000,0.0000,0.0000,0.0000,0,21.0000,0.0000,,0.0000,0.0000,0,,,,0.0000,2026-08-08 22:47:30,1.0000,piece,,,,,45.0000,,Balai d'essuie-glace / raclette,,,,Balai d'essuie-glace / raclette,,,,,,0,2026-08-08 22:47:30,2026-08-08 22:47:30,2026-08-08 22:47:30,RapidApi,0,,780,3429,,,EUROREPAR,Balai d'essuie-glace / raclette,Type
108381,RAPID-1506363,Balai d'essuie-glace,,1623236880,,EUROREPAR,EUROREPAR,,,,https://fsn1.your-objectstorage.com/tecdoc2025/media_files/images/4391/f0eb4d90cb9eaf0fcce0fdf5cbb1a97a532a5ae5.webp,0.0000,0.0000,0.0000,0.0000,0,21.0000,0.0000,,0.0000,0.0000,0,,,,0.0000,2026-08-08 22:47:30,1.0000,piece,,,,,52.0000,,Balai d'essuie-glace / raclette,,,,Balai d'essuie-glace / raclette,,,,,,0,2026-08-08 22:47:30,2026-08-08 22:47:30,2026-08-08 22:47:30,RapidApi,0,,780,3429,,,EUROREPAR,Balai d'essuie-glace / raclette,Type
108382,RAPID-1506362,Balai d'essuie-glace,,1623236780,,EUROREPAR,EUROREPAR,,,,https://fsn1.your-objectstorage.com/tecdoc2025/media_files/images/4391/8efd73a5acf3321b1d4fa062d15a573a56064cc1.webp,0.0000,0.0000,0.0000,0.0000,0,21.0000,0.0000,,0.0000,0.0000,0,,,,0.0000,2026-08-08 22:47:30,1.0000,piece,,,,,20.0000,,Balai d'essuie-glace / raclette,,,,Balai d'essuie-glace / raclette,,,,,,0,2026-08-08 22:47:30,2026-08-08 22:47:30,2026-08-08 22:47:30,RapidApi,0,,780,3429,,,EUROREPAR,Balai d'essuie-glace / raclette,Type
108383,RAPID-1506335,Balai d'essuie-glace,,1623234080,,EUROREPAR,EUROREPAR,,,,https://fsn1.your-objectstorage.com/tecdoc2025/media_files/images/4391/cd1efb17dc5dd6934840f444d51b752c5b074e49.webp,0.0000,0.0000,0.0000,0.0000,0,21.0000,0.0000,,0.0000,0.0000,0,,,,0.0000,2026-08-08 22:47:30,1.0000,piece,,,,,50.0000,,Balai d'essuie-glace / raclette,,,,Balai d'essuie-glace / raclette,,,,,,0,2026-08-08 22:47:30,2026-08-08 22:47:30,2026-08-08 22:47:30,RapidApi,0,,780,3429,,,EUROREPAR,Balai d'essuie-glace / raclette,Type
108384,RAPID-1515198,Balai d'essuie-glace,,1635454480,,EUROREPAR,EUROREPAR,,,,https://fsn1.your-objectstorage.com/tecdoc2025/media_files/images/4391/9616a5099a41ba88f2505f285599cedafb192d93.webp,0.0000,0.0000,0.0000,0.0000,0,21.0000,0.0000,,0.0000,0.0000,0,,,,0.0000,2026-08-08 22:47:30,1.0000,piece,,,,,18.0000,,Balai d'essuie-glace / raclette,,,,Balai d'essuie-glace / raclette,,,,,,0,2026-08-08 22:47:30,2026-08-08 22:47:30,2026-08-08 22:47:30,RapidApi,0,,780,3429,,,EUROREPAR,Balai d'essuie-glace / raclette,Type
108385,RAPID-1515200,Balai d'essuie-glace,,1635454680,,EUROREPAR,EUROREPAR,,,,https://fsn1.your-objectstorage.com/tecdoc2025/media_files/images/4391/9616a5099a41ba88f2505f285599cedafb192d93.webp,0.0000,0.0000,0.0000,0.0000,0,21.0000,0.0000,,0.0000,0.0000,0,,,,0.0000,2026-08-08 22:47:30,1.0000,piece,,,,,20.0000,,Balai d'essuie-glace / raclette,,,,Balai d'essuie-glace / raclette,,,,,,0,2026-08-08 22:47:30,2026-08-08 22:47:30,2026-08-08 22:47:30,RapidApi,0,,780,3429,,,EUROREPAR,Balai d'essuie-glace / raclette,Type
108386,RAPID-2014165,Balai d'essuie-glace,,21716,,FARE SA,FARE SA,,,,https://fsn1.your-objectstorage.com/tecdoc2025/media_files/images/4834/1e79d41e79ceb70ca45ffef3c68baa26743450f2.webp,0.0000,0.0000,0.0000,0.0000,0,21.0000,0.0000,,0.0000,0.0000,0,,,,0.0000,2026-08-08 22:47:30,1.0000,piece,,0.1500,,,30.5000,,Balai d'essuie-glace / raclette,,,,Balai d'essuie-glace / raclette,,,,,,0,2026-08-08 22:47:30,2026-08-08 22:47:30,2026-08-08 22:47:30,RapidApi,0,,831,3429,,,FARE SA,Balai d'essuie-glace / raclette,Type
108387,RAPID-2014061,Balai d'essuie-glace,,21712,,FARE SA,FARE SA,,,,https://fsn1.your-objectstorage.com/tecdoc2025/media_files/images/4834/99fa64609423293b7db39d6683442e89c3249b78.webp,0.0000,0.0000,0.0000,0.0000,0,21.0000,0.0000,,0.0000,0.0000,0,,,,0.0000,2026-08-08 22:47:30,1.0000,piece,,0.1520,,,30.5000,,Balai d'essuie-glace / raclette,,,,Balai d'essuie-glace / raclette,,,,,,0,2026-08-08 22:47:30,2026-08-08 22:47:30,2026-08-08 22:47:30,RapidApi,0,,831,3429,,,FARE SA,Balai d'essuie-glace / raclette,Type
108388,RAPID-7150587,Balai d'essuie-glace,,FT93229,,FAST,FAST,,,,https://fsn1.your-objectstorage.com/tecdoc2025/media_files/images/4938/a34dd5a846b1df243f779be680202aec4745586c.webp,0.0000,0.0000,0.0000,0.0000,0,21.0000,0.0000,,0.0000,0.0000,0,,,,0.0000,2026-08-08 22:47:30,1.0000,piece,,,,,45.0000,,Balai d'essuie-glace / raclette,,,,Balai d'essuie-glace / raclette,,,,,,0,2026-08-08 22:47:30,2026-08-08 22:47:30,2026-08-08 22:47:30,RapidApi,0,,832,3429,,,FAST,Balai d'essuie-glace / raclette,Type
108389,RAPID-7150609,Balai d'essuie-glace,,FT93247,,FAST,FAST,,,,https://fsn1.your-objectstorage.com/tecdoc2025/media_files/images/4938/db57fe27e4f7bdd721d5b6095e7dddc73183017d.webp,0.0000,0.0000,0.0000,0.0000,0,21.0000,0.0000,,0.0000,0.0000,0,,,,0.0000,2026-08-08 22:47:30,1.0000,piece,,,,,50.0000,,Balai d'essuie-glace / raclette,,,,Balai d'essuie-glace / raclette,,,,,,0,2026-08-08 22:47:30,2026-08-08 22:47:30,2026-08-08 22:47:30,RapidApi,0,,832,3429,,,FAST,Balai d'essuie-glace / raclette,Type
108390,RAPID-7150610,Balai d'essuie-glace,,FT93248,,FAST,FAST,,,,https://fsn1.your-objectstorage.com/tecdoc2025/media_files/images/4938/4ecca2deb1ad64e0d055c7355a5b140a63888a46.webp,0.0000,0.0000,0.0000,0.0000,0,21.0000,0.0000,,0.0000,0.0000,0,,,,0.0000,2026-08-08 22:47:30,1.0000,piece,,,,,53.0000,,Balai d'essuie-glace / raclette,,,,Balai d'essuie-glace / raclette,,,,,,0,2026-08-08 22:47:30,2026-08-08 22:47:30,2026-08-08 22:47:30,RapidApi,0,,832,3429,,,FAST,Balai d'essuie-glace / raclette,Type
108391,RAPID-15622509,Balai d'essuie-glace,,WB23250,,FENOX,FENOX,,,,https://fsn1.your-objectstorage.com/tecdoc2025/media_files/images/271/2f60f7f02c4f68df2862a71d50f6d93fdd95d276.webp,0.0000,0.0000,0.0000,0.0000,0,21.0000,0.0000,,0.0000,0.0000,0,,,,0.0000,2026-08-08 22:47:30,1.0000,piece,,,,,24.0000,,Balai d'essuie-glace / raclette,,,,Balai d'essuie-glace / raclette,,,,,,0,2026-08-08 22:47:30,2026-08-08 22:47:30,2026-08-08 22:47:30,RapidApi,0,,833,3429,,,FENOX,Balai d'essuie-glace / raclette,Type
108392,RAPID-9686218,Balai d'essuie-glace,,WB50220,,FENOX,FENOX,,,,https://fsn1.your-objectstorage.com/tecdoc2025/media_files/images/271/e23fe5f9adc90c04430681997d9a2e40355e9eed.webp,0.0000,0.0000,0.0000,0.0000,0,21.0000,0.0000,,0.0000,0.0000,0,,,,0.0000,2026-08-08 22:47:30,1.0000,piece,,,,,50.0000,,Balai d'essuie-glace / raclette,,,,Balai d'essuie-glace / raclette,,,,,,0,2026-08-08 22:47:30,2026-08-08 22:47:30,2026-08-08 22:47:30,RapidApi,0,,833,3429,,,FENOX,Balai d'essuie-glace / raclette,Type
108393,RAPID-13049770,Balai d'essuie-glace,,WB65230,,FENOX,FENOX,,,,https://fsn1.your-objectstorage.com/tecdoc2025/media_files/images/271/88a05fe7da674aa408e5d39554a8a6e59dd1f9ea.webp,0.0000,0.0000,0.0000,0.0000,0,21.0000,0.0000,,0.0000,0.0000,0,,,,0.0000,2026-08-08 22:47:30,1.0000,piece,,,,,65.0000,,Balai d'essuie-glace / raclette,,,,Balai d'essuie-glace / raclette,,,,,,0,2026-08-08 22:47:30,2026-08-08 22:47:30,2026-08-08 22:47:30,RapidApi,0,,833,3429,,,FENOX,Balai d'essuie-glace / raclette,Type
108394,RAPID-15752757,Balai d'essuie-glace,,WB48310,,FENOX,FENOX,,,,https://fsn1.your-objectstorage.com/tecdoc2025/media_files/images/271/4024fee7180cf24052d404d60b1ae91c76e10638.webp,0.0000,0.0000,0.0000,0.0000,0,21.0000,0.0000,,0.0000,0.0000,0,,,,0.0000,2026-08-08 22:47:30,1.0000,piece,,,,,48.0000,,Balai d'essuie-glace / raclette,,,,Balai d'essuie-glace / raclette,,,,,,0,2026-08-08 22:47:30,2026-08-08 22:47:30,2026-08-08 22:47:30,RapidApi,0,,833,3429,,,FENOX,Balai d'essuie-glace / raclette,Type
108395,RAPID-18344449,Balai d'essuie-glace,,WB48240,,FENOX,FENOX,,,,https://fsn1.your-objectstorage.com/tecdoc2025/media_files/images/271/185dd1bf861fb5bcc10b92b76acfa9bfb5c9f9bb.webp,0.0000,0.0000,0.0000,0.0000,0,21.0000,0.0000,,0.0000,0.0000,0,,,,0.0000,2026-08-08 22:47:30,1.0000,piece,,,,,48.0000,,Balai d'essuie-glace / raclette,,,,Balai d'essuie-glace / raclette,,,,,,0,2026-08-08 22:47:30,2026-08-08 22:47:30,2026-08-08 22:47:30,RapidApi,0,,833,3429,,,FENOX,Balai d'essuie-glace / raclette,Type
108396,RAPID-9686225,Balai d'essuie-glace,,WB55220,,FENOX,FENOX,,,,https://fsn1.your-objectstorage.com/tecdoc2025/media_files/images/271/52f625f0330598e070c1f7c2281aa7f6be5c2976.webp,0.0000,0.0000,0.0000,0.0000,0,21.0000,0.0000,,0.0000,0.0000,0,,,,0.0000,2026-08-08 22:47:30,1.0000,piece,,,,,55.0000,,Balai d'essuie-glace / raclette,,,,Balai d'essuie-glace / raclette,,,,,,0,2026-08-08 22:47:30,2026-08-08 22:47:30,2026-08-08 22:47:30,RapidApi,0,,833,3429,,,FENOX,Balai d'essuie-glace / raclette,Type
108397,RAPID-21264884,Balai d'essuie-glace,,WB48230,,FENOX,FENOX,,,,https://fsn1.your-objectstorage.com/tecdoc2025/media_files/images/271/389ea34387455fadbb2fbb7ddfc29f011c10b702.webp,0.0000,0.0000,0.0000,0.0000,0,21.0000,0.0000,,0.0000,0.0000,0,,,,0.0000,2026-08-08 22:47:30,1.0000,piece,,,,,48.0000,,Balai d'essuie-glace / raclette,,,,Balai d'essuie-glace / raclette,,,,,,0,2026-08-08 22:47:30,2026-08-08 22:47:30,2026-08-08 22:47:30,RapidApi,0,,833,3429,,,FENOX,Balai d'essuie-glace / raclette,Type
108398,RAPID-9686240,Balai d'essuie-glace,,WB65220,,FENOX,FENOX,,,,https://fsn1.your-objectstorage.com/tecdoc2025/media_files/images/271/b6ee33d5193b453262a608aed084948785a15414.webp,0.0000,0.0000,0.0000,0.0000,0,21.0000,0.0000,,0.0000,0.0000,0,,,,0.0000,2026-08-08 22:47:30,1.0000,piece,,,,,65.0000,,Balai d'essuie-glace / raclette,,,,Balai d'essuie-glace / raclette,,,,,,0,2026-08-08 22:47:30,2026-08-08 22:47:30,2026-08-08 22:47:30,RapidApi,0,,833,3429,,,FENOX,Balai d'essuie-glace / raclette,Type
108399,RAPID-9686217,Balai d'essuie-glace,,WB50210,,FENOX,FENOX,,,,https://fsn1.your-objectstorage.com/tecdoc2025/media_files/images/271/3986aca1f09a842f777d2290e4e7e4db562ab64c.webp,0.0000,0.0000,0.0000,0.0000,0,21.0000,0.0000,,0.0000,0.0000,0,,,,0.0000,2026-08-08 22:47:30,1.0000,piece,,,,,50.0000,,Balai d'essuie-glace / raclette,,,,Balai d'essuie-glace / raclette,,,,,,0,2026-08-08 22:47:30,2026-08-08 22:47:30,2026-08-08 22:47:30,RapidApi,0,,833,3429,,,FENOX,Balai d'essuie-glace / raclette,Type
108400,RAPID-18936891,Balai d'essuie-glace,,WB65310,,FENOX,FENOX,,,,https://fsn1.your-objectstorage.com/tecdoc2025/media_files/images/271/2f39407b8d3d5a7d3c16f0748bcb1510932a5672.webp,0.0000,0.0000,0.0000,0.0000,0,21.0000,0.0000,,0.0000,0.0000,0,,,,0.0000,2026-08-08 22:47:30,1.0000,piece,,,,,65.0000,,Balai d'essuie-glace / raclette,,,,Balai d'essuie-glace / raclette,,,,,,0,2026-08-08 22:47:30,2026-08-08 22:47:30,2026-08-08 22:47:30,RapidApi,0,,833,3429,,,FENOX,Balai d'essuie-glace / raclette,Type
108401,RAPID-6029827,"Bras d'essuie-glace, nettoyage des vitres",,BLF410317HQ,,FLAMAR,FLAMAR,,,,https://fsn1.your-objectstorage.com/tecdoc2025/media_files/images/6989/d22b6507ce98a0f7fff19122dcd260601a13095a.webp,0.0000,0.0000,0.0000,0.0000,0,21.0000,0.0000,,0.0000,0.0000,0,,,,0.0000,2026-08-08 22:47:30,1.0000,piece,,,,,,,Balai d'essuie-glace / raclette,,,,Balai d'essuie-glace / raclette,,,,,,0,2026-08-08 22:47:30,2026-08-08 22:47:30,2026-08-08 22:47:30,RapidApi,0,,834,3429,,,FLAMAR,Balai d'essuie-glace / raclette,Type
108402,RAPID-6029843,"Bras d'essuie-glace, nettoyage des vitres",,BLF520347HQ,,FLAMAR,FLAMAR,,,,https://fsn1.your-objectstorage.com/tecdoc2025/media_files/images/6989/59bd9f8a7b595e862923dd37f7d84288a349290c.webp,0.0000,0.0000,0.0000,0.0000,0,21.0000,0.0000,,0.0000,0.0000,0,,,,0.0000,2026-08-08 22:47:30,1.0000,piece,,,,,,,Balai d'essuie-glace / raclette,,,,Balai d'essuie-glace / raclette,,,,,,0,2026-08-08 22:47:30,2026-08-08 22:47:30,2026-08-08 22:47:30,RapidApi,0,,834,3429,,,FLAMAR,Balai d'essuie-glace / raclette,Type
108403,RAPID-12445587,Balai d'essuie-glace,,892736601,,FREY,FREY,,,,https://fsn1.your-objectstorage.com/tecdoc2025/media_files/images/6484/24c5cb1334ffdf32a50f1379dc6ec75b6b7847a2.webp,0.0000,0.0000,0.0000,0.0000,0,21.0000,0.0000,,0.0000,0.0000,0,,,,0.0000,2026-08-08 22:47:30,1.0000,piece,,,,,,,Balai d'essuie-glace / raclette,,,,Balai d'essuie-glace / raclette,,,,,,0,2026-08-08 22:47:30,2026-08-08 22:47:30,2026-08-08 22:47:30,RapidApi,0,,835,3429,,,FREY,Balai d'essuie-glace / raclette,Type
108404,RAPID-85025885,Balai d'essuie-glace,,GCB980002,,GoCore,GoCore,,,,https://fsn1.your-objectstorage.com/tecdoc2025/media_files/images/7669/46e35dc63ee1d51489710b553ad6bbb6ea7a3472.webp,0.0000,0.0000,0.0000,0.0000,0,21.0000,0.0000,,0.0000,0.0000,0,,,,0.0000,2026-08-08 22:47:30,1.0000,piece,,,,,45.0000,,Balai d'essuie-glace / raclette,,,,Balai d'essuie-glace / raclette,,,,,,0,2026-08-08 22:47:30,2026-08-08 22:47:30,2026-08-08 22:47:30,RapidApi,0,,836,3429,,,GoCore,Balai d'essuie-glace / raclette,Type
108405,RAPID-80561556,Balai d'essuie-glace,,GCB980010,,GoCore,GoCore,,,,https://fsn1.your-objectstorage.com/tecdoc2025/media_files/images/7669/0ad2ed2e87f9e2695272533360e6e239d9b1f039.webp,0.0000,0.0000,0.0000,0.0000,0,21.0000,0.0000,,0.0000,0.0000,0,,,,0.0000,2026-08-08 22:47:30,1.0000,piece,,,,,53.0000,,Balai d'essuie-glace / raclette,,,,Balai d'essuie-glace / raclette,,,,,,0,2026-08-08 22:47:30,2026-08-08 22:47:30,2026-08-08 22:47:30,RapidApi,0,,836,3429,,,GoCore,Balai d'essuie-glace / raclette,Type
108406,RAPID-84830164,Balai d'essuie-glace,,GCB980014,,GoCore,GoCore,,,,https://fsn1.your-objectstorage.com/tecdoc2025/media_files/images/7669/cea1f01ca61b20465498123b63ac8b3745c924e5.webp,0.0000,0.0000,0.0000,0.0000,0,21.0000,0.0000,,0.0000,0.0000,0,,,,0.0000,2026-08-08 22:47:30,1.0000,piece,,,,,22.0000,,Balai d'essuie-glace / raclette,,,,Balai d'essuie-glace / raclette,,,,,,0,2026-08-08 22:47:30,2026-08-08 22:47:30,2026-08-08 22:47:30,RapidApi,0,,836,3429,,,GoCore,Balai d'essuie-glace / raclette,Type
108407,RAPID-76752650,Balai d'essuie-glace,,GCB980025,,GoCore,GoCore,,,,https://fsn1.your-objectstorage.com/tecdoc2025/media_files/images/7669/d9bcfbbe932434df779cdbfb471e424b4201bb40.webp,0.0000,0.0000,0.0000,0.0000,0,21.0000,0.0000,,0.0000,0.0000,0,,,,0.0000,2026-08-08 22:47:30,1.0000,piece,,,,,18.0000,,Balai d'essuie-glace / raclette,,,,Balai d'essuie-glace / raclette,,,,,,0,2026-08-08 22:47:30,2026-08-08 22:47:30,2026-08-08 22:47:30,RapidApi,0,,836,3429,,,GoCore,Balai d'essuie-glace / raclette,Type
108408,RAPID-85549909,Balai d'essuie-glace,,GCB980013,,GoCore,GoCore,,,,https://fsn1.your-objectstorage.com/tecdoc2025/media_files/images/7669/d9f0b053d1d21d14a78887fe114f04d121861df5.webp,0.0000,0.0000,0.0000,0.0000,0,21.0000,0.0000,,0.0000,0.0000,0,,,,0.0000,2026-08-08 22:47:30,1.0000,piece,,,,,21.0000,,Balai d'essuie-glace / raclette,,,,Balai d'essuie-glace / raclette,,,,,,0,2026-08-08 22:47:30,2026-08-08 22:47:30,2026-08-08 22:47:30,RapidApi,0,,836,3429,,,GoCore,Balai d'essuie-glace / raclette,Type
108409,RAPID-74715677,Balai d'essuie-glace,,GCB980030,,GoCore,GoCore,,,,https://fsn1.your-objectstorage.com/tecdoc2025/media_files/images/7669/8e088836d9fb33c33b466c2e289f31590fb6bfa5.webp,0.0000,0.0000,0.0000,0.0000,0,21.0000,0.0000,,0.0000,0.0000,0,,,,0.0000,2026-08-08 22:47:30,1.0000,piece,,,,,20.0000,,Balai d'essuie-glace / raclette,,,,Balai d'essuie-glace / raclette,,,,,,0,2026-08-08 22:47:30,2026-08-08 22:47:30,2026-08-08 22:47:30,RapidApi,0,,836,3429,,,GoCore,Balai d'essuie-glace / raclette,Type
108410,RAPID-81019283,Balai d'essuie-glace,,GCB980024,,GoCore,GoCore,,,,https://fsn1.your-objectstorage.com/tecdoc2025/media_files/images/7669/3e4addd2ec4f4ec576b7e83645e9d6804fa98867.webp,0.0000,0.0000,0.0000,0.0000,0,21.0000,0.0000,,0.0000,0.0000,0,,,,0.0000,2026-08-08 22:47:30,1.0000,piece,,,,,21.0000,,Balai d'essuie-glace / raclette,,,,Balai d'essuie-glace / raclette,,,,,,0,2026-08-08 22:47:30,2026-08-08 22:47:30,2026-08-08 22:47:30,RapidApi,0,,836,3429,,,GoCore,Balai d'essuie-glace / raclette,Type
108411,RAPID-10345318,Balai d'essuie-glace,,WI-0065,,GOOM,GOOM,,,,https://fsn1.your-objectstorage.com/tecdoc2025/media_files/images/6443/3614b5f6cd186194f56ca61a1ba743343b799cbb.webp,0.0000,0.0000,0.0000,0.0000,0,21.0000,0.0000,,0.0000,0.0000,0,,,,0.0000,2026-08-08 22:47:30,1.0000,piece,,,,,29.0000,,Balai d'essuie-glace / raclette,,,,Balai d'essuie-glace / raclette,,,,,,0,2026-08-08 22:47:30,2026-08-08 22:47:30,2026-08-08 22:47:30,RapidApi,0,,837,3429,,,GOOM,Balai d'essuie-glace / raclette,Type
108412,RAPID-10345275,Balai d'essuie-glace,,WI-0022,,GOOM,GOOM,,,,https://fsn1.your-objectstorage.com/tecdoc2025/media_files/images/6443/7445009cb79cf9e24e16b1d7e90fbf6694bd2a23.webp,0.0000,0.0000,0.0000,0.0000,0,21.0000,0.0000,,0.0000,0.0000,0,,,,0.0000,2026-08-08 22:47:30,1.0000,piece,,,,,30.0000,,Balai d'essuie-glace / raclette,,,,Balai d'essuie-glace / raclette,,,,,,0,2026-08-08 22:47:30,2026-08-08 22:47:30,2026-08-08 22:47:30,RapidApi,0,,837,3429,,,GOOM,Balai d'essuie-glace / raclette,Type
108413,RAPID-82857942,"Bras d'essuie-glace, nettoyage des vitres",,GT70-017,,GT-BERGMANN,GT-BERGMANN,,,,https://fsn1.your-objectstorage.com/tecdoc2025/media_files/images/7794/9ff66744ebccad8fa94b538173113aa4c59ea28d.webp,0.0000,0.0000,0.0000,0.0000,0,21.0000,0.0000,,0.0000,0.0000,0,,,,0.0000,2026-08-08 22:47:30,1.0000,piece,,,,,30.5000,,Balai d'essuie-glace / raclette,,,,Balai d'essuie-glace / raclette,,,,,,0,2026-08-08 22:47:30,2026-08-08 22:47:30,2026-08-08 22:47:30,RapidApi,0,,838,3429,,,GT-BERGMANN,Balai d'essuie-glace / raclette,Type
108414,RAPID-164998,Balai d'essuie-glace,,006 003,,HART,HART,,,,https://fsn1.your-objectstorage.com/tecdoc2025/media_files/images/5251/5189e0d018b736e5825df1295c84773c1eee6b7c.webp,0.0000,0.0000,0.0000,0.0000,0,21.0000,0.0000,,0.0000,0.0000,0,,,,0.0000,2026-08-08 22:47:30,1.0000,piece,,,,,,,Balai d'essuie-glace / raclette,,,,Balai d'essuie-glace / raclette,,,,,,0,2026-08-08 22:47:30,2026-08-08 22:47:30,2026-08-08 22:47:30,RapidApi,0,,839,3429,,,HART,Balai d'essuie-glace / raclette,Type
108415,RAPID-164995,Balai d'essuie-glace,,006 000,,HART,HART,,,,https://fsn1.your-objectstorage.com/tecdoc2025/media_files/images/5251/5189e0d018b736e5825df1295c84773c1eee6b7c.webp,0.0000,0.0000,0.0000,0.0000,0,21.0000,0.0000,,0.0000,0.0000,0,,,,0.0000,2026-08-08 22:47:30,1.0000,piece,,,,,,,Balai d'essuie-glace / raclette,,,,Balai d'essuie-glace / raclette,,,,,,0,2026-08-08 22:47:30,2026-08-08 22:47:30,2026-08-08 22:47:30,RapidApi,0,,839,3429,,,HART,Balai d'essuie-glace / raclette,Type
108416,RAPID-168645,Balai d'essuie-glace,,007 515,,HART,HART,,,,https://fsn1.your-objectstorage.com/tecdoc2025/media_files/images/5251/b69ada837c1074146e92437a551b3967ac365530.webp,0.0000,0.0000,0.0000,0.0000,0,21.0000,0.0000,,0.0000,0.0000,0,,,,0.0000,2026-08-08 22:47:30,1.0000,piece,,,,,,,Balai d'essuie-glace / raclette,,,,Balai d'essuie-glace / raclette,,,,,,0,2026-08-08 22:47:30,2026-08-08 22:47:30,2026-08-08 22:47:30,RapidApi,0,,839,3429,,,HART,Balai d'essuie-glace / raclette,Type
108417,RAPID-168655,Balai d'essuie-glace,,007 527,,HART,HART,,,,https://fsn1.your-objectstorage.com/tecdoc2025/media_files/images/5251/4708216fcc227e0f54b46b7589b0f7a4f57a1cf3.webp,0.0000,0.0000,0.0000,0.0000,0,21.0000,0.0000,,0.0000,0.0000,0,,,,0.0000,2026-08-08 22:47:30,1.0000,piece,,,,,,,Balai d'essuie-glace / raclette,,,,Balai d'essuie-glace / raclette,,,,,,0,2026-08-08 22:47:30,2026-08-08 22:47:30,2026-08-08 22:47:30,RapidApi,0,,839,3429,,,HART,Balai d'essuie-glace / raclette,Type
108418,RAPID-168656,Balai d'essuie-glace,,007 528,,HART,HART,,,,https://fsn1.your-objectstorage.com/tecdoc2025/media_files/images/5251/4708216fcc227e0f54b46b7589b0f7a4f57a1cf3.webp,0.0000,0.0000,0.0000,0.0000,0,21.0000,0.0000,,0.0000,0.0000,0,,,,0.0000,2026-08-08 22:47:30,1.0000,piece,,,,,,,Balai d'essuie-glace / raclette,,,,Balai d'essuie-glace / raclette,,,,,,0,2026-08-08 22:47:30,2026-08-08 22:47:30,2026-08-08 22:47:30,RapidApi,0,,839,3429,,,HART,Balai d'essuie-glace / raclette,Type
108419,RAPID-168638,Balai d'essuie-glace,,007 508,,HART,HART,,,,https://fsn1.your-objectstorage.com/tecdoc2025/media_files/images/5251/94428ab11236f7fc7a1f2976731e16653867d8a8.webp,0.0000,0.0000,0.0000,0.0000,0,21.0000,0.0000,,0.0000,0.0000,0,,,,0.0000,2026-08-08 22:47:30,1.0000,piece,,,,,,,Balai d'essuie-glace / raclette,,,,Balai d'essuie-glace / raclette,,,,,,0,2026-08-08 22:47:30,2026-08-08 22:47:30,2026-08-08 22:47:30,RapidApi,0,,839,3429,,,HART,Balai d'essuie-glace / raclette,Type
108420,RAPID-168653,Balai d'essuie-glace,,007 525,,HART,HART,,,,https://fsn1.your-objectstorage.com/tecdoc2025/media_files/images/5251/4708216fcc227e0f54b46b7589b0f7a4f57a1cf3.webp,0.0000,0.0000,0.0000,0.0000,0,21.0000,0.0000,,0.0000,0.0000,0,,,,0.0000,2026-08-08 22:47:30,1.0000,piece,,,,,,,Balai d'essuie-glace / raclette,,,,Balai d'essuie-glace / raclette,,,,,,0,2026-08-08 22:47:30,2026-08-08 22:47:30,2026-08-08 22:47:30,RapidApi,0,,839,3429,,,HART,Balai d'essuie-glace / raclette,Type
108421,RAPID-502059,Balai d'essuie-glace,,054 725,,HART,HART,,,,https://fsn1.your-objectstorage.com/tecdoc2025/media_files/images/5251/50c0572cbbc6790cdcc514612a420733f84711cb.webp,0.0000,0.0000,0.0000,0.0000,0,21.0000,0.0000,,0.0000,0.0000,0,,,,0.0000,2026-08-08 22:47:30,1.0000,piece,,,,,,,Balai d'essuie-glace / raclette,,,,Balai d'essuie-glace / raclette,,,,,,0,2026-08-08 22:47:30,2026-08-08 22:47:30,2026-08-08 22:47:30,RapidApi,0,,839,3429,,,HART,Balai d'essuie-glace / raclette,Type
108422,RAPID-502057,Balai d'essuie-glace,,054 723,,HART,HART,,,,https://fsn1.your-objectstorage.com/tecdoc2025/media_files/images/5251/50c0572cbbc6790cdcc514612a420733f84711cb.webp,0.0000,0.0000,0.0000,0.0000,0,21.0000,0.0000,,0.0000,0.0000,0,,,,0.0000,2026-08-08 22:47:30,1.0000,piece,,,,,,,Balai d'essuie-glace / raclette,,,,Balai d'essuie-glace / raclette,,,,,,0,2026-08-08 22:47:30,2026-08-08 22:47:30,2026-08-08 22:47:30,RapidApi,0,,839,3429,,,HART,Balai d'essuie-glace / raclette,Type
108423,RAPID-20207617,Balai d'essuie-glace,,054 378,,HART,HART,,,,https://fsn1.your-objectstorage.com/tecdoc2025/media_files/images/5251/d6b84bb2fe8df3b5bb562abe62c1636fcad68d1f.webp,0.0000,0.0000,0.0000,0.0000,0,21.0000,0.0000,,0.0000,0.0000,0,,,,0.0000,2026-08-08 22:47:30,1.0000,piece,,,,,,,Balai d'essuie-glace / raclette,,,,Balai d'essuie-glace / raclette,,,,,,0,2026-08-08 22:47:30,2026-08-08 22:47:30,2026-08-08 22:47:30,RapidApi,0,,839,3429,,,HART,Balai d'essuie-glace / raclette,Type
108424,RAPID-1438553,"Kit de bras d'essuie-glace, nettoyage des vitres",,154 633,,HART,HART,,,,https://fsn1.your-objectstorage.com/tecdoc2025/media_files/images/5251/391f84b6f4609c27c1f48bdd561e2e4898cce84b.webp,0.0000,0.0000,0.0000,0.0000,0,21.0000,0.0000,,0.0000,0.0000,0,,,,0.0000,2026-08-08 22:47:30,1.0000,piece,,,,,,,Balai d'essuie-glace / raclette,,,,Balai d'essuie-glace / raclette,,,,,,0,2026-08-08 22:47:30,2026-08-08 22:47:30,2026-08-08 22:47:30,RapidApi,0,,839,3429,,,HART,Balai d'essuie-glace / raclette,Type
108425,RAPID-5414517,Balai d'essuie-glace,,9XW 358 061-181,,HELLA,HELLA,,,,https://fsn1.your-objectstorage.com/tecdoc2025/media_files/images/2/4a66d6962f1e2d4734a3e5fb7d74d0f7112ecb3e.webp,0.0000,0.0000,0.0000,0.0000,0,21.0000,0.0000,,0.0000,0.0000,0,,,,0.0000,2026-08-08 22:47:30,1.0000,piece,,,,,18.0000,,Balai d'essuie-glace / raclette,,,,Balai d'essuie-glace / raclette,,,,,,0,2026-08-08 22:47:30,2026-08-08 22:47:30,2026-08-08 22:47:30,RapidApi,0,,781,3429,,,HELLA,Balai d'essuie-glace / raclette,Type
108426,RAPID-12571775,Balai d'essuie-glace,,9XW 358 004-211,,HELLA,HELLA,,,,https://fsn1.your-objectstorage.com/tecdoc2025/media_files/images/2/2e927f99086930859554a2f01ab51df5002a5bc9.webp,0.0000,0.0000,0.0000,0.0000,0,21.0000,0.0000,,0.0000,0.0000,0,,,,0.0000,2026-08-08 22:47:30,1.0000,piece,,,,,21.0000,,Balai d'essuie-glace / raclette,,,,Balai d'essuie-glace / raclette,,,,,,0,2026-08-08 22:47:30,2026-08-08 22:47:30,2026-08-08 22:47:30,RapidApi,0,,781,3429,,,HELLA,Balai d'essuie-glace / raclette,Type
108427,RAPID-5414490,Balai d'essuie-glace,,9XW 358 053-201,,HELLA,HELLA,,,,https://fsn1.your-objectstorage.com/tecdoc2025/media_files/images/2/8511d1c35668fd83c87819ffd0e8ec8389670a65.webp,0.0000,0.0000,0.0000,0.0000,0,21.0000,0.0000,,0.0000,0.0000,0,,,,0.0000,2026-08-08 22:47:30,1.0000,piece,,,,,20.0000,,Balai d'essuie-glace / raclette,,,,Balai d'essuie-glace / raclette,,,,,,0,2026-08-08 22:47:30,2026-08-08 22:47:30,2026-08-08 22:47:30,RapidApi,0,,781,3429,,,HELLA,Balai d'essuie-glace / raclette,Type
108428,RAPID-5414488,Balai d'essuie-glace,,9XW 358 053-181,,HELLA,HELLA,,,,https://fsn1.your-objectstorage.com/tecdoc2025/media_files/images/2/8511d1c35668fd83c87819ffd0e8ec8389670a65.webp,0.0000,0.0000,0.0000,0.0000,0,21.0000,0.0000,,0.0000,0.0000,0,,,,0.0000,2026-08-08 22:47:30,1.0000,piece,,,,,18.0000,,Balai d'essuie-glace / raclette,,,,Balai d'essuie-glace / raclette,,,,,,0,2026-08-08 22:47:30,2026-08-08 22:47:30,2026-08-08 22:47:30,RapidApi,0,,781,3429,,,HELLA,Balai d'essuie-glace / raclette,Type
108429,RAPID-5414491,Balai d'essuie-glace,,9XW 358 053-211,,HELLA,HELLA,,,,https://fsn1.your-objectstorage.com/tecdoc2025/media_files/images/2/8511d1c35668fd83c87819ffd0e8ec8389670a65.webp,0.0000,0.0000,0.0000,0.0000,0,21.0000,0.0000,,0.0000,0.0000,0,,,,0.0000,2026-08-08 22:47:30,1.0000,piece,,,,,21.0000,,Balai d'essuie-glace / raclette,,,,Balai d'essuie-glace / raclette,,,,,,0,2026-08-08 22:47:30,2026-08-08 22:47:30,2026-08-08 22:47:30,RapidApi,0,,781,3429,,,HELLA,Balai d'essuie-glace / raclette,Type
108430,RAPID-5414543,Balai d'essuie-glace,,9XW 358 136-201,,HELLA,HELLA,,,,https://fsn1.your-objectstorage.com/tecdoc2025/media_files/images/2/e0e256181a0917c686b02c893d9267bcef82ead3.webp,0.0000,0.0000,0.0000,0.0000,0,21.0000,0.0000,,0.0000,0.0000,0,,,,0.0000,2026-08-08 22:47:30,1.0000,piece,,,,,20.0000,,Balai d'essuie-glace / raclette,,,,Balai d'essuie-glace / raclette,,,,,,0,2026-08-08 22:47:30,2026-08-08 22:47:30,2026-08-08 22:47:30,RapidApi,0,,781,3429,,,HELLA,Balai d'essuie-glace / raclette,Type
108431,RAPID-5414544,Balai d'essuie-glace,,9XW 358 136-211,,HELLA,HELLA,,,,https://fsn1.your-objectstorage.com/tecdoc2025/media_files/images/2/e0e256181a0917c686b02c893d9267bcef82ead3.webp,0.0000,0.0000,0.0000,0.0000,0,21.0000,0.0000,,0.0000,0.0000,0,,,,0.0000,2026-08-08 22:47:30,1.0000,piece,,,,,21.0000,,Balai d'essuie-glace / raclette,,,,Balai d'essuie-glace / raclette,,,,,,0,2026-08-08 22:47:30,2026-08-08 22:47:30,2026-08-08 22:47:30,RapidApi,0,,781,3429,,,HELLA,Balai d'essuie-glace / raclette,Type
108432,RAPID-5414520,Balai d'essuie-glace,,9XW 358 061-211,,HELLA,HELLA,,,,https://fsn1.your-objectstorage.com/tecdoc2025/media_files/images/2/8511d1c35668fd83c87819ffd0e8ec8389670a65.webp,0.0000,0.0000,0.0000,0.0000,0,21.0000,0.0000,,0.0000,0.0000,0,,,,0.0000,2026-08-08 22:47:30,1.0000,piece,,,,,21.0000,,Balai d'essuie-glace / raclette,,,,Balai d'essuie-glace / raclette,,,,,,0,2026-08-08 22:47:30,2026-08-08 22:47:30,2026-08-08 22:47:30,RapidApi,0,,781,3429,,,HELLA,Balai d'essuie-glace / raclette,Type
108433,RAPID-5414541,Balai d'essuie-glace,,9XW 358 136-181,,HELLA,HELLA,,,,https://fsn1.your-objectstorage.com/tecdoc2025/media_files/images/2/e0e256181a0917c686b02c893d9267bcef82ead3.webp,0.0000,0.0000,0.0000,0.0000,0,21.0000,0.0000,,0.0000,0.0000,0,,,,0.0000,2026-08-08 22:47:30,1.0000,piece,,,,,18.0000,,Balai d'essuie-glace / raclette,,,,Balai d'essuie-glace / raclette,,,,,,0,2026-08-08 22:47:30,2026-08-08 22:47:30,2026-08-08 22:47:30,RapidApi,0,,781,3429,,,HELLA,Balai d'essuie-glace / raclette,Type
108434,RAPID-5414519,Balai d'essuie-glace,,9XW 358 061-201,,HELLA,HELLA,,,,https://fsn1.your-objectstorage.com/tecdoc2025/media_files/images/2/7596ae51695cbb9d68c33a806d942c79f39ebe13.webp,0.0000,0.0000,0.0000,0.0000,0,21.0000,0.0000,,0.0000,0.0000,0,,,,0.0000,2026-08-08 22:47:30,1.0000,piece,,,,,20.0000,,Balai d'essuie-glace / raclette,,,,Balai d'essuie-glace / raclette,,,,,,0,2026-08-08 22:47:30,2026-08-08 22:47:30,2026-08-08 22:47:30,RapidApi,0,,781,3429,,,HELLA,Balai d'essuie-glace / raclette,Type
108435,RAPID-23601143,Balai d'essuie-glace,,9XW 358 232-211,,HELLA,HELLA,,,,https://fsn1.your-objectstorage.com/tecdoc2025/media_files/images/2/9465c255ca7a446e070e06aae09d3aa8469b248f.webp,0.0000,0.0000,0.0000,0.0000,0,21.0000,0.0000,,0.0000,0.0000,0,,,,0.0000,2026-08-08 22:47:30,1.0000,piece,,,,,21.0000,,Balai d'essuie-glace / raclette,,,,Balai d'essuie-glace / raclette,,,,,,0,2026-08-08 22:47:30,2026-08-08 22:47:30,2026-08-08 22:47:30,RapidApi,0,,781,3429,,,HELLA,Balai d'essuie-glace / raclette,Type
108436,RAPID-23535217,Balai d'essuie-glace,,9XW 358 232-191,,HELLA,HELLA,,,,https://fsn1.your-objectstorage.com/tecdoc2025/media_files/images/2/9465c255ca7a446e070e06aae09d3aa8469b248f.webp,0.0000,0.0000,0.0000,0.0000,0,21.0000,0.0000,,0.0000,0.0000,0,,,,0.0000,2026-08-08 22:47:30,1.0000,piece,,,,,20.0000,,Balai d'essuie-glace / raclette,,,,Balai d'essuie-glace / raclette,,,,,,0,2026-08-08 22:47:30,2026-08-08 22:47:30,2026-08-08 22:47:30,RapidApi,0,,781,3429,,,HELLA,Balai d'essuie-glace / raclette,Type
108437,RAPID-26787438,Balai d'essuie-glace,,9XW 358 232-231,,HELLA,HELLA,,,,https://fsn1.your-objectstorage.com/tecdoc2025/media_files/images/2/9465c255ca7a446e070e06aae09d3aa8469b248f.webp,0.0000,0.0000,0.0000,0.0000,0,21.0000,0.0000,,0.0000,0.0000,0,,,,0.0000,2026-08-08 22:47:30,1.0000,piece,,,,,21.0000,,Balai d'essuie-glace / raclette,,,,Balai d'essuie-glace / raclette,,,,,,0,2026-08-08 22:47:30,2026-08-08 22:47:30,2026-08-08 22:47:30,RapidApi,0,,781,3429,,,HELLA,Balai d'essuie-glace / raclette,Type
108438,RAPID-5414597,Balai d'essuie-glace,,9XW 358 164-211,,HELLA,HELLA,,,,https://fsn1.your-objectstorage.com/tecdoc2025/media_files/images/2/4661439f0dd0a861019794d3104ccd0ec8e356c8.webp,0.0000,0.0000,0.0000,0.0000,0,21.0000,0.0000,,0.0000,0.0000,0,,,,0.0000,2026-08-08 22:47:30,1.0000,piece,,,,,18.0000,,Balai d'essuie-glace / raclette,,,,Balai d'essuie-glace / raclette,,,,,,0,2026-08-08 22:47:30,2026-08-08 22:47:30,2026-08-08 22:47:30,RapidApi,0,,781,3429,,,HELLA,Balai d'essuie-glace / raclette,Type
108439,RAPID-31757157,Balai d'essuie-glace,,9XW 358 232-221,,HELLA,HELLA,,,,https://fsn1.your-objectstorage.com/tecdoc2025/media_files/images/2/9465c255ca7a446e070e06aae09d3aa8469b248f.webp,0.0000,0.0000,0.0000,0.0000,0,21.0000,0.0000,,0.0000,0.0000,0,,,,0.0000,2026-08-08 22:47:30,1.0000,piece,,,,,21.0000,,Balai d'essuie-glace / raclette,,,,Balai d'essuie-glace / raclette,,,,,,0,2026-08-08 22:47:30,2026-08-08 22:47:30,2026-08-08 22:47:30,RapidApi,0,,781,3429,,,HELLA,Balai d'essuie-glace / raclette,Type
108440,RAPID-30669349,Balai d'essuie-glace,,9XW 358 232-271,,HELLA,HELLA,,,,https://fsn1.your-objectstorage.com/tecdoc2025/media_files/images/2/9465c255ca7a446e070e06aae09d3aa8469b248f.webp,0.0000,0.0000,0.0000,0.0000,0,21.0000,0.0000,,0.0000,0.0000,0,,,,0.0000,2026-08-08 22:47:30,1.0000,piece,,,,,22.0000,,Balai d'essuie-glace / raclette,,,,Balai d'essuie-glace / raclette,,,,,,0,2026-08-08 22:47:30,2026-08-08 22:47:30,2026-08-08 22:47:30,RapidApi,0,,781,3429,,,HELLA,Balai d'essuie-glace / raclette,Type
108441,RAPID-5414370,Balai d'essuie-glace,,9XW 178 878-181,,HELLA,HELLA,,,,https://fsn1.your-objectstorage.com/tecdoc2025/media_files/images/2/9353e3cb572047005be14009e54c833f8ebd8594.webp,0.0000,0.0000,0.0000,0.0000,0,21.0000,0.0000,,0.0000,0.0000,0,,,,0.0000,2026-08-08 22:47:30,1.0000,piece,,,,,18.0000,,Balai d'essuie-glace / raclette,,,,Balai d'essuie-glace / raclette,,,,,,0,2026-08-08 22:47:30,2026-08-08 22:47:30,2026-08-08 22:47:30,RapidApi,0,,781,3429,,,HELLA,Balai d'essuie-glace / raclette,Type
108442,RAPID-5414373,Balai d'essuie-glace,,9XW 178 878-211,,HELLA,HELLA,,,,https://fsn1.your-objectstorage.com/tecdoc2025/media_files/images/2/9353e3cb572047005be14009e54c833f8ebd8594.webp,0.0000,0.0000,0.0000,0.0000,0,21.0000,0.0000,,0.0000,0.0000,0,,,,0.0000,2026-08-08 22:47:30,1.0000,piece,,,,,21.0000,,Balai d'essuie-glace / raclette,,,,Balai d'essuie-glace / raclette,,,,,,0,2026-08-08 22:47:30,2026-08-08 22:47:30,2026-08-08 22:47:30,RapidApi,0,,781,3429,,,HELLA,Balai d'essuie-glace / raclette,Type
108443,RAPID-5414411,Balai d'essuie-glace,,9XW 190 253-211,,HELLA,HELLA,,,,https://fsn1.your-objectstorage.com/tecdoc2025/media_files/images/2/4afeb219d831f351ba3ac874a700cac8303a20a2.webp,0.0000,0.0000,0.0000,0.0000,0,21.0000,0.0000,,0.0000,0.0000,0,,,,0.0000,2026-08-08 22:47:30,1.0000,piece,,,,,21.0000,,Balai d'essuie-glace / raclette,,,,Balai d'essuie-glace / raclette,,,,,,0,2026-08-08 22:47:30,2026-08-08 22:47:30,2026-08-08 22:47:30,RapidApi,0,,781,3429,,,HELLA,Balai d'essuie-glace / raclette,Type
108444,RAPID-5414408,Balai d'essuie-glace,,9XW 190 253-181,,HELLA,HELLA,,,,https://fsn1.your-objectstorage.com/tecdoc2025/media_files/images/2/27bda4453390f2f399b0e43b061115aaad251f59.webp,0.0000,0.0000,0.0000,0.0000,0,21.0000,0.0000,,0.0000,0.0000,0,,,,0.0000,2026-08-08 22:47:30,1.0000,piece,,,,,18.0000,,Balai d'essuie-glace / raclette,,,,Balai d'essuie-glace / raclette,,,,,,0,2026-08-08 22:47:30,2026-08-08 22:47:30,2026-08-08 22:47:30,RapidApi,0,,781,3429,,,HELLA,Balai d'essuie-glace / raclette,Type
108445,RAPID-16753044,Balai d'essuie-glace,,9XW 358 004-181,,HELLA,HELLA,,,,https://fsn1.your-objectstorage.com/tecdoc2025/media_files/images/2/2e927f99086930859554a2f01ab51df5002a5bc9.webp,0.0000,0.0000,0.0000,0.0000,0,21.0000,0.0000,,0.0000,0.0000,0,,,,0.0000,2026-08-08 22:47:30,1.0000,piece,,,,,18.0000,,Balai d'essuie-glace / raclette,,,,Balai d'essuie-glace / raclette,,,,,,0,2026-08-08 22:47:30,2026-08-08 22:47:30,2026-08-08 22:47:30,RapidApi,0,,781,3429,,,HELLA,Balai d'essuie-glace / raclette,Type
108446,RAPID-5414452,Balai d'essuie-glace,,9XW 200 526-021,,HELLA,HELLA,,,,https://fsn1.your-objectstorage.com/tecdoc2025/media_files/images/2/8edecd57391843ace1c1cf8ca91d9ad86c2a89de.webp,0.0000,0.0000,0.0000,0.0000,0,21.0000,0.0000,,0.0000,0.0000,0,,,,0.0000,2026-08-08 22:47:30,1.0000,piece,,,,,12.0000,,Balai d'essuie-glace / raclette,,,,Balai d'essuie-glace / raclette,,,,,,0,2026-08-08 22:47:30,2026-08-08 22:47:30,2026-08-08 22:47:30,RapidApi,0,,781,3429,,,HELLA,Balai d'essuie-glace / raclette,Type
108447,RAPID-16225763,Balai d'essuie-glace,,9XW 358 004-201,,HELLA,HELLA,,,,https://fsn1.your-objectstorage.com/tecdoc2025/media_files/images/2/b36901f707fa58b3dc3cdf88f881ea723744f3d6.webp,0.0000,0.0000,0.0000,0.0000,0,21.0000,0.0000,,0.0000,0.0000,0,,,,0.0000,2026-08-08 22:47:30,1.0000,piece,,,,,20.0000,,Balai d'essuie-glace / raclette,,,,Balai d'essuie-glace / raclette,,,,,,0,2026-08-08 22:47:30,2026-08-08 22:47:30,2026-08-08 22:47:30,RapidApi,0,,781,3429,,,HELLA,Balai d'essuie-glace / raclette,Type
108448,RAPID-5414441,Balai d'essuie-glace,,9XW 197 765-201,,HELLA,HELLA,,,,https://fsn1.your-objectstorage.com/tecdoc2025/media_files/images/2/37760fb57efd465343590fae1f76839ee60f3a7f.webp,0.0000,0.0000,0.0000,0.0000,0,21.0000,0.0000,,0.0000,0.0000,0,,,,0.0000,2026-08-08 22:47:30,1.0000,piece,,,,,20.0000,,Balai d'essuie-glace / raclette,,,,Balai d'essuie-glace / raclette,,,,,,0,2026-08-08 22:47:30,2026-08-08 22:47:30,2026-08-08 22:47:30,RapidApi,0,,781,3429,,,HELLA,Balai d'essuie-glace / raclette,Type
108449,RAPID-5414442,Balai d'essuie-glace,,9XW 197 765-211,,HELLA,HELLA,,,,https://fsn1.your-objectstorage.com/tecdoc2025/media_files/images/2/37760fb57efd465343590fae1f76839ee60f3a7f.webp,0.0000,0.0000,0.0000,0.0000,0,21.0000,0.0000,,0.0000,0.0000,0,,,,0.0000,2026-08-08 22:47:30,1.0000,piece,,,,,21.0000,,Balai d'essuie-glace / raclette,,,,Balai d'essuie-glace / raclette,,,,,,0,2026-08-08 22:47:30,2026-08-08 22:47:30,2026-08-08 22:47:30,RapidApi,0,,781,3429,,,HELLA,Balai d'essuie-glace / raclette,Type
108450,RAPID-5414439,Balai d'essuie-glace,,9XW 197 765-181,,HELLA,HELLA,,,,https://fsn1.your-objectstorage.com/tecdoc2025/media_files/images/2/37760fb57efd465343590fae1f76839ee60f3a7f.webp,0.0000,0.0000,0.0000,0.0000,0,21.0000,0.0000,,0.0000,0.0000,0,,,,0.0000,2026-08-08 22:47:30,1.0000,piece,,,,,18.0000,,Balai d'essuie-glace / raclette,,,,Balai d'essuie-glace / raclette,,,,,,0,2026-08-08 22:47:30,2026-08-08 22:47:30,2026-08-08 22:47:30,RapidApi,0,,781,3429,,,HELLA,Balai d'essuie-glace / raclette,Type
108451,RAPID-24685577,Balai d'essuie-glace,,9XW 358 232-291,,HELLA,HELLA,,,,https://fsn1.your-objectstorage.com/tecdoc2025/media_files/images/2/9465c255ca7a446e070e06aae09d3aa8469b248f.webp,0.0000,0.0000,0.0000,0.0000,0,21.0000,0.0000,,0.0000,0.0000,0,,,,0.0000,2026-08-08 22:47:30,1.0000,piece,,,,,24.0000,,Balai d'essuie-glace / raclette,,,,Balai d'essuie-glace / raclette,,,,,,0,2026-08-08 22:47:30,2026-08-08 22:47:30,2026-08-08 22:47:30,RapidApi,0,,781,3429,,,HELLA,Balai d'essuie-glace / raclette,Type
108452,RAPID-25705792,Balai d'essuie-glace,,9XW 358 232-301,,HELLA,HELLA,,,,https://fsn1.your-objectstorage.com/tecdoc2025/media_files/images/2/9465c255ca7a446e070e06aae09d3aa8469b248f.webp,0.0000,0.0000,0.0000,0.0000,0,21.0000,0.0000,,0.0000,0.0000,0,,,,0.0000,2026-08-08 22:47:30,1.0000,piece,,,,,24.0000,,Balai d'essuie-glace / raclette,,,,Balai d'essuie-glace / raclette,,,,,,0,2026-08-08 22:47:30,2026-08-08 22:47:30,2026-08-08 22:47:30,RapidApi,0,,781,3429,,,HELLA,Balai d'essuie-glace / raclette,Type
108453,RAPID-1465967,Balai d'essuie-glace,,15800A,,HEYNER,HEYNER,,,,https://fsn1.your-objectstorage.com/tecdoc2025/media_files/images/4840/d22b6e3f4e59e5c5705a100269b0ee2e3440a086.webp,0.0000,0.0000,0.0000,0.0000,0,21.0000,0.0000,,0.0000,0.0000,0,,,,0.0000,2026-08-08 22:47:30,1.0000,piece,,,,,18.0000,,Balai d'essuie-glace / raclette,,,,Balai d'essuie-glace / raclette,,,,,,0,2026-08-08 22:47:30,2026-08-08 22:47:30,2026-08-08 22:47:30,RapidApi,0,,840,3429,,,HEYNER,Balai d'essuie-glace / raclette,Type
108454,RAPID-126460,Balai d'essuie-glace,,001230,,HEYNER,HEYNER,,,,https://fsn1.your-objectstorage.com/tecdoc2025/media_files/images/4840/23950659284c95e900ad35a5cf4a43bd113b9b2e.webp,0.0000,0.0000,0.0000,0.0000,0,21.0000,0.0000,,0.0000,0.0000,0,,,,0.0000,2026-08-08 22:47:30,1.0000,piece,,,,,12.0000,,Balai d'essuie-glace / raclette,,,,Balai d'essuie-glace / raclette,,,,,,0,2026-08-08 22:47:30,2026-08-08 22:47:30,2026-08-08 22:47:30,RapidApi,0,,840,3429,,,HEYNER,Balai d'essuie-glace / raclette,Type
108455,RAPID-1492213,Balai d'essuie-glace,,16100A,,HEYNER,HEYNER,,,,https://fsn1.your-objectstorage.com/tecdoc2025/media_files/images/4840/d22b6e3f4e59e5c5705a100269b0ee2e3440a086.webp,0.0000,0.0000,0.0000,0.0000,0,21.0000,0.0000,,0.0000,0.0000,0,,,,0.0000,2026-08-08 22:47:30,1.0000,piece,,,,,21.0000,,Balai d'essuie-glace / raclette,,,,Balai d'essuie-glace / raclette,,,,,,0,2026-08-08 22:47:30,2026-08-08 22:47:30,2026-08-08 22:47:30,RapidApi,0,,840,3429,,,HEYNER,Balai d'essuie-glace / raclette,Type
108456,RAPID-642850,Balai d'essuie-glace,,088000,,HEYNER,HEYNER,,,,https://fsn1.your-objectstorage.com/tecdoc2025/media_files/images/4840/11f6fae2b9b7d11dc320ddf6ea10087de9bd44ab.webp,0.0000,0.0000,0.0000,0.0000,0,21.0000,0.0000,,0.0000,0.0000,0,,,,0.0000,2026-08-08 22:47:30,1.0000,piece,,,,,18.0000,,Balai d'essuie-glace / raclette,,,,Balai d'essuie-glace / raclette,,,,,,0,2026-08-08 22:47:30,2026-08-08 22:47:30,2026-08-08 22:47:30,RapidApi,0,,840,3429,,,HEYNER,Balai d'essuie-glace / raclette,Type
108457,RAPID-332569,Balai d'essuie-glace,,028000,,HEYNER,HEYNER,,,,https://fsn1.your-objectstorage.com/tecdoc2025/media_files/images/4840/2a679b618ab7b6d6e66137243df5912520418951.webp,0.0000,0.0000,0.0000,0.0000,0,21.0000,0.0000,,0.0000,0.0000,0,,,,0.0000,2026-08-08 22:47:30,1.0000,piece,,,,,18.0000,,Balai d'essuie-glace / raclette,,,,Balai d'essuie-glace / raclette,,,,,,0,2026-08-08 22:47:30,2026-08-08 22:47:30,2026-08-08 22:47:30,RapidApi,0,,840,3429,,,HEYNER,Balai d'essuie-glace / raclette,Type
108458,RAPID-673061,Balai d'essuie-glace,,091000,,HEYNER,HEYNER,,,,https://fsn1.your-objectstorage.com/tecdoc2025/media_files/images/4840/11f6fae2b9b7d11dc320ddf6ea10087de9bd44ab.webp,0.0000,0.0000,0.0000,0.0000,0,21.0000,0.0000,,0.0000,0.0000,0,,,,0.0000,2026-08-08 22:47:30,1.0000,piece,,,,,21.0000,,Balai d'essuie-glace / raclette,,,,Balai d'essuie-glace / raclette,,,,,,0,2026-08-08 22:47:30,2026-08-08 22:47:30,2026-08-08 22:47:30,RapidApi,0,,840,3429,,,HEYNER,Balai d'essuie-glace / raclette,Type
108459,RAPID-2320366,Balai d'essuie-glace,,26100A,,HEYNER,HEYNER,,,,https://fsn1.your-objectstorage.com/tecdoc2025/media_files/images/4840/11110746c17ac85e97f5eaf1e7f0d464fc795a40.webp,0.0000,0.0000,0.0000,0.0000,0,21.0000,0.0000,,0.0000,0.0000,0,,,,0.0000,2026-08-08 22:47:30,1.0000,piece,,,,,21.0000,,Balai d'essuie-glace / raclette,,,,Balai d'essuie-glace / raclette,,,,,,0,2026-08-08 22:47:30,2026-08-08 22:47:30,2026-08-08 22:47:30,RapidApi,0,,840,3429,,,HEYNER,Balai d'essuie-glace / raclette,Type
108460,RAPID-367880,Balai d'essuie-glace,,031000,,HEYNER,HEYNER,,,,https://fsn1.your-objectstorage.com/tecdoc2025/media_files/images/4840/2a679b618ab7b6d6e66137243df5912520418951.webp,0.0000,0.0000,0.0000,0.0000,0,21.0000,0.0000,,0.0000,0.0000,0,,,,0.0000,2026-08-08 22:47:30,1.0000,piece,,,,,21.0000,,Balai d'essuie-glace / raclette,,,,Balai d'essuie-glace / raclette,,,,,,0,2026-08-08 22:47:30,2026-08-08 22:47:30,2026-08-08 22:47:30,RapidApi,0,,840,3429,,,HEYNER,Balai d'essuie-glace / raclette,Type
108461,RAPID-2378371,Balai d'essuie-glace,,278000,,HEYNER,HEYNER,,,,https://fsn1.your-objectstorage.com/tecdoc2025/media_files/images/4840/aa8b8f5da860679ff8c550ec754deee24bb603d8.webp,0.0000,0.0000,0.0000,0.0000,0,21.0000,0.0000,,0.0000,0.0000,0,,,,0.0000,2026-08-08 22:47:30,1.0000,piece,,,,,18.0000,,Balai d'essuie-glace / raclette,,,,Balai d'essuie-glace / raclette,,,,,,0,2026-08-08 22:47:30,2026-08-08 22:47:30,2026-08-08 22:47:30,RapidApi,0,,840,3429,,,HEYNER,Balai d'essuie-glace / raclette,Type
108462,RAPID-2400341,Balai d'essuie-glace,,281000,,HEYNER,HEYNER,,,,https://fsn1.your-objectstorage.com/tecdoc2025/media_files/images/4840/ab9912b361c699f0a2447dfcf3f49f2597ecd043.webp,0.0000,0.0000,0.0000,0.0000,0,21.0000,0.0000,,0.0000,0.0000,0,,,,0.0000,2026-08-08 22:47:30,1.0000,piece,,,,,21.0000,,Balai d'essuie-glace / raclette,,,,Balai d'essuie-glace / raclette,,,,,,0,2026-08-08 22:47:30,2026-08-08 22:47:30,2026-08-08 22:47:30,RapidApi,0,,840,3429,,,HEYNER,Balai d'essuie-glace / raclette,Type
108463,RAPID-14563422,Balai d'essuie-glace,,920-45000,,IAP QUALITY PARTS,IAP QUALITY PARTS,,,,https://fsn1.your-objectstorage.com/tecdoc2025/media_files/images/6359/33a9161dad88efcf0516fd5da5b7016310fcb0a1.webp,0.0000,0.0000,0.0000,0.0000,0,21.0000,0.0000,,0.0000,0.0000,0,,,,0.0000,2026-08-08 22:47:30,1.0000,piece,,,,,45.0000,,Balai d'essuie-glace / raclette,,,,Balai d'essuie-glace / raclette,,,,,,0,2026-08-08 22:47:30,2026-08-08 22:47:30,2026-08-08 22:47:30,RapidApi,0,,841,3429,,,IAP QUALITY PARTS,Balai d'essuie-glace / raclette,Type
108464,RAPID-12309937,Balai d'essuie-glace,,920-50000,,IAP QUALITY PARTS,IAP QUALITY PARTS,,,,https://fsn1.your-objectstorage.com/tecdoc2025/media_files/images/6359/33a9161dad88efcf0516fd5da5b7016310fcb0a1.webp,0.0000,0.0000,0.0000,0.0000,0,21.0000,0.0000,,0.0000,0.0000,0,,,,0.0000,2026-08-08 22:47:30,1.0000,piece,,,,,50.0000,,Balai d'essuie-glace / raclette,,,,Balai d'essuie-glace / raclette,,,,,,0,2026-08-08 22:47:30,2026-08-08 22:47:30,2026-08-08 22:47:30,RapidApi,0,,841,3429,,,IAP QUALITY PARTS,Balai d'essuie-glace / raclette,Type
108465,RAPID-15168701,Balai d'essuie-glace,,920-52500,,IAP QUALITY PARTS,IAP QUALITY PARTS,,,,https://fsn1.your-objectstorage.com/tecdoc2025/media_files/images/6359/33a9161dad88efcf0516fd5da5b7016310fcb0a1.webp,0.0000,0.0000,0.0000,0.0000,0,21.0000,0.0000,,0.0000,0.0000,0,,,,0.0000,2026-08-08 22:47:30,1.0000,piece,,,,,52.5000,,Balai d'essuie-glace / raclette,,,,Balai d'essuie-glace / raclette,,,,,,0,2026-08-08 22:47:30,2026-08-08 22:47:30,2026-08-08 22:47:30,RapidApi,0,,841,3429,,,IAP QUALITY PARTS,Balai d'essuie-glace / raclette,Type
108466,RAPID-83743931,Balai d'essuie-glace,,CSW18,,Invisible Glass,Invisible Glass,,,,https://fsn1.your-objectstorage.com/tecdoc2025/media_files/images/7789/b465cd63cc837cd6cd6aa054f86eaf8bfb1f4dea.webp,0.0000,0.0000,0.0000,0.0000,0,21.0000,0.0000,,0.0000,0.0000,0,,,,0.0000,2026-08-08 22:47:30,1.0000,piece,,,,,18.0000,,Balai d'essuie-glace / raclette,,,,Balai d'essuie-glace / raclette,,,,,,0,2026-08-08 22:47:30,2026-08-08 22:47:30,2026-08-08 22:47:30,RapidApi,0,,842,3429,,,Invisible Glass,Balai d'essuie-glace / raclette,Type
108467,RAPID-84203801,Balai d'essuie-glace,,CSW22,,Invisible Glass,Invisible Glass,,,,https://fsn1.your-objectstorage.com/tecdoc2025/media_files/images/7789/b465cd63cc837cd6cd6aa054f86eaf8bfb1f4dea.webp,0.0000,0.0000,0.0000,0.0000,0,21.0000,0.0000,,0.0000,0.0000,0,,,,0.0000,2026-08-08 22:47:30,1.0000,piece,,,,,22.0000,,Balai d'essuie-glace / raclette,,,,Balai d'essuie-glace / raclette,,,,,,0,2026-08-08 22:47:30,2026-08-08 22:47:30,2026-08-08 22:47:30,RapidApi,0,,842,3429,,,Invisible Glass,Balai d'essuie-glace / raclette,Type
108468,RAPID-81840235,Balai d'essuie-glace,,CSW21,,Invisible Glass,Invisible Glass,,,,https://fsn1.your-objectstorage.com/tecdoc2025/media_files/images/7789/b465cd63cc837cd6cd6aa054f86eaf8bfb1f4dea.webp,0.0000,0.0000,0.0000,0.0000,0,21.0000,0.0000,,0.0000,0.0000,0,,,,0.0000,2026-08-08 22:47:30,1.0000,piece,,,,,21.0000,,Balai d'essuie-glace / raclette,,,,Balai d'essuie-glace / raclette,,,,,,0,2026-08-08 22:47:30,2026-08-08 22:47:30,2026-08-08 22:47:30,RapidApi,0,,842,3429,,,Invisible Glass,Balai d'essuie-glace / raclette,Type
108469,RAPID-15231449,"Bras d'essuie-glace, nettoyage des vitres",,34074314AV,,ITAB AUTOMOTIVE,ITAB AUTOMOTIVE,,,,https://fsn1.your-objectstorage.com/tecdoc2025/media_files/images/5947/75d9e83f0b47afa758cd6593474197a3ef48a0e7.webp,0.0000,0.0000,0.0000,0.0000,0,21.0000,0.0000,,0.0000,0.0000,0,,,,0.0000,2026-08-08 22:47:30,1.0000,piece,,,,,,,Balai d'essuie-glace / raclette,,,,Balai d'essuie-glace / raclette,,,,,,0,2026-08-08 22:47:30,2026-08-08 22:47:30,2026-08-08 22:47:30,RapidApi,0,,843,3429,,,ITAB AUTOMOTIVE,Balai d'essuie-glace / raclette,Type
108470,RAPID-16027780,"Bras d'essuie-glace, nettoyage des vitres",,34071303AV,,ITAB AUTOMOTIVE,ITAB AUTOMOTIVE,,,,https://fsn1.your-objectstorage.com/tecdoc2025/media_files/images/5947/4deb7766f9f18099910a0af2362898fca914ce2d.webp,0.0000,0.0000,0.0000,0.0000,0,21.0000,0.0000,,0.0000,0.0000,0,,,,0.0000,2026-08-08 22:47:30,1.0000,piece,,,,,,,Balai d'essuie-glace / raclette,,,,Balai d'essuie-glace / raclette,,,,,,0,2026-08-08 22:47:30,2026-08-08 22:47:30,2026-08-08 22:47:30,RapidApi,0,,843,3429,,,ITAB AUTOMOTIVE,Balai d'essuie-glace / raclette,Type
108471,RAPID-9192182,Balai d'essuie-glace,,SS-X30C,,JAPANPARTS,JAPANPARTS,,,,https://fsn1.your-objectstorage.com/tecdoc2025/media_files/images/156/4d2b8cdd276fd0faec23819889f1a58c21926e3b.webp,0.0000,0.0000,0.0000,0.0000,0,21.0000,0.0000,,0.0000,0.0000,0,,,,0.0000,2026-08-08 22:47:30,1.0000,piece,,,,,30.0000,,Balai d'essuie-glace / raclette,,,,Balai d'essuie-glace / raclette,,,,,,0,2026-08-08 22:47:30,2026-08-08 22:47:30,2026-08-08 22:47:30,RapidApi,0,,844,3429,,,JAPANPARTS,Balai d'essuie-glace / raclette,Type
108472,RAPID-9192201,Balai d'essuie-glace,,SS-X53S,,JAPANPARTS,JAPANPARTS,,,,https://fsn1.your-objectstorage.com/tecdoc2025/media_files/images/156/4cbaa4861bab07d0d87992dec8c38078ae417c3f.webp,0.0000,0.0000,0.0000,0.0000,0,21.0000,0.0000,,0.0000,0.0000,0,,,,0.0000,2026-08-08 22:47:30,1.0000,piece,,,,,53.0000,,Balai d'essuie-glace / raclette,,,,Balai d'essuie-glace / raclette,,,,,,0,2026-08-08 22:47:30,2026-08-08 22:47:30,2026-08-08 22:47:30,RapidApi,0,,844,3429,,,JAPANPARTS,Balai d'essuie-glace / raclette,Type
108473,RAPID-9192165,Balai d'essuie-glace,,SS-F53,,JAPANPARTS,JAPANPARTS,,,,https://fsn1.your-objectstorage.com/tecdoc2025/media_files/images/156/b10457814ff6b83235e2c8ae933eb3c280d235fa.webp,0.0000,0.0000,0.0000,0.0000,0,21.0000,0.0000,,0.0000,0.0000,0,,,,0.0000,2026-08-08 22:47:30,1.0000,piece,,,,,52.5000,,Balai d'essuie-glace / raclette,,,,Balai d'essuie-glace / raclette,,,,,,0,2026-08-08 22:47:30,2026-08-08 22:47:30,2026-08-08 22:47:30,RapidApi,0,,844,3429,,,JAPANPARTS,Balai d'essuie-glace / raclette,Type
108474,RAPID-9192183,Balai d'essuie-glace,,SS-X30R,,JAPANPARTS,JAPANPARTS,,,,https://fsn1.your-objectstorage.com/tecdoc2025/media_files/images/156/549fa46d05dcd10404051c8861c5c1014b32f44f.webp,0.0000,0.0000,0.0000,0.0000,0,21.0000,0.0000,,0.0000,0.0000,0,,,,0.0000,2026-08-08 22:47:30,1.0000,piece,,,,,30.0000,,Balai d'essuie-glace / raclette,,,,Balai d'essuie-glace / raclette,,,,,,0,2026-08-08 22:47:30,2026-08-08 22:47:30,2026-08-08 22:47:30,RapidApi,0,,844,3429,,,JAPANPARTS,Balai d'essuie-glace / raclette,Type
108475,RAPID-9192194,Balai d'essuie-glace,,SS-X45C,,JAPANPARTS,JAPANPARTS,,,,https://fsn1.your-objectstorage.com/tecdoc2025/media_files/images/156/edaf82778a3eb546d609117e7d6dfdce953f24c1.webp,0.0000,0.0000,0.0000,0.0000,0,21.0000,0.0000,,0.0000,0.0000,0,,,,0.0000,2026-08-08 22:47:30,1.0000,piece,,,,,45.0000,,Balai d'essuie-glace / raclette,,,,Balai d'essuie-glace / raclette,,,,,,0,2026-08-08 22:47:30,2026-08-08 22:47:30,2026-08-08 22:47:30,RapidApi,0,,844,3429,,,JAPANPARTS,Balai d'essuie-glace / raclette,Type
108476,RAPID-9192200,Balai d'essuie-glace,,SS-X53C,,JAPANPARTS,JAPANPARTS,,,,https://fsn1.your-objectstorage.com/tecdoc2025/media_files/images/156/2c5d58dd6902d2cdd9b24e7d25528c6f81f71ca1.webp,0.0000,0.0000,0.0000,0.0000,0,21.0000,0.0000,,0.0000,0.0000,0,,,,0.0000,2026-08-08 22:47:30,1.0000,piece,,,,,53.0000,,Balai d'essuie-glace / raclette,,,,Balai d'essuie-glace / raclette,,,,,,0,2026-08-08 22:47:30,2026-08-08 22:47:30,2026-08-08 22:47:30,RapidApi,0,,844,3429,,,JAPANPARTS,Balai d'essuie-glace / raclette,Type
108477,RAPID-9192162,Balai d'essuie-glace,,SS-F45,,JAPANPARTS,JAPANPARTS,,,,https://fsn1.your-objectstorage.com/tecdoc2025/media_files/images/156/b10457814ff6b83235e2c8ae933eb3c280d235fa.webp,0.0000,0.0000,0.0000,0.0000,0,21.0000,0.0000,,0.0000,0.0000,0,,,,0.0000,2026-08-08 22:47:30,1.0000,piece,,,,,18.0000,,Balai d'essuie-glace / raclette,,,,Balai d'essuie-glace / raclette,,,,,,0,2026-08-08 22:47:30,2026-08-08 22:47:30,2026-08-08 22:47:30,RapidApi,0,,844,3429,,,JAPANPARTS,Balai d'essuie-glace / raclette,Type
108478,RAPID-52301892,Balai d'essuie-glace,,HY-053,,JAPANPARTS,JAPANPARTS,,,,https://fsn1.your-objectstorage.com/tecdoc2025/media_files/images/156/299075fbb69ffd93dc433e12f2869d6d087be765.webp,0.0000,0.0000,0.0000,0.0000,0,21.0000,0.0000,,0.0000,0.0000,0,,,,0.0000,2026-08-08 22:47:30,1.0000,piece,,,,,52.5000,,Balai d'essuie-glace / raclette,,,,Balai d'essuie-glace / raclette,,,,,,0,2026-08-08 22:47:30,2026-08-08 22:47:30,2026-08-08 22:47:30,RapidApi,0,,844,3429,,,JAPANPARTS,Balai d'essuie-glace / raclette,Type
108479,RAPID-56626481,Balai d'essuie-glace,,HY-045,,JAPANPARTS,JAPANPARTS,,,,https://fsn1.your-objectstorage.com/tecdoc2025/media_files/images/156/7d4ecf24158c5d46662f2638972d4a4d5d600af9.webp,0.0000,0.0000,0.0000,0.0000,0,21.0000,0.0000,,0.0000,0.0000,0,,,,0.0000,2026-08-08 22:47:30,1.0000,piece,,,,,45.0000,,Balai d'essuie-glace / raclette,,,,Balai d'essuie-glace / raclette,,,,,,0,2026-08-08 22:47:30,2026-08-08 22:47:30,2026-08-08 22:47:30,RapidApi,0,,844,3429,,,JAPANPARTS,Balai d'essuie-glace / raclette,Type
108480,RAPID-9048809,Balai d'essuie-glace,,SJF53,,JAPKO,JAPKO,,,,https://fsn1.your-objectstorage.com/tecdoc2025/media_files/images/481/08aacde7e4eb8f3154d855b6b4a0d15da8c9edfd.webp,0.0000,0.0000,0.0000,0.0000,0,21.0000,0.0000,,0.0000,0.0000,0,,,,0.0000,2026-08-08 22:47:30,1.0000,piece,,,,,52.5000,,Balai d'essuie-glace / raclette,,,,Balai d'essuie-glace / raclette,,,,,,0,2026-08-08 22:47:30,2026-08-08 22:47:30,2026-08-08 22:47:30,RapidApi,0,,845,3429,,,JAPKO,Balai d'essuie-glace / raclette,Type
108481,RAPID-9048806,Balai d'essuie-glace,,SJF45,,JAPKO,JAPKO,,,,https://fsn1.your-objectstorage.com/tecdoc2025/media_files/images/481/08aacde7e4eb8f3154d855b6b4a0d15da8c9edfd.webp,0.0000,0.0000,0.0000,0.0000,0,21.0000,0.0000,,0.0000,0.0000,0,,,,0.0000,2026-08-08 22:47:30,1.0000,piece,,,,,18.0000,,Balai d'essuie-glace / raclette,,,,Balai d'essuie-glace / raclette,,,,,,0,2026-08-08 22:47:30,2026-08-08 22:47:30,2026-08-08 22:47:30,RapidApi,0,,845,3429,,,JAPKO,Balai d'essuie-glace / raclette,Type
108482,RAPID-9049163,Balai d'essuie-glace,,SJX53C,,JAPKO,JAPKO,,,,https://fsn1.your-objectstorage.com/tecdoc2025/media_files/images/481/ada9c4e448b028aae7d1814ec68873c9a0dbc927.webp,0.0000,0.0000,0.0000,0.0000,0,21.0000,0.0000,,0.0000,0.0000,0,,,,0.0000,2026-08-08 22:47:30,1.0000,piece,,,,,53.0000,,Balai d'essuie-glace / raclette,,,,Balai d'essuie-glace / raclette,,,,,,0,2026-08-08 22:47:30,2026-08-08 22:47:30,2026-08-08 22:47:30,RapidApi,0,,845,3429,,,JAPKO,Balai d'essuie-glace / raclette,Type
108483,RAPID-9049164,Balai d'essuie-glace,,SJX53S,,JAPKO,JAPKO,,,,https://fsn1.your-objectstorage.com/tecdoc2025/media_files/images/481/d260e06da89ed905dae32d3664aa80e807f66773.webp,0.0000,0.0000,0.0000,0.0000,0,21.0000,0.0000,,0.0000,0.0000,0,,,,0.0000,2026-08-08 22:47:30,1.0000,piece,,,,,53.0000,,Balai d'essuie-glace / raclette,,,,Balai d'essuie-glace / raclette,,,,,,0,2026-08-08 22:47:30,2026-08-08 22:47:30,2026-08-08 22:47:30,RapidApi,0,,845,3429,,,JAPKO,Balai d'essuie-glace / raclette,Type
108484,RAPID-9049145,Balai d'essuie-glace,,SJX30C,,JAPKO,JAPKO,,,,https://fsn1.your-objectstorage.com/tecdoc2025/media_files/images/481/878624db9dab20d9c84ec1a2614b2d28e1eaae8a.webp,0.0000,0.0000,0.0000,0.0000,0,21.0000,0.0000,,0.0000,0.0000,0,,,,0.0000,2026-08-08 22:47:30,1.0000,piece,,,,,30.0000,,Balai d'essuie-glace / raclette,,,,Balai d'essuie-glace / raclette,,,,,,0,2026-08-08 22:47:30,2026-08-08 22:47:30,2026-08-08 22:47:30,RapidApi,0,,845,3429,,,JAPKO,Balai d'essuie-glace / raclette,Type
108485,RAPID-9049146,Balai d'essuie-glace,,SJX30R,,JAPKO,JAPKO,,,,https://fsn1.your-objectstorage.com/tecdoc2025/media_files/images/481/f19c4b23afae6e23368f896fcb880e7b303021cc.webp,0.0000,0.0000,0.0000,0.0000,0,21.0000,0.0000,,0.0000,0.0000,0,,,,0.0000,2026-08-08 22:47:30,1.0000,piece,,,,,30.0000,,Balai d'essuie-glace / raclette,,,,Balai d'essuie-glace / raclette,,,,,,0,2026-08-08 22:47:30,2026-08-08 22:47:30,2026-08-08 22:47:30,RapidApi,0,,845,3429,,,JAPKO,Balai d'essuie-glace / raclette,Type
108486,RAPID-9049157,Balai d'essuie-glace,,SJX45C,,JAPKO,JAPKO,,,,https://fsn1.your-objectstorage.com/tecdoc2025/media_files/images/481/10a28340a523656dc84172a127a81680c6542ed7.webp,0.0000,0.0000,0.0000,0.0000,0,21.0000,0.0000,,0.0000,0.0000,0,,,,0.0000,2026-08-08 22:47:30,1.0000,piece,,,,,45.0000,,Balai d'essuie-glace / raclette,,,,Balai d'essuie-glace / raclette,,,,,,0,2026-08-08 22:47:30,2026-08-08 22:47:30,2026-08-08 22:47:30,RapidApi,0,,845,3429,,,JAPKO,Balai d'essuie-glace / raclette,Type
108487,RAPID-55429195,Balai d'essuie-glace,,HJ-053,,JAPKO,JAPKO,,,,https://fsn1.your-objectstorage.com/tecdoc2025/media_files/images/481/c26fb5fdac7d942fb4eb164cfe25a1b0b974b93e.webp,0.0000,0.0000,0.0000,0.0000,0,21.0000,0.0000,,0.0000,0.0000,0,,,,0.0000,2026-08-08 22:47:30,1.0000,piece,,,,,52.5000,,Balai d'essuie-glace / raclette,,,,Balai d'essuie-glace / raclette,,,,,,0,2026-08-08 22:47:30,2026-08-08 22:47:30,2026-08-08 22:47:30,RapidApi,0,,845,3429,,,JAPKO,Balai d'essuie-glace / raclette,Type
108488,RAPID-47585805,Balai d'essuie-glace,,HJ-045,,JAPKO,JAPKO,,,,https://fsn1.your-objectstorage.com/tecdoc2025/media_files/images/481/c9aa499bc1d35e576df6f7d79c3a03800c7d6f06.webp,0.0000,0.0000,0.0000,0.0000,0,21.0000,0.0000,,0.0000,0.0000,0,,,,0.0000,2026-08-08 22:47:30,1.0000,piece,,,,,45.0000,,Balai d'essuie-glace / raclette,,,,Balai d'essuie-glace / raclette,,,,,,0,2026-08-08 22:47:30,2026-08-08 22:47:30,2026-08-08 22:47:30,RapidApi,0,,845,3429,,,JAPKO,Balai d'essuie-glace / raclette,Type
108489,RAPID-30801463,Balai d'essuie-glace,,WBMT450-JPN,,JPN,JPN,,,,https://fsn1.your-objectstorage.com/tecdoc2025/media_files/images/6985/7f2da1f2e91736cc2110ba9fec12092f4cbd4ffd.webp,0.0000,0.0000,0.0000,0.0000,0,21.0000,0.0000,,0.0000,0.0000,0,,,,0.0000,2026-08-08 22:47:30,1.0000,piece,,,,,45.0000,,Balai d'essuie-glace / raclette,,,,Balai d'essuie-glace / raclette,,,,,,0,2026-08-08 22:47:30,2026-08-08 22:47:30,2026-08-08 22:47:30,RapidApi,0,,846,3429,,,JPN,Balai d'essuie-glace / raclette,Type
108490,RAPID-28434674,Balai d'essuie-glace,,WBMT525-JPN,,JPN,JPN,,,,https://fsn1.your-objectstorage.com/tecdoc2025/media_files/images/6985/3707bc883d292e8181b0583b04cbd099f375e540.webp,0.0000,0.0000,0.0000,0.0000,0,21.0000,0.0000,,0.0000,0.0000,0,,,,0.0000,2026-08-08 22:47:30,1.0000,piece,,,,,52.5000,,Balai d'essuie-glace / raclette,,,,Balai d'essuie-glace / raclette,,,,,,0,2026-08-08 22:47:30,2026-08-08 22:47:30,2026-08-08 22:47:30,RapidApi,0,,846,3429,,,JPN,Balai d'essuie-glace / raclette,Type
108491,RAPID-2328534,Balai d'essuie-glace,,26450,,KAMOKA,KAMOKA,,,,https://fsn1.your-objectstorage.com/tecdoc2025/media_files/images/185/59736fa96a7d6aa9157ecfe628ad6c4734569702.webp,0.0000,0.0000,0.0000,0.0000,0,21.0000,0.0000,,0.0000,0.0000,0,,,,0.0000,2026-08-08 22:47:30,1.0000,piece,,,,,45.0000,,Balai d'essuie-glace / raclette,,,,Balai d'essuie-glace / raclette,,,,,,0,2026-08-08 22:47:30,2026-08-08 22:47:30,2026-08-08 22:47:30,RapidApi,0,,847,3429,,,KAMOKA,Balai d'essuie-glace / raclette,Type
108492,RAPID-2330002,Balai d'essuie-glace,,26525,,KAMOKA,KAMOKA,,,,https://fsn1.your-objectstorage.com/tecdoc2025/media_files/images/185/3d606b64e16b244a88156e1379b5d34bd555bf0b.webp,0.0000,0.0000,0.0000,0.0000,0,21.0000,0.0000,,0.0000,0.0000,0,,,,0.0000,2026-08-08 22:47:30,1.0000,piece,,,,,52.5000,,Balai d'essuie-glace / raclette,,,,Balai d'essuie-glace / raclette,,,,,,0,2026-08-08 22:47:30,2026-08-08 22:47:30,2026-08-08 22:47:30,RapidApi,0,,847,3429,,,KAMOKA,Balai d'essuie-glace / raclette,Type
108493,RAPID-2338172,Balai d'essuie-glace,,26H525,,KAMOKA,KAMOKA,,,,https://fsn1.your-objectstorage.com/tecdoc2025/media_files/images/185/f5a51c4583e1bca41a255833f3d36c00f3fd9c3f.webp,0.0000,0.0000,0.0000,0.0000,0,21.0000,0.0000,,0.0000,0.0000,0,,,,0.0000,2026-08-08 22:47:30,1.0000,piece,,,,,52.5000,,Balai d'essuie-glace / raclette,,,,Balai d'essuie-glace / raclette,,,,,,0,2026-08-08 22:47:30,2026-08-08 22:47:30,2026-08-08 22:47:30,RapidApi,0,,847,3429,,,KAMOKA,Balai d'essuie-glace / raclette,Type
108494,RAPID-2338169,Balai d'essuie-glace,,26H450,,KAMOKA,KAMOKA,,,,https://fsn1.your-objectstorage.com/tecdoc2025/media_files/images/185/f535ffad92c6227d35dd87d46a31578928b83c71.webp,0.0000,0.0000,0.0000,0.0000,0,21.0000,0.0000,,0.0000,0.0000,0,,,,0.0000,2026-08-08 22:47:30,1.0000,piece,,,,,45.0000,,Balai d'essuie-glace / raclette,,,,Balai d'essuie-glace / raclette,,,,,,0,2026-08-08 22:47:30,2026-08-08 22:47:30,2026-08-08 22:47:30,RapidApi,0,,847,3429,,,KAMOKA,Balai d'essuie-glace / raclette,Type
108495,RAPID-2339408,Balai d'essuie-glace,,26W525,,KAMOKA,KAMOKA,,,,https://fsn1.your-objectstorage.com/tecdoc2025/media_files/images/185/1bbb0e3fe1ceb120bdc0c59691c4b7f6d5275af5.webp,0.0000,0.0000,0.0000,0.0000,0,21.0000,0.0000,,0.0000,0.0000,0,,,,0.0000,2026-08-08 22:47:30,1.0000,piece,,,,,52.5000,,Balai d'essuie-glace / raclette,,,,Balai d'essuie-glace / raclette,,,,,,0,2026-08-08 22:47:30,2026-08-08 22:47:30,2026-08-08 22:47:30,RapidApi,0,,847,3429,,,KAMOKA,Balai d'essuie-glace / raclette,Type
108496,RAPID-2339405,Balai d'essuie-glace,,26W450,,KAMOKA,KAMOKA,,,,https://fsn1.your-objectstorage.com/tecdoc2025/media_files/images/185/1bbb0e3fe1ceb120bdc0c59691c4b7f6d5275af5.webp,0.0000,0.0000,0.0000,0.0000,0,21.0000,0.0000,,0.0000,0.0000,0,,,,0.0000,2026-08-08 22:47:30,1.0000,piece,,,,,45.0000,,Balai d'essuie-glace / raclette,,,,Balai d'essuie-glace / raclette,,,,,,0,2026-08-08 22:47:30,2026-08-08 22:47:30,2026-08-08 22:47:30,RapidApi,0,,847,3429,,,KAMOKA,Balai d'essuie-glace / raclette,Type
108497,RAPID-2369983,Balai d'essuie-glace,,27450U,,KAMOKA,KAMOKA,,,,https://fsn1.your-objectstorage.com/tecdoc2025/media_files/images/185/fd8ac29a5d77ca9bc5c383c61508cf3ab822fd30.webp,0.0000,0.0000,0.0000,0.0000,0,21.0000,0.0000,,0.0000,0.0000,0,,,,0.0000,2026-08-08 22:47:30,1.0000,piece,,,,,45.0000,,Balai d'essuie-glace / raclette,,,,Balai d'essuie-glace / raclette,,,,,,0,2026-08-08 22:47:30,2026-08-08 22:47:30,2026-08-08 22:47:30,RapidApi,0,,847,3429,,,KAMOKA,Balai d'essuie-glace / raclette,Type
108498,RAPID-2372624,Balai d'essuie-glace,,27525U,,KAMOKA,KAMOKA,,,,https://fsn1.your-objectstorage.com/tecdoc2025/media_files/images/185/be7bcfda0f1000517a1a6543d7be60ae1106bdc3.webp,0.0000,0.0000,0.0000,0.0000,0,21.0000,0.0000,,0.0000,0.0000,0,,,,0.0000,2026-08-08 22:47:30,1.0000,piece,,,,,52.5000,,Balai d'essuie-glace / raclette,,,,Balai d'essuie-glace / raclette,,,,,,0,2026-08-08 22:47:30,2026-08-08 22:47:30,2026-08-08 22:47:30,RapidApi,0,,847,3429,,,KAMOKA,Balai d'essuie-glace / raclette,Type
108499,RAPID-2382480,Balai d'essuie-glace,,27E19,,KAMOKA,KAMOKA,,,,https://fsn1.your-objectstorage.com/tecdoc2025/media_files/images/185/a6c76745abd28995dc18e550f3da91ffaecf965c.webp,0.0000,0.0000,0.0000,0.0000,0,21.0000,0.0000,,0.0000,0.0000,0,,,,0.0000,2026-08-08 22:47:30,1.0000,piece,,,,,45.0000,,Balai d'essuie-glace / raclette,,,,Balai d'essuie-glace / raclette,,,,,,0,2026-08-08 22:47:30,2026-08-08 22:47:30,2026-08-08 22:47:30,RapidApi,0,,847,3429,,,KAMOKA,Balai d'essuie-glace / raclette,Type
108500,RAPID-2383203,Balai d'essuie-glace,,27M450,,KAMOKA,KAMOKA,,,,https://fsn1.your-objectstorage.com/tecdoc2025/media_files/images/185/5b9a4d5798a2bec2d931c205b557374d965bce78.webp,0.0000,0.0000,0.0000,0.0000,0,21.0000,0.0000,,0.0000,0.0000,0,,,,0.0000,2026-08-08 22:47:30,1.0000,piece,,,,,45.0000,,Balai d'essuie-glace / raclette,,,,Balai d'essuie-glace / raclette,,,,,,0,2026-08-08 22:47:30,2026-08-08 22:47:30,2026-08-08 22:47:30,RapidApi,0,,847,3429,,,KAMOKA,Balai d'essuie-glace / raclette,Type
108501,RAPID-2383206,Balai d'essuie-glace,,27M525,,KAMOKA,KAMOKA,,,,https://fsn1.your-objectstorage.com/tecdoc2025/media_files/images/185/f37939ab34458665745e48d831b7779a0586f7d1.webp,0.0000,0.0000,0.0000,0.0000,0,21.0000,0.0000,,0.0000,0.0000,0,,,,0.0000,2026-08-08 22:47:30,1.0000,piece,,,,,52.5000,,Balai d'essuie-glace / raclette,,,,Balai d'essuie-glace / raclette,,,,,,0,2026-08-08 22:47:30,2026-08-08 22:47:30,2026-08-08 22:47:30,RapidApi,0,,847,3429,,,KAMOKA,Balai d'essuie-glace / raclette,Type
108502,RAPID-2382465,Balai d'essuie-glace,,27E04,,KAMOKA,KAMOKA,,,,https://fsn1.your-objectstorage.com/tecdoc2025/media_files/images/185/6633b50b3dbc9641cb4a89554e1f90dbc7d99530.webp,0.0000,0.0000,0.0000,0.0000,0,21.0000,0.0000,,0.0000,0.0000,0,,,,0.0000,2026-08-08 22:47:30,1.0000,piece,,,,,53.0000,,Balai d'essuie-glace / raclette,,,,Balai d'essuie-glace / raclette,,,,,,0,2026-08-08 22:47:30,2026-08-08 22:47:30,2026-08-08 22:47:30,RapidApi,0,,847,3429,,,KAMOKA,Balai d'essuie-glace / raclette,Type
108503,RAPID-2429022,Balai d'essuie-glace,,29017,,KAMOKA,KAMOKA,,,,https://fsn1.your-objectstorage.com/tecdoc2025/media_files/images/185/b383d150cc57a48cf52e4a711043d9153ebdddf9.webp,0.0000,0.0000,0.0000,0.0000,0,21.0000,0.0000,,0.0000,0.0000,0,,,,0.0000,2026-08-08 22:47:30,1.0000,piece,,,,,30.0000,,Balai d'essuie-glace / raclette,,,,Balai d'essuie-glace / raclette,,,,,,0,2026-08-08 22:47:30,2026-08-08 22:47:30,2026-08-08 22:47:30,RapidApi,0,,847,3429,,,KAMOKA,Balai d'essuie-glace / raclette,Type
108504,RAPID-9690875,Balai d'essuie-glace,,WCB-21530,,KAVO PARTS,KAVO PARTS,,,,https://fsn1.your-objectstorage.com/tecdoc2025/media_files/images/201/1f28b3353b13863ae4353dd020921eef17797d20.webp,0.0000,0.0000,0.0000,0.0000,0,21.0000,0.0000,,0.0000,0.0000,0,,,,0.0000,2026-08-08 22:47:30,1.0000,piece,,,,,53.0000,,Balai d'essuie-glace / raclette,,,,Balai d'essuie-glace / raclette,,,,,,0,2026-08-08 22:47:30,2026-08-08 22:47:30,2026-08-08 22:47:30,RapidApi,0,,848,3429,,,KAVO PARTS,Balai d'essuie-glace / raclette,Type
108505,RAPID-9690870,Balai d'essuie-glace,,WCB-18450,,KAVO PARTS,KAVO PARTS,,,,https://fsn1.your-objectstorage.com/tecdoc2025/media_files/images/201/22da8ded0a9394d65a792ef5f62caf47363c7407.webp,0.0000,0.0000,0.0000,0.0000,0,21.0000,0.0000,,0.0000,0.0000,0,,,,0.0000,2026-08-08 22:47:30,1.0000,piece,,,,,45.0000,,Balai d'essuie-glace / raclette,,,,Balai d'essuie-glace / raclette,,,,,,0,2026-08-08 22:47:30,2026-08-08 22:47:30,2026-08-08 22:47:30,RapidApi,0,,848,3429,,,KAVO PARTS,Balai d'essuie-glace / raclette,Type
108506,RAPID-12181971,Balai d'essuie-glace,,WCB-18450R,,KAVO PARTS,KAVO PARTS,,,,https://fsn1.your-objectstorage.com/tecdoc2025/media_files/images/201/53a0bd30ecad0b5e28732d78ec55c48843fcd40d.webp,0.0000,0.0000,0.0000,0.0000,0,21.0000,0.0000,,0.0000,0.0000,0,,,,0.0000,2026-08-08 22:47:30,1.0000,piece,,,,,45.0000,,Balai d'essuie-glace / raclette,,,,Balai d'essuie-glace / raclette,,,,,,0,2026-08-08 22:47:30,2026-08-08 22:47:30,2026-08-08 22:47:30,RapidApi,0,,848,3429,,,KAVO PARTS,Balai d'essuie-glace / raclette,Type
108507,RAPID-18742080,Balai d'essuie-glace,,WCB-21530R,,KAVO PARTS,KAVO PARTS,,,,https://fsn1.your-objectstorage.com/tecdoc2025/media_files/images/201/f3acb4657206cf59bf69d176d64d1415490362b7.webp,0.0000,0.0000,0.0000,0.0000,0,21.0000,0.0000,,0.0000,0.0000,0,,,,0.0000,2026-08-08 22:47:30,1.0000,piece,,,,,53.0000,,Balai d'essuie-glace / raclette,,,,Balai d'essuie-glace / raclette,,,,,,0,2026-08-08 22:47:30,2026-08-08 22:47:30,2026-08-08 22:47:30,RapidApi,0,,848,3429,,,KAVO PARTS,Balai d'essuie-glace / raclette,Type
108508,RAPID-9690876,Balai d'essuie-glace,,WCB-21530S,,KAVO PARTS,KAVO PARTS,,,,https://fsn1.your-objectstorage.com/tecdoc2025/media_files/images/201/1dd3c7982eea21a194371f0cda8f948a0d1c6d75.webp,0.0000,0.0000,0.0000,0.0000,0,21.0000,0.0000,,0.0000,0.0000,0,,,,0.0000,2026-08-08 22:47:30,1.0000,piece,,,,,53.0000,,Balai d'essuie-glace / raclette,,,,Balai d'essuie-glace / raclette,,,,,,0,2026-08-08 22:47:30,2026-08-08 22:47:30,2026-08-08 22:47:30,RapidApi,0,,848,3429,,,KAVO PARTS,Balai d'essuie-glace / raclette,Type
108509,RAPID-16896468,Balai d'essuie-glace,,WCB-21530SR,,KAVO PARTS,KAVO PARTS,,,,https://fsn1.your-objectstorage.com/tecdoc2025/media_files/images/201/c4d85a982d5c5f04d959994721f784b499fdc8b4.webp,0.0000,0.0000,0.0000,0.0000,0,21.0000,0.0000,,0.0000,0.0000,0,,,,0.0000,2026-08-08 22:47:30,1.0000,piece,,,,,53.0000,,Balai d'essuie-glace / raclette,,,,Balai d'essuie-glace / raclette,,,,,,0,2026-08-08 22:47:30,2026-08-08 22:47:30,2026-08-08 22:47:30,RapidApi,0,,848,3429,,,KAVO PARTS,Balai d'essuie-glace / raclette,Type
108510,RAPID-9693154,Balai d'essuie-glace,,WFB-18450,,KAVO PARTS,KAVO PARTS,,,,https://fsn1.your-objectstorage.com/tecdoc2025/media_files/PDF/201/961bf171249e8b88e06b29a394f2edbb4d36fef7.pdf,0.0000,0.0000,0.0000,0.0000,0,21.0000,0.0000,,0.0000,0.0000,0,,,,0.0000,2026-08-08 22:47:30,1.0000,piece,,,,,45.0000,,Balai d'essuie-glace / raclette,,,,Balai d'essuie-glace / raclette,,,,,,0,2026-08-08 22:47:30,2026-08-08 22:47:30,2026-08-08 22:47:30,RapidApi,0,,848,3429,,,KAVO PARTS,Balai d'essuie-glace / raclette,Type
108511,RAPID-9693155,Balai d'essuie-glace,,WFB-18450R,,KAVO PARTS,KAVO PARTS,,,,https://fsn1.your-objectstorage.com/tecdoc2025/media_files/images/201/e1d80bc1e32b855366673236539a3246f2140650.webp,0.0000,0.0000,0.0000,0.0000,0,21.0000,0.0000,,0.0000,0.0000,0,,,,0.0000,2026-08-08 22:47:30,1.0000,piece,,,,,45.0000,,Balai d'essuie-glace / raclette,,,,Balai d'essuie-glace / raclette,,,,,,0,2026-08-08 22:47:30,2026-08-08 22:47:30,2026-08-08 22:47:30,RapidApi,0,,848,3429,,,KAVO PARTS,Balai d'essuie-glace / raclette,Type
108512,RAPID-9693160,Balai d'essuie-glace,,WFB-21530,,KAVO PARTS,KAVO PARTS,,,,https://fsn1.your-objectstorage.com/tecdoc2025/media_files/PDF/201/961bf171249e8b88e06b29a394f2edbb4d36fef7.pdf,0.0000,0.0000,0.0000,0.0000,0,21.0000,0.0000,,0.0000,0.0000,0,,,,0.0000,2026-08-08 22:47:30,1.0000,piece,,,,,53.0000,,Balai d'essuie-glace / raclette,,,,Balai d'essuie-glace / raclette,,,,,,0,2026-08-08 22:47:30,2026-08-08 22:47:30,2026-08-08 22:47:30,RapidApi,0,,848,3429,,,KAVO PARTS,Balai d'essuie-glace / raclette,Type
108513,RAPID-9693161,Balai d'essuie-glace,,WFB-21530R,,KAVO PARTS,KAVO PARTS,,,,https://fsn1.your-objectstorage.com/tecdoc2025/media_files/images/201/52a3807379ddc72973472b968a21675745d2248a.webp,0.0000,0.0000,0.0000,0.0000,0,21.0000,0.0000,,0.0000,0.0000,0,,,,0.0000,2026-08-08 22:47:30,1.0000,piece,,,,,53.0000,,Balai d'essuie-glace / raclette,,,,Balai d'essuie-glace / raclette,,,,,,0,2026-08-08 22:47:30,2026-08-08 22:47:30,2026-08-08 22:47:30,RapidApi,0,,848,3429,,,KAVO PARTS,Balai d'essuie-glace / raclette,Type
108514,RAPID-7817463,Balai d'essuie-glace,,KS53,,KRAFT AUTOMOTIVE,KRAFT AUTOMOTIVE,,,,https://fsn1.your-objectstorage.com/tecdoc2025/media_files/images/4546/1005fb93f28c13360ef1abf2e0b77e152bd378aa.webp,0.0000,0.0000,0.0000,0.0000,0,21.0000,0.0000,,0.0000,0.0000,0,,,,0.0000,2026-08-08 22:47:30,1.0000,piece,,,,,53.0000,,Balai d'essuie-glace / raclette,,,,Balai d'essuie-glace / raclette,,,,,,0,2026-08-08 22:47:30,2026-08-08 22:47:30,2026-08-08 22:47:30,RapidApi,0,,849,3429,,,KRAFT AUTOMOTIVE,Balai d'essuie-glace / raclette,Type
108515,RAPID-7817441,Balai d'essuie-glace,,KS45,,KRAFT AUTOMOTIVE,KRAFT AUTOMOTIVE,,,,https://fsn1.your-objectstorage.com/tecdoc2025/media_files/images/4546/8d6cdec24a6070be84a99529b531492e944d2b35.webp,0.0000,0.0000,0.0000,0.0000,0,21.0000,0.0000,,0.0000,0.0000,0,,,,0.0000,2026-08-08 22:47:30,1.0000,piece,,,,,45.0000,,Balai d'essuie-glace / raclette,,,,Balai d'essuie-glace / raclette,,,,,,0,2026-08-08 22:47:30,2026-08-08 22:47:30,2026-08-08 22:47:30,RapidApi,0,,849,3429,,,KRAFT AUTOMOTIVE,Balai d'essuie-glace / raclette,Type
108516,RAPID-7744740,Balai d'essuie-glace,,K41P,,KRAFT AUTOMOTIVE,KRAFT AUTOMOTIVE,,,,https://fsn1.your-objectstorage.com/tecdoc2025/media_files/images/4546/683e0db38a9b8c363458849bb43164233413775c.webp,0.0000,0.0000,0.0000,0.0000,0,21.0000,0.0000,,0.0000,0.0000,0,,,,0.0000,2026-08-08 22:47:30,1.0000,piece,,,,,41.0000,,Balai d'essuie-glace / raclette,,,,Balai d'essuie-glace / raclette,,,,,,0,2026-08-08 22:47:30,2026-08-08 22:47:30,2026-08-08 22:47:30,RapidApi,0,,849,3429,,,KRAFT AUTOMOTIVE,Balai d'essuie-glace / raclette,Type
108517,RAPID-7746009,Balai d'essuie-glace,,K45P,,KRAFT AUTOMOTIVE,KRAFT AUTOMOTIVE,,,,https://fsn1.your-objectstorage.com/tecdoc2025/media_files/images/4546/d2af3c973e914b0974263722f4f1c3ddf4fbcff7.webp,0.0000,0.0000,0.0000,0.0000,0,21.0000,0.0000,,0.0000,0.0000,0,,,,0.0000,2026-08-08 22:47:30,1.0000,piece,,,,,45.0000,,Balai d'essuie-glace / raclette,,,,Balai d'essuie-glace / raclette,,,,,,0,2026-08-08 22:47:30,2026-08-08 22:47:30,2026-08-08 22:47:30,RapidApi,0,,849,3429,,,KRAFT AUTOMOTIVE,Balai d'essuie-glace / raclette,Type
108518,RAPID-7745759,Balai d'essuie-glace,,K45,,KRAFT AUTOMOTIVE,KRAFT AUTOMOTIVE,,,,https://fsn1.your-objectstorage.com/tecdoc2025/media_files/images/4546/04c351cc77b63b0226ec7f62ab3e06b3b981343b.webp,0.0000,0.0000,0.0000,0.0000,0,21.0000,0.0000,,0.0000,0.0000,0,,,,0.0000,2026-08-08 22:47:30,1.0000,piece,,,,,45.0000,,Balai d'essuie-glace / raclette,,,,Balai d'essuie-glace / raclette,,,,,,0,2026-08-08 22:47:30,2026-08-08 22:47:30,2026-08-08 22:47:30,RapidApi,0,,849,3429,,,KRAFT AUTOMOTIVE,Balai d'essuie-glace / raclette,Type
108519,RAPID-7747565,Balai d'essuie-glace,,K53,,KRAFT AUTOMOTIVE,KRAFT AUTOMOTIVE,,,,https://fsn1.your-objectstorage.com/tecdoc2025/media_files/images/4546/36e56d80e84ee851d069e4648d9978af176797c8.webp,0.0000,0.0000,0.0000,0.0000,0,21.0000,0.0000,,0.0000,0.0000,0,,,,0.0000,2026-08-08 22:47:30,1.0000,piece,,,,,53.0000,,Balai d'essuie-glace / raclette,,,,Balai d'essuie-glace / raclette,,,,,,0,2026-08-08 22:47:30,2026-08-08 22:47:30,2026-08-08 22:47:30,RapidApi,0,,849,3429,,,KRAFT AUTOMOTIVE,Balai d'essuie-glace / raclette,Type
108520,RAPID-7747667,Balai d'essuie-glace,,K5345,,KRAFT AUTOMOTIVE,KRAFT AUTOMOTIVE,,,,https://fsn1.your-objectstorage.com/tecdoc2025/media_files/images/4546/f9e50c4db0d43e9e607ffec42ca69c72775e4fb5.webp,0.0000,0.0000,0.0000,0.0000,0,21.0000,0.0000,,0.0000,0.0000,0,,,,0.0000,2026-08-08 22:47:30,1.0000,piece,,,,,45.0000,,Balai d'essuie-glace / raclette,,,,Balai d'essuie-glace / raclette,,,,,,0,2026-08-08 22:47:30,2026-08-08 22:47:30,2026-08-08 22:47:30,RapidApi,0,,849,3429,,,KRAFT AUTOMOTIVE,Balai d'essuie-glace / raclette,Type
108521,RAPID-7747736,Balai d'essuie-glace,,K53P,,KRAFT AUTOMOTIVE,KRAFT AUTOMOTIVE,,,,https://fsn1.your-objectstorage.com/tecdoc2025/media_files/images/4546/abdef8eee787fe2d13a98c79f8bf1f3796254f50.webp,0.0000,0.0000,0.0000,0.0000,0,21.0000,0.0000,,0.0000,0.0000,0,,,,0.0000,2026-08-08 22:47:30,1.0000,piece,,,,,53.0000,,Balai d'essuie-glace / raclette,,,,Balai d'essuie-glace / raclette,,,,,,0,2026-08-08 22:47:30,2026-08-08 22:47:30,2026-08-08 22:47:30,RapidApi,0,,849,3429,,,KRAFT AUTOMOTIVE,Balai d'essuie-glace / raclette,Type
108522,RAPID-7747677,Balai d'essuie-glace,,K5353,,KRAFT AUTOMOTIVE,KRAFT AUTOMOTIVE,,,,https://fsn1.your-objectstorage.com/tecdoc2025/media_files/images/4546/1b3fb3b0f24ce8eba8d3aab3327128a74a60b101.webp,0.0000,0.0000,0.0000,0.0000,0,21.0000,0.0000,,0.0000,0.0000,0,,,,0.0000,2026-08-08 22:47:30,1.0000,piece,,,,,53.0000,,Balai d'essuie-glace / raclette,,,,Balai d'essuie-glace / raclette,,,,,,0,2026-08-08 22:47:30,2026-08-08 22:47:30,2026-08-08 22:47:30,RapidApi,0,,849,3429,,,KRAFT AUTOMOTIVE,Balai d'essuie-glace / raclette,Type
108523,RAPID-6082080,"Bras d'essuie-glace, nettoyage des vitres",,BRN 1014,,KRAW,KRAW,,,,https://fsn1.your-objectstorage.com/tecdoc2025/media_files/images/5314/1ed33bc2d249ee9b42f7568e879ea26cc513b998.webp,0.0000,0.0000,0.0000,0.0000,0,21.0000,0.0000,,0.0000,0.0000,0,,,,0.0000,2026-08-08 22:47:30,1.0000,piece,,,,,,,Balai d'essuie-glace / raclette,,,,Balai d'essuie-glace / raclette,,,,,,0,2026-08-08 22:47:30,2026-08-08 22:47:30,2026-08-08 22:47:30,RapidApi,0,,850,3429,,,KRAW,Balai d'essuie-glace / raclette,Type
108524,RAPID-2715553,Balai d'essuie-glace,,3202.0077450,,KSH EUROPE,KSH EUROPE,,,,https://fsn1.your-objectstorage.com/tecdoc2025/media_files/images/4522/cfbf2ccc9a630f7688991f14fd89dbac2bc71613.webp,0.0000,0.0000,0.0000,0.0000,0,21.0000,0.0000,,0.0000,0.0000,0,,,,0.0000,2026-08-08 22:47:30,1.0000,piece,,,,,18.0000,,Balai d'essuie-glace / raclette,,,,Balai d'essuie-glace / raclette,,,,,,0,2026-08-08 22:47:30,2026-08-08 22:47:30,2026-08-08 22:47:30,RapidApi,0,,851,3429,,,KSH EUROPE,Balai d'essuie-glace / raclette,Type
108525,RAPID-2715556,Balai d'essuie-glace,,3202.0077530,,KSH EUROPE,KSH EUROPE,,,,https://fsn1.your-objectstorage.com/tecdoc2025/media_files/images/4522/cfbf2ccc9a630f7688991f14fd89dbac2bc71613.webp,0.0000,0.0000,0.0000,0.0000,0,21.0000,0.0000,,0.0000,0.0000,0,,,,0.0000,2026-08-08 22:47:30,1.0000,piece,,,,,21.0000,,Balai d'essuie-glace / raclette,,,,Balai d'essuie-glace / raclette,,,,,,0,2026-08-08 22:47:30,2026-08-08 22:47:30,2026-08-08 22:47:30,RapidApi,0,,851,3429,,,KSH EUROPE,Balai d'essuie-glace / raclette,Type
108526,RAPID-2715569,Balai d'essuie-glace,,3202.77450KR,,KSH EUROPE,KSH EUROPE,,,,https://fsn1.your-objectstorage.com/tecdoc2025/media_files/images/4522/68c1ae84fb6e03c86a75c1028cfd839949e5aed0.webp,0.0000,0.0000,0.0000,0.0000,0,21.0000,0.0000,,0.0000,0.0000,0,,,,0.0000,2026-08-08 22:47:30,1.0000,piece,,,,,18.0000,,Balai d'essuie-glace / raclette,,,,Balai d'essuie-glace / raclette,,,,,,0,2026-08-08 22:47:30,2026-08-08 22:47:30,2026-08-08 22:47:30,RapidApi,0,,851,3429,,,KSH EUROPE,Balai d'essuie-glace / raclette,Type
108527,RAPID-2715572,Balai d'essuie-glace,,3202.77530KR,,KSH EUROPE,KSH EUROPE,,,,https://fsn1.your-objectstorage.com/tecdoc2025/media_files/images/4522/68c1ae84fb6e03c86a75c1028cfd839949e5aed0.webp,0.0000,0.0000,0.0000,0.0000,0,21.0000,0.0000,,0.0000,0.0000,0,,,,0.0000,2026-08-08 22:47:30,1.0000,piece,,,,,21.0000,,Balai d'essuie-glace / raclette,,,,Balai d'essuie-glace / raclette,,,,,,0,2026-08-08 22:47:30,2026-08-08 22:47:30,2026-08-08 22:47:30,RapidApi,0,,851,3429,,,KSH EUROPE,Balai d'essuie-glace / raclette,Type
108528,RAPID-2717403,Balai d'essuie-glace,,3205.0018450,,KSH EUROPE,KSH EUROPE,,,,https://fsn1.your-objectstorage.com/tecdoc2025/media_files/images/4522/3744d5e1347b96bc540d76d8b9b3a46d840b8561.webp,0.0000,0.0000,0.0000,0.0000,0,21.0000,0.0000,,0.0000,0.0000,0,,,,0.0000,2026-08-08 22:47:30,1.0000,piece,,,,,18.0000,,Balai d'essuie-glace / raclette,,,,Balai d'essuie-glace / raclette,,,,,,0,2026-08-08 22:47:30,2026-08-08 22:47:30,2026-08-08 22:47:30,RapidApi,0,,851,3429,,,KSH EUROPE,Balai d'essuie-glace / raclette,Type
108529,RAPID-2717406,Balai d'essuie-glace,,3205.0018530,,KSH EUROPE,KSH EUROPE,,,,https://fsn1.your-objectstorage.com/tecdoc2025/media_files/images/4522/3744d5e1347b96bc540d76d8b9b3a46d840b8561.webp,0.0000,0.0000,0.0000,0.0000,0,21.0000,0.0000,,0.0000,0.0000,0,,,,0.0000,2026-08-08 22:47:30,1.0000,piece,,,,,21.0000,,Balai d'essuie-glace / raclette,,,,Balai d'essuie-glace / raclette,,,,,,0,2026-08-08 22:47:30,2026-08-08 22:47:30,2026-08-08 22:47:30,RapidApi,0,,851,3429,,,KSH EUROPE,Balai d'essuie-glace / raclette,Type
108530,RAPID-2717430,Balai d'essuie-glace,,3205.0072450,,KSH EUROPE,KSH EUROPE,,,,https://fsn1.your-objectstorage.com/tecdoc2025/media_files/images/4522/1cf996e46b1d9fc0797423e816d9c979674a3454.webp,0.0000,0.0000,0.0000,0.0000,0,21.0000,0.0000,,0.0000,0.0000,0,,,,0.0000,2026-08-08 22:47:30,1.0000,piece,,,,,18.0000,,Balai d'essuie-glace / raclette,,,,Balai d'essuie-glace / raclette,,,,,,0,2026-08-08 22:47:30,2026-08-08 22:47:30,2026-08-08 22:47:30,RapidApi,0,,851,3429,,,KSH EUROPE,Balai d'essuie-glace / raclette,Type
108531,RAPID-19999450,Balai d'essuie-glace,,3205.0040450,,KSH EUROPE,KSH EUROPE,,,,https://fsn1.your-objectstorage.com/tecdoc2025/media_files/images/4522/dbd2e4c7e37605ae94351fc0a5df0f38222ca22d.webp,0.0000,0.0000,0.0000,0.0000,0,21.0000,0.0000,,0.0000,0.0000,0,,,,0.0000,2026-08-08 22:47:30,1.0000,piece,,,,,18.0000,,Balai d'essuie-glace / raclette,,,,Balai d'essuie-glace / raclette,,,,,,0,2026-08-08 22:47:30,2026-08-08 22:47:30,2026-08-08 22:47:30,RapidApi,0,,851,3429,,,KSH EUROPE,Balai d'essuie-glace / raclette,Type
108532,RAPID-2717419,Balai d'essuie-glace,,3205.0040530,,KSH EUROPE,KSH EUROPE,,,,https://fsn1.your-objectstorage.com/tecdoc2025/media_files/images/4522/dbd2e4c7e37605ae94351fc0a5df0f38222ca22d.webp,0.0000,0.0000,0.0000,0.0000,0,21.0000,0.0000,,0.0000,0.0000,0,,,,0.0000,2026-08-08 22:47:30,1.0000,piece,,,,,21.0000,,Balai d'essuie-glace / raclette,,,,Balai d'essuie-glace / raclette,,,,,,0,2026-08-08 22:47:30,2026-08-08 22:47:30,2026-08-08 22:47:30,RapidApi,0,,851,3429,,,KSH EUROPE,Balai d'essuie-glace / raclette,Type
108533,RAPID-2717433,Balai d'essuie-glace,,3205.0072530,,KSH EUROPE,KSH EUROPE,,,,https://fsn1.your-objectstorage.com/tecdoc2025/media_files/images/4522/1cf996e46b1d9fc0797423e816d9c979674a3454.webp,0.0000,0.0000,0.0000,0.0000,0,21.0000,0.0000,,0.0000,0.0000,0,,,,0.0000,2026-08-08 22:47:30,1.0000,piece,,,,,21.0000,,Balai d'essuie-glace / raclette,,,,Balai d'essuie-glace / raclette,,,,,,0,2026-08-08 22:47:30,2026-08-08 22:47:30,2026-08-08 22:47:30,RapidApi,0,,851,3429,,,KSH EUROPE,Balai d'essuie-glace / raclette,Type
108534,RAPID-2717444,Balai d'essuie-glace,,3205.0073450,,KSH EUROPE,KSH EUROPE,,,,https://fsn1.your-objectstorage.com/tecdoc2025/media_files/images/4522/8daaf30aa8cebd1077acf3cfc3cb40569b9c21b1.webp,0.0000,0.0000,0.0000,0.0000,0,21.0000,0.0000,,0.0000,0.0000,0,,,,0.0000,2026-08-08 22:47:30,1.0000,piece,,,,,18.0000,,Balai d'essuie-glace / raclette,,,,Balai d'essuie-glace / raclette,,,,,,0,2026-08-08 22:47:30,2026-08-08 22:47:30,2026-08-08 22:47:30,RapidApi,0,,851,3429,,,KSH EUROPE,Balai d'essuie-glace / raclette,Type
108535,RAPID-2717447,Balai d'essuie-glace,,3205.0073530,,KSH EUROPE,KSH EUROPE,,,,https://fsn1.your-objectstorage.com/tecdoc2025/media_files/images/4522/8daaf30aa8cebd1077acf3cfc3cb40569b9c21b1.webp,0.0000,0.0000,0.0000,0.0000,0,21.0000,0.0000,,0.0000,0.0000,0,,,,0.0000,2026-08-08 22:47:30,1.0000,piece,,,,,21.0000,,Balai d'essuie-glace / raclette,,,,Balai d'essuie-glace / raclette,,,,,,0,2026-08-08 22:47:30,2026-08-08 22:47:30,2026-08-08 22:47:30,RapidApi,0,,851,3429,,,KSH EUROPE,Balai d'essuie-glace / raclette,Type
108536,RAPID-2722154,Balai d'essuie-glace,,3210.0041500,,KSH EUROPE,KSH EUROPE,,,,https://fsn1.your-objectstorage.com/tecdoc2025/media_files/images/4522/df5d8119cc0e5d830f9de5b310db4bd7676cb62b.webp,0.0000,0.0000,0.0000,0.0000,0,21.0000,0.0000,,0.0000,0.0000,0,,,,0.0000,2026-08-08 22:47:30,1.0000,piece,,,,,20.0000,,Balai d'essuie-glace / raclette,,,,Balai d'essuie-glace / raclette,,,,,,0,2026-08-08 22:47:30,2026-08-08 22:47:30,2026-08-08 22:47:30,RapidApi,0,,851,3429,,,KSH EUROPE,Balai d'essuie-glace / raclette,Type
108537,RAPID-2722152,Balai d'essuie-glace,,3210.0041450,,KSH EUROPE,KSH EUROPE,,,,https://fsn1.your-objectstorage.com/tecdoc2025/media_files/images/4522/df5d8119cc0e5d830f9de5b310db4bd7676cb62b.webp,0.0000,0.0000,0.0000,0.0000,0,21.0000,0.0000,,0.0000,0.0000,0,,,,0.0000,2026-08-08 22:47:30,1.0000,piece,,,,,18.0000,,Balai d'essuie-glace / raclette,,,,Balai d'essuie-glace / raclette,,,,,,0,2026-08-08 22:47:30,2026-08-08 22:47:30,2026-08-08 22:47:30,RapidApi,0,,851,3429,,,KSH EUROPE,Balai d'essuie-glace / raclette,Type
108538,RAPID-2722183,Balai d'essuie-glace,,3210.0140500,,KSH EUROPE,KSH EUROPE,,,,https://fsn1.your-objectstorage.com/tecdoc2025/media_files/images/4522/61734ed5efe6b2ac056f026cc95a5618479e31b7.webp,0.0000,0.0000,0.0000,0.0000,0,21.0000,0.0000,,0.0000,0.0000,0,,,,0.0000,2026-08-08 22:47:30,1.0000,piece,,,,,20.0000,,Balai d'essuie-glace / raclette,,,,Balai d'essuie-glace / raclette,,,,,,0,2026-08-08 22:47:30,2026-08-08 22:47:30,2026-08-08 22:47:30,RapidApi,0,,851,3429,,,KSH EUROPE,Balai d'essuie-glace / raclette,Type
108539,RAPID-2722165,Balai d'essuie-glace,,3210.0092450,,KSH EUROPE,KSH EUROPE,,,,https://fsn1.your-objectstorage.com/tecdoc2025/media_files/images/4522/6778ad4f527d30b85eff8a940f5f7b449bdb91a9.webp,0.0000,0.0000,0.0000,0.0000,0,21.0000,0.0000,,0.0000,0.0000,0,,,,0.0000,2026-08-08 22:47:30,1.0000,piece,,,,,18.0000,,Balai d'essuie-glace / raclette,,,,Balai d'essuie-glace / raclette,,,,,,0,2026-08-08 22:47:30,2026-08-08 22:47:30,2026-08-08 22:47:30,RapidApi,0,,851,3429,,,KSH EUROPE,Balai d'essuie-glace / raclette,Type
108540,RAPID-2722214,Balai d'essuie-glace,,3210.0170500,,KSH EUROPE,KSH EUROPE,,,,https://fsn1.your-objectstorage.com/tecdoc2025/media_files/images/4522/10a9ed03bfdbdddec25b6c81f78172a496afddf7.webp,0.0000,0.0000,0.0000,0.0000,0,21.0000,0.0000,,0.0000,0.0000,0,,,,0.0000,2026-08-08 22:47:30,1.0000,piece,,,,,20.0000,,Balai d'essuie-glace / raclette,,,,Balai d'essuie-glace / raclette,,,,,,0,2026-08-08 22:47:30,2026-08-08 22:47:30,2026-08-08 22:47:30,RapidApi,0,,851,3429,,,KSH EUROPE,Balai d'essuie-glace / raclette,Type
108541,RAPID-2722181,Balai d'essuie-glace,,3210.0140450,,KSH EUROPE,KSH EUROPE,,,,https://fsn1.your-objectstorage.com/tecdoc2025/media_files/images/4522/61734ed5efe6b2ac056f026cc95a5618479e31b7.webp,0.0000,0.0000,0.0000,0.0000,0,21.0000,0.0000,,0.0000,0.0000,0,,,,0.0000,2026-08-08 22:47:30,1.0000,piece,,,,,18.0000,,Balai d'essuie-glace / raclette,,,,Balai d'essuie-glace / raclette,,,,,,0,2026-08-08 22:47:30,2026-08-08 22:47:30,2026-08-08 22:47:30,RapidApi,0,,851,3429,,,KSH EUROPE,Balai d'essuie-glace / raclette,Type
108542,RAPID-2722212,Balai d'essuie-glace,,3210.0170450,,KSH EUROPE,KSH EUROPE,,,,https://fsn1.your-objectstorage.com/tecdoc2025/media_files/images/4522/10a9ed03bfdbdddec25b6c81f78172a496afddf7.webp,0.0000,0.0000,0.0000,0.0000,0,21.0000,0.0000,,0.0000,0.0000,0,,,,0.0000,2026-08-08 22:47:30,1.0000,piece,,,,,18.0000,,Balai d'essuie-glace / raclette,,,,Balai d'essuie-glace / raclette,,,,,,0,2026-08-08 22:47:30,2026-08-08 22:47:30,2026-08-08 22:47:30,RapidApi,0,,851,3429,,,KSH EUROPE,Balai d'essuie-glace / raclette,Type
108543,RAPID-2722167,Balai d'essuie-glace,,3210.0092500,,KSH EUROPE,KSH EUROPE,,,,https://fsn1.your-objectstorage.com/tecdoc2025/media_files/images/4522/6778ad4f527d30b85eff8a940f5f7b449bdb91a9.webp,0.0000,0.0000,0.0000,0.0000,0,21.0000,0.0000,,0.0000,0.0000,0,,,,0.0000,2026-08-08 22:47:30,1.0000,piece,,,,,20.0000,,Balai d'essuie-glace / raclette,,,,Balai d'essuie-glace / raclette,,,,,,0,2026-08-08 22:47:30,2026-08-08 22:47:30,2026-08-08 22:47:30,RapidApi,0,,851,3429,,,KSH EUROPE,Balai d'essuie-glace / raclette,Type
108544,RAPID-2724975,Balai d'essuie-glace,,3213.0150500,,KSH EUROPE,KSH EUROPE,,,,https://fsn1.your-objectstorage.com/tecdoc2025/media_files/images/4522/e48e204acaef87241b50a4f3f76f23113f769073.webp,0.0000,0.0000,0.0000,0.0000,0,21.0000,0.0000,,0.0000,0.0000,0,,,,0.0000,2026-08-08 22:47:30,1.0000,piece,,,,,20.0000,,Balai d'essuie-glace / raclette,,,,Balai d'essuie-glace / raclette,,,,,,0,2026-08-08 22:47:30,2026-08-08 22:47:30,2026-08-08 22:47:30,RapidApi,0,,851,3429,,,KSH EUROPE,Balai d'essuie-glace / raclette,Type
108545,RAPID-2724973,Balai d'essuie-glace,,3213.0150450,,KSH EUROPE,KSH EUROPE,,,,https://fsn1.your-objectstorage.com/tecdoc2025/media_files/images/4522/e48e204acaef87241b50a4f3f76f23113f769073.webp,0.0000,0.0000,0.0000,0.0000,0,21.0000,0.0000,,0.0000,0.0000,0,,,,0.0000,2026-08-08 22:47:30,1.0000,piece,,,,,18.0000,,Balai d'essuie-glace / raclette,,,,Balai d'essuie-glace / raclette,,,,,,0,2026-08-08 22:47:30,2026-08-08 22:47:30,2026-08-08 22:47:30,RapidApi,0,,851,3429,,,KSH EUROPE,Balai d'essuie-glace / raclette,Type
108546,RAPID-437629,"Bras d'essuie-glace, nettoyage des vitres",,043079303LGK,,LGK,LGK,,,,https://fsn1.your-objectstorage.com/tecdoc2025/media_files/images/6012/283e22ce4ce29fdbd4ff55e75b7bff72575953e4.webp,0.0000,0.0000,0.0000,0.0000,0,21.0000,0.0000,,0.0000,0.0000,0,,,,0.0000,2026-08-08 22:47:30,1.0000,piece,,,,,,,Balai d'essuie-glace / raclette,,,,Balai d'essuie-glace / raclette,,,,,,0,2026-08-08 22:47:30,2026-08-08 22:47:30,2026-08-08 22:47:30,RapidApi,0,,852,3429,,,LGK,Balai d'essuie-glace / raclette,Type
108547,RAPID-12716604,Balai d'essuie-glace,,LLWEB21,,LUCAS,LUCAS,,,,https://fsn1.your-objectstorage.com/tecdoc2025/media_files/images/4501/a5c8f58aab74bc720e991ba7fd091bb97d21dd7c.webp,0.0000,0.0000,0.0000,0.0000,0,21.0000,0.0000,,0.0000,0.0000,0,,,,0.0000,2026-08-08 22:47:30,1.0000,piece,,,,,21.0000,,Balai d'essuie-glace / raclette,,,,Balai d'essuie-glace / raclette,,,,,,0,2026-08-08 22:47:30,2026-08-08 22:47:30,2026-08-08 22:47:30,RapidApi,0,,783,3429,,,LUCAS,Balai d'essuie-glace / raclette,Type
108548,RAPID-7961302,Balai d'essuie-glace,,LWCR12B,,LUCAS,LUCAS,,,,https://fsn1.your-objectstorage.com/tecdoc2025/media_files/images/4501/f0612b77ca53468eadd31ccf861b70cdf894376c.webp,0.0000,0.0000,0.0000,0.0000,0,21.0000,0.0000,,0.0000,0.0000,0,,,,0.0000,2026-08-08 22:47:30,1.0000,piece,,,,,12.0000,,Balai d'essuie-glace / raclette,,,,Balai d'essuie-glace / raclette,,,,,,0,2026-08-08 22:47:30,2026-08-08 22:47:30,2026-08-08 22:47:30,RapidApi,0,,783,3429,,,LUCAS,Balai d'essuie-glace / raclette,Type
108549,RAPID-7961211,Balai d'essuie-glace,,LWCB21,,LUCAS,LUCAS,,,,https://fsn1.your-objectstorage.com/tecdoc2025/media_files/images/4501/b0a2fd7b553339ef3c2fa769b8f427718e440a7e.webp,0.0000,0.0000,0.0000,0.0000,0,21.0000,0.0000,,0.0000,0.0000,0,,,,0.0000,2026-08-08 22:47:30,1.0000,piece,,,,,21.0000,,Balai d'essuie-glace / raclette,,,,Balai d'essuie-glace / raclette,,,,,,0,2026-08-08 22:47:30,2026-08-08 22:47:30,2026-08-08 22:47:30,RapidApi,0,,783,3429,,,LUCAS,Balai d'essuie-glace / raclette,Type
108550,RAPID-7961337,Balai d'essuie-glace,,LWCR14A,,LUCAS,LUCAS,,,,https://fsn1.your-objectstorage.com/tecdoc2025/media_files/images/4501/9ba6ae5ae5c11a5f61ecb35d412cf1365daf7b39.webp,0.0000,0.0000,0.0000,0.0000,0,21.0000,0.0000,,0.0000,0.0000,0,,,,0.0000,2026-08-08 22:47:30,1.0000,piece,,,,,14.0000,,Balai d'essuie-glace / raclette,,,,Balai d'essuie-glace / raclette,,,,,,0,2026-08-08 22:47:30,2026-08-08 22:47:30,2026-08-08 22:47:30,RapidApi,0,,783,3429,,,LUCAS,Balai d'essuie-glace / raclette,Type
108551,RAPID-7961405,Balai d'essuie-glace,,LWCS21,,LUCAS,LUCAS,,,,https://fsn1.your-objectstorage.com/tecdoc2025/media_files/images/4501/652a0ccc42fa149c590ff3916c5e1510d4c75573.webp,0.0000,0.0000,0.0000,0.0000,0,21.0000,0.0000,,0.0000,0.0000,0,,,,0.0000,2026-08-08 22:47:30,1.0000,piece,,,,,21.0000,,Balai d'essuie-glace / raclette,,,,Balai d'essuie-glace / raclette,,,,,,0,2026-08-08 22:47:30,2026-08-08 22:47:30,2026-08-08 22:47:30,RapidApi,0,,783,3429,,,LUCAS,Balai d'essuie-glace / raclette,Type
108552,RAPID-7961447,Balai d'essuie-glace,,LWDF21,,LUCAS,LUCAS,,,,https://fsn1.your-objectstorage.com/tecdoc2025/media_files/images/4501/7a9a002873057e4576daaaad10bdd2fe25ff074d.webp,0.0000,0.0000,0.0000,0.0000,0,21.0000,0.0000,,0.0000,0.0000,0,,,,0.0000,2026-08-08 22:47:30,1.0000,piece,,,,,21.0000,,Balai d'essuie-glace / raclette,,,,Balai d'essuie-glace / raclette,,,,,,0,2026-08-08 22:47:30,2026-08-08 22:47:30,2026-08-08 22:47:30,RapidApi,0,,783,3429,,,LUCAS,Balai d'essuie-glace / raclette,Type
108553,RAPID-7961507,Balai d'essuie-glace,,LWEB21,,LUCAS,LUCAS,,,,https://fsn1.your-objectstorage.com/tecdoc2025/media_files/images/4501/b17dfae7ded1af24edad17b0566f878550028309.webp,0.0000,0.0000,0.0000,0.0000,0,21.0000,0.0000,,0.0000,0.0000,0,,,,0.0000,2026-08-08 22:47:30,1.0000,piece,,,,,21.0000,,Balai d'essuie-glace / raclette,,,,Balai d'essuie-glace / raclette,,,,,,0,2026-08-08 22:47:30,2026-08-08 22:47:30,2026-08-08 22:47:30,RapidApi,0,,783,3429,,,LUCAS,Balai d'essuie-glace / raclette,Type
108554,RAPID-7961554,Balai d'essuie-glace,,LWMF21,,LUCAS,LUCAS,,,,https://fsn1.your-objectstorage.com/tecdoc2025/media_files/images/4501/16905ce27bd0774c39cf9a5626acb44a1d30f960.webp,0.0000,0.0000,0.0000,0.0000,0,21.0000,0.0000,,0.0000,0.0000,0,,,,0.0000,2026-08-08 22:47:30,1.0000,piece,,,,,21.0000,,Balai d'essuie-glace / raclette,,,,Balai d'essuie-glace / raclette,,,,,,0,2026-08-08 22:47:30,2026-08-08 22:47:30,2026-08-08 22:47:30,RapidApi,0,,783,3429,,,LUCAS,Balai d'essuie-glace / raclette,Type
108555,RAPID-15686500,Balai d'essuie-glace,,LWEF21,,LUCAS,LUCAS,,,,https://fsn1.your-objectstorage.com/tecdoc2025/media_files/images/4501/246be76f2ad4b9e8267f60805ea8297ea3d16667.webp,0.0000,0.0000,0.0000,0.0000,0,21.0000,0.0000,,0.0000,0.0000,0,,,,0.0000,2026-08-08 22:47:30,1.0000,piece,,,,,21.0000,,Balai d'essuie-glace / raclette,,,,Balai d'essuie-glace / raclette,,,,,,0,2026-08-08 22:47:30,2026-08-08 22:47:30,2026-08-08 22:47:30,RapidApi,0,,783,3429,,,LUCAS,Balai d'essuie-glace / raclette,Type
108556,RAPID-7917764,Balai d'essuie-glace,,LR30C,,LYNXAUTO,LYNXAUTO,,,,https://fsn1.your-objectstorage.com/tecdoc2025/media_files/PDF/4600/8b2ad5b887e9fe69bcf44b27cc1272ba570766b4.pdf,0.0000,0.0000,0.0000,0.0000,0,21.0000,0.0000,,0.0000,0.0000,0,,,,0.0000,2026-08-08 22:47:30,1.0000,piece,,,,,12.0000,,Balai d'essuie-glace / raclette,,,,Balai d'essuie-glace / raclette,,,,,,0,2026-08-08 22:47:30,2026-08-08 22:47:30,2026-08-08 22:47:30,RapidApi,0,,853,3429,,,LYNXAUTO,Balai d'essuie-glace / raclette,Type
108557,RAPID-7960701,Balai d'essuie-glace,,LW530,,LYNXAUTO,LYNXAUTO,,,,https://fsn1.your-objectstorage.com/tecdoc2025/media_files/PDF/4600/4471354793cd03b1e53b451c3718108dff09fdf1.pdf,0.0000,0.0000,0.0000,0.0000,0,21.0000,0.0000,,0.0000,0.0000,0,,,,0.0000,2026-08-08 22:47:30,1.0000,piece,,,,,21.0000,,Balai d'essuie-glace / raclette,,,,Balai d'essuie-glace / raclette,,,,,,0,2026-08-08 22:47:30,2026-08-08 22:47:30,2026-08-08 22:47:30,RapidApi,0,,853,3429,,,LYNXAUTO,Balai d'essuie-glace / raclette,Type
108558,RAPID-7960662,Balai d'essuie-glace,,LW450,,LYNXAUTO,LYNXAUTO,,,,https://fsn1.your-objectstorage.com/tecdoc2025/media_files/PDF/4600/4471354793cd03b1e53b451c3718108dff09fdf1.pdf,0.0000,0.0000,0.0000,0.0000,0,21.0000,0.0000,,0.0000,0.0000,0,,,,0.0000,2026-08-08 22:47:30,1.0000,piece,,,,,18.0000,,Balai d'essuie-glace / raclette,,,,Balai d'essuie-glace / raclette,,,,,,0,2026-08-08 22:47:30,2026-08-08 22:47:30,2026-08-08 22:47:30,RapidApi,0,,853,3429,,,LYNXAUTO,Balai d'essuie-glace / raclette,Type
108559,RAPID-7968195,Balai d'essuie-glace,,LX450,,LYNXAUTO,LYNXAUTO,,,,https://fsn1.your-objectstorage.com/tecdoc2025/media_files/PDF/4600/63cf730e0c85a8bccc79c5c0d0d3bb2f95652ff2.pdf,0.0000,0.0000,0.0000,0.0000,0,21.0000,0.0000,,0.0000,0.0000,0,,,,0.0000,2026-08-08 22:47:30,1.0000,piece,,,,,18.0000,,Balai d'essuie-glace / raclette,,,,Balai d'essuie-glace / raclette,,,,,,0,2026-08-08 22:47:30,2026-08-08 22:47:30,2026-08-08 22:47:30,RapidApi,0,,853,3429,,,LYNXAUTO,Balai d'essuie-glace / raclette,Type
108560,RAPID-7968199,Balai d'essuie-glace,,LX530,,LYNXAUTO,LYNXAUTO,,,,https://fsn1.your-objectstorage.com/tecdoc2025/media_files/PDF/4600/63cf730e0c85a8bccc79c5c0d0d3bb2f95652ff2.pdf,0.0000,0.0000,0.0000,0.0000,0,21.0000,0.0000,,0.0000,0.0000,0,,,,0.0000,2026-08-08 22:47:30,1.0000,piece,,,,,21.0000,,Balai d'essuie-glace / raclette,,,,Balai d'essuie-glace / raclette,,,,,,0,2026-08-08 22:47:30,2026-08-08 22:47:30,2026-08-08 22:47:30,RapidApi,0,,853,3429,,,LYNXAUTO,Balai d'essuie-glace / raclette,Type
108561,RAPID-10397886,Balai d'essuie-glace,,XF450,,LYNXAUTO,LYNXAUTO,,,,https://fsn1.your-objectstorage.com/tecdoc2025/media_files/PDF/4600/b3d68e9741c77b8cbb6566e4b8280507bfd40daa.pdf,0.0000,0.0000,0.0000,0.0000,0,21.0000,0.0000,,0.0000,0.0000,0,,,,0.0000,2026-08-08 22:47:30,1.0000,piece,,,,,18.0000,,Balai d'essuie-glace / raclette,,,,Balai d'essuie-glace / raclette,,,,,,0,2026-08-08 22:47:30,2026-08-08 22:47:30,2026-08-08 22:47:30,RapidApi,0,,853,3429,,,LYNXAUTO,Balai d'essuie-glace / raclette,Type
108562,RAPID-10397946,Balai d'essuie-glace,,XF530,,LYNXAUTO,LYNXAUTO,,,,https://fsn1.your-objectstorage.com/tecdoc2025/media_files/PDF/4600/b3d68e9741c77b8cbb6566e4b8280507bfd40daa.pdf,0.0000,0.0000,0.0000,0.0000,0,21.0000,0.0000,,0.0000,0.0000,0,,,,0.0000,2026-08-08 22:47:30,1.0000,piece,,,,,21.0000,,Balai d'essuie-glace / raclette,,,,Balai d'essuie-glace / raclette,,,,,,0,2026-08-08 22:47:30,2026-08-08 22:47:30,2026-08-08 22:47:30,RapidApi,0,,853,3429,,,LYNXAUTO,Balai d'essuie-glace / raclette,Type
108563,RAPID-3728931,Balai d'essuie-glace,,530L,,LYNXAUTO,LYNXAUTO,,,,https://fsn1.your-objectstorage.com/tecdoc2025/media_files/images/4600/94c5c8075194713d6af00bd5101d134025cd48e9.webp,0.0000,0.0000,0.0000,0.0000,0,21.0000,0.0000,,0.0000,0.0000,0,,,,0.0000,2026-08-08 22:47:30,1.0000,piece,,,,,21.0000,,Balai d'essuie-glace / raclette,,,,Balai d'essuie-glace / raclette,,,,,,0,2026-08-08 22:47:30,2026-08-08 22:47:30,2026-08-08 22:47:30,RapidApi,0,,853,3429,,,LYNXAUTO,Balai d'essuie-glace / raclette,Type
108564,RAPID-3381152,Balai d'essuie-glace,,450L,,LYNXAUTO,LYNXAUTO,,,,https://fsn1.your-objectstorage.com/tecdoc2025/media_files/images/4600/94c5c8075194713d6af00bd5101d134025cd48e9.webp,0.0000,0.0000,0.0000,0.0000,0,21.0000,0.0000,,0.0000,0.0000,0,,,,0.0000,2026-08-08 22:47:30,1.0000,piece,,,,,18.0000,,Balai d'essuie-glace / raclette,,,,Balai d'essuie-glace / raclette,,,,,,0,2026-08-08 22:47:30,2026-08-08 22:47:30,2026-08-08 22:47:30,RapidApi,0,,853,3429,,,LYNXAUTO,Balai d'essuie-glace / raclette,Type
108565,RAPID-107504,Balai d'essuie-glace,,000700030400,,MAGNETI MARELLI,MAGNETI MARELLI,,,,https://fsn1.your-objectstorage.com/tecdoc2025/media_files/images/95/0603321c5d8439df5efc3f8b25dfb946a69b4168.webp,0.0000,0.0000,0.0000,0.0000,0,21.0000,0.0000,,0.0000,0.0000,0,,,,0.0000,2026-08-08 22:47:30,1.0000,piece,,,,,30.0000,,Balai d'essuie-glace / raclette,,,,Balai d'essuie-glace / raclette,,,,,,0,2026-08-08 22:47:30,2026-08-08 22:47:30,2026-08-08 22:47:30,RapidApi,0,,854,3429,,,MAGNETI MARELLI,Balai d'essuie-glace / raclette,Type
108566,RAPID-19144023,Balai d'essuie-glace,,000713617450,,MAGNETI MARELLI,MAGNETI MARELLI,,,,https://fsn1.your-objectstorage.com/tecdoc2025/media_files/images/95/4c0ddf161eb04d21889b8be1958623302e4c74e3.webp,0.0000,0.0000,0.0000,0.0000,0,21.0000,0.0000,,0.0000,0.0000,0,,,,0.0000,2026-08-08 22:47:30,1.0000,piece,,,,,45.0000,,Balai d'essuie-glace / raclette,,,,Balai d'essuie-glace / raclette,,,,,,0,2026-08-08 22:47:30,2026-08-08 22:47:30,2026-08-08 22:47:30,RapidApi,0,,854,3429,,,MAGNETI MARELLI,Balai d'essuie-glace / raclette,Type
108567,RAPID-20724847,Balai d'essuie-glace,,000723061703,,MAGNETI MARELLI,MAGNETI MARELLI,,,,https://fsn1.your-objectstorage.com/tecdoc2025/media_files/images/95/7f1961baaa6f956111cce076e62a9d50cbf36556.webp,0.0000,0.0000,0.0000,0.0000,0,21.0000,0.0000,,0.0000,0.0000,0,,,,0.0000,2026-08-08 22:47:30,1.0000,piece,,,,,45.0000,,Balai d'essuie-glace / raclette,,,,Balai d'essuie-glace / raclette,,,,,,0,2026-08-08 22:47:30,2026-08-08 22:47:30,2026-08-08 22:47:30,RapidApi,0,,854,3429,,,MAGNETI MARELLI,Balai d'essuie-glace / raclette,Type
108568,RAPID-19534318,Balai d'essuie-glace,,000713617510,,MAGNETI MARELLI,MAGNETI MARELLI,,,,https://fsn1.your-objectstorage.com/tecdoc2025/media_files/images/95/4c0ddf161eb04d21889b8be1958623302e4c74e3.webp,0.0000,0.0000,0.0000,0.0000,0,21.0000,0.0000,,0.0000,0.0000,0,,,,0.0000,2026-08-08 22:47:30,1.0000,piece,,,,,51.0000,,Balai d'essuie-glace / raclette,,,,Balai d'essuie-glace / raclette,,,,,,0,2026-08-08 22:47:30,2026-08-08 22:47:30,2026-08-08 22:47:30,RapidApi,0,,854,3429,,,MAGNETI MARELLI,Balai d'essuie-glace / raclette,Type
108569,RAPID-107690,Balai d'essuie-glace,,000723134500,,MAGNETI MARELLI,MAGNETI MARELLI,,,,https://fsn1.your-objectstorage.com/tecdoc2025/media_files/images/95/d5a0998d4cd6fa8fa09499e41b41ff0e49ad7cb4.webp,0.0000,0.0000,0.0000,0.0000,0,21.0000,0.0000,,0.0000,0.0000,0,,,,0.0000,2026-08-08 22:47:30,1.0000,piece,,,,,45.0000,,Balai d'essuie-glace / raclette,,,,Balai d'essuie-glace / raclette,,,,,,0,2026-08-08 22:47:30,2026-08-08 22:47:30,2026-08-08 22:47:30,RapidApi,0,,854,3429,,,MAGNETI MARELLI,Balai d'essuie-glace / raclette,Type
108570,RAPID-12378013,Balai d'essuie-glace,,000723061830,,MAGNETI MARELLI,MAGNETI MARELLI,,,,https://fsn1.your-objectstorage.com/tecdoc2025/media_files/images/95/fb37393044c344195f952cb578ebd07b686bac42.webp,0.0000,0.0000,0.0000,0.0000,0,21.0000,0.0000,,0.0000,0.0000,0,,,,0.0000,2026-08-08 22:47:30,1.0000,piece,,,,,45.0000,,Balai d'essuie-glace / raclette,,,,Balai d'essuie-glace / raclette,,,,,,0,2026-08-08 22:47:30,2026-08-08 22:47:30,2026-08-08 22:47:30,RapidApi,0,,854,3429,,,MAGNETI MARELLI,Balai d'essuie-glace / raclette,Type
108571,RAPID-107570,Balai d'essuie-glace,,000723061797,,MAGNETI MARELLI,MAGNETI MARELLI,,,,https://fsn1.your-objectstorage.com/tecdoc2025/media_files/images/95/2c416f2050b7116dabc83d35b79d0fb85869ea3f.webp,0.0000,0.0000,0.0000,0.0000,0,21.0000,0.0000,,0.0000,0.0000,0,,,,0.0000,2026-08-08 22:47:30,1.0000,piece,,,,,52.5000,,Balai d'essuie-glace / raclette,,,,Balai d'essuie-glace / raclette,,,,,,0,2026-08-08 22:47:30,2026-08-08 22:47:30,2026-08-08 22:47:30,RapidApi,0,,854,3429,,,MAGNETI MARELLI,Balai d'essuie-glace / raclette,Type
108572,RAPID-107714,Balai d'essuie-glace,,000723140550,,MAGNETI MARELLI,MAGNETI MARELLI,,,,https://fsn1.your-objectstorage.com/tecdoc2025/media_files/images/95/c5aa7a85f5b3655bbef5c79ea95c2f4fdc5b1da9.webp,0.0000,0.0000,0.0000,0.0000,0,21.0000,0.0000,,0.0000,0.0000,0,,,,0.0000,2026-08-08 22:47:30,1.0000,piece,,,,,55.0000,,Balai d'essuie-glace / raclette,,,,Balai d'essuie-glace / raclette,,,,,,0,2026-08-08 22:47:30,2026-08-08 22:47:30,2026-08-08 22:47:30,RapidApi,0,,854,3429,,,MAGNETI MARELLI,Balai d'essuie-glace / raclette,Type
108573,RAPID-107727,Balai d'essuie-glace,,000723145500,,MAGNETI MARELLI,MAGNETI MARELLI,,,,https://fsn1.your-objectstorage.com/tecdoc2025/media_files/images/95/c67fa3f988c4a7f1938c92eb70655bcc4b12099c.webp,0.0000,0.0000,0.0000,0.0000,0,21.0000,0.0000,,0.0000,0.0000,0,,,,0.0000,2026-08-08 22:47:30,1.0000,piece,,,,,55.0000,,Balai d'essuie-glace / raclette,,,,Balai d'essuie-glace / raclette,,,,,,0,2026-08-08 22:47:30,2026-08-08 22:47:30,2026-08-08 22:47:30,RapidApi,0,,854,3429,,,MAGNETI MARELLI,Balai d'essuie-glace / raclette,Type
108574,RAPID-107723,Balai d'essuie-glace,,000723144500,,MAGNETI MARELLI,MAGNETI MARELLI,,,,https://fsn1.your-objectstorage.com/tecdoc2025/media_files/images/95/c67fa3f988c4a7f1938c92eb70655bcc4b12099c.webp,0.0000,0.0000,0.0000,0.0000,0,21.0000,0.0000,,0.0000,0.0000,0,,,,0.0000,2026-08-08 22:47:30,1.0000,piece,,,,,45.0000,,Balai d'essuie-glace / raclette,,,,Balai d'essuie-glace / raclette,,,,,,0,2026-08-08 22:47:30,2026-08-08 22:47:30,2026-08-08 22:47:30,RapidApi,0,,854,3429,,,MAGNETI MARELLI,Balai d'essuie-glace / raclette,Type
108575,RAPID-107710,Balai d'essuie-glace,,000723140450,,MAGNETI MARELLI,MAGNETI MARELLI,,,,https://fsn1.your-objectstorage.com/tecdoc2025/media_files/images/95/c5aa7a85f5b3655bbef5c79ea95c2f4fdc5b1da9.webp,0.0000,0.0000,0.0000,0.0000,0,21.0000,0.0000,,0.0000,0.0000,0,,,,0.0000,2026-08-08 22:47:30,1.0000,piece,,,,,45.0000,,Balai d'essuie-glace / raclette,,,,Balai d'essuie-glace / raclette,,,,,,0,2026-08-08 22:47:30,2026-08-08 22:47:30,2026-08-08 22:47:30,RapidApi,0,,854,3429,,,MAGNETI MARELLI,Balai d'essuie-glace / raclette,Type
108576,RAPID-107693,Balai d'essuie-glace,,000723135300,,MAGNETI MARELLI,MAGNETI MARELLI,,,,https://fsn1.your-objectstorage.com/tecdoc2025/media_files/images/95/d5a0998d4cd6fa8fa09499e41b41ff0e49ad7cb4.webp,0.0000,0.0000,0.0000,0.0000,0,21.0000,0.0000,,0.0000,0.0000,0,,,,0.0000,2026-08-08 22:47:30,1.0000,piece,,,,,53.0000,,Balai d'essuie-glace / raclette,,,,Balai d'essuie-glace / raclette,,,,,,0,2026-08-08 22:47:30,2026-08-08 22:47:30,2026-08-08 22:47:30,RapidApi,0,,854,3429,,,MAGNETI MARELLI,Balai d'essuie-glace / raclette,Type
108577,RAPID-107726,Balai d'essuie-glace,,000723145300,,MAGNETI MARELLI,MAGNETI MARELLI,,,,https://fsn1.your-objectstorage.com/tecdoc2025/media_files/images/95/c67fa3f988c4a7f1938c92eb70655bcc4b12099c.webp,0.0000,0.0000,0.0000,0.0000,0,21.0000,0.0000,,0.0000,0.0000,0,,,,0.0000,2026-08-08 22:47:30,1.0000,piece,,,,,53.0000,,Balai d'essuie-glace / raclette,,,,Balai d'essuie-glace / raclette,,,,,,0,2026-08-08 22:47:30,2026-08-08 22:47:30,2026-08-08 22:47:30,RapidApi,0,,854,3429,,,MAGNETI MARELLI,Balai d'essuie-glace / raclette,Type
108578,RAPID-107725,Balai d'essuie-glace,,000723145000,,MAGNETI MARELLI,MAGNETI MARELLI,,,,https://fsn1.your-objectstorage.com/tecdoc2025/media_files/images/95/c67fa3f988c4a7f1938c92eb70655bcc4b12099c.webp,0.0000,0.0000,0.0000,0.0000,0,21.0000,0.0000,,0.0000,0.0000,0,,,,0.0000,2026-08-08 22:47:30,1.0000,piece,,,,,50.0000,,Balai d'essuie-glace / raclette,,,,Balai d'essuie-glace / raclette,,,,,,0,2026-08-08 22:47:30,2026-08-08 22:47:30,2026-08-08 22:47:30,RapidApi,0,,854,3429,,,MAGNETI MARELLI,Balai d'essuie-glace / raclette,Type
108579,RAPID-80626971,Balai d'essuie-glace,,000723155000,,MAGNETI MARELLI,MAGNETI MARELLI,,,,https://fsn1.your-objectstorage.com/tecdoc2025/media_files/images/95/62e60a3c6e2731a3641cddb40f0ff2b4758f97a6.webp,0.0000,0.0000,0.0000,0.0000,0,21.0000,0.0000,,0.0000,0.0000,0,,,,0.0000,2026-08-08 22:47:30,1.0000,piece,,,,,50.0000,,Balai d'essuie-glace / raclette,,,,Balai d'essuie-glace / raclette,,,,,,0,2026-08-08 22:47:30,2026-08-08 22:47:30,2026-08-08 22:47:30,RapidApi,0,,854,3429,,,MAGNETI MARELLI,Balai d'essuie-glace / raclette,Type
108580,RAPID-80953906,Balai d'essuie-glace,,000723155300,,MAGNETI MARELLI,MAGNETI MARELLI,,,,https://fsn1.your-objectstorage.com/tecdoc2025/media_files/images/95/b4f29cca60a0f4d0e4873270c415b7770185f003.webp,0.0000,0.0000,0.0000,0.0000,0,21.0000,0.0000,,0.0000,0.0000,0,,,,0.0000,2026-08-08 22:47:30,1.0000,piece,,,,,53.0000,,Balai d'essuie-glace / raclette,,,,Balai d'essuie-glace / raclette,,,,,,0,2026-08-08 22:47:30,2026-08-08 22:47:30,2026-08-08 22:47:30,RapidApi,0,,854,3429,,,MAGNETI MARELLI,Balai d'essuie-glace / raclette,Type
108581,RAPID-31260780,"Kit de bras d'essuie-glace, nettoyage des vitres",,000723180274,,MAGNETI MARELLI,MAGNETI MARELLI,,,,https://fsn1.your-objectstorage.com/tecdoc2025/media_files/images/95/06ff488bdde3431822840857db7668c3349b3ada.webp,0.0000,0.0000,0.0000,0.0000,0,21.0000,0.0000,,0.0000,0.0000,0,,,,0.0000,2026-08-08 22:47:30,1.0000,piece,,,,,30.5000,,Balai d'essuie-glace / raclette,,,,Balai d'essuie-glace / raclette,,,,,,0,2026-08-08 22:47:30,2026-08-08 22:47:30,2026-08-08 22:47:30,RapidApi,0,,854,3429,,,MAGNETI MARELLI,Balai d'essuie-glace / raclette,Type
108582,RAPID-23665187,"Kit de bras d'essuie-glace, nettoyage des vitres",,000723180414,,MAGNETI MARELLI,MAGNETI MARELLI,,,,https://fsn1.your-objectstorage.com/tecdoc2025/media_files/images/95/9edf3734bf21869eab984af2be890da933570d93.webp,0.0000,0.0000,0.0000,0.0000,0,21.0000,0.0000,,0.0000,0.0000,0,,,,0.0000,2026-08-08 22:47:30,1.0000,piece,,,,,30.5000,,Balai d'essuie-glace / raclette,,,,Balai d'essuie-glace / raclette,,,,,,0,2026-08-08 22:47:30,2026-08-08 22:47:30,2026-08-08 22:47:30,RapidApi,0,,854,3429,,,MAGNETI MARELLI,Balai d'essuie-glace / raclette,Type
108583,RAPID-896996,Balai d'essuie-glace,,104525/2HPS,,MAPCO,MAPCO,,,,https://fsn1.your-objectstorage.com/tecdoc2025/media_files/images/133/e5a46c0d8f90150da339ff6d836774185a6cc2fa.webp,0.0000,0.0000,0.0000,0.0000,0,21.0000,0.0000,,0.0000,0.0000,0,,,,0.0000,2026-08-08 22:47:30,1.0000,piece,,,,,52.5000,,Balai d'essuie-glace / raclette,,,,Balai d'essuie-glace / raclette,,,,,,0,2026-08-08 22:47:30,2026-08-08 22:47:30,2026-08-08 22:47:30,RapidApi,0,,855,3429,,,MAPCO,Balai d'essuie-glace / raclette,Type
108584,RAPID-3031795,Balai d'essuie-glace,,39-0007,,MAXGEAR,MAXGEAR,,,,https://fsn1.your-objectstorage.com/tecdoc2025/media_files/images/403/6c93adafce10d5659f4081a1194be6ba23634e1d.webp,0.0000,0.0000,0.0000,0.0000,0,21.0000,0.0000,,0.0000,0.0000,0,,,,0.0000,2026-08-08 22:47:30,1.0000,piece,,,,,20.0000,,Balai d'essuie-glace / raclette,,,,Balai d'essuie-glace / raclette,,,,,,0,2026-08-08 22:47:30,2026-08-08 22:47:30,2026-08-08 22:47:30,RapidApi,0,,856,3429,,,MAXGEAR,Balai d'essuie-glace / raclette,Type
108585,RAPID-3031793,Balai d'essuie-glace,,39-0005,,MAXGEAR,MAXGEAR,,,,https://fsn1.your-objectstorage.com/tecdoc2025/media_files/images/403/6c93adafce10d5659f4081a1194be6ba23634e1d.webp,0.0000,0.0000,0.0000,0.0000,0,21.0000,0.0000,,0.0000,0.0000,0,,,,0.0000,2026-08-08 22:47:30,1.0000,piece,,,,,18.0000,,Balai d'essuie-glace / raclette,,,,Balai d'essuie-glace / raclette,,,,,,0,2026-08-08 22:47:30,2026-08-08 22:47:30,2026-08-08 22:47:30,RapidApi,0,,856,3429,,,MAXGEAR,Balai d'essuie-glace / raclette,Type
108586,RAPID-3031819,Balai d'essuie-glace,,39-0072,,MAXGEAR,MAXGEAR,,,,https://fsn1.your-objectstorage.com/tecdoc2025/media_files/images/403/8f9133fd14543557b5bd6664eab807ccc4903d10.webp,0.0000,0.0000,0.0000,0.0000,0,21.0000,0.0000,,0.0000,0.0000,0,,,,0.0000,2026-08-08 22:47:30,1.0000,piece,,,,,30.0000,,Balai d'essuie-glace / raclette,,,,Balai d'essuie-glace / raclette,,,,,,0,2026-08-08 22:47:30,2026-08-08 22:47:30,2026-08-08 22:47:30,RapidApi,0,,856,3429,,,MAXGEAR,Balai d'essuie-glace / raclette,Type
108587,RAPID-3031796,Balai d'essuie-glace,,39-0008,,MAXGEAR,MAXGEAR,,,,https://fsn1.your-objectstorage.com/tecdoc2025/media_files/images/403/6c93adafce10d5659f4081a1194be6ba23634e1d.webp,0.0000,0.0000,0.0000,0.0000,0,21.0000,0.0000,,0.0000,0.0000,0,,,,0.0000,2026-08-08 22:47:30,1.0000,piece,,,,,21.0000,,Balai d'essuie-glace / raclette,,,,Balai d'essuie-glace / raclette,,,,,,0,2026-08-08 22:47:30,2026-08-08 22:47:30,2026-08-08 22:47:30,RapidApi,0,,856,3429,,,MAXGEAR,Balai d'essuie-glace / raclette,Type
108588,RAPID-3031935,Balai d'essuie-glace,,39-0308,,MAXGEAR,MAXGEAR,,,,https://fsn1.your-objectstorage.com/tecdoc2025/media_files/images/403/4b98db24a3a28ab785aa0f412e3e49bc1b1672f8.webp,0.0000,0.0000,0.0000,0.0000,0,21.0000,0.0000,,0.0000,0.0000,0,,,,0.0000,2026-08-08 22:47:30,1.0000,piece,,,,,18.0000,,Balai d'essuie-glace / raclette,,,,Balai d'essuie-glace / raclette,,,,,,0,2026-08-08 22:47:30,2026-08-08 22:47:30,2026-08-08 22:47:30,RapidApi,0,,856,3429,,,MAXGEAR,Balai d'essuie-glace / raclette,Type
108589,RAPID-3031938,Balai d'essuie-glace,,39-0311,,MAXGEAR,MAXGEAR,,,,https://fsn1.your-objectstorage.com/tecdoc2025/media_files/images/403/eb8d4089385381756bd80d74def3e99f5eaa80df.webp,0.0000,0.0000,0.0000,0.0000,0,21.0000,0.0000,,0.0000,0.0000,0,,,,0.0000,2026-08-08 22:47:30,1.0000,piece,,,,,21.0000,,Balai d'essuie-glace / raclette,,,,Balai d'essuie-glace / raclette,,,,,,0,2026-08-08 22:47:30,2026-08-08 22:47:30,2026-08-08 22:47:30,RapidApi,0,,856,3429,,,MAXGEAR,Balai d'essuie-glace / raclette,Type
108590,RAPID-3032424,Balai d'essuie-glace,,39-0625,,MAXGEAR,MAXGEAR,,,,https://fsn1.your-objectstorage.com/tecdoc2025/media_files/images/403/0f90234db9b092ee1efdb68ebb1b7c64f6d0cc76.webp,0.0000,0.0000,0.0000,0.0000,0,21.0000,0.0000,,0.0000,0.0000,0,,,,0.0000,2026-08-08 22:47:30,1.0000,piece,,,,,53.0000,,Balai d'essuie-glace / raclette,,,,Balai d'essuie-glace / raclette,,,,,,0,2026-08-08 22:47:30,2026-08-08 22:47:30,2026-08-08 22:47:30,RapidApi,0,,856,3429,,,MAXGEAR,Balai d'essuie-glace / raclette,Type
108591,RAPID-3032673,Balai d'essuie-glace,,39-1005,,MAXGEAR,MAXGEAR,,,,https://fsn1.your-objectstorage.com/tecdoc2025/media_files/images/403/3eb0dc36b816e1b22162dfb094211f3aa30c0550.webp,0.0000,0.0000,0.0000,0.0000,0,21.0000,0.0000,,0.0000,0.0000,0,,,,0.0000,2026-08-08 22:47:30,1.0000,piece,,,,,53.0000,,Balai d'essuie-glace / raclette,,,,Balai d'essuie-glace / raclette,,,,,,0,2026-08-08 22:47:30,2026-08-08 22:47:30,2026-08-08 22:47:30,RapidApi,0,,856,3429,,,MAXGEAR,Balai d'essuie-glace / raclette,Type
108592,RAPID-3032538,Balai d'essuie-glace,,39-0738,,MAXGEAR,MAXGEAR,,,,https://fsn1.your-objectstorage.com/tecdoc2025/media_files/images/403/48143605554114ab8033220367338c58b5b5c59d.webp,0.0000,0.0000,0.0000,0.0000,0,21.0000,0.0000,,0.0000,0.0000,0,,,,0.0000,2026-08-08 22:47:30,1.0000,piece,,,,,45.0000,,Balai d'essuie-glace / raclette,,,,Balai d'essuie-glace / raclette,,,,,,0,2026-08-08 22:47:30,2026-08-08 22:47:30,2026-08-08 22:47:30,RapidApi,0,,856,3429,,,MAXGEAR,Balai d'essuie-glace / raclette,Type
108593,RAPID-3032541,Balai d'essuie-glace,,39-0741,,MAXGEAR,MAXGEAR,,,,https://fsn1.your-objectstorage.com/tecdoc2025/media_files/images/403/df4651516458bb567c640eb30c43a128bb741b99.webp,0.0000,0.0000,0.0000,0.0000,0,21.0000,0.0000,,0.0000,0.0000,0,,,,0.0000,2026-08-08 22:47:30,1.0000,piece,,,,,53.0000,,Balai d'essuie-glace / raclette,,,,Balai d'essuie-glace / raclette,,,,,,0,2026-08-08 22:47:30,2026-08-08 22:47:30,2026-08-08 22:47:30,RapidApi,0,,856,3429,,,MAXGEAR,Balai d'essuie-glace / raclette,Type
108594,RAPID-3032431,Balai d'essuie-glace,,39-0632,,MAXGEAR,MAXGEAR,,,,https://fsn1.your-objectstorage.com/tecdoc2025/media_files/images/403/56f24186edb121ae208ab0bf4971a82dd418a43a.webp,0.0000,0.0000,0.0000,0.0000,0,21.0000,0.0000,,0.0000,0.0000,0,,,,0.0000,2026-08-08 22:47:30,1.0000,piece,,,,,45.0000,,Balai d'essuie-glace / raclette,,,,Balai d'essuie-glace / raclette,,,,,,0,2026-08-08 22:47:30,2026-08-08 22:47:30,2026-08-08 22:47:30,RapidApi,0,,856,3429,,,MAXGEAR,Balai d'essuie-glace / raclette,Type
108595,RAPID-3032921,Balai d'essuie-glace,,39-8500,,MAXGEAR,MAXGEAR,,,,https://fsn1.your-objectstorage.com/tecdoc2025/media_files/images/403/bca61729d63badf7012f859b8f9baa08faf6c375.webp,0.0000,0.0000,0.0000,0.0000,0,21.0000,0.0000,,0.0000,0.0000,0,,,,0.0000,2026-08-08 22:47:30,1.0000,piece,,,,,20.0000,,Balai d'essuie-glace / raclette,,,,Balai d'essuie-glace / raclette,,,,,,0,2026-08-08 22:47:30,2026-08-08 22:47:30,2026-08-08 22:47:30,RapidApi,0,,856,3429,,,MAXGEAR,Balai d'essuie-glace / raclette,Type
108596,RAPID-3032919,Balai d'essuie-glace,,39-8450,,MAXGEAR,MAXGEAR,,,,https://fsn1.your-objectstorage.com/tecdoc2025/media_files/images/403/25efcd380ad00da236a7389f2370f98b3a669af5.webp,0.0000,0.0000,0.0000,0.0000,0,21.0000,0.0000,,0.0000,0.0000,0,,,,0.0000,2026-08-08 22:47:30,1.0000,piece,,,,,18.0000,,Balai d'essuie-glace / raclette,,,,Balai d'essuie-glace / raclette,,,,,,0,2026-08-08 22:47:30,2026-08-08 22:47:30,2026-08-08 22:47:30,RapidApi,0,,856,3429,,,MAXGEAR,Balai d'essuie-glace / raclette,Type
108597,RAPID-3032888,Balai d'essuie-glace,,39-7500,,MAXGEAR,MAXGEAR,,,,https://fsn1.your-objectstorage.com/tecdoc2025/media_files/images/403/f38f98fd29b79e4a396e0eaa07360c0466a0da74.webp,0.0000,0.0000,0.0000,0.0000,0,21.0000,0.0000,,0.0000,0.0000,0,,,,0.0000,2026-08-08 22:47:30,1.0000,piece,,,,,20.0000,,Balai d'essuie-glace / raclette,,,,Balai d'essuie-glace / raclette,,,,,,0,2026-08-08 22:47:30,2026-08-08 22:47:30,2026-08-08 22:47:30,RapidApi,0,,856,3429,,,MAXGEAR,Balai d'essuie-glace / raclette,Type
108598,RAPID-3032873,Balai d'essuie-glace,,39-6500,,MAXGEAR,MAXGEAR,,,,https://fsn1.your-objectstorage.com/tecdoc2025/media_files/images/403/86940c1ab7ef3bdd74de430125353d79c3634375.webp,0.0000,0.0000,0.0000,0.0000,0,21.0000,0.0000,,0.0000,0.0000,0,,,,0.0000,2026-08-08 22:47:30,1.0000,piece,,,,,20.0000,,Balai d'essuie-glace / raclette,,,,Balai d'essuie-glace / raclette,,,,,,0,2026-08-08 22:47:30,2026-08-08 22:47:30,2026-08-08 22:47:30,RapidApi,0,,856,3429,,,MAXGEAR,Balai d'essuie-glace / raclette,Type
108599,RAPID-3032922,Balai d'essuie-glace,,39-8525,,MAXGEAR,MAXGEAR,,,,https://fsn1.your-objectstorage.com/tecdoc2025/media_files/images/403/83d348df794dac93f59acfdb7fff1354fc6cf7fd.webp,0.0000,0.0000,0.0000,0.0000,0,21.0000,0.0000,,0.0000,0.0000,0,,,,0.0000,2026-08-08 22:47:30,1.0000,piece,,,,,21.0000,,Balai d'essuie-glace / raclette,,,,Balai d'essuie-glace / raclette,,,,,,0,2026-08-08 22:47:30,2026-08-08 22:47:30,2026-08-08 22:47:30,RapidApi,0,,856,3429,,,MAXGEAR,Balai d'essuie-glace / raclette,Type
108600,RAPID-3032889,Balai d'essuie-glace,,39-7525,,MAXGEAR,MAXGEAR,,,,https://fsn1.your-objectstorage.com/tecdoc2025/media_files/images/403/db4e610aa095f9c88d17ab11adb55687896c8bfa.webp,0.0000,0.0000,0.0000,0.0000,0,21.0000,0.0000,,0.0000,0.0000,0,,,,0.0000,2026-08-08 22:47:30,1.0000,piece,,,,,21.0000,,Balai d'essuie-glace / raclette,,,,Balai d'essuie-glace / raclette,,,,,,0,2026-08-08 22:47:30,2026-08-08 22:47:30,2026-08-08 22:47:30,RapidApi,0,,856,3429,,,MAXGEAR,Balai d'essuie-glace / raclette,Type
108601,RAPID-3032886,Balai d'essuie-glace,,39-7450,,MAXGEAR,MAXGEAR,,,,https://fsn1.your-objectstorage.com/tecdoc2025/media_files/images/403/c0e7d7e828035c3574a595633cfa164f85905ce3.webp,0.0000,0.0000,0.0000,0.0000,0,21.0000,0.0000,,0.0000,0.0000,0,,,,0.0000,2026-08-08 22:47:30,1.0000,piece,,,,,18.0000,,Balai d'essuie-glace / raclette,,,,Balai d'essuie-glace / raclette,,,,,,0,2026-08-08 22:47:30,2026-08-08 22:47:30,2026-08-08 22:47:30,RapidApi,0,,856,3429,,,MAXGEAR,Balai d'essuie-glace / raclette,Type
108602,RAPID-3032871,Balai d'essuie-glace,,39-6450,,MAXGEAR,MAXGEAR,,,,https://fsn1.your-objectstorage.com/tecdoc2025/media_files/images/403/378715f30219ddeaeeb3cde1f9f98a4e7c14ff4c.webp,0.0000,0.0000,0.0000,0.0000,0,21.0000,0.0000,,0.0000,0.0000,0,,,,0.0000,2026-08-08 22:47:30,1.0000,piece,,,,,18.0000,,Balai d'essuie-glace / raclette,,,,Balai d'essuie-glace / raclette,,,,,,0,2026-08-08 22:47:30,2026-08-08 22:47:30,2026-08-08 22:47:30,RapidApi,0,,856,3429,,,MAXGEAR,Balai d'essuie-glace / raclette,Type
108603,RAPID-3032943,Balai d'essuie-glace,,39-9450,,MAXGEAR,MAXGEAR,,,,https://fsn1.your-objectstorage.com/tecdoc2025/media_files/images/403/338155621447f626e11be8aedbd8f074254cd8a4.webp,0.0000,0.0000,0.0000,0.0000,0,21.0000,0.0000,,0.0000,0.0000,0,,,,0.0000,2026-08-08 22:47:30,1.0000,piece,,,,,18.0000,,Balai d'essuie-glace / raclette,,,,Balai d'essuie-glace / raclette,,,,,,0,2026-08-08 22:47:30,2026-08-08 22:47:30,2026-08-08 22:47:30,RapidApi,0,,856,3429,,,MAXGEAR,Balai d'essuie-glace / raclette,Type
108604,RAPID-3032946,Balai d'essuie-glace,,39-9525,,MAXGEAR,MAXGEAR,,,,https://fsn1.your-objectstorage.com/tecdoc2025/media_files/images/403/338155621447f626e11be8aedbd8f074254cd8a4.webp,0.0000,0.0000,0.0000,0.0000,0,21.0000,0.0000,,0.0000,0.0000,0,,,,0.0000,2026-08-08 22:47:30,1.0000,piece,,,,,21.0000,,Balai d'essuie-glace / raclette,,,,Balai d'essuie-glace / raclette,,,,,,0,2026-08-08 22:47:30,2026-08-08 22:47:30,2026-08-08 22:47:30,RapidApi,0,,856,3429,,,MAXGEAR,Balai d'essuie-glace / raclette,Type
108605,RAPID-3031850,Balai d'essuie-glace,,39-0119,,MAXGEAR,MAXGEAR,,,,https://fsn1.your-objectstorage.com/tecdoc2025/media_files/images/403/8e722bcc06300d9ba1bba27c878cad26d93b7fef.webp,0.0000,0.0000,0.0000,0.0000,0,21.0000,0.0000,,0.0000,0.0000,0,,,,0.0000,2026-08-08 22:47:30,1.0000,piece,,,,,12.0000,,Balai d'essuie-glace / raclette,,,,Balai d'essuie-glace / raclette,,,,,,0,2026-08-08 22:47:30,2026-08-08 22:47:30,2026-08-08 22:47:30,RapidApi,0,,856,3429,,,MAXGEAR,Balai d'essuie-glace / raclette,Type
108606,RAPID-3031899,"Bras d'essuie-glace, nettoyage des vitres",,39-0212,,MAXGEAR,MAXGEAR,,,,https://fsn1.your-objectstorage.com/tecdoc2025/media_files/images/403/688e8b8d55a5c76d54710b597fec1decfb4eddce.webp,0.0000,0.0000,0.0000,0.0000,0,21.0000,0.0000,,0.0000,0.0000,0,,,,0.0000,2026-08-08 22:47:30,1.0000,piece,,,,,30.5000,,Balai d'essuie-glace / raclette,,,,Balai d'essuie-glace / raclette,,,,,,0,2026-08-08 22:47:30,2026-08-08 22:47:30,2026-08-08 22:47:30,RapidApi,0,,856,3429,,,MAXGEAR,Balai d'essuie-glace / raclette,Type
108607,RAPID-3032095,"Kit de bras d'essuie-glace, nettoyage des vitres",,39-0405,,MAXGEAR,MAXGEAR,,,,https://fsn1.your-objectstorage.com/tecdoc2025/media_files/images/403/a949f173bec1e1486a8a62b6fdc606cd2643df14.webp,0.0000,0.0000,0.0000,0.0000,0,21.0000,0.0000,,0.0000,0.0000,0,,,,0.0000,2026-08-08 22:47:30,1.0000,piece,,,,,,,Balai d'essuie-glace / raclette,,,,Balai d'essuie-glace / raclette,,,,,,0,2026-08-08 22:47:30,2026-08-08 22:47:30,2026-08-08 22:47:30,RapidApi,0,,856,3429,,,MAXGEAR,Balai d'essuie-glace / raclette,Type
108608,RAPID-86699363,Balai d'essuie-glace,,GOM-WI0065,,MDR,MDR,,,,https://fsn1.your-objectstorage.com/tecdoc2025/media_files/images/4773/3614b5f6cd186194f56ca61a1ba743343b799cbb.webp,0.0000,0.0000,0.0000,0.0000,0,21.0000,0.0000,,0.0000,0.0000,0,,,,0.0000,2026-08-08 22:47:30,1.0000,piece,,,,,29.0000,,Balai d'essuie-glace / raclette,,,,Balai d'essuie-glace / raclette,,,,,,0,2026-08-08 22:47:30,2026-08-08 22:47:30,2026-08-08 22:47:30,RapidApi,0,,857,3429,,,MDR,Balai d'essuie-glace / raclette,Type
108609,RAPID-98623279,Balai d'essuie-glace,,GOM-WI0022,,MDR,MDR,,,,https://fsn1.your-objectstorage.com/tecdoc2025/media_files/images/4773/7445009cb79cf9e24e16b1d7e90fbf6694bd2a23.webp,0.0000,0.0000,0.0000,0.0000,0,21.0000,0.0000,,0.0000,0.0000,0,,,,0.0000,2026-08-08 22:47:30,1.0000,piece,,,,,30.0000,,Balai d'essuie-glace / raclette,,,,Balai d'essuie-glace / raclette,,,,,,0,2026-08-08 22:47:30,2026-08-08 22:47:30,2026-08-08 22:47:30,RapidApi,0,,857,3429,,,MDR,Balai d'essuie-glace / raclette,Type
108610,RAPID-8144152,Balai d'essuie-glace,,MH89063,,MEHA AUTOMOTIVE,MEHA AUTOMOTIVE,,,,https://fsn1.your-objectstorage.com/tecdoc2025/media_files/images/6924/24eccdca19b42b96c0a7607b3a9466a22962b37d.webp,0.0000,0.0000,0.0000,0.0000,0,21.0000,0.0000,,0.0000,0.0000,0,,,,0.0000,2026-08-08 22:47:30,1.0000,piece,,0.0730,,,,,Balai d'essuie-glace / raclette,,,,Balai d'essuie-glace / raclette,,,,,,0,2026-08-08 22:47:30,2026-08-08 22:47:30,2026-08-08 22:47:30,RapidApi,0,,858,3429,,,MEHA AUTOMOTIVE,Balai d'essuie-glace / raclette,Type
108611,RAPID-14304281,Balai d'essuie-glace,,MH89044,,MEHA AUTOMOTIVE,MEHA AUTOMOTIVE,,,,https://fsn1.your-objectstorage.com/tecdoc2025/media_files/images/6924/e9f643562081c32428e9c860fd73b27132026844.webp,0.0000,0.0000,0.0000,0.0000,0,21.0000,0.0000,,0.0000,0.0000,0,,,,0.0000,2026-08-08 22:47:30,1.0000,piece,,0.1210,,,,,Balai d'essuie-glace / raclette,,,,Balai d'essuie-glace / raclette,,,,,,0,2026-08-08 22:47:30,2026-08-08 22:47:30,2026-08-08 22:47:30,RapidApi,0,,858,3429,,,MEHA AUTOMOTIVE,Balai d'essuie-glace / raclette,Type
108612,RAPID-4268263,Balai d'essuie-glace,,68116,,Metalcaucho,Metalcaucho,,,,https://fsn1.your-objectstorage.com/tecdoc2025/media_files/images/4664/5fb7f65ad214826380d1a0ebef3cb0fd84d35dd4.webp,0.0000,0.0000,0.0000,0.0000,0,21.0000,0.0000,,0.0000,0.0000,0,,,,0.0000,2026-08-08 22:47:30,1.0000,piece,,0.1500,,,30.5000,,Balai d'essuie-glace / raclette,,,,Balai d'essuie-glace / raclette,,,,,,0,2026-08-08 22:47:30,2026-08-08 22:47:30,2026-08-08 22:47:30,RapidApi,0,,859,3429,,,Metalcaucho,Balai d'essuie-glace / raclette,Type
108613,RAPID-4268174,Balai d'essuie-glace,,68112,,Metalcaucho,Metalcaucho,,,,https://fsn1.your-objectstorage.com/tecdoc2025/media_files/images/4664/58f1721a2e4603a64e920d24a8d55e63775ae50a.webp,0.0000,0.0000,0.0000,0.0000,0,21.0000,0.0000,,0.0000,0.0000,0,,,,0.0000,2026-08-08 22:47:30,1.0000,piece,,0.1520,,,30.5000,,Balai d'essuie-glace / raclette,,,,Balai d'essuie-glace / raclette,,,,,,0,2026-08-08 22:47:30,2026-08-08 22:47:30,2026-08-08 22:47:30,RapidApi,0,,859,3429,,,Metalcaucho,Balai d'essuie-glace / raclette,Type
108614,RAPID-2019255,"Bras d'essuie-glace, nettoyage des vitres",,2190049,,METZGER AUTOTEILE,METZGER AUTOTEILE,,,,https://fsn1.your-objectstorage.com/tecdoc2025/media_files/images/94/7027dd19cd8d2b9cf349559fc1f9a68f8f278f85.webp,0.0000,0.0000,0.0000,0.0000,0,21.0000,0.0000,,0.0000,0.0000,0,,,,0.0000,2026-08-08 22:47:30,1.0000,piece,,,,,,,Balai d'essuie-glace / raclette,,,,Balai d'essuie-glace / raclette,,,,,,0,2026-08-08 22:47:30,2026-08-08 22:47:30,2026-08-08 22:47:30,RapidApi,0,,860,3429,,,METZGER AUTOTEILE,Balai d'essuie-glace / raclette,Type
108615,RAPID-2019616,"Bras d'essuie-glace, nettoyage des vitres",,2190272,,METZGER AUTOTEILE,METZGER AUTOTEILE,,,,https://fsn1.your-objectstorage.com/tecdoc2025/media_files/images/94/8bc3d4dcf360e87d4eaf467d36d2c5655f7c7f57.webp,0.0000,0.0000,0.0000,0.0000,0,21.0000,0.0000,,0.0000,0.0000,0,,,,0.0000,2026-08-08 22:47:30,1.0000,piece,,,,,30.5000,,Balai d'essuie-glace / raclette,,,,Balai d'essuie-glace / raclette,,,,,,0,2026-08-08 22:47:30,2026-08-08 22:47:30,2026-08-08 22:47:30,RapidApi,0,,860,3429,,,METZGER AUTOTEILE,Balai d'essuie-glace / raclette,Type
108616,RAPID-337056,Balai d'essuie-glace,,029 450 1800,,MEYLE,MEYLE,,,,https://fsn1.your-objectstorage.com/tecdoc2025/media_files/images/144/fa06f3e8886e7327b93e033b353c8a4b193c1859.webp,0.0000,0.0000,0.0000,0.0000,0,21.0000,0.0000,,0.0000,0.0000,0,,,,0.0000,2026-08-08 22:47:30,1.0000,piece,,,,,18.0000,,Balai d'essuie-glace / raclette,,,,Balai d'essuie-glace / raclette,,,,,,0,2026-08-08 22:47:30,2026-08-08 22:47:30,2026-08-08 22:47:30,RapidApi,0,,861,3429,,,MEYLE,Balai d'essuie-glace / raclette,Type
108617,RAPID-336980,Balai d'essuie-glace,,029 300 1211,,MEYLE,MEYLE,,,,https://fsn1.your-objectstorage.com/tecdoc2025/media_files/images/144/b4bf2fcdbeb3f8decb012fd9a9575a938b4ee44a.webp,0.0000,0.0000,0.0000,0.0000,0,21.0000,0.0000,,0.0000,0.0000,0,,,,0.0000,2026-08-08 22:47:30,1.0000,piece,,,,,12.0000,,Balai d'essuie-glace / raclette,,,,Balai d'essuie-glace / raclette,,,,,,0,2026-08-08 22:47:30,2026-08-08 22:47:30,2026-08-08 22:47:30,RapidApi,0,,861,3429,,,MEYLE,Balai d'essuie-glace / raclette,Type
108618,RAPID-337077,Balai d'essuie-glace,,029 530 2100,,MEYLE,MEYLE,,,,https://fsn1.your-objectstorage.com/tecdoc2025/media_files/images/144/fa06f3e8886e7327b93e033b353c8a4b193c1859.webp,0.0000,0.0000,0.0000,0.0000,0,21.0000,0.0000,,0.0000,0.0000,0,,,,0.0000,2026-08-08 22:47:30,1.0000,piece,,,,,21.0000,,Balai d'essuie-glace / raclette,,,,Balai d'essuie-glace / raclette,,,,,,0,2026-08-08 22:47:30,2026-08-08 22:47:30,2026-08-08 22:47:30,RapidApi,0,,861,3429,,,MEYLE,Balai d'essuie-glace / raclette,Type
108619,RAPID-6762324,Balai d'essuie-glace,,EGA300D,,MGA,MGA,,,,https://fsn1.your-objectstorage.com/tecdoc2025/media_files/images/249/77e3628ae05adcf90858df913b6e07e5ea236743.webp,0.0000,0.0000,0.0000,0.0000,0,21.0000,0.0000,,0.0000,0.0000,0,,,,0.0000,2026-08-08 22:47:30,1.0000,piece,,,,,30.0000,,Balai d'essuie-glace / raclette,,,,Balai d'essuie-glace / raclette,,,,,,0,2026-08-08 22:47:30,2026-08-08 22:47:30,2026-08-08 22:47:30,RapidApi,0,,784,3429,,,MGA,Balai d'essuie-glace / raclette,Type
108620,RAPID-6762350,Balai d'essuie-glace,,EGC530,,MGA,MGA,,,,https://fsn1.your-objectstorage.com/tecdoc2025/media_files/images/249/3cc10e59cfbdae93f2ae492835e66e406afa24d1.webp,0.0000,0.0000,0.0000,0.0000,0,21.0000,0.0000,,0.0000,0.0000,0,,,,0.0000,2026-08-08 22:47:30,1.0000,piece,,,,,53.0000,,Balai d'essuie-glace / raclette,,,,Balai d'essuie-glace / raclette,,,,,,0,2026-08-08 22:47:30,2026-08-08 22:47:30,2026-08-08 22:47:30,RapidApi,0,,784,3429,,,MGA,Balai d'essuie-glace / raclette,Type
108621,RAPID-6762347,Balai d'essuie-glace,,EGC450,,MGA,MGA,,,,https://fsn1.your-objectstorage.com/tecdoc2025/media_files/images/249/3cc10e59cfbdae93f2ae492835e66e406afa24d1.webp,0.0000,0.0000,0.0000,0.0000,0,21.0000,0.0000,,0.0000,0.0000,0,,,,0.0000,2026-08-08 22:47:30,1.0000,piece,,,,,45.0000,,Balai d'essuie-glace / raclette,,,,Balai d'essuie-glace / raclette,,,,,,0,2026-08-08 22:47:30,2026-08-08 22:47:30,2026-08-08 22:47:30,RapidApi,0,,784,3429,,,MGA,Balai d'essuie-glace / raclette,Type
108622,RAPID-6763931,Balai d'essuie-glace,,EGP500,,MGA,MGA,,,,https://fsn1.your-objectstorage.com/tecdoc2025/media_files/images/249/3099eaaf9674cb8eef1b0aef099292b800df71ae.webp,0.0000,0.0000,0.0000,0.0000,0,21.0000,0.0000,,0.0000,0.0000,0,,,,0.0000,2026-08-08 22:47:30,1.0000,piece,,,,,50.0000,,Balai d'essuie-glace / raclette,,,,Balai d'essuie-glace / raclette,,,,,,0,2026-08-08 22:47:30,2026-08-08 22:47:30,2026-08-08 22:47:30,RapidApi,0,,784,3429,,,MGA,Balai d'essuie-glace / raclette,Type
108623,RAPID-6763932,Balai d'essuie-glace,,EGP530,,MGA,MGA,,,,https://fsn1.your-objectstorage.com/tecdoc2025/media_files/images/249/0c10bbe2d04817bbc92a89bab27d20eafb4394f0.webp,0.0000,0.0000,0.0000,0.0000,0,21.0000,0.0000,,0.0000,0.0000,0,,,,0.0000,2026-08-08 22:47:30,1.0000,piece,,,,,53.0000,,Balai d'essuie-glace / raclette,,,,Balai d'essuie-glace / raclette,,,,,,0,2026-08-08 22:47:30,2026-08-08 22:47:30,2026-08-08 22:47:30,RapidApi,0,,784,3429,,,MGA,Balai d'essuie-glace / raclette,Type
108624,RAPID-6763929,Balai d'essuie-glace,,EGP450,,MGA,MGA,,,,https://fsn1.your-objectstorage.com/tecdoc2025/media_files/images/249/c9a6d3d66e9f6c33606538c5f25934809a3084ef.webp,0.0000,0.0000,0.0000,0.0000,0,21.0000,0.0000,,0.0000,0.0000,0,,,,0.0000,2026-08-08 22:47:30,1.0000,piece,,,,,45.0000,,Balai d'essuie-glace / raclette,,,,Balai d'essuie-glace / raclette,,,,,,0,2026-08-08 22:47:30,2026-08-08 22:47:30,2026-08-08 22:47:30,RapidApi,0,,784,3429,,,MGA,Balai d'essuie-glace / raclette,Type
108625,RAPID-3611850,Balai d'essuie-glace,,51/5011,,MI.R.A.,MI.R.A.,,,,https://fsn1.your-objectstorage.com/tecdoc2025/media_files/images/4370/73136eaa544946e8e89bdbb6bc598eb21e1842d8.webp,0.0000,0.0000,0.0000,0.0000,0,21.0000,0.0000,,0.0000,0.0000,0,,,,0.0000,2026-08-08 22:47:30,1.0000,piece,,0.0900,,,30.0000,,Balai d'essuie-glace / raclette,,,,Balai d'essuie-glace / raclette,,,,,,0,2026-08-08 22:47:30,2026-08-08 22:47:30,2026-08-08 22:47:30,RapidApi,0,,862,3429,,,MI.R.A.,Balai d'essuie-glace / raclette,Type
108626,RAPID-3611907,Balai d'essuie-glace,,51/5088,,MI.R.A.,MI.R.A.,,,,https://fsn1.your-objectstorage.com/tecdoc2025/media_files/images/4370/2223899b59f3605901537c89f435d730d6f20d46.webp,0.0000,0.0000,0.0000,0.0000,0,21.0000,0.0000,,0.0000,0.0000,0,,,,0.0000,2026-08-08 22:47:30,1.0000,piece,,0.1640,,,12.0000,,Balai d'essuie-glace / raclette,,,,Balai d'essuie-glace / raclette,,,,,,0,2026-08-08 22:47:30,2026-08-08 22:47:30,2026-08-08 22:47:30,RapidApi,0,,862,3429,,,MI.R.A.,Balai d'essuie-glace / raclette,Type
108627,RAPID-3612015,Balai d'essuie-glace,,51/5305,,MI.R.A.,MI.R.A.,,,,https://fsn1.your-objectstorage.com/tecdoc2025/media_files/images/4370/36be46ce66b0c47ed9fd5a079be709526ef3ab94.webp,0.0000,0.0000,0.0000,0.0000,0,21.0000,0.0000,,0.0000,0.0000,0,,,,0.0000,2026-08-08 22:47:30,1.0000,piece,,0.1520,,,30.5000,,Balai d'essuie-glace / raclette,,,,Balai d'essuie-glace / raclette,,,,,,0,2026-08-08 22:47:30,2026-08-08 22:47:30,2026-08-08 22:47:30,RapidApi,0,,862,3429,,,MI.R.A.,Balai d'essuie-glace / raclette,Type
108628,RAPID-9217199,Balai d'essuie-glace,,ST45,,MICHELIN Wipers,MICHELIN Wipers,,,,https://fsn1.your-objectstorage.com/tecdoc2025/media_files/images/6925/0c9d59f62bfafb0b3647caa44badc1f1fbc83cea.webp,0.0000,0.0000,0.0000,0.0000,0,21.0000,0.0000,,0.0000,0.0000,0,,,,0.0000,2026-08-08 22:47:30,1.0000,piece,,,,,18.0000,,Balai d'essuie-glace / raclette,,,,Balai d'essuie-glace / raclette,,,,,,0,2026-08-08 22:47:30,2026-08-08 22:47:30,2026-08-08 22:47:30,RapidApi,0,,863,3429,,,MICHELIN Wipers,Balai d'essuie-glace / raclette,Type
108629,RAPID-8159120,Balai d'essuie-glace,,ML22221,,MICHELIN Wipers,MICHELIN Wipers,,,,https://fsn1.your-objectstorage.com/tecdoc2025/media_files/images/6925/1d847c91822d9909dfb083c5c754b9f6efea783a.webp,0.0000,0.0000,0.0000,0.0000,0,21.0000,0.0000,,0.0000,0.0000,0,,,,0.0000,2026-08-08 22:47:30,1.0000,piece,,,,,21.0000,,Balai d'essuie-glace / raclette,,,,Balai d'essuie-glace / raclette,,,,,,0,2026-08-08 22:47:30,2026-08-08 22:47:30,2026-08-08 22:47:30,RapidApi,0,,863,3429,,,MICHELIN Wipers,Balai d'essuie-glace / raclette,Type
108630,RAPID-9217428,Balai d'essuie-glace,,ST53,,MICHELIN Wipers,MICHELIN Wipers,,,,https://fsn1.your-objectstorage.com/tecdoc2025/media_files/images/6925/0c9d59f62bfafb0b3647caa44badc1f1fbc83cea.webp,0.0000,0.0000,0.0000,0.0000,0,21.0000,0.0000,,0.0000,0.0000,0,,,,0.0000,2026-08-08 22:47:30,1.0000,piece,,,,,21.0000,,Balai d'essuie-glace / raclette,,,,Balai d'essuie-glace / raclette,,,,,,0,2026-08-08 22:47:30,2026-08-08 22:47:30,2026-08-08 22:47:30,RapidApi,0,,863,3429,,,MICHELIN Wipers,Balai d'essuie-glace / raclette,Type
108631,RAPID-9217440,Balai d'essuie-glace,,ST55,,MICHELIN Wipers,MICHELIN Wipers,,,,https://fsn1.your-objectstorage.com/tecdoc2025/media_files/images/6925/0c9d59f62bfafb0b3647caa44badc1f1fbc83cea.webp,0.0000,0.0000,0.0000,0.0000,0,21.0000,0.0000,,0.0000,0.0000,0,,,,0.0000,2026-08-08 22:47:30,1.0000,piece,,,,,22.0000,,Balai d'essuie-glace / raclette,,,,Balai d'essuie-glace / raclette,,,,,,0,2026-08-08 22:47:30,2026-08-08 22:47:30,2026-08-08 22:47:30,RapidApi,0,,863,3429,,,MICHELIN Wipers,Balai d'essuie-glace / raclette,Type
108632,RAPID-8158894,Balai d'essuie-glace,,ML1254,,MICHELIN Wipers,MICHELIN Wipers,,,,https://fsn1.your-objectstorage.com/tecdoc2025/media_files/images/6925/7b0a3333f2485e2a5e5abc49cef287808cd7493a.webp,0.0000,0.0000,0.0000,0.0000,0,21.0000,0.0000,,0.0000,0.0000,0,,,,0.0000,2026-08-08 22:47:30,1.0000,piece,,,,,12.0000,,Balai d'essuie-glace / raclette,,,,Balai d'essuie-glace / raclette,,,,,,0,2026-08-08 22:47:30,2026-08-08 22:47:30,2026-08-08 22:47:30,RapidApi,0,,863,3429,,,MICHELIN Wipers,Balai d'essuie-glace / raclette,Type
108633,RAPID-19338321,Balai d'essuie-glace,,RB500,,MICHELIN Wipers,MICHELIN Wipers,,,,https://fsn1.your-objectstorage.com/tecdoc2025/media_files/PDF/6925/45bc7c34dc3a2937b97cf95d2aa6fcf1f945b80b.pdf,0.0000,0.0000,0.0000,0.0000,0,21.0000,0.0000,,0.0000,0.0000,0,,,,0.0000,2026-08-08 22:47:30,1.0000,piece,,,,,20.0000,,Balai d'essuie-glace / raclette,,,,Balai d'essuie-glace / raclette,,,,,,0,2026-08-08 22:47:30,2026-08-08 22:47:30,2026-08-08 22:47:30,RapidApi,0,,863,3429,,,MICHELIN Wipers,Balai d'essuie-glace / raclette,Type
108634,RAPID-21195037,Balai d'essuie-glace,,RB450,,MICHELIN Wipers,MICHELIN Wipers,,,,https://fsn1.your-objectstorage.com/tecdoc2025/media_files/PDF/6925/45bc7c34dc3a2937b97cf95d2aa6fcf1f945b80b.pdf,0.0000,0.0000,0.0000,0.0000,0,21.0000,0.0000,,0.0000,0.0000,0,,,,0.0000,2026-08-08 22:47:30,1.0000,piece,,,,,18.0000,,Balai d'essuie-glace / raclette,,,,Balai d'essuie-glace / raclette,,,,,,0,2026-08-08 22:47:30,2026-08-08 22:47:30,2026-08-08 22:47:30,RapidApi,0,,863,3429,,,MICHELIN Wipers,Balai d'essuie-glace / raclette,Type
108635,RAPID-6467383,Balai d'essuie-glace,,CWF20AC,,MILES,MILES,,,,https://fsn1.your-objectstorage.com/tecdoc2025/media_files/images/6495/356c0bf9b0720681def6eae22e2601f050ba08db.webp,0.0000,0.0000,0.0000,0.0000,0,21.0000,0.0000,,0.0000,0.0000,0,,,,0.0000,2026-08-08 22:47:30,1.0000,piece,,,,,20.0000,,Balai d'essuie-glace / raclette,,,,Balai d'essuie-glace / raclette,,,,,,0,2026-08-08 22:47:30,2026-08-08 22:47:30,2026-08-08 22:47:30,RapidApi,0,,864,3429,,,MILES,Balai d'essuie-glace / raclette,Type
108636,RAPID-6467375,Balai d'essuie-glace,,CWF16AC,,MILES,MILES,,,,https://fsn1.your-objectstorage.com/tecdoc2025/media_files/images/6495/356c0bf9b0720681def6eae22e2601f050ba08db.webp,0.0000,0.0000,0.0000,0.0000,0,21.0000,0.0000,,0.0000,0.0000,0,,,,0.0000,2026-08-08 22:47:30,1.0000,piece,,,,,16.0000,,Balai d'essuie-glace / raclette,,,,Balai d'essuie-glace / raclette,,,,,,0,2026-08-08 22:47:30,2026-08-08 22:47:30,2026-08-08 22:47:30,RapidApi,0,,864,3429,,,MILES,Balai d'essuie-glace / raclette,Type
108637,RAPID-6467380,Balai d'essuie-glace,,CWF18M,,MILES,MILES,,,,https://fsn1.your-objectstorage.com/tecdoc2025/media_files/images/6495/9308b375a4d5c2afc63c6d0badb03691f3959365.webp,0.0000,0.0000,0.0000,0.0000,0,21.0000,0.0000,,0.0000,0.0000,0,,,,0.0000,2026-08-08 22:47:30,1.0000,piece,,,,,18.0000,,Balai d'essuie-glace / raclette,,,,Balai d'essuie-glace / raclette,,,,,,0,2026-08-08 22:47:30,2026-08-08 22:47:30,2026-08-08 22:47:30,RapidApi,0,,864,3429,,,MILES,Balai d'essuie-glace / raclette,Type
108638,RAPID-6467384,Balai d'essuie-glace,,CWF20M,,MILES,MILES,,,,https://fsn1.your-objectstorage.com/tecdoc2025/media_files/images/6495/ec8a2182f1aae0fcada85280cd20e61a224718d1.webp,0.0000,0.0000,0.0000,0.0000,0,21.0000,0.0000,,0.0000,0.0000,0,,,,0.0000,2026-08-08 22:47:30,1.0000,piece,,,,,20.0000,,Balai d'essuie-glace / raclette,,,,Balai d'essuie-glace / raclette,,,,,,0,2026-08-08 22:47:30,2026-08-08 22:47:30,2026-08-08 22:47:30,RapidApi,0,,864,3429,,,MILES,Balai d'essuie-glace / raclette,Type
108639,RAPID-6467363,Balai d'essuie-glace,,CWC21AC,,MILES,MILES,,,,https://fsn1.your-objectstorage.com/tecdoc2025/media_files/images/6495/356c0bf9b0720681def6eae22e2601f050ba08db.webp,0.0000,0.0000,0.0000,0.0000,0,21.0000,0.0000,,0.0000,0.0000,0,,,,0.0000,2026-08-08 22:47:30,1.0000,piece,,,,,21.0000,,Balai d'essuie-glace / raclette,,,,Balai d'essuie-glace / raclette,,,,,,0,2026-08-08 22:47:30,2026-08-08 22:47:30,2026-08-08 22:47:30,RapidApi,0,,864,3429,,,MILES,Balai d'essuie-glace / raclette,Type
108640,RAPID-6467362,Balai d'essuie-glace,,CWC20AC,,MILES,MILES,,,,https://fsn1.your-objectstorage.com/tecdoc2025/media_files/images/6495/356c0bf9b0720681def6eae22e2601f050ba08db.webp,0.0000,0.0000,0.0000,0.0000,0,21.0000,0.0000,,0.0000,0.0000,0,,,,0.0000,2026-08-08 22:47:30,1.0000,piece,,,,,20.0000,,Balai d'essuie-glace / raclette,,,,Balai d'essuie-glace / raclette,,,,,,0,2026-08-08 22:47:30,2026-08-08 22:47:30,2026-08-08 22:47:30,RapidApi,0,,864,3429,,,MILES,Balai d'essuie-glace / raclette,Type
108641,RAPID-11444196,Balai d'essuie-glace,,CWH18KM,,MILES,MILES,,,,https://fsn1.your-objectstorage.com/tecdoc2025/media_files/images/6495/6cceb316801a09731d37ae9d9f8b4dba7ca6f904.webp,0.0000,0.0000,0.0000,0.0000,0,21.0000,0.0000,,0.0000,0.0000,0,,,,0.0000,2026-08-08 22:47:30,1.0000,piece,,,,,19.0000,,Balai d'essuie-glace / raclette,,,,Balai d'essuie-glace / raclette,,,,,,0,2026-08-08 22:47:30,2026-08-08 22:47:30,2026-08-08 22:47:30,RapidApi,0,,864,3429,,,MILES,Balai d'essuie-glace / raclette,Type
108642,RAPID-6467386,Balai d'essuie-glace,,CWF21M,,MILES,MILES,,,,https://fsn1.your-objectstorage.com/tecdoc2025/media_files/images/6495/356c0bf9b0720681def6eae22e2601f050ba08db.webp,0.0000,0.0000,0.0000,0.0000,0,21.0000,0.0000,,0.0000,0.0000,0,,,,0.0000,2026-08-08 22:47:30,1.0000,piece,,,,,21.0000,,Balai d'essuie-glace / raclette,,,,Balai d'essuie-glace / raclette,,,,,,0,2026-08-08 22:47:30,2026-08-08 22:47:30,2026-08-08 22:47:30,RapidApi,0,,864,3429,,,MILES,Balai d'essuie-glace / raclette,Type
108643,RAPID-10664338,Balai d'essuie-glace,,CWH20KM,,MILES,MILES,,,,https://fsn1.your-objectstorage.com/tecdoc2025/media_files/images/6495/c87254faedb68d545670dd8578ae83a6e40aca58.webp,0.0000,0.0000,0.0000,0.0000,0,21.0000,0.0000,,0.0000,0.0000,0,,,,0.0000,2026-08-08 22:47:30,1.0000,piece,,,,,20.0000,,Balai d'essuie-glace / raclette,,,,Balai d'essuie-glace / raclette,,,,,,0,2026-08-08 22:47:30,2026-08-08 22:47:30,2026-08-08 22:47:30,RapidApi,0,,864,3429,,,MILES,Balai d'essuie-glace / raclette,Type
108644,RAPID-6467400,Balai d'essuie-glace,,CWH18AC,,MILES,MILES,,,,https://fsn1.your-objectstorage.com/tecdoc2025/media_files/images/6495/356c0bf9b0720681def6eae22e2601f050ba08db.webp,0.0000,0.0000,0.0000,0.0000,0,21.0000,0.0000,,0.0000,0.0000,0,,,,0.0000,2026-08-08 22:47:30,1.0000,piece,,,,,18.0000,,Balai d'essuie-glace / raclette,,,,Balai d'essuie-glace / raclette,,,,,,0,2026-08-08 22:47:30,2026-08-08 22:47:30,2026-08-08 22:47:30,RapidApi,0,,864,3429,,,MILES,Balai d'essuie-glace / raclette,Type
108645,RAPID-6467402,Balai d'essuie-glace,,CWH20AC,,MILES,MILES,,,,https://fsn1.your-objectstorage.com/tecdoc2025/media_files/images/6495/356c0bf9b0720681def6eae22e2601f050ba08db.webp,0.0000,0.0000,0.0000,0.0000,0,21.0000,0.0000,,0.0000,0.0000,0,,,,0.0000,2026-08-08 22:47:30,1.0000,piece,,,,,20.0000,,Balai d'essuie-glace / raclette,,,,Balai d'essuie-glace / raclette,,,,,,0,2026-08-08 22:47:30,2026-08-08 22:47:30,2026-08-08 22:47:30,RapidApi,0,,864,3429,,,MILES,Balai d'essuie-glace / raclette,Type
108646,RAPID-6467403,Balai d'essuie-glace,,CWH21AC,,MILES,MILES,,,,https://fsn1.your-objectstorage.com/tecdoc2025/media_files/images/6495/356c0bf9b0720681def6eae22e2601f050ba08db.webp,0.0000,0.0000,0.0000,0.0000,0,21.0000,0.0000,,0.0000,0.0000,0,,,,0.0000,2026-08-08 22:47:30,1.0000,piece,,,,,21.0000,,Balai d'essuie-glace / raclette,,,,Balai d'essuie-glace / raclette,,,,,,0,2026-08-08 22:47:30,2026-08-08 22:47:30,2026-08-08 22:47:30,RapidApi,0,,864,3429,,,MILES,Balai d'essuie-glace / raclette,Type
108647,RAPID-19995881,Balai d'essuie-glace,,CWH21KM,,MILES,MILES,,,,https://fsn1.your-objectstorage.com/tecdoc2025/media_files/images/6495/bf4918a97e3819b705d2bd4682d4839b39b4b302.webp,0.0000,0.0000,0.0000,0.0000,0,21.0000,0.0000,,0.0000,0.0000,0,,,,0.0000,2026-08-08 22:47:30,1.0000,piece,,,,,21.0000,,Balai d'essuie-glace / raclette,,,,Balai d'essuie-glace / raclette,,,,,,0,2026-08-08 22:47:30,2026-08-08 22:47:30,2026-08-08 22:47:30,RapidApi,0,,864,3429,,,MILES,Balai d'essuie-glace / raclette,Type
108648,RAPID-6468476,Balai d'essuie-glace,,CWR12LA,,MILES,MILES,,,,https://fsn1.your-objectstorage.com/tecdoc2025/media_files/images/6495/9be11ffa31873b52d90701ba5687236b4799a19d.webp,0.0000,0.0000,0.0000,0.0000,0,21.0000,0.0000,,0.0000,0.0000,0,,,,0.0000,2026-08-08 22:47:30,1.0000,piece,,,,,12.0000,,Balai d'essuie-glace / raclette,,,,Balai d'essuie-glace / raclette,,,,,,0,2026-08-08 22:47:30,2026-08-08 22:47:30,2026-08-08 22:47:30,RapidApi,0,,864,3429,,,MILES,Balai d'essuie-glace / raclette,Type
108649,RAPID-6469467,Balai d'essuie-glace,,CWW20AC,,MILES,MILES,,,,https://fsn1.your-objectstorage.com/tecdoc2025/media_files/images/6495/356c0bf9b0720681def6eae22e2601f050ba08db.webp,0.0000,0.0000,0.0000,0.0000,0,21.0000,0.0000,,0.0000,0.0000,0,,,,0.0000,2026-08-08 22:47:30,1.0000,piece,,,,,20.0000,,Balai d'essuie-glace / raclette,,,,Balai d'essuie-glace / raclette,,,,,,0,2026-08-08 22:47:30,2026-08-08 22:47:30,2026-08-08 22:47:30,RapidApi,0,,864,3429,,,MILES,Balai d'essuie-glace / raclette,Type
108650,RAPID-6469465,Balai d'essuie-glace,,CWW18AC,,MILES,MILES,,,,https://fsn1.your-objectstorage.com/tecdoc2025/media_files/images/6495/356c0bf9b0720681def6eae22e2601f050ba08db.webp,0.0000,0.0000,0.0000,0.0000,0,21.0000,0.0000,,0.0000,0.0000,0,,,,0.0000,2026-08-08 22:47:30,1.0000,piece,,,,,18.0000,,Balai d'essuie-glace / raclette,,,,Balai d'essuie-glace / raclette,,,,,,0,2026-08-08 22:47:30,2026-08-08 22:47:30,2026-08-08 22:47:30,RapidApi,0,,864,3429,,,MILES,Balai d'essuie-glace / raclette,Type
108651,RAPID-6467357,Balai d'essuie-glace,,CWC15AC,,MILES,MILES,,,,https://fsn1.your-objectstorage.com/tecdoc2025/media_files/images/6495/356c0bf9b0720681def6eae22e2601f050ba08db.webp,0.0000,0.0000,0.0000,0.0000,0,21.0000,0.0000,,0.0000,0.0000,0,,,,0.0000,2026-08-08 22:47:30,1.0000,piece,,,,,15.0000,,Balai d'essuie-glace / raclette,,,,Balai d'essuie-glace / raclette,,,,,,0,2026-08-08 22:47:30,2026-08-08 22:47:30,2026-08-08 22:47:30,RapidApi,0,,864,3429,,,MILES,Balai d'essuie-glace / raclette,Type
108652,RAPID-6467360,Balai d'essuie-glace,,CWC18AC,,MILES,MILES,,,,https://fsn1.your-objectstorage.com/tecdoc2025/media_files/images/6495/356c0bf9b0720681def6eae22e2601f050ba08db.webp,0.0000,0.0000,0.0000,0.0000,0,21.0000,0.0000,,0.0000,0.0000,0,,,,0.0000,2026-08-08 22:47:30,1.0000,piece,,,,,18.0000,,Balai d'essuie-glace / raclette,,,,Balai d'essuie-glace / raclette,,,,,,0,2026-08-08 22:47:30,2026-08-08 22:47:30,2026-08-08 22:47:30,RapidApi,0,,864,3429,,,MILES,Balai d'essuie-glace / raclette,Type
108653,RAPID-6467358,Balai d'essuie-glace,,CWC16AC,,MILES,MILES,,,,https://fsn1.your-objectstorage.com/tecdoc2025/media_files/images/6495/356c0bf9b0720681def6eae22e2601f050ba08db.webp,0.0000,0.0000,0.0000,0.0000,0,21.0000,0.0000,,0.0000,0.0000,0,,,,0.0000,2026-08-08 22:47:30,1.0000,piece,,,,,16.0000,,Balai d'essuie-glace / raclette,,,,Balai d'essuie-glace / raclette,,,,,,0,2026-08-08 22:47:30,2026-08-08 22:47:30,2026-08-08 22:47:30,RapidApi,0,,864,3429,,,MILES,Balai d'essuie-glace / raclette,Type
108654,RAPID-6469468,Balai d'essuie-glace,,CWW21AC,,MILES,MILES,,,,https://fsn1.your-objectstorage.com/tecdoc2025/media_files/images/6495/356c0bf9b0720681def6eae22e2601f050ba08db.webp,0.0000,0.0000,0.0000,0.0000,0,21.0000,0.0000,,0.0000,0.0000,0,,,,0.0000,2026-08-08 22:47:30,1.0000,piece,,,,,21.0000,,Balai d'essuie-glace / raclette,,,,Balai d'essuie-glace / raclette,,,,,,0,2026-08-08 22:47:30,2026-08-08 22:47:30,2026-08-08 22:47:30,RapidApi,0,,864,3429,,,MILES,Balai d'essuie-glace / raclette,Type
108655,RAPID-12443963,Balai d'essuie-glace,,CWH16KM,,MILES,MILES,,,,https://fsn1.your-objectstorage.com/tecdoc2025/media_files/images/6495/b9aa459798ce45cbc3ae63ca838f053d305bb745.webp,0.0000,0.0000,0.0000,0.0000,0,21.0000,0.0000,,0.0000,0.0000,0,,,,0.0000,2026-08-08 22:47:30,1.0000,piece,,,,,16.0000,,Balai d'essuie-glace / raclette,,,,Balai d'essuie-glace / raclette,,,,,,0,2026-08-08 22:47:30,2026-08-08 22:47:30,2026-08-08 22:47:30,RapidApi,0,,864,3429,,,MILES,Balai d'essuie-glace / raclette,Type
108656,RAPID-6467385,Balai d'essuie-glace,,CWF21AC,,MILES,MILES,,,,https://fsn1.your-objectstorage.com/tecdoc2025/media_files/images/6495/356c0bf9b0720681def6eae22e2601f050ba08db.webp,0.0000,0.0000,0.0000,0.0000,0,21.0000,0.0000,,0.0000,0.0000,0,,,,0.0000,2026-08-08 22:47:30,1.0000,piece,,,,,21.0000,,Balai d'essuie-glace / raclette,,,,Balai d'essuie-glace / raclette,,,,,,0,2026-08-08 22:47:30,2026-08-08 22:47:30,2026-08-08 22:47:30,RapidApi,0,,864,3429,,,MILES,Balai d'essuie-glace / raclette,Type
108657,RAPID-6469463,Balai d'essuie-glace,,CWW16AC,,MILES,MILES,,,,https://fsn1.your-objectstorage.com/tecdoc2025/media_files/images/6495/356c0bf9b0720681def6eae22e2601f050ba08db.webp,0.0000,0.0000,0.0000,0.0000,0,21.0000,0.0000,,0.0000,0.0000,0,,,,0.0000,2026-08-08 22:47:30,1.0000,piece,,,,,16.0000,,Balai d'essuie-glace / raclette,,,,Balai d'essuie-glace / raclette,,,,,,0,2026-08-08 22:47:30,2026-08-08 22:47:30,2026-08-08 22:47:30,RapidApi,0,,864,3429,,,MILES,Balai d'essuie-glace / raclette,Type
108658,RAPID-6467376,Balai d'essuie-glace,,CWF16M,,MILES,MILES,,,,https://fsn1.your-objectstorage.com/tecdoc2025/media_files/images/6495/97e99cfbcdb52a5a825c15f19fef6c97b01b7033.webp,0.0000,0.0000,0.0000,0.0000,0,21.0000,0.0000,,0.0000,0.0000,0,,,,0.0000,2026-08-08 22:47:30,1.0000,piece,,,,,16.0000,,Balai d'essuie-glace / raclette,,,,Balai d'essuie-glace / raclette,,,,,,0,2026-08-08 22:47:30,2026-08-08 22:47:30,2026-08-08 22:47:30,RapidApi,0,,864,3429,,,MILES,Balai d'essuie-glace / raclette,Type
108659,RAPID-21924125,Balai d'essuie-glace,,51700332,,mobilverde,mobilverde,,,,https://fsn1.your-objectstorage.com/tecdoc2025/media_files/images/3316/c10ea4a55a4973794f270189f2790e5f9618ca08.webp,0.0000,0.0000,0.0000,0.0000,0,21.0000,0.0000,,0.0000,0.0000,0,,,,0.0000,2026-08-08 22:47:30,1.0000,piece,,,,,30.5000,,Balai d'essuie-glace / raclette,,,,Balai d'essuie-glace / raclette,,,,,,0,2026-08-08 22:47:30,2026-08-08 22:47:30,2026-08-08 22:47:30,RapidApi,0,,865,3429,,,mobilverde,Balai d'essuie-glace / raclette,Type
108660,RAPID-9665021,Balai d'essuie-glace,,VWB450,,MOTAQUIP,MOTAQUIP,,,,https://fsn1.your-objectstorage.com/tecdoc2025/media_files/PDF/4564/9dac055e39d7e1470b9f60bd1d1dc34a04a97a22.pdf,0.0000,0.0000,0.0000,0.0000,0,21.0000,0.0000,,0.0000,0.0000,0,,,,0.0000,2026-08-08 22:47:30,1.0000,piece,,,,,45.0000,,Balai d'essuie-glace / raclette,,,,Balai d'essuie-glace / raclette,,,,,,0,2026-08-08 22:47:30,2026-08-08 22:47:30,2026-08-08 22:47:30,RapidApi,0,,785,3429,,,MOTAQUIP,Balai d'essuie-glace / raclette,Type
108661,RAPID-9665025,Balai d'essuie-glace,,VWB450RF,,MOTAQUIP,MOTAQUIP,,,,https://fsn1.your-objectstorage.com/tecdoc2025/media_files/PDF/4564/102a4c9cb4f59749ec34197da59371a2bdc443fd.pdf,0.0000,0.0000,0.0000,0.0000,0,21.0000,0.0000,,0.0000,0.0000,0,,,,0.0000,2026-08-08 22:47:30,1.0000,piece,,,,,45.0000,,Balai d'essuie-glace / raclette,,,,Balai d'essuie-glace / raclette,,,,,,0,2026-08-08 22:47:30,2026-08-08 22:47:30,2026-08-08 22:47:30,RapidApi,0,,785,3429,,,MOTAQUIP,Balai d'essuie-glace / raclette,Type
108662,RAPID-9665022,Balai d'essuie-glace,,VWB450E,,MOTAQUIP,MOTAQUIP,,,,https://fsn1.your-objectstorage.com/tecdoc2025/media_files/PDF/4564/2385db38c684100da82b9f44be33c6c159dd8ec3.pdf,0.0000,0.0000,0.0000,0.0000,0,21.0000,0.0000,,0.0000,0.0000,0,,,,0.0000,2026-08-08 22:47:30,1.0000,piece,,,,,45.0000,,Balai d'essuie-glace / raclette,,,,Balai d'essuie-glace / raclette,,,,,,0,2026-08-08 22:47:30,2026-08-08 22:47:30,2026-08-08 22:47:30,RapidApi,0,,785,3429,,,MOTAQUIP,Balai d'essuie-glace / raclette,Type
108663,RAPID-9664968,Balai d'essuie-glace,,VWB300R,,MOTAQUIP,MOTAQUIP,,,,https://fsn1.your-objectstorage.com/tecdoc2025/media_files/PDF/4564/7fd22f4c5fffa73ee0d652a28249d1c72f86ac3f.pdf,0.0000,0.0000,0.0000,0.0000,0,21.0000,0.0000,,0.0000,0.0000,0,,,,0.0000,2026-08-08 22:47:30,1.0000,piece,,,,,30.0000,,Balai d'essuie-glace / raclette,,,,Balai d'essuie-glace / raclette,,,,,,0,2026-08-08 22:47:30,2026-08-08 22:47:30,2026-08-08 22:47:30,RapidApi,0,,785,3429,,,MOTAQUIP,Balai d'essuie-glace / raclette,Type
108664,RAPID-9665046,Balai d'essuie-glace,,VWB530,,MOTAQUIP,MOTAQUIP,,,,https://fsn1.your-objectstorage.com/tecdoc2025/media_files/PDF/4564/9dac055e39d7e1470b9f60bd1d1dc34a04a97a22.pdf,0.0000,0.0000,0.0000,0.0000,0,21.0000,0.0000,,0.0000,0.0000,0,,,,0.0000,2026-08-08 22:47:30,1.0000,piece,,,,,53.0000,,Balai d'essuie-glace / raclette,,,,Balai d'essuie-glace / raclette,,,,,,0,2026-08-08 22:47:30,2026-08-08 22:47:30,2026-08-08 22:47:30,RapidApi,0,,785,3429,,,MOTAQUIP,Balai d'essuie-glace / raclette,Type
108665,RAPID-9665047,Balai d'essuie-glace,,VWB530E,,MOTAQUIP,MOTAQUIP,,,,https://fsn1.your-objectstorage.com/tecdoc2025/media_files/PDF/4564/2385db38c684100da82b9f44be33c6c159dd8ec3.pdf,0.0000,0.0000,0.0000,0.0000,0,21.0000,0.0000,,0.0000,0.0000,0,,,,0.0000,2026-08-08 22:47:30,1.0000,piece,,,,,53.0000,,Balai d'essuie-glace / raclette,,,,Balai d'essuie-glace / raclette,,,,,,0,2026-08-08 22:47:30,2026-08-08 22:47:30,2026-08-08 22:47:30,RapidApi,0,,785,3429,,,MOTAQUIP,Balai d'essuie-glace / raclette,Type
108666,RAPID-9665050,Balai d'essuie-glace,,VWB530RF,,MOTAQUIP,MOTAQUIP,,,,https://fsn1.your-objectstorage.com/tecdoc2025/media_files/PDF/4564/102a4c9cb4f59749ec34197da59371a2bdc443fd.pdf,0.0000,0.0000,0.0000,0.0000,0,21.0000,0.0000,,0.0000,0.0000,0,,,,0.0000,2026-08-08 22:47:30,1.0000,piece,,,,,53.0000,,Balai d'essuie-glace / raclette,,,,Balai d'essuie-glace / raclette,,,,,,0,2026-08-08 22:47:30,2026-08-08 22:47:30,2026-08-08 22:47:30,RapidApi,0,,785,3429,,,MOTAQUIP,Balai d'essuie-glace / raclette,Type
108667,RAPID-4937887,Balai d'essuie-glace,,8550503373,,MOTRIO,MOTRIO,,,,https://fsn1.your-objectstorage.com/tecdoc2025/media_files/images/5377/6a8eb9c924c87cbbc57c6ed907005ad2ca458148.gif,0.0000,0.0000,0.0000,0.0000,0,21.0000,0.0000,,0.0000,0.0000,0,,,,0.0000,2026-08-08 22:47:30,1.0000,piece,,,,,18.0000,,Balai d'essuie-glace / raclette,,,,Balai d'essuie-glace / raclette,,,,,,0,2026-08-08 22:47:30,2026-08-08 22:47:30,2026-08-08 22:47:30,RapidApi,0,,786,3429,,,MOTRIO,Balai d'essuie-glace / raclette,Type
108668,RAPID-4937878,Balai d'essuie-glace,,8550503364,,MOTRIO,MOTRIO,,,,https://fsn1.your-objectstorage.com/tecdoc2025/media_files/images/5377/79164f618fa6a87178e5c48bf9862e86e1dbe1a6.gif,0.0000,0.0000,0.0000,0.0000,0,21.0000,0.0000,,0.0000,0.0000,0,,,,0.0000,2026-08-08 22:47:30,1.0000,piece,,,,,20.0000,,Balai d'essuie-glace / raclette,,,,Balai d'essuie-glace / raclette,,,,,,0,2026-08-08 22:47:30,2026-08-08 22:47:30,2026-08-08 22:47:30,RapidApi,0,,786,3429,,,MOTRIO,Balai d'essuie-glace / raclette,Type
108669,RAPID-4937879,Balai d'essuie-glace,,8550503365,,MOTRIO,MOTRIO,,,,https://fsn1.your-objectstorage.com/tecdoc2025/media_files/images/5377/891b21bf4563db363187ba97d6e81a221efd8eba.gif,0.0000,0.0000,0.0000,0.0000,0,21.0000,0.0000,,0.0000,0.0000,0,,,,0.0000,2026-08-08 22:47:30,1.0000,piece,,,,,21.0000,,Balai d'essuie-glace / raclette,,,,Balai d'essuie-glace / raclette,,,,,,0,2026-08-08 22:47:30,2026-08-08 22:47:30,2026-08-08 22:47:30,RapidApi,0,,786,3429,,,MOTRIO,Balai d'essuie-glace / raclette,Type
108670,RAPID-28499626,Balai d'essuie-glace,,8550504557,,MOTRIO,MOTRIO,,,,https://fsn1.your-objectstorage.com/tecdoc2025/media_files/images/5377/96b3519828ff00d80a8307b0d59b125b453fe213.webp,0.0000,0.0000,0.0000,0.0000,0,21.0000,0.0000,,0.0000,0.0000,0,,,,0.0000,2026-08-08 22:47:30,1.0000,piece,,,,,53.0000,,Balai d'essuie-glace / raclette,,,,Balai d'essuie-glace / raclette,,,,,,0,2026-08-08 22:47:30,2026-08-08 22:47:30,2026-08-08 22:47:30,RapidApi,0,,786,3429,,,MOTRIO,Balai d'essuie-glace / raclette,Type
108671,RAPID-27349634,Balai d'essuie-glace,,8550504558,,MOTRIO,MOTRIO,,,,https://fsn1.your-objectstorage.com/tecdoc2025/media_files/images/5377/95ebba77f20d0c9725242b516077ea9fc228868f.gif,0.0000,0.0000,0.0000,0.0000,0,21.0000,0.0000,,0.0000,0.0000,0,,,,0.0000,2026-08-08 22:47:30,1.0000,piece,,,,,22.0000,,Balai d'essuie-glace / raclette,,,,Balai d'essuie-glace / raclette,,,,,,0,2026-08-08 22:47:30,2026-08-08 22:47:30,2026-08-08 22:47:30,RapidApi,0,,786,3429,,,MOTRIO,Balai d'essuie-glace / raclette,Type
108672,RAPID-23731690,Balai d'essuie-glace,,8550504555,,MOTRIO,MOTRIO,,,,https://fsn1.your-objectstorage.com/tecdoc2025/media_files/images/5377/35ef3943be0a24471c0d8a40c41dc794a54d95aa.gif,0.0000,0.0000,0.0000,0.0000,0,21.0000,0.0000,,0.0000,0.0000,0,,,,0.0000,2026-08-08 22:47:30,1.0000,piece,,,,,18.0000,,Balai d'essuie-glace / raclette,,,,Balai d'essuie-glace / raclette,,,,,,0,2026-08-08 22:47:30,2026-08-08 22:47:30,2026-08-08 22:47:30,RapidApi,0,,786,3429,,,MOTRIO,Balai d'essuie-glace / raclette,Type
108673,RAPID-24095466,Balai d'essuie-glace,,8550504568,,MOTRIO,MOTRIO,,,,https://fsn1.your-objectstorage.com/tecdoc2025/media_files/images/5377/7dbef226a7bfc104d2d1ba9e8afdf8d6d9ce3adf.gif,0.0000,0.0000,0.0000,0.0000,0,21.0000,0.0000,,0.0000,0.0000,0,,,,0.0000,2026-08-08 22:47:30,1.0000,piece,,,,,53.0000,,Balai d'essuie-glace / raclette,,,,Balai d'essuie-glace / raclette,,,,,,0,2026-08-08 22:47:30,2026-08-08 22:47:30,2026-08-08 22:47:30,RapidApi,0,,786,3429,,,MOTRIO,Balai d'essuie-glace / raclette,Type
108674,RAPID-8303207,Balai d'essuie-glace,,NWF18,,NAPA,NAPA,,,,https://fsn1.your-objectstorage.com/tecdoc2025/media_files/images/6473/fb0311c0b863fb88ac41ba98f850173be39b573c.webp,0.0000,0.0000,0.0000,0.0000,0,21.0000,0.0000,,0.0000,0.0000,0,,,,0.0000,2026-08-08 22:47:30,1.0000,piece,,,,,45.0000,,Balai d'essuie-glace / raclette,,,,Balai d'essuie-glace / raclette,,,,,,0,2026-08-08 22:47:30,2026-08-08 22:47:30,2026-08-08 22:47:30,RapidApi,0,,787,3429,,,NAPA,Balai d'essuie-glace / raclette,Type
108675,RAPID-8303209,Balai d'essuie-glace,,NWF20,,NAPA,NAPA,,,,https://fsn1.your-objectstorage.com/tecdoc2025/media_files/images/6473/fb0311c0b863fb88ac41ba98f850173be39b573c.webp,0.0000,0.0000,0.0000,0.0000,0,21.0000,0.0000,,0.0000,0.0000,0,,,,0.0000,2026-08-08 22:47:30,1.0000,piece,,,,,51.0000,,Balai d'essuie-glace / raclette,,,,Balai d'essuie-glace / raclette,,,,,,0,2026-08-08 22:47:30,2026-08-08 22:47:30,2026-08-08 22:47:30,RapidApi,0,,787,3429,,,NAPA,Balai d'essuie-glace / raclette,Type
108676,RAPID-8303093,Balai d'essuie-glace,,NWC18,,NAPA,NAPA,,,,https://fsn1.your-objectstorage.com/tecdoc2025/media_files/images/6473/f2b46fc84c22abbe12d5045da18a694b4760861e.webp,0.0000,0.0000,0.0000,0.0000,0,21.0000,0.0000,,0.0000,0.0000,0,,,,0.0000,2026-08-08 22:47:30,1.0000,piece,,,,,45.0000,,Balai d'essuie-glace / raclette,,,,Balai d'essuie-glace / raclette,,,,,,0,2026-08-08 22:47:30,2026-08-08 22:47:30,2026-08-08 22:47:30,RapidApi,0,,787,3429,,,NAPA,Balai d'essuie-glace / raclette,Type
108677,RAPID-8303096,Balai d'essuie-glace,,NWC21,,NAPA,NAPA,,,,https://fsn1.your-objectstorage.com/tecdoc2025/media_files/images/6473/f2b46fc84c22abbe12d5045da18a694b4760861e.webp,0.0000,0.0000,0.0000,0.0000,0,21.0000,0.0000,,0.0000,0.0000,0,,,,0.0000,2026-08-08 22:47:30,1.0000,piece,,,,,53.0000,,Balai d'essuie-glace / raclette,,,,Balai d'essuie-glace / raclette,,,,,,0,2026-08-08 22:47:30,2026-08-08 22:47:30,2026-08-08 22:47:30,RapidApi,0,,787,3429,,,NAPA,Balai d'essuie-glace / raclette,Type
108678,RAPID-22774988,Balai d'essuie-glace,,NWC0520,,NAPA,NAPA,,,,https://fsn1.your-objectstorage.com/tecdoc2025/media_files/images/6473/f2b46fc84c22abbe12d5045da18a694b4760861e.webp,0.0000,0.0000,0.0000,0.0000,0,21.0000,0.0000,,0.0000,0.0000,0,,,,0.0000,2026-08-08 22:47:30,1.0000,piece,,,,,53.0000,,Balai d'essuie-glace / raclette,,,,Balai d'essuie-glace / raclette,,,,,,0,2026-08-08 22:47:30,2026-08-08 22:47:30,2026-08-08 22:47:30,RapidApi,0,,787,3429,,,NAPA,Balai d'essuie-glace / raclette,Type
108679,RAPID-24686321,Balai d'essuie-glace,,NWC0550,,NAPA,NAPA,,,,https://fsn1.your-objectstorage.com/tecdoc2025/media_files/images/6473/f2b46fc84c22abbe12d5045da18a694b4760861e.webp,0.0000,0.0000,0.0000,0.0000,0,21.0000,0.0000,,0.0000,0.0000,0,,,,0.0000,2026-08-08 22:47:30,1.0000,piece,,,,,55.0000,,Balai d'essuie-glace / raclette,,,,Balai d'essuie-glace / raclette,,,,,,0,2026-08-08 22:47:30,2026-08-08 22:47:30,2026-08-08 22:47:30,RapidApi,0,,787,3429,,,NAPA,Balai d'essuie-glace / raclette,Type
108680,RAPID-28960479,Balai d'essuie-glace,,NWC0450,,NAPA,NAPA,,,,https://fsn1.your-objectstorage.com/tecdoc2025/media_files/images/6473/f2b46fc84c22abbe12d5045da18a694b4760861e.webp,0.0000,0.0000,0.0000,0.0000,0,21.0000,0.0000,,0.0000,0.0000,0,,,,0.0000,2026-08-08 22:47:30,1.0000,piece,,,,,45.0000,,Balai d'essuie-glace / raclette,,,,Balai d'essuie-glace / raclette,,,,,,0,2026-08-08 22:47:30,2026-08-08 22:47:30,2026-08-08 22:47:30,RapidApi,0,,787,3429,,,NAPA,Balai d'essuie-glace / raclette,Type
108681,RAPID-33234189,Balai d'essuie-glace,,NWC2525,,NAPA,NAPA,,,,https://fsn1.your-objectstorage.com/tecdoc2025/media_files/images/6473/f2b46fc84c22abbe12d5045da18a694b4760861e.webp,0.0000,0.0000,0.0000,0.0000,0,21.0000,0.0000,,0.0000,0.0000,0,,,,0.0000,2026-08-08 22:47:30,1.0000,piece,,,,,52.5000,,Balai d'essuie-glace / raclette,,,,Balai d'essuie-glace / raclette,,,,,,0,2026-08-08 22:47:30,2026-08-08 22:47:30,2026-08-08 22:47:30,RapidApi,0,,787,3429,,,NAPA,Balai d'essuie-glace / raclette,Type
108682,RAPID-23862351,Balai d'essuie-glace,,NWC2450,,NAPA,NAPA,,,,https://fsn1.your-objectstorage.com/tecdoc2025/media_files/images/6473/f2b46fc84c22abbe12d5045da18a694b4760861e.webp,0.0000,0.0000,0.0000,0.0000,0,21.0000,0.0000,,0.0000,0.0000,0,,,,0.0000,2026-08-08 22:47:30,1.0000,piece,,,,,45.0000,,Balai d'essuie-glace / raclette,,,,Balai d'essuie-glace / raclette,,,,,,0,2026-08-08 22:47:30,2026-08-08 22:47:30,2026-08-08 22:47:30,RapidApi,0,,787,3429,,,NAPA,Balai d'essuie-glace / raclette,Type
108683,RAPID-9495954,Balai d'essuie-glace,,U656L550A,,NPS,NPS,,,,https://fsn1.your-objectstorage.com/tecdoc2025/media_files/PDF/440/0143efbc6cbdd93f5dcee760acaeb411dd8f7e32.pdf,0.0000,0.0000,0.0000,0.0000,0,21.0000,0.0000,,0.0000,0.0000,0,,,,0.0000,2026-08-08 22:47:30,1.0000,piece,,0.1360,,,22.0000,,Balai d'essuie-glace / raclette,,,,Balai d'essuie-glace / raclette,,,,,,0,2026-08-08 22:47:30,2026-08-08 22:47:30,2026-08-08 22:47:30,RapidApi,0,,790,3429,,,NPS,Balai d'essuie-glace / raclette,Type
108684,RAPID-9495946,Balai d'essuie-glace,,U656L450A,,NPS,NPS,,,,https://fsn1.your-objectstorage.com/tecdoc2025/media_files/PDF/440/0143efbc6cbdd93f5dcee760acaeb411dd8f7e32.pdf,0.0000,0.0000,0.0000,0.0000,0,21.0000,0.0000,,0.0000,0.0000,0,,,,0.0000,2026-08-08 22:47:30,1.0000,piece,,,,,18.0000,,Balai d'essuie-glace / raclette,,,,Balai d'essuie-glace / raclette,,,,,,0,2026-08-08 22:47:30,2026-08-08 22:47:30,2026-08-08 22:47:30,RapidApi,0,,790,3429,,,NPS,Balai d'essuie-glace / raclette,Type
108685,RAPID-9495952,Balai d'essuie-glace,,U656L530A,,NPS,NPS,,,,https://fsn1.your-objectstorage.com/tecdoc2025/media_files/PDF/440/0143efbc6cbdd93f5dcee760acaeb411dd8f7e32.pdf,0.0000,0.0000,0.0000,0.0000,0,21.0000,0.0000,,0.0000,0.0000,0,,,,0.0000,2026-08-08 22:47:30,1.0000,piece,,,,,21.0000,,Balai d'essuie-glace / raclette,,,,Balai d'essuie-glace / raclette,,,,,,0,2026-08-08 22:47:30,2026-08-08 22:47:30,2026-08-08 22:47:30,RapidApi,0,,790,3429,,,NPS,Balai d'essuie-glace / raclette,Type
108686,RAPID-9495951,Balai d'essuie-glace,,U656L530,,NPS,NPS,,,,https://fsn1.your-objectstorage.com/tecdoc2025/media_files/PDF/440/0143efbc6cbdd93f5dcee760acaeb411dd8f7e32.pdf,0.0000,0.0000,0.0000,0.0000,0,21.0000,0.0000,,0.0000,0.0000,0,,,,0.0000,2026-08-08 22:47:30,1.0000,piece,,,,,53.0000,,Balai d'essuie-glace / raclette,,,,Balai d'essuie-glace / raclette,,,,,,0,2026-08-08 22:47:30,2026-08-08 22:47:30,2026-08-08 22:47:30,RapidApi,0,,790,3429,,,NPS,Balai d'essuie-glace / raclette,Type
108687,RAPID-9495945,Balai d'essuie-glace,,U656L450,,NPS,NPS,,,,https://fsn1.your-objectstorage.com/tecdoc2025/media_files/PDF/440/0143efbc6cbdd93f5dcee760acaeb411dd8f7e32.pdf,0.0000,0.0000,0.0000,0.0000,0,21.0000,0.0000,,0.0000,0.0000,0,,,,0.0000,2026-08-08 22:47:30,1.0000,piece,,,,,45.0000,,Balai d'essuie-glace / raclette,,,,Balai d'essuie-glace / raclette,,,,,,0,2026-08-08 22:47:30,2026-08-08 22:47:30,2026-08-08 22:47:30,RapidApi,0,,790,3429,,,NPS,Balai d'essuie-glace / raclette,Type
108688,RAPID-6871166,"Bras d'essuie-glace, nettoyage des vitres",,EWB-RE-001,,NTY,NTY,,,,https://fsn1.your-objectstorage.com/tecdoc2025/media_files/images/6355/ad703f6a3cfd1a2054a00f1b4779b04d047821b0.webp,0.0000,0.0000,0.0000,0.0000,0,21.0000,0.0000,,0.0000,0.0000,0,,,,0.0000,2026-08-08 22:47:30,1.0000,piece,,,,,30.5000,,Balai d'essuie-glace / raclette,,,,Balai d'essuie-glace / raclette,,,,,,0,2026-08-08 22:47:30,2026-08-08 22:47:30,2026-08-08 22:47:30,RapidApi,0,,866,3429,,,NTY,Balai d'essuie-glace / raclette,Type
108689,RAPID-2340684,Balai d'essuie-glace,,27-018,,NWB,NWB,,,,https://fsn1.your-objectstorage.com/tecdoc2025/media_files/images/145/12a8b5acf8dec1883c8c0bbfb3f614f9731d6807.webp,0.0000,0.0000,0.0000,0.0000,0,21.0000,0.0000,,0.0000,0.0000,0,,,,0.0000,2026-08-08 22:47:30,1.0000,piece,,,,,45.0000,,Balai d'essuie-glace / raclette,,,,Balai d'essuie-glace / raclette,,,,,,0,2026-08-08 22:47:30,2026-08-08 22:47:30,2026-08-08 22:47:30,RapidApi,0,,867,3429,,,NWB,Balai d'essuie-glace / raclette,Type
108690,RAPID-2340725,Balai d'essuie-glace,,27-020,,NWB,NWB,,,,https://fsn1.your-objectstorage.com/tecdoc2025/media_files/images/145/12a8b5acf8dec1883c8c0bbfb3f614f9731d6807.webp,0.0000,0.0000,0.0000,0.0000,0,21.0000,0.0000,,0.0000,0.0000,0,,,,0.0000,2026-08-08 22:47:30,1.0000,piece,,,,,50.0000,,Balai d'essuie-glace / raclette,,,,Balai d'essuie-glace / raclette,,,,,,0,2026-08-08 22:47:30,2026-08-08 22:47:30,2026-08-08 22:47:30,RapidApi,0,,867,3429,,,NWB,Balai d'essuie-glace / raclette,Type
108691,RAPID-6867274,Balai d'essuie-glace,,EUS-520,,NWB,NWB,,,,https://fsn1.your-objectstorage.com/tecdoc2025/media_files/images/145/1f2f0053c07e74dc8809fbdfbe744bee9145221b.webp,0.0000,0.0000,0.0000,0.0000,0,21.0000,0.0000,,0.0000,0.0000,0,,,,0.0000,2026-08-08 22:47:30,1.0000,piece,,,,,50.0000,,Balai d'essuie-glace / raclette,,,,Balai d'essuie-glace / raclette,,,,,,0,2026-08-08 22:47:30,2026-08-08 22:47:30,2026-08-08 22:47:30,RapidApi,0,,867,3429,,,NWB,Balai d'essuie-glace / raclette,Type
108692,RAPID-3299641,Balai d'essuie-glace,,431 16 121 03 22,,OE-FIT Schäferbartho,OE-FIT Schäferbartho,,,,https://fsn1.your-objectstorage.com/tecdoc2025/media_files/images/2112/035d94708267638a57c3bef1224a541f7785d1bb.webp,0.0000,0.0000,0.0000,0.0000,0,21.0000,0.0000,,0.0000,0.0000,0,,,,0.0000,2026-08-08 22:47:30,1.0000,piece,,,,,30.0000,,Balai d'essuie-glace / raclette,,,,Balai d'essuie-glace / raclette,,,,,,0,2026-08-08 22:47:30,2026-08-08 22:47:30,2026-08-08 22:47:30,RapidApi,0,,868,3429,,,OE-FIT Schäferbartho,Balai d'essuie-glace / raclette,Type
108693,RAPID-2092469,Balai d'essuie-glace,,2262798,,Omnicraft,Omnicraft,,,,https://fsn1.your-objectstorage.com/tecdoc2025/media_files/images/4380/fdb3bbf239339669a0d9e3312a01483ba17d5fdf.webp,0.0000,0.0000,0.0000,0.0000,0,21.0000,0.0000,,0.0000,0.0000,0,,,,0.0000,2026-08-08 22:47:30,1.0000,piece,,,,,12.0000,,Balai d'essuie-glace / raclette,,,,Balai d'essuie-glace / raclette,,,,,,0,2026-08-08 22:47:30,2026-08-08 22:47:30,2026-08-08 22:47:30,RapidApi,0,,791,3429,,,Omnicraft,Balai d'essuie-glace / raclette,Type
108694,RAPID-1961480,Balai d'essuie-glace,,2125729,,Omnicraft,Omnicraft,,,,https://fsn1.your-objectstorage.com/tecdoc2025/media_files/images/4380/acea82cf4498046e16c68edfc5bdb1e786cd542b.webp,0.0000,0.0000,0.0000,0.0000,0,21.0000,0.0000,,0.0000,0.0000,0,,,,0.0000,2026-08-08 22:47:30,1.0000,piece,,,,,18.0000,,Balai d'essuie-glace / raclette,,,,Balai d'essuie-glace / raclette,,,,,,0,2026-08-08 22:47:30,2026-08-08 22:47:30,2026-08-08 22:47:30,RapidApi,0,,791,3429,,,Omnicraft,Balai d'essuie-glace / raclette,Type
108695,RAPID-1961490,Balai d'essuie-glace,,2125733,,Omnicraft,Omnicraft,,,,https://fsn1.your-objectstorage.com/tecdoc2025/media_files/images/4380/acea82cf4498046e16c68edfc5bdb1e786cd542b.webp,0.0000,0.0000,0.0000,0.0000,0,21.0000,0.0000,,0.0000,0.0000,0,,,,0.0000,2026-08-08 22:47:30,1.0000,piece,,,,,20.0000,,Balai d'essuie-glace / raclette,,,,Balai d'essuie-glace / raclette,,,,,,0,2026-08-08 22:47:30,2026-08-08 22:47:30,2026-08-08 22:47:30,RapidApi,0,,791,3429,,,Omnicraft,Balai d'essuie-glace / raclette,Type
108696,RAPID-1961491,Balai d'essuie-glace,,2125735,,Omnicraft,Omnicraft,,,,https://fsn1.your-objectstorage.com/tecdoc2025/media_files/images/4380/acea82cf4498046e16c68edfc5bdb1e786cd542b.webp,0.0000,0.0000,0.0000,0.0000,0,21.0000,0.0000,,0.0000,0.0000,0,,,,0.0000,2026-08-08 22:47:30,1.0000,piece,,,,,21.0000,,Balai d'essuie-glace / raclette,,,,Balai d'essuie-glace / raclette,,,,,,0,2026-08-08 22:47:30,2026-08-08 22:47:30,2026-08-08 22:47:30,RapidApi,0,,791,3429,,,Omnicraft,Balai d'essuie-glace / raclette,Type
108697,RAPID-9686299,Balai d'essuie-glace,,WBC0018.00,,OPEN PARTS,OPEN PARTS,,,,https://fsn1.your-objectstorage.com/tecdoc2025/media_files/PDF/378/7dad069cbae8e3ce575e52aabbfdb28d94e9b1bc.pdf,0.0000,0.0000,0.0000,0.0000,0,21.0000,0.0000,,0.0000,0.0000,0,,,,0.0000,2026-08-08 22:47:30,1.0000,piece,,,,,18.0000,,Balai d'essuie-glace / raclette,,,,Balai d'essuie-glace / raclette,,,,,,0,2026-08-08 22:47:30,2026-08-08 22:47:30,2026-08-08 22:47:30,RapidApi,0,,869,3429,,,OPEN PARTS,Balai d'essuie-glace / raclette,Type
108698,RAPID-9686302,Balai d'essuie-glace,,WBC0021.00,,OPEN PARTS,OPEN PARTS,,,,https://fsn1.your-objectstorage.com/tecdoc2025/media_files/PDF/378/7dad069cbae8e3ce575e52aabbfdb28d94e9b1bc.pdf,0.0000,0.0000,0.0000,0.0000,0,21.0000,0.0000,,0.0000,0.0000,0,,,,0.0000,2026-08-08 22:47:30,1.0000,piece,,,,,21.0000,,Balai d'essuie-glace / raclette,,,,Balai d'essuie-glace / raclette,,,,,,0,2026-08-08 22:47:30,2026-08-08 22:47:30,2026-08-08 22:47:30,RapidApi,0,,869,3429,,,OPEN PARTS,Balai d'essuie-glace / raclette,Type
108699,RAPID-9686345,Balai d'essuie-glace,,WBF0018.11,,OPEN PARTS,OPEN PARTS,,,,https://fsn1.your-objectstorage.com/tecdoc2025/media_files/images/378/414606cbba22dc44370f33634007ac2b2d15a4f1.webp,0.0000,0.0000,0.0000,0.0000,0,21.0000,0.0000,,0.0000,0.0000,0,,,,0.0000,2026-08-08 22:47:30,1.0000,piece,,,,,18.0000,,Balai d'essuie-glace / raclette,,,,Balai d'essuie-glace / raclette,,,,,,0,2026-08-08 22:47:30,2026-08-08 22:47:30,2026-08-08 22:47:30,RapidApi,0,,869,3429,,,OPEN PARTS,Balai d'essuie-glace / raclette,Type
108700,RAPID-9686352,Balai d'essuie-glace,,WBF0021.11,,OPEN PARTS,OPEN PARTS,,,,https://fsn1.your-objectstorage.com/tecdoc2025/media_files/images/378/1ba35a7dbe6eed5ed1dbc690c62f76edc2a13ed8.webp,0.0000,0.0000,0.0000,0.0000,0,21.0000,0.0000,,0.0000,0.0000,0,,,,0.0000,2026-08-08 22:47:30,1.0000,piece,,,,,21.0000,,Balai d'essuie-glace / raclette,,,,Balai d'essuie-glace / raclette,,,,,,0,2026-08-08 22:47:30,2026-08-08 22:47:30,2026-08-08 22:47:30,RapidApi,0,,869,3429,,,OPEN PARTS,Balai d'essuie-glace / raclette,Type
108701,RAPID-9686350,Balai d'essuie-glace,,WBF0020.11,,OPEN PARTS,OPEN PARTS,,,,https://fsn1.your-objectstorage.com/tecdoc2025/media_files/images/378/672157201a0ac93a60e221e34797fc9a34467bd9.webp,0.0000,0.0000,0.0000,0.0000,0,21.0000,0.0000,,0.0000,0.0000,0,,,,0.0000,2026-08-08 22:47:30,1.0000,piece,,,,,20.0000,,Balai d'essuie-glace / raclette,,,,Balai d'essuie-glace / raclette,,,,,,0,2026-08-08 22:47:30,2026-08-08 22:47:30,2026-08-08 22:47:30,RapidApi,0,,869,3429,,,OPEN PARTS,Balai d'essuie-glace / raclette,Type
108702,RAPID-9686787,Balai d'essuie-glace,,WBH0018.00,,OPEN PARTS,OPEN PARTS,,,,https://fsn1.your-objectstorage.com/tecdoc2025/media_files/PDF/378/8a43ffde7a7782874f25f3c17ab38c8fec69770b.pdf,0.0000,0.0000,0.0000,0.0000,0,21.0000,0.0000,,0.0000,0.0000,0,,,,0.0000,2026-08-08 22:47:30,1.0000,piece,,,,,18.0000,,Balai d'essuie-glace / raclette,,,,Balai d'essuie-glace / raclette,,,,,,0,2026-08-08 22:47:30,2026-08-08 22:47:30,2026-08-08 22:47:30,RapidApi,0,,869,3429,,,OPEN PARTS,Balai d'essuie-glace / raclette,Type
108703,RAPID-9686790,Balai d'essuie-glace,,WBH0021.00,,OPEN PARTS,OPEN PARTS,,,,https://fsn1.your-objectstorage.com/tecdoc2025/media_files/PDF/378/8a43ffde7a7782874f25f3c17ab38c8fec69770b.pdf,0.0000,0.0000,0.0000,0.0000,0,21.0000,0.0000,,0.0000,0.0000,0,,,,0.0000,2026-08-08 22:47:30,1.0000,piece,,,,,21.0000,,Balai d'essuie-glace / raclette,,,,Balai d'essuie-glace / raclette,,,,,,0,2026-08-08 22:47:30,2026-08-08 22:47:30,2026-08-08 22:47:30,RapidApi,0,,869,3429,,,OPEN PARTS,Balai d'essuie-glace / raclette,Type
108704,RAPID-9688997,Balai d'essuie-glace,,WBR7001.00,,OPEN PARTS,OPEN PARTS,,,,https://fsn1.your-objectstorage.com/tecdoc2025/media_files/PDF/378/300a966b06970d717976fd3c97d313a2e0514d42.pdf,0.0000,0.0000,0.0000,0.0000,0,21.0000,0.0000,,0.0000,0.0000,0,,,,0.0000,2026-08-08 22:47:30,1.0000,piece,,,,,12.0000,,Balai d'essuie-glace / raclette,,,,Balai d'essuie-glace / raclette,,,,,,0,2026-08-08 22:47:30,2026-08-08 22:47:30,2026-08-08 22:47:30,RapidApi,0,,869,3429,,,OPEN PARTS,Balai d'essuie-glace / raclette,Type
108705,RAPID-11053505,Balai d'essuie-glace,,WBT9055.00,,OPEN PARTS,OPEN PARTS,,,,https://fsn1.your-objectstorage.com/tecdoc2025/media_files/images/378/27069d3b906b8fc56273c3d88dffb07879018b6b.webp,0.0000,0.0000,0.0000,0.0000,0,21.0000,0.0000,,0.0000,0.0000,0,,,,0.0000,2026-08-08 22:47:30,1.0000,piece,,,,,45.7000,,Balai d'essuie-glace / raclette,,,,Balai d'essuie-glace / raclette,,,,,,0,2026-08-08 22:47:30,2026-08-08 22:47:30,2026-08-08 22:47:30,RapidApi,0,,869,3429,,,OPEN PARTS,Balai d'essuie-glace / raclette,Type
108706,RAPID-3205752,Balai d'essuie-glace,,411 28 213 01 11,,ORIGINAL Schäferbart,ORIGINAL Schäferbart,,,,https://fsn1.your-objectstorage.com/tecdoc2025/media_files/images/2728/f0c3e10dd71641a33b41eb96a0e8a006d2014b4a.webp,0.0000,0.0000,0.0000,0.0000,0,21.0000,0.0000,,0.0000,0.0000,0,,,,0.0000,2026-08-08 22:47:30,1.0000,piece,,,,,30.0000,,Balai d'essuie-glace / raclette,,,,Balai d'essuie-glace / raclette,,,,,,0,2026-08-08 22:47:30,2026-08-08 22:47:30,2026-08-08 22:47:30,RapidApi,0,,870,3429,,,ORIGINAL Schäferbart,Balai d'essuie-glace / raclette,Type
108707,RAPID-3205782,Balai d'essuie-glace,,411 28 250 01 11,,ORIGINAL Schäferbart,ORIGINAL Schäferbart,,,,https://fsn1.your-objectstorage.com/tecdoc2025/media_files/images/2728/7ca756dd3dbdd101e256c6ca818dff71bdae9330.webp,0.0000,0.0000,0.0000,0.0000,0,21.0000,0.0000,,0.0000,0.0000,0,,,,0.0000,2026-08-08 22:47:30,1.0000,piece,,,,,,,Balai d'essuie-glace / raclette,,,,Balai d'essuie-glace / raclette,,,,,,0,2026-08-08 22:47:30,2026-08-08 22:47:30,2026-08-08 22:47:30,RapidApi,0,,870,3429,,,ORIGINAL Schäferbart,Balai d'essuie-glace / raclette,Type
108708,RAPID-1660233,Balai d'essuie-glace,,18258,,OSSCA,OSSCA,,,,https://fsn1.your-objectstorage.com/tecdoc2025/media_files/images/4683/e70f28e63c87c77d0096292be2f956a8eac1a060.webp,0.0000,0.0000,0.0000,0.0000,0,21.0000,0.0000,,0.0000,0.0000,0,,,,0.0000,2026-08-08 22:47:30,1.0000,piece,,,,,,,Balai d'essuie-glace / raclette,,,,Balai d'essuie-glace / raclette,,,,,,0,2026-08-08 22:47:30,2026-08-08 22:47:30,2026-08-08 22:47:30,RapidApi,0,,871,3429,,,OSSCA,Balai d'essuie-glace / raclette,Type
108709,RAPID-424742,Balai d'essuie-glace,,04043,,OSSCA,OSSCA,,,,https://fsn1.your-objectstorage.com/tecdoc2025/media_files/images/4683/f2d94bdfdc0f92b047eca84387e5ba40b5337771.webp,0.0000,0.0000,0.0000,0.0000,0,21.0000,0.0000,,0.0000,0.0000,0,,,,0.0000,2026-08-08 22:47:30,1.0000,piece,,,,,18.0000,,Balai d'essuie-glace / raclette,,,,Balai d'essuie-glace / raclette,,,,,,0,2026-08-08 22:47:30,2026-08-08 22:47:30,2026-08-08 22:47:30,RapidApi,0,,871,3429,,,OSSCA,Balai d'essuie-glace / raclette,Type
108710,RAPID-2238050,Balai d'essuie-glace,,24813,,OSSCA,OSSCA,,,,https://fsn1.your-objectstorage.com/tecdoc2025/media_files/images/4683/7d590ac9cf5728289e8d9142b074dd2d2f2cd7c9.webp,0.0000,0.0000,0.0000,0.0000,0,21.0000,0.0000,,0.0000,0.0000,0,,,,0.0000,2026-08-08 22:47:30,1.0000,piece,,,,,,,Balai d'essuie-glace / raclette,,,,Balai d'essuie-glace / raclette,,,,,,0,2026-08-08 22:47:30,2026-08-08 22:47:30,2026-08-08 22:47:30,RapidApi,0,,871,3429,,,OSSCA,Balai d'essuie-glace / raclette,Type
108711,RAPID-2781571,Balai d'essuie-glace,,33050,,OSSCA,OSSCA,,,,https://fsn1.your-objectstorage.com/tecdoc2025/media_files/images/4683/926e53b84b7be3f38881f5eaa546d8489d9ca066.webp,0.0000,0.0000,0.0000,0.0000,0,21.0000,0.0000,,0.0000,0.0000,0,,,,0.0000,2026-08-08 22:47:30,1.0000,piece,,,,,,,Balai d'essuie-glace / raclette,,,,Balai d'essuie-glace / raclette,,,,,,0,2026-08-08 22:47:30,2026-08-08 22:47:30,2026-08-08 22:47:30,RapidApi,0,,871,3429,,,OSSCA,Balai d'essuie-glace / raclette,Type
108712,RAPID-2301140,Balai d'essuie-glace,,25869,,OSSCA,OSSCA,,,,https://fsn1.your-objectstorage.com/tecdoc2025/media_files/images/4683/4c74396a4b9a18757344654f749f38f52ec294bb.webp,0.0000,0.0000,0.0000,0.0000,0,21.0000,0.0000,,0.0000,0.0000,0,,,,0.0000,2026-08-08 22:47:30,1.0000,piece,,,,,,,Balai d'essuie-glace / raclette,,,,Balai d'essuie-glace / raclette,,,,,,0,2026-08-08 22:47:30,2026-08-08 22:47:30,2026-08-08 22:47:30,RapidApi,0,,871,3429,,,OSSCA,Balai d'essuie-glace / raclette,Type
108713,RAPID-2301073,Balai d'essuie-glace,,25862,,OSSCA,OSSCA,,,,https://fsn1.your-objectstorage.com/tecdoc2025/media_files/images/4683/5cad2f05114d53ce64e259192684fef7f6a9ef23.webp,0.0000,0.0000,0.0000,0.0000,0,21.0000,0.0000,,0.0000,0.0000,0,,,,0.0000,2026-08-08 22:47:30,1.0000,piece,,,,,,,Balai d'essuie-glace / raclette,,,,Balai d'essuie-glace / raclette,,,,,,0,2026-08-08 22:47:30,2026-08-08 22:47:30,2026-08-08 22:47:30,RapidApi,0,,871,3429,,,OSSCA,Balai d'essuie-glace / raclette,Type
108714,RAPID-2301132,Balai d'essuie-glace,,25868,,OSSCA,OSSCA,,,,https://fsn1.your-objectstorage.com/tecdoc2025/media_files/images/4683/2d3583542e60d768619714b9665ce1eca203295d.webp,0.0000,0.0000,0.0000,0.0000,0,21.0000,0.0000,,0.0000,0.0000,0,,,,0.0000,2026-08-08 22:47:30,1.0000,piece,,,,,,,Balai d'essuie-glace / raclette,,,,Balai d'essuie-glace / raclette,,,,,,0,2026-08-08 22:47:30,2026-08-08 22:47:30,2026-08-08 22:47:30,RapidApi,0,,871,3429,,,OSSCA,Balai d'essuie-glace / raclette,Type
108715,RAPID-2358042,Balai d'essuie-glace,,27135,,OSSCA,OSSCA,,,,https://fsn1.your-objectstorage.com/tecdoc2025/media_files/images/4683/91708c137445db12df0c13954bf0596651ddb5f4.webp,0.0000,0.0000,0.0000,0.0000,0,21.0000,0.0000,,0.0000,0.0000,0,,,,0.0000,2026-08-08 22:47:30,1.0000,piece,,,,,,,Balai d'essuie-glace / raclette,,,,Balai d'essuie-glace / raclette,,,,,,0,2026-08-08 22:47:30,2026-08-08 22:47:30,2026-08-08 22:47:30,RapidApi,0,,871,3429,,,OSSCA,Balai d'essuie-glace / raclette,Type
108716,RAPID-8218217,Balai d'essuie-glace,,MT450,,OXIMO,OXIMO,,,,https://fsn1.your-objectstorage.com/tecdoc2025/media_files/images/6267/e155e086bf866b1e021cd202697f9a228aae7b14.webp,0.0000,0.0000,0.0000,0.0000,0,21.0000,0.0000,,0.0000,0.0000,0,,,,0.0000,2026-08-08 22:47:30,1.0000,piece,,,,,45.0000,,Balai d'essuie-glace / raclette,,,,Balai d'essuie-glace / raclette,,,,,,0,2026-08-08 22:47:30,2026-08-08 22:47:30,2026-08-08 22:47:30,RapidApi,0,,872,3429,,,OXIMO,Balai d'essuie-glace / raclette,Type
108717,RAPID-8218363,Balai d'essuie-glace,,MT525,,OXIMO,OXIMO,,,,https://fsn1.your-objectstorage.com/tecdoc2025/media_files/images/6267/e155e086bf866b1e021cd202697f9a228aae7b14.webp,0.0000,0.0000,0.0000,0.0000,0,21.0000,0.0000,,0.0000,0.0000,0,,,,0.0000,2026-08-08 22:47:30,1.0000,piece,,,,,52.5000,,Balai d'essuie-glace / raclette,,,,Balai d'essuie-glace / raclette,,,,,,0,2026-08-08 22:47:30,2026-08-08 22:47:30,2026-08-08 22:47:30,RapidApi,0,,872,3429,,,OXIMO,Balai d'essuie-glace / raclette,Type
108718,RAPID-10363049,Balai d'essuie-glace,,WR307300,,OXIMO,OXIMO,,,,https://fsn1.your-objectstorage.com/tecdoc2025/media_files/images/6267/144bdb2d8fb257374b9baad0170702352ea78105.webp,0.0000,0.0000,0.0000,0.0000,0,21.0000,0.0000,,0.0000,0.0000,0,,,,0.0000,2026-08-08 22:47:30,1.0000,piece,,,,,30.0000,,Balai d'essuie-glace / raclette,,,,Balai d'essuie-glace / raclette,,,,,,0,2026-08-08 22:47:30,2026-08-08 22:47:30,2026-08-08 22:47:30,RapidApi,0,,872,3429,,,OXIMO,Balai d'essuie-glace / raclette,Type
108719,RAPID-10367119,Balai d'essuie-glace,,WU450,,OXIMO,OXIMO,,,,https://fsn1.your-objectstorage.com/tecdoc2025/media_files/images/6267/0db6736cb0d8e20eb8429a81417da417c293663d.webp,0.0000,0.0000,0.0000,0.0000,0,21.0000,0.0000,,0.0000,0.0000,0,,,,0.0000,2026-08-08 22:47:30,1.0000,piece,,,,,45.0000,,Balai d'essuie-glace / raclette,,,,Balai d'essuie-glace / raclette,,,,,,0,2026-08-08 22:47:30,2026-08-08 22:47:30,2026-08-08 22:47:30,RapidApi,0,,872,3429,,,OXIMO,Balai d'essuie-glace / raclette,Type
108720,RAPID-10367122,Balai d'essuie-glace,,WU525,,OXIMO,OXIMO,,,,https://fsn1.your-objectstorage.com/tecdoc2025/media_files/images/6267/0db6736cb0d8e20eb8429a81417da417c293663d.webp,0.0000,0.0000,0.0000,0.0000,0,21.0000,0.0000,,0.0000,0.0000,0,,,,0.0000,2026-08-08 22:47:30,1.0000,piece,,,,,52.5000,,Balai d'essuie-glace / raclette,,,,Balai d'essuie-glace / raclette,,,,,,0,2026-08-08 22:47:30,2026-08-08 22:47:30,2026-08-08 22:47:30,RapidApi,0,,872,3429,,,OXIMO,Balai d'essuie-glace / raclette,Type
108721,RAPID-10367152,Balai d'essuie-glace,,WUS525,,OXIMO,OXIMO,,,,https://fsn1.your-objectstorage.com/tecdoc2025/media_files/images/6267/cdefe5dde5def4e9520501a833e3a452ed0818df.webp,0.0000,0.0000,0.0000,0.0000,0,21.0000,0.0000,,0.0000,0.0000,0,,,,0.0000,2026-08-08 22:47:30,1.0000,piece,,,,,52.5000,,Balai d'essuie-glace / raclette,,,,Balai d'essuie-glace / raclette,,,,,,0,2026-08-08 22:47:30,2026-08-08 22:47:30,2026-08-08 22:47:30,RapidApi,0,,872,3429,,,OXIMO,Balai d'essuie-glace / raclette,Type
108722,RAPID-10367149,Balai d'essuie-glace,,WUS450,,OXIMO,OXIMO,,,,https://fsn1.your-objectstorage.com/tecdoc2025/media_files/images/6267/cdefe5dde5def4e9520501a833e3a452ed0818df.webp,0.0000,0.0000,0.0000,0.0000,0,21.0000,0.0000,,0.0000,0.0000,0,,,,0.0000,2026-08-08 22:47:30,1.0000,piece,,,,,45.0000,,Balai d'essuie-glace / raclette,,,,Balai d'essuie-glace / raclette,,,,,,0,2026-08-08 22:47:30,2026-08-08 22:47:30,2026-08-08 22:47:30,RapidApi,0,,872,3429,,,OXIMO,Balai d'essuie-glace / raclette,Type
108723,RAPID-10363134,"Bras d'essuie-glace, nettoyage des vitres",,WRA307R011,,OXIMO,OXIMO,,,,https://fsn1.your-objectstorage.com/tecdoc2025/media_files/images/6267/1bb5d133561af3fcbf36587d1c78c96e98bbef83.webp,0.0000,0.0000,0.0000,0.0000,0,21.0000,0.0000,,0.0000,0.0000,0,,,,0.0000,2026-08-08 22:47:30,1.0000,piece,,,,,30.0000,,Balai d'essuie-glace / raclette,,,,Balai d'essuie-glace / raclette,,,,,,0,2026-08-08 22:47:30,2026-08-08 22:47:30,2026-08-08 22:47:30,RapidApi,0,,872,3429,,,OXIMO,Balai d'essuie-glace / raclette,Type
108724,RAPID-5336744,"Bras d'essuie-glace, nettoyage des vitres",,95B9021-OYO,,Oyodo,Oyodo,,,,https://fsn1.your-objectstorage.com/tecdoc2025/media_files/images/6984/b99bc6b00dab88ea7cc4422ebaeb477a749aa4fd.webp,0.0000,0.0000,0.0000,0.0000,0,21.0000,0.0000,,0.0000,0.0000,0,,,,0.0000,2026-08-08 22:47:30,1.0000,piece,,,,,30.5000,,Balai d'essuie-glace / raclette,,,,Balai d'essuie-glace / raclette,,,,,,0,2026-08-08 22:47:30,2026-08-08 22:47:30,2026-08-08 22:47:30,RapidApi,0,,873,3429,,,Oyodo,Balai d'essuie-glace / raclette,Type
108725,RAPID-7650092,Balai d'essuie-glace,,JAPSS-X53C,,PEMEBLA,PEMEBLA,,,,https://fsn1.your-objectstorage.com/tecdoc2025/media_files/images/4652/1bc325d6afc6f904091f1783d483c19125716530.webp,0.0000,0.0000,0.0000,0.0000,0,21.0000,0.0000,,0.0000,0.0000,0,,,,0.0000,2026-08-08 22:47:30,1.0000,piece,,,,,53.0000,,Balai d'essuie-glace / raclette,,,,Balai d'essuie-glace / raclette,,,,,,0,2026-08-08 22:47:30,2026-08-08 22:47:30,2026-08-08 22:47:30,RapidApi,0,,874,3429,,,PEMEBLA,Balai d'essuie-glace / raclette,Type
108726,RAPID-7650093,Balai d'essuie-glace,,JAPSS-X53S,,PEMEBLA,PEMEBLA,,,,https://fsn1.your-objectstorage.com/tecdoc2025/media_files/images/4652/6d8295c854ba5a9434e23dd50121fb6006427c59.webp,0.0000,0.0000,0.0000,0.0000,0,21.0000,0.0000,,0.0000,0.0000,0,,,,0.0000,2026-08-08 22:47:30,1.0000,piece,,,,,53.0000,,Balai d'essuie-glace / raclette,,,,Balai d'essuie-glace / raclette,,,,,,0,2026-08-08 22:47:30,2026-08-08 22:47:30,2026-08-08 22:47:30,RapidApi,0,,874,3429,,,PEMEBLA,Balai d'essuie-glace / raclette,Type
108727,RAPID-7650074,Balai d'essuie-glace,,JAPSS-X30C,,PEMEBLA,PEMEBLA,,,,https://fsn1.your-objectstorage.com/tecdoc2025/media_files/images/4652/234a694f7aa071eb185738719bb23a181cbf240b.webp,0.0000,0.0000,0.0000,0.0000,0,21.0000,0.0000,,0.0000,0.0000,0,,,,0.0000,2026-08-08 22:47:30,1.0000,piece,,,,,30.0000,,Balai d'essuie-glace / raclette,,,,Balai d'essuie-glace / raclette,,,,,,0,2026-08-08 22:47:30,2026-08-08 22:47:30,2026-08-08 22:47:30,RapidApi,0,,874,3429,,,PEMEBLA,Balai d'essuie-glace / raclette,Type
108728,RAPID-7650058,Balai d'essuie-glace,,JAPSS-F45,,PEMEBLA,PEMEBLA,,,,https://fsn1.your-objectstorage.com/tecdoc2025/media_files/images/4652/edfceb60c69a293027ec1c1801c2e174f682c24c.webp,0.0000,0.0000,0.0000,0.0000,0,21.0000,0.0000,,0.0000,0.0000,0,,,,0.0000,2026-08-08 22:47:30,1.0000,piece,,,,,45.0000,,Balai d'essuie-glace / raclette,,,,Balai d'essuie-glace / raclette,,,,,,0,2026-08-08 22:47:30,2026-08-08 22:47:30,2026-08-08 22:47:30,RapidApi,0,,874,3429,,,PEMEBLA,Balai d'essuie-glace / raclette,Type
108729,RAPID-7650075,Balai d'essuie-glace,,JAPSS-X30R,,PEMEBLA,PEMEBLA,,,,https://fsn1.your-objectstorage.com/tecdoc2025/media_files/images/4652/23ef742e8c3bedbd62409c4f424dcf0cf14d31b1.webp,0.0000,0.0000,0.0000,0.0000,0,21.0000,0.0000,,0.0000,0.0000,0,,,,0.0000,2026-08-08 22:47:30,1.0000,piece,,,,,30.0000,,Balai d'essuie-glace / raclette,,,,Balai d'essuie-glace / raclette,,,,,,0,2026-08-08 22:47:30,2026-08-08 22:47:30,2026-08-08 22:47:30,RapidApi,0,,874,3429,,,PEMEBLA,Balai d'essuie-glace / raclette,Type
108730,RAPID-7650086,Balai d'essuie-glace,,JAPSS-X45C,,PEMEBLA,PEMEBLA,,,,https://fsn1.your-objectstorage.com/tecdoc2025/media_files/images/4652/beeac61e283e39688ddb38173202caec86d73160.webp,0.0000,0.0000,0.0000,0.0000,0,21.0000,0.0000,,0.0000,0.0000,0,,,,0.0000,2026-08-08 22:47:30,1.0000,piece,,,,,45.0000,,Balai d'essuie-glace / raclette,,,,Balai d'essuie-glace / raclette,,,,,,0,2026-08-08 22:47:30,2026-08-08 22:47:30,2026-08-08 22:47:30,RapidApi,0,,874,3429,,,PEMEBLA,Balai d'essuie-glace / raclette,Type
108731,RAPID-7650061,Balai d'essuie-glace,,JAPSS-F53,,PEMEBLA,PEMEBLA,,,,https://fsn1.your-objectstorage.com/tecdoc2025/media_files/images/4652/edfceb60c69a293027ec1c1801c2e174f682c24c.webp,0.0000,0.0000,0.0000,0.0000,0,21.0000,0.0000,,0.0000,0.0000,0,,,,0.0000,2026-08-08 22:47:30,1.0000,piece,,,,,52.5000,,Balai d'essuie-glace / raclette,,,,Balai d'essuie-glace / raclette,,,,,,0,2026-08-08 22:47:30,2026-08-08 22:47:30,2026-08-08 22:47:30,RapidApi,0,,874,3429,,,PEMEBLA,Balai d'essuie-glace / raclette,Type
108732,RAPID-8416354,Balai d'essuie-glace,,P752614,,PLYOM,PLYOM,,,,https://fsn1.your-objectstorage.com/tecdoc2025/media_files/images/5412/f962fca0abdf2ba4dc57e19edd1a0950f848c1a3.webp,0.0000,0.0000,0.0000,0.0000,0,21.0000,0.0000,,0.0000,0.0000,0,,,,0.0000,2026-08-08 22:47:30,1.0000,piece,,0.1520,,,30.5000,,Balai d'essuie-glace / raclette,,,,Balai d'essuie-glace / raclette,,,,,,0,2026-08-08 22:47:30,2026-08-08 22:47:30,2026-08-08 22:47:30,RapidApi,0,,875,3429,,,PLYOM,Balai d'essuie-glace / raclette,Type
108733,RAPID-8416358,Balai d'essuie-glace,,P752618,,PLYOM,PLYOM,,,,https://fsn1.your-objectstorage.com/tecdoc2025/media_files/images/5412/3540e49beea4abe1ca1624097255a5199df332b4.webp,0.0000,0.0000,0.0000,0.0000,0,21.0000,0.0000,,0.0000,0.0000,0,,,,0.0000,2026-08-08 22:47:30,1.0000,piece,,0.1500,,,30.5000,,Balai d'essuie-glace / raclette,,,,Balai d'essuie-glace / raclette,,,,,,0,2026-08-08 22:47:30,2026-08-08 22:47:30,2026-08-08 22:47:30,RapidApi,0,,875,3429,,,PLYOM,Balai d'essuie-glace / raclette,Type
108734,RAPID-25508648,Balai d'essuie-glace,,PWC18,,PMA,PMA,,,,https://fsn1.your-objectstorage.com/tecdoc2025/media_files/images/7101/e810d86da5934092a7784419b1f2dddc3c11c08d.webp,0.0000,0.0000,0.0000,0.0000,0,21.0000,0.0000,,0.0000,0.0000,0,,,,0.0000,2026-08-08 22:47:30,1.0000,piece,,,,,45.0000,,Balai d'essuie-glace / raclette,,,,Balai d'essuie-glace / raclette,,,,,,0,2026-08-08 22:47:30,2026-08-08 22:47:30,2026-08-08 22:47:30,RapidApi,0,,876,3429,,,PMA,Balai d'essuie-glace / raclette,Type
108735,RAPID-29717510,Balai d'essuie-glace,,PWF20,,PMA,PMA,,,,https://fsn1.your-objectstorage.com/tecdoc2025/media_files/images/7101/5c27081b9555fc7803d2ecfdca528cad6dcc3f2f.webp,0.0000,0.0000,0.0000,0.0000,0,21.0000,0.0000,,0.0000,0.0000,0,,,,0.0000,2026-08-08 22:47:30,1.0000,piece,,,,,51.0000,,Balai d'essuie-glace / raclette,,,,Balai d'essuie-glace / raclette,,,,,,0,2026-08-08 22:47:30,2026-08-08 22:47:30,2026-08-08 22:47:30,RapidApi,0,,876,3429,,,PMA,Balai d'essuie-glace / raclette,Type
108736,RAPID-30045202,Balai d'essuie-glace,,PWH20,,PMA,PMA,,,,https://fsn1.your-objectstorage.com/tecdoc2025/media_files/images/7101/097b5ee85cb19cb89029f76299d96665660e80fa.webp,0.0000,0.0000,0.0000,0.0000,0,21.0000,0.0000,,0.0000,0.0000,0,,,,0.0000,2026-08-08 22:47:30,1.0000,piece,,,,,50.0000,,Balai d'essuie-glace / raclette,,,,Balai d'essuie-glace / raclette,,,,,,0,2026-08-08 22:47:30,2026-08-08 22:47:30,2026-08-08 22:47:30,RapidApi,0,,876,3429,,,PMA,Balai d'essuie-glace / raclette,Type
108737,RAPID-22709013,Balai d'essuie-glace,,PWH18,,PMA,PMA,,,,https://fsn1.your-objectstorage.com/tecdoc2025/media_files/images/7101/359db7c57408a23d572cde6353cd701806483d48.webp,0.0000,0.0000,0.0000,0.0000,0,21.0000,0.0000,,0.0000,0.0000,0,,,,0.0000,2026-08-08 22:47:30,1.0000,piece,,,,,45.0000,,Balai d'essuie-glace / raclette,,,,Balai d'essuie-glace / raclette,,,,,,0,2026-08-08 22:47:30,2026-08-08 22:47:30,2026-08-08 22:47:30,RapidApi,0,,876,3429,,,PMA,Balai d'essuie-glace / raclette,Type
108738,RAPID-23962451,Balai d'essuie-glace,,PWC21,,PMA,PMA,,,,https://fsn1.your-objectstorage.com/tecdoc2025/media_files/images/7101/0a23c6d2b18e14958262c6e71d434806b719c4b8.webp,0.0000,0.0000,0.0000,0.0000,0,21.0000,0.0000,,0.0000,0.0000,0,,,,0.0000,2026-08-08 22:47:30,1.0000,piece,,,,,53.0000,,Balai d'essuie-glace / raclette,,,,Balai d'essuie-glace / raclette,,,,,,0,2026-08-08 22:47:30,2026-08-08 22:47:30,2026-08-08 22:47:30,RapidApi,0,,876,3429,,,PMA,Balai d'essuie-glace / raclette,Type
108739,RAPID-22186422,Balai d'essuie-glace,,PWF18,,PMA,PMA,,,,https://fsn1.your-objectstorage.com/tecdoc2025/media_files/images/7101/db3596768ba63e0effb363281671ef6b7f4cd07a.webp,0.0000,0.0000,0.0000,0.0000,0,21.0000,0.0000,,0.0000,0.0000,0,,,,0.0000,2026-08-08 22:47:30,1.0000,piece,,,,,45.0000,,Balai d'essuie-glace / raclette,,,,Balai d'essuie-glace / raclette,,,,,,0,2026-08-08 22:47:30,2026-08-08 22:47:30,2026-08-08 22:47:30,RapidApi,0,,876,3429,,,PMA,Balai d'essuie-glace / raclette,Type
108740,RAPID-26460396,Balai d'essuie-glace,,PWR1004,,PMA,PMA,,,,https://fsn1.your-objectstorage.com/tecdoc2025/media_files/images/7101/6b9c5bcb40001504b77d8ef0e1de9ab476dc9daa.webp,0.0000,0.0000,0.0000,0.0000,0,21.0000,0.0000,,0.0000,0.0000,0,,,,0.0000,2026-08-08 22:47:30,1.0000,piece,,,,,30.0000,,Balai d'essuie-glace / raclette,,,,Balai d'essuie-glace / raclette,,,,,,0,2026-08-08 22:47:30,2026-08-08 22:47:30,2026-08-08 22:47:30,RapidApi,0,,876,3429,,,PMA,Balai d'essuie-glace / raclette,Type
108741,RAPID-8524532,Balai d'essuie-glace,,PEF-530,,PowerEdge,PowerEdge,,,,https://fsn1.your-objectstorage.com/tecdoc2025/media_files/images/6990/83edd881c75ef4d2c59888ae20deb140682148a0.webp,0.0000,0.0000,0.0000,0.0000,0,21.0000,0.0000,,0.0000,0.0000,0,,,,0.0000,2026-08-08 22:47:30,1.0000,piece,,0.1710,,,21.0000,,Balai d'essuie-glace / raclette,,,,Balai d'essuie-glace / raclette,,,,,,0,2026-08-08 22:47:30,2026-08-08 22:47:30,2026-08-08 22:47:30,RapidApi,0,,877,3429,,,PowerEdge,Balai d'essuie-glace / raclette,Type
108742,RAPID-8524529,Balai d'essuie-glace,,PEF-450,,PowerEdge,PowerEdge,,,,https://fsn1.your-objectstorage.com/tecdoc2025/media_files/images/6990/616e26933e80522e7480f27e0a2e7e1138f0480c.webp,0.0000,0.0000,0.0000,0.0000,0,21.0000,0.0000,,0.0000,0.0000,0,,,,0.0000,2026-08-08 22:47:30,1.0000,piece,,0.1500,,,18.0000,,Balai d'essuie-glace / raclette,,,,Balai d'essuie-glace / raclette,,,,,,0,2026-08-08 22:47:30,2026-08-08 22:47:30,2026-08-08 22:47:30,RapidApi,0,,877,3429,,,PowerEdge,Balai d'essuie-glace / raclette,Type
108743,RAPID-8526925,Balai d'essuie-glace,,PEM-530,,PowerEdge,PowerEdge,,,,https://fsn1.your-objectstorage.com/tecdoc2025/media_files/images/6990/5021945352d15a83b98d68d6540ca343f83667b1.webp,0.0000,0.0000,0.0000,0.0000,0,21.0000,0.0000,,0.0000,0.0000,0,,,,0.0000,2026-08-08 22:47:30,1.0000,piece,,0.2240,,,21.0000,,Balai d'essuie-glace / raclette,,,,Balai d'essuie-glace / raclette,,,,,,0,2026-08-08 22:47:30,2026-08-08 22:47:30,2026-08-08 22:47:30,RapidApi,0,,877,3429,,,PowerEdge,Balai d'essuie-glace / raclette,Type
108744,RAPID-8526922,Balai d'essuie-glace,,PEM-450,,PowerEdge,PowerEdge,,,,https://fsn1.your-objectstorage.com/tecdoc2025/media_files/images/6990/491952c4fa4a10e2b050af77b38006d9ed4d49e2.webp,0.0000,0.0000,0.0000,0.0000,0,21.0000,0.0000,,0.0000,0.0000,0,,,,0.0000,2026-08-08 22:47:30,1.0000,piece,,0.1900,,,18.0000,,Balai d'essuie-glace / raclette,,,,Balai d'essuie-glace / raclette,,,,,,0,2026-08-08 22:47:30,2026-08-08 22:47:30,2026-08-08 22:47:30,RapidApi,0,,877,3429,,,PowerEdge,Balai d'essuie-glace / raclette,Type
108745,RAPID-9685650,Balai d'essuie-glace,,WB2000107,,PRASCO,PRASCO,,,,https://fsn1.your-objectstorage.com/tecdoc2025/media_files/images/340/943268ce5d42a8549945903108ddfa819894ab5d.webp,0.0000,0.0000,0.0000,0.0000,0,21.0000,0.0000,,0.0000,0.0000,0,,,,0.0000,2026-08-08 22:47:30,1.0000,piece,,,,,18.0000,,Balai d'essuie-glace / raclette,,,,Balai d'essuie-glace / raclette,,,,,,0,2026-08-08 22:47:30,2026-08-08 22:47:30,2026-08-08 22:47:30,RapidApi,0,,878,3429,,,PRASCO,Balai d'essuie-glace / raclette,Type
108746,RAPID-9685652,Balai d'essuie-glace,,WB2000109,,PRASCO,PRASCO,,,,https://fsn1.your-objectstorage.com/tecdoc2025/media_files/images/340/4a12dd275c62b0750516a3c92a3a072bcf6f07fd.webp,0.0000,0.0000,0.0000,0.0000,0,21.0000,0.0000,,0.0000,0.0000,0,,,,0.0000,2026-08-08 22:47:30,1.0000,piece,,,,,20.0000,,Balai d'essuie-glace / raclette,,,,Balai d'essuie-glace / raclette,,,,,,0,2026-08-08 22:47:30,2026-08-08 22:47:30,2026-08-08 22:47:30,RapidApi,0,,878,3429,,,PRASCO,Balai d'essuie-glace / raclette,Type
108747,RAPID-9685653,Balai d'essuie-glace,,WB2000110,,PRASCO,PRASCO,,,,https://fsn1.your-objectstorage.com/tecdoc2025/media_files/images/340/0cb9d1410d569b120bedb5d71153d46874d2e980.webp,0.0000,0.0000,0.0000,0.0000,0,21.0000,0.0000,,0.0000,0.0000,0,,,,0.0000,2026-08-08 22:47:30,1.0000,piece,,,,,21.0000,,Balai d'essuie-glace / raclette,,,,Balai d'essuie-glace / raclette,,,,,,0,2026-08-08 22:47:30,2026-08-08 22:47:30,2026-08-08 22:47:30,RapidApi,0,,878,3429,,,PRASCO,Balai d'essuie-glace / raclette,Type
108748,RAPID-13775283,Balai d'essuie-glace,,81994500,,Professional Parts,Professional Parts,,,,https://fsn1.your-objectstorage.com/tecdoc2025/media_files/images/6995/65c2e3e7439eec634cfc79b5b88d12f403c83f5a.webp,0.0000,0.0000,0.0000,0.0000,0,21.0000,0.0000,,0.0000,0.0000,0,,,,0.0000,2026-08-08 22:47:30,1.0000,piece,,,,,45.0000,,Balai d'essuie-glace / raclette,,,,Balai d'essuie-glace / raclette,,,,,,0,2026-08-08 22:47:30,2026-08-08 22:47:30,2026-08-08 22:47:30,RapidApi,0,,879,3429,,,Professional Parts,Balai d'essuie-glace / raclette,Type
108749,RAPID-10858265,Balai d'essuie-glace,,81995300,,Professional Parts,Professional Parts,,,,https://fsn1.your-objectstorage.com/tecdoc2025/media_files/images/6995/b2f3f01a98c65d6690db5ad0bfd277fd96c776be.webp,0.0000,0.0000,0.0000,0.0000,0,21.0000,0.0000,,0.0000,0.0000,0,,,,0.0000,2026-08-08 22:47:30,1.0000,piece,,,,,53.0000,,Balai d'essuie-glace / raclette,,,,Balai d'essuie-glace / raclette,,,,,,0,2026-08-08 22:47:30,2026-08-08 22:47:30,2026-08-08 22:47:30,RapidApi,0,,879,3429,,,Professional Parts,Balai d'essuie-glace / raclette,Type
108750,RAPID-1776619,Balai d'essuie-glace,,1W0525MT,,ProfiPower,ProfiPower,,,,https://fsn1.your-objectstorage.com/tecdoc2025/media_files/images/6983/cc5d93be0936ca8a513f9a3a565dc57c9c7bdbee.webp,0.0000,0.0000,0.0000,0.0000,0,21.0000,0.0000,,0.0000,0.0000,0,,,,0.0000,2026-08-08 22:47:30,1.0000,piece,,,,,52.5000,,Balai d'essuie-glace / raclette,,,,Balai d'essuie-glace / raclette,,,,,,0,2026-08-08 22:47:30,2026-08-08 22:47:30,2026-08-08 22:47:30,RapidApi,0,,880,3429,,,ProfiPower,Balai d'essuie-glace / raclette,Type
108751,RAPID-1776620,Balai d'essuie-glace,,1W0525S,,ProfiPower,ProfiPower,,,,https://fsn1.your-objectstorage.com/tecdoc2025/media_files/images/6983/d842a13df44351a85071311c21ae002a33646170.webp,0.0000,0.0000,0.0000,0.0000,0,21.0000,0.0000,,0.0000,0.0000,0,,,,0.0000,2026-08-08 22:47:30,1.0000,piece,,,,,52.5000,,Balai d'essuie-glace / raclette,,,,Balai d'essuie-glace / raclette,,,,,,0,2026-08-08 22:47:30,2026-08-08 22:47:30,2026-08-08 22:47:30,RapidApi,0,,880,3429,,,ProfiPower,Balai d'essuie-glace / raclette,Type
108752,RAPID-1776608,Balai d'essuie-glace,,1W0450S,,ProfiPower,ProfiPower,,,,https://fsn1.your-objectstorage.com/tecdoc2025/media_files/images/6983/2467fb8392acb20d1f669684528d16356b9a5c92.webp,0.0000,0.0000,0.0000,0.0000,0,21.0000,0.0000,,0.0000,0.0000,0,,,,0.0000,2026-08-08 22:47:30,1.0000,piece,,,,,45.0000,,Balai d'essuie-glace / raclette,,,,Balai d'essuie-glace / raclette,,,,,,0,2026-08-08 22:47:30,2026-08-08 22:47:30,2026-08-08 22:47:30,RapidApi,0,,880,3429,,,ProfiPower,Balai d'essuie-glace / raclette,Type
108753,RAPID-1776617,Balai d'essuie-glace,,1W0525F,,ProfiPower,ProfiPower,,,,https://fsn1.your-objectstorage.com/tecdoc2025/media_files/images/6983/168a25e8728b11d92a8b11fa66a11c73c7f8afc1.webp,0.0000,0.0000,0.0000,0.0000,0,21.0000,0.0000,,0.0000,0.0000,0,,,,0.0000,2026-08-08 22:47:30,1.0000,piece,,,,,52.5000,,Balai d'essuie-glace / raclette,,,,Balai d'essuie-glace / raclette,,,,,,0,2026-08-08 22:47:30,2026-08-08 22:47:30,2026-08-08 22:47:30,RapidApi,0,,880,3429,,,ProfiPower,Balai d'essuie-glace / raclette,Type
108754,RAPID-1776607,Balai d'essuie-glace,,1W0450MT,,ProfiPower,ProfiPower,,,,https://fsn1.your-objectstorage.com/tecdoc2025/media_files/images/6983/c15ac6d41a631fc818357be3eb3ee733a4c41e7a.webp,0.0000,0.0000,0.0000,0.0000,0,21.0000,0.0000,,0.0000,0.0000,0,,,,0.0000,2026-08-08 22:47:30,1.0000,piece,,,,,45.0000,,Balai d'essuie-glace / raclette,,,,Balai d'essuie-glace / raclette,,,,,,0,2026-08-08 22:47:30,2026-08-08 22:47:30,2026-08-08 22:47:30,RapidApi,0,,880,3429,,,ProfiPower,Balai d'essuie-glace / raclette,Type
108755,RAPID-1776605,Balai d'essuie-glace,,1W0450F,,ProfiPower,ProfiPower,,,,https://fsn1.your-objectstorage.com/tecdoc2025/media_files/images/6983/bcd0010e61f1d5876f6c9276f0b410f53c345090.webp,0.0000,0.0000,0.0000,0.0000,0,21.0000,0.0000,,0.0000,0.0000,0,,,,0.0000,2026-08-08 22:47:30,1.0000,piece,,,,,45.0000,,Balai d'essuie-glace / raclette,,,,Balai d'essuie-glace / raclette,,,,,,0,2026-08-08 22:47:30,2026-08-08 22:47:30,2026-08-08 22:47:30,RapidApi,0,,880,3429,,,ProfiPower,Balai d'essuie-glace / raclette,Type
108756,RAPID-1776723,Balai d'essuie-glace,,1W2006,,ProfiPower,ProfiPower,,,,https://fsn1.your-objectstorage.com/tecdoc2025/media_files/images/6983/ee0431f40590ef4b6daafeec1190c59574a6263a.webp,0.0000,0.0000,0.0000,0.0000,0,21.0000,0.0000,,0.0000,0.0000,0,,,,0.0000,2026-08-08 22:47:30,1.0000,piece,,,,,30.0000,,Balai d'essuie-glace / raclette,,,,Balai d'essuie-glace / raclette,,,,,,0,2026-08-08 22:47:30,2026-08-08 22:47:30,2026-08-08 22:47:30,RapidApi,0,,880,3429,,,ProfiPower,Balai d'essuie-glace / raclette,Type
108757,RAPID-8657508,Balai d'essuie-glace,,QAW1021,,QUINTON HAZELL,QUINTON HAZELL,,,,https://fsn1.your-objectstorage.com/tecdoc2025/media_files/images/57/810745620e6695b87c56d7621e55518a072f6715.webp,0.0000,0.0000,0.0000,0.0000,0,21.0000,0.0000,,0.0000,0.0000,0,,,,0.0000,2026-08-08 22:47:30,1.0000,piece,,,,,21.0000,,Balai d'essuie-glace / raclette,,,,Balai d'essuie-glace / raclette,,,,,,0,2026-08-08 22:47:30,2026-08-08 22:47:30,2026-08-08 22:47:30,RapidApi,0,,793,3429,,,QUINTON HAZELL,Balai d'essuie-glace / raclette,Type
108758,RAPID-8671352,Balai d'essuie-glace,,QDR101,,QUINTON HAZELL,QUINTON HAZELL,,,,https://fsn1.your-objectstorage.com/tecdoc2025/media_files/images/57/df3421f1ea3165e94a04a7237251fa41faa29c38.webp,0.0000,0.0000,0.0000,0.0000,0,21.0000,0.0000,,0.0000,0.0000,0,,,,0.0000,2026-08-08 22:47:30,1.0000,piece,,,,,12.0000,,Balai d'essuie-glace / raclette,,,,Balai d'essuie-glace / raclette,,,,,,0,2026-08-08 22:47:30,2026-08-08 22:47:30,2026-08-08 22:47:30,RapidApi,0,,793,3429,,,QUINTON HAZELL,Balai d'essuie-glace / raclette,Type
108759,RAPID-8685467,Balai d'essuie-glace,,QRW012,,QUINTON HAZELL,QUINTON HAZELL,,,,https://fsn1.your-objectstorage.com/tecdoc2025/media_files/images/57/9d6d957fd27e492477c1254f0cdce27584b2da6c.webp,0.0000,0.0000,0.0000,0.0000,0,21.0000,0.0000,,0.0000,0.0000,0,,,,0.0000,2026-08-08 22:47:30,1.0000,piece,,,,,12.0000,,Balai d'essuie-glace / raclette,,,,Balai d'essuie-glace / raclette,,,,,,0,2026-08-08 22:47:30,2026-08-08 22:47:30,2026-08-08 22:47:30,RapidApi,0,,793,3429,,,QUINTON HAZELL,Balai d'essuie-glace / raclette,Type
108760,RAPID-8694120,Balai d'essuie-glace,,QTW021,,QUINTON HAZELL,QUINTON HAZELL,,,,https://fsn1.your-objectstorage.com/tecdoc2025/media_files/images/57/afab1b3a37f94935aa17e22b70c46168daf9785d.webp,0.0000,0.0000,0.0000,0.0000,0,21.0000,0.0000,,0.0000,0.0000,0,,,,0.0000,2026-08-08 22:47:30,1.0000,piece,,,,,21.0000,,Balai d'essuie-glace / raclette,,,,Balai d'essuie-glace / raclette,,,,,,0,2026-08-08 22:47:30,2026-08-08 22:47:30,2026-08-08 22:47:30,RapidApi,0,,793,3429,,,QUINTON HAZELL,Balai d'essuie-glace / raclette,Type
108761,RAPID-2381011,"Bras d'essuie-glace, nettoyage des vitres",,27927413BN,,REAL,REAL,,,,https://fsn1.your-objectstorage.com/tecdoc2025/media_files/images/6335/55e69c8921834c285542ee54e488dcd4cbb05357.webp,0.0000,0.0000,0.0000,0.0000,0,21.0000,0.0000,,0.0000,0.0000,0,,,,0.0000,2026-08-08 22:47:30,1.0000,piece,,,,,,,Balai d'essuie-glace / raclette,,,,Balai d'essuie-glace / raclette,,,,,,0,2026-08-08 22:47:30,2026-08-08 22:47:30,2026-08-08 22:47:30,RapidApi,0,,881,3429,,,REAL,Balai d'essuie-glace / raclette,Type
108762,RAPID-8804702,"Bras d'essuie-glace, nettoyage des vitres",,RECSWA71303.0,,RECOFICIAL,RECOFICIAL,,,,https://fsn1.your-objectstorage.com/tecdoc2025/media_files/images/5397/7c6ab9ecb06c1b494aa0cda27c0c7595242e5f3b.webp,0.0000,0.0000,0.0000,0.0000,0,21.0000,0.0000,,0.0000,0.0000,0,,,,0.0000,2026-08-08 22:47:30,1.0000,piece,,,,,,,Balai d'essuie-glace / raclette,,,,Balai d'essuie-glace / raclette,,,,,,0,2026-08-08 22:47:30,2026-08-08 22:47:30,2026-08-08 22:47:30,RapidApi,0,,882,3429,,,RECOFICIAL,Balai d'essuie-glace / raclette,Type
108763,RAPID-3286519,Balai d'essuie-glace,,42HO000,,RED-LINE,RED-LINE,,,,https://fsn1.your-objectstorage.com/tecdoc2025/media_files/images/4869/c9d89ee9c6ff473363c4126f64bfdc27583dee54.webp,0.0000,0.0000,0.0000,0.0000,0,21.0000,0.0000,,0.0000,0.0000,0,,,,0.0000,2026-08-08 22:47:30,1.0000,piece,,,,,30.5000,,Balai d'essuie-glace / raclette,,,,Balai d'essuie-glace / raclette,,,,,,0,2026-08-08 22:47:30,2026-08-08 22:47:30,2026-08-08 22:47:30,RapidApi,0,,883,3429,,,RED-LINE,Balai d'essuie-glace / raclette,Type
108764,RAPID-3286750,Balai d'essuie-glace,,42TT450,,RED-LINE,RED-LINE,,,,https://fsn1.your-objectstorage.com/tecdoc2025/media_files/images/4869/328a8218e617bb2a552552372e0f36b84ae8f825.webp,0.0000,0.0000,0.0000,0.0000,0,21.0000,0.0000,,0.0000,0.0000,0,,,,0.0000,2026-08-08 22:47:30,1.0000,piece,,,,,18.0000,,Balai d'essuie-glace / raclette,,,,Balai d'essuie-glace / raclette,,,,,,0,2026-08-08 22:47:30,2026-08-08 22:47:30,2026-08-08 22:47:30,RapidApi,0,,883,3429,,,RED-LINE,Balai d'essuie-glace / raclette,Type
108765,RAPID-3286744,Balai d'essuie-glace,,42TT300,,RED-LINE,RED-LINE,,,,https://fsn1.your-objectstorage.com/tecdoc2025/media_files/images/4869/328a8218e617bb2a552552372e0f36b84ae8f825.webp,0.0000,0.0000,0.0000,0.0000,0,21.0000,0.0000,,0.0000,0.0000,0,,,,0.0000,2026-08-08 22:47:30,1.0000,piece,,,,,12.0000,,Balai d'essuie-glace / raclette,,,,Balai d'essuie-glace / raclette,,,,,,0,2026-08-08 22:47:30,2026-08-08 22:47:30,2026-08-08 22:47:30,RapidApi,0,,883,3429,,,RED-LINE,Balai d'essuie-glace / raclette,Type
108766,RAPID-3286753,Balai d'essuie-glace,,42TT525,,RED-LINE,RED-LINE,,,,https://fsn1.your-objectstorage.com/tecdoc2025/media_files/images/4869/328a8218e617bb2a552552372e0f36b84ae8f825.webp,0.0000,0.0000,0.0000,0.0000,0,21.0000,0.0000,,0.0000,0.0000,0,,,,0.0000,2026-08-08 22:47:30,1.0000,piece,,,,,21.0000,,Balai d'essuie-glace / raclette,,,,Balai d'essuie-glace / raclette,,,,,,0,2026-08-08 22:47:30,2026-08-08 22:47:30,2026-08-08 22:47:30,RapidApi,0,,883,3429,,,RED-LINE,Balai d'essuie-glace / raclette,Type
108767,RAPID-2478004,Balai d'essuie-glace,,298W0150,,RIDEX,RIDEX,,,,https://fsn1.your-objectstorage.com/tecdoc2025/media_files/images/6358/2de2b9e3020ed2a1524b611639fa86c58beb2032.webp,0.0000,0.0000,0.0000,0.0000,0,21.0000,0.0000,,0.0000,0.0000,0,,,,0.0000,2026-08-08 22:47:30,1.0000,piece,,,,,22.0000,,Balai d'essuie-glace / raclette,,,,Balai d'essuie-glace / raclette,,,,,,0,2026-08-08 22:47:30,2026-08-08 22:47:30,2026-08-08 22:47:30,RapidApi,0,,884,3429,,,RIDEX,Balai d'essuie-glace / raclette,Type
108768,RAPID-2478005,Balai d'essuie-glace,,298W0151,,RIDEX,RIDEX,,,,https://fsn1.your-objectstorage.com/tecdoc2025/media_files/images/6358/25965e600b0daf49393899eab64aa9fc27f378d7.webp,0.0000,0.0000,0.0000,0.0000,0,21.0000,0.0000,,0.0000,0.0000,0,,,,0.0000,2026-08-08 22:47:30,1.0000,piece,,,,,18.0000,,Balai d'essuie-glace / raclette,,,,Balai d'essuie-glace / raclette,,,,,,0,2026-08-08 22:47:30,2026-08-08 22:47:30,2026-08-08 22:47:30,RapidApi,0,,884,3429,,,RIDEX,Balai d'essuie-glace / raclette,Type
108769,RAPID-2478046,Balai d'essuie-glace,,298W0199,,RIDEX,RIDEX,,,,https://fsn1.your-objectstorage.com/tecdoc2025/media_files/images/6358/622025e5343b4d3e38092df5535bad8aa4461099.webp,0.0000,0.0000,0.0000,0.0000,0,21.0000,0.0000,,0.0000,0.0000,0,,,,0.0000,2026-08-08 22:47:30,1.0000,piece,,,,,21.0000,,Balai d'essuie-glace / raclette,,,,Balai d'essuie-glace / raclette,,,,,,0,2026-08-08 22:47:30,2026-08-08 22:47:30,2026-08-08 22:47:30,RapidApi,0,,884,3429,,,RIDEX,Balai d'essuie-glace / raclette,Type
108770,RAPID-2478049,Balai d'essuie-glace,,298W0202,,RIDEX,RIDEX,,,,https://fsn1.your-objectstorage.com/tecdoc2025/media_files/images/6358/80871ae07062e6c4c04d839468d92bf8cc6d5369.webp,0.0000,0.0000,0.0000,0.0000,0,21.0000,0.0000,,0.0000,0.0000,0,,,,0.0000,2026-08-08 22:47:30,1.0000,piece,,,,,45.0000,,Balai d'essuie-glace / raclette,,,,Balai d'essuie-glace / raclette,,,,,,0,2026-08-08 22:47:30,2026-08-08 22:47:30,2026-08-08 22:47:30,RapidApi,0,,884,3429,,,RIDEX,Balai d'essuie-glace / raclette,Type
108771,RAPID-2478009,Balai d'essuie-glace,,298W0155,,RIDEX,RIDEX,,,,https://fsn1.your-objectstorage.com/tecdoc2025/media_files/images/6358/f21077d6bd241302b65644c1881c4f5023ed5130.webp,0.0000,0.0000,0.0000,0.0000,0,21.0000,0.0000,,0.0000,0.0000,0,,,,0.0000,2026-08-08 22:47:30,1.0000,piece,,,,,21.0000,,Balai d'essuie-glace / raclette,,,,Balai d'essuie-glace / raclette,,,,,,0,2026-08-08 22:47:30,2026-08-08 22:47:30,2026-08-08 22:47:30,RapidApi,0,,884,3429,,,RIDEX,Balai d'essuie-glace / raclette,Type
108772,RAPID-2478060,Balai d'essuie-glace,,298W0218,,RIDEX,RIDEX,,,,https://fsn1.your-objectstorage.com/tecdoc2025/media_files/images/6358/d23421b86ad4692fd4a92f71bdc7e905a4cce539.webp,0.0000,0.0000,0.0000,0.0000,0,21.0000,0.0000,,0.0000,0.0000,0,,,,0.0000,2026-08-08 22:47:30,1.0000,piece,,0.2470,,,18.0000,,Balai d'essuie-glace / raclette,,,,Balai d'essuie-glace / raclette,,,,,,0,2026-08-08 22:47:30,2026-08-08 22:47:30,2026-08-08 22:47:30,RapidApi,0,,884,3429,,,RIDEX,Balai d'essuie-glace / raclette,Type
108773,RAPID-2478021,Balai d'essuie-glace,,298W0170,,RIDEX,RIDEX,,,,https://fsn1.your-objectstorage.com/tecdoc2025/media_files/images/6358/c44451d9d4066907d8f935e96dbb32041456a833.webp,0.0000,0.0000,0.0000,0.0000,0,21.0000,0.0000,,0.0000,0.0000,0,,,,0.0000,2026-08-08 22:47:30,1.0000,piece,,,,,45.0000,,Balai d'essuie-glace / raclette,,,,Balai d'essuie-glace / raclette,,,,,,0,2026-08-08 22:47:30,2026-08-08 22:47:30,2026-08-08 22:47:30,RapidApi,0,,884,3429,,,RIDEX,Balai d'essuie-glace / raclette,Type
108774,RAPID-2478069,Balai d'essuie-glace,,298W0229,,RIDEX,RIDEX,,,,https://fsn1.your-objectstorage.com/tecdoc2025/media_files/images/6358/40bc2ab942e5631825d1776571cd3ad36920af50.webp,0.0000,0.0000,0.0000,0.0000,0,21.0000,0.0000,,0.0000,0.0000,0,,,,0.0000,2026-08-08 22:47:30,1.0000,piece,,,,,53.0000,,Balai d'essuie-glace / raclette,,,,Balai d'essuie-glace / raclette,,,,,,0,2026-08-08 22:47:30,2026-08-08 22:47:30,2026-08-08 22:47:30,RapidApi,0,,884,3429,,,RIDEX,Balai d'essuie-glace / raclette,Type
108775,RAPID-2478092,Balai d'essuie-glace,,298W0263,,RIDEX,RIDEX,,,,https://fsn1.your-objectstorage.com/tecdoc2025/media_files/images/6358/cc7e9d3004982fafb57621051f8c4da0cf143301.webp,0.0000,0.0000,0.0000,0.0000,0,21.0000,0.0000,,0.0000,0.0000,0,,,,0.0000,2026-08-08 22:47:30,1.0000,piece,,,,,,,Balai d'essuie-glace / raclette,,,,Balai d'essuie-glace / raclette,,,,,,0,2026-08-08 22:47:30,2026-08-08 22:47:30,2026-08-08 22:47:30,RapidApi,0,,884,3429,,,RIDEX,Balai d'essuie-glace / raclette,Type
108776,RAPID-2478199,Balai d'essuie-glace,,298W0455,,RIDEX,RIDEX,,,,https://fsn1.your-objectstorage.com/tecdoc2025/media_files/images/6358/8ccdcf15f4b064368a1f7943bfca56fe0143d0ec.webp,0.0000,0.0000,0.0000,0.0000,0,21.0000,0.0000,,0.0000,0.0000,0,,,,0.0000,2026-08-08 22:47:30,1.0000,piece,,,,,12.0000,,Balai d'essuie-glace / raclette,,,,Balai d'essuie-glace / raclette,,,,,,0,2026-08-08 22:47:30,2026-08-08 22:47:30,2026-08-08 22:47:30,RapidApi,0,,884,3429,,,RIDEX,Balai d'essuie-glace / raclette,Type
108777,RAPID-2478097,Balai d'essuie-glace,,298W0270,,RIDEX,RIDEX,,,,https://fsn1.your-objectstorage.com/tecdoc2025/media_files/images/6358/58711effc63201c9e8341836af93792f5a7dbe31.webp,0.0000,0.0000,0.0000,0.0000,0,21.0000,0.0000,,0.0000,0.0000,0,,,,0.0000,2026-08-08 22:47:30,1.0000,piece,,0.2730,,,21.0000,,Balai d'essuie-glace / raclette,,,,Balai d'essuie-glace / raclette,,,,,,0,2026-08-08 22:47:30,2026-08-08 22:47:30,2026-08-08 22:47:30,RapidApi,0,,884,3429,,,RIDEX,Balai d'essuie-glace / raclette,Type
108778,RAPID-2478206,Balai d'essuie-glace,,298W0473,,RIDEX,RIDEX,,,,https://fsn1.your-objectstorage.com/tecdoc2025/media_files/images/6358/fe18683f92ce66b851e7805403006aac250cf63e.webp,0.0000,0.0000,0.0000,0.0000,0,21.0000,0.0000,,0.0000,0.0000,0,,,,0.0000,2026-08-08 22:47:30,1.0000,piece,,,,,45.0000,,Balai d'essuie-glace / raclette,,,,Balai d'essuie-glace / raclette,,,,,,0,2026-08-08 22:47:30,2026-08-08 22:47:30,2026-08-08 22:47:30,RapidApi,0,,884,3429,,,RIDEX,Balai d'essuie-glace / raclette,Type
108779,RAPID-2478227,Balai d'essuie-glace,,298W16934,,RIDEX,RIDEX,,,,https://fsn1.your-objectstorage.com/tecdoc2025/media_files/images/6358/0049ac83001ae13ffb669f5dbee3407be4edb266.webp,0.0000,0.0000,0.0000,0.0000,0,21.0000,0.0000,,0.0000,0.0000,0,,,,0.0000,2026-08-08 22:47:30,1.0000,piece,,0.1070,,,21.0000,,Balai d'essuie-glace / raclette,,,,Balai d'essuie-glace / raclette,,,,,,0,2026-08-08 22:47:30,2026-08-08 22:47:30,2026-08-08 22:47:30,RapidApi,0,,884,3429,,,RIDEX,Balai d'essuie-glace / raclette,Type
108780,RAPID-2478300,Balai d'essuie-glace,,298W17145,,RIDEX,RIDEX,,,,https://fsn1.your-objectstorage.com/tecdoc2025/media_files/images/6358/12a04bc867bc0750286ca4e7dc7258ed39dcdd09.webp,0.0000,0.0000,0.0000,0.0000,0,21.0000,0.0000,,0.0000,0.0000,0,,,,0.0000,2026-08-08 22:47:30,1.0000,piece,,,,,45.0000,,Balai d'essuie-glace / raclette,,,,Balai d'essuie-glace / raclette,,,,,,0,2026-08-08 22:47:30,2026-08-08 22:47:30,2026-08-08 22:47:30,RapidApi,0,,884,3429,,,RIDEX,Balai d'essuie-glace / raclette,Type
108781,RAPID-2477867,Balai d'essuie-glace,,298W0003,,RIDEX,RIDEX,,,,https://fsn1.your-objectstorage.com/tecdoc2025/media_files/images/6358/ca823698adb6a285827abdba04dd41727a3aba1c.webp,0.0000,0.0000,0.0000,0.0000,0,21.0000,0.0000,,0.0000,0.0000,0,,,,0.0000,2026-08-08 22:47:30,1.0000,piece,,,,,12.0000,,Balai d'essuie-glace / raclette,,,,Balai d'essuie-glace / raclette,,,,,,0,2026-08-08 22:47:30,2026-08-08 22:47:30,2026-08-08 22:47:30,RapidApi,0,,884,3429,,,RIDEX,Balai d'essuie-glace / raclette,Type
108782,RAPID-2477871,Balai d'essuie-glace,,298W0007,,RIDEX,RIDEX,,,,https://fsn1.your-objectstorage.com/tecdoc2025/media_files/images/6358/47c97fbd1f7525f54a6d7dc6b8c80f984ae4c997.webp,0.0000,0.0000,0.0000,0.0000,0,21.0000,0.0000,,0.0000,0.0000,0,,,,0.0000,2026-08-08 22:47:30,1.0000,piece,,,,,45.0000,,Balai d'essuie-glace / raclette,,,,Balai d'essuie-glace / raclette,,,,,,0,2026-08-08 22:47:30,2026-08-08 22:47:30,2026-08-08 22:47:30,RapidApi,0,,884,3429,,,RIDEX,Balai d'essuie-glace / raclette,Type
108783,RAPID-2477887,Balai d'essuie-glace,,298W0024,,RIDEX,RIDEX,,,,https://fsn1.your-objectstorage.com/tecdoc2025/media_files/images/6358/f61cf41b2f2f4583b178e608c4cd81902986cebb.webp,0.0000,0.0000,0.0000,0.0000,0,21.0000,0.0000,,0.0000,0.0000,0,,,,0.0000,2026-08-08 22:47:30,1.0000,piece,,,,,12.0000,,Balai d'essuie-glace / raclette,,,,Balai d'essuie-glace / raclette,,,,,,0,2026-08-08 22:47:30,2026-08-08 22:47:30,2026-08-08 22:47:30,RapidApi,0,,884,3429,,,RIDEX,Balai d'essuie-glace / raclette,Type
108784,RAPID-2477895,Balai d'essuie-glace,,298W0032,,RIDEX,RIDEX,,,,https://fsn1.your-objectstorage.com/tecdoc2025/media_files/images/6358/58e08c7c9c80676fa12006615ece28bdb9027063.webp,0.0000,0.0000,0.0000,0.0000,0,21.0000,0.0000,,0.0000,0.0000,0,,,,0.0000,2026-08-08 22:47:30,1.0000,piece,,,,,53.0000,,Balai d'essuie-glace / raclette,,,,Balai d'essuie-glace / raclette,,,,,,0,2026-08-08 22:47:30,2026-08-08 22:47:30,2026-08-08 22:47:30,RapidApi,0,,884,3429,,,RIDEX,Balai d'essuie-glace / raclette,Type
108785,RAPID-2477882,Balai d'essuie-glace,,298W0018,,RIDEX,RIDEX,,,,https://fsn1.your-objectstorage.com/tecdoc2025/media_files/images/6358/b276914eacda27f55cedd24df9fbaf4432eb98a3.webp,0.0000,0.0000,0.0000,0.0000,0,21.0000,0.0000,,0.0000,0.0000,0,,,,0.0000,2026-08-08 22:47:30,1.0000,piece,,,,,53.0000,,Balai d'essuie-glace / raclette,,,,Balai d'essuie-glace / raclette,,,,,,0,2026-08-08 22:47:30,2026-08-08 22:47:30,2026-08-08 22:47:30,RapidApi,0,,884,3429,,,RIDEX,Balai d'essuie-glace / raclette,Type
108786,RAPID-2477930,Balai d'essuie-glace,,298W0067,,RIDEX,RIDEX,,,,https://fsn1.your-objectstorage.com/tecdoc2025/media_files/images/6358/0450ab6389116eb7324275ce8f4a83c217983050.webp,0.0000,0.0000,0.0000,0.0000,0,21.0000,0.0000,,0.0000,0.0000,0,,,,0.0000,2026-08-08 22:47:30,1.0000,piece,,,,,18.0000,,Balai d'essuie-glace / raclette,,,,Balai d'essuie-glace / raclette,,,,,,0,2026-08-08 22:47:30,2026-08-08 22:47:30,2026-08-08 22:47:30,RapidApi,0,,884,3429,,,RIDEX,Balai d'essuie-glace / raclette,Type
108787,RAPID-2477976,Balai d'essuie-glace,,298W0118,,RIDEX,RIDEX,,,,https://fsn1.your-objectstorage.com/tecdoc2025/media_files/images/6358/9e640c30471e1c46e036fcc9967f3ee52c3b0171.webp,0.0000,0.0000,0.0000,0.0000,0,21.0000,0.0000,,0.0000,0.0000,0,,,,0.0000,2026-08-08 22:47:30,1.0000,piece,,,,,20.0000,,Balai d'essuie-glace / raclette,,,,Balai d'essuie-glace / raclette,,,,,,0,2026-08-08 22:47:30,2026-08-08 22:47:30,2026-08-08 22:47:30,RapidApi,0,,884,3429,,,RIDEX,Balai d'essuie-glace / raclette,Type
108788,RAPID-2477990,Balai d'essuie-glace,,298W0135,,RIDEX,RIDEX,,,,https://fsn1.your-objectstorage.com/tecdoc2025/media_files/images/6358/34345c562ed428effea5d5aa7bf4e3ee545a1f5c.webp,0.0000,0.0000,0.0000,0.0000,0,21.0000,0.0000,,0.0000,0.0000,0,,,,0.0000,2026-08-08 22:47:30,1.0000,piece,,,,,21.0000,,Balai d'essuie-glace / raclette,,,,Balai d'essuie-glace / raclette,,,,,,0,2026-08-08 22:47:30,2026-08-08 22:47:30,2026-08-08 22:47:30,RapidApi,0,,884,3429,,,RIDEX,Balai d'essuie-glace / raclette,Type
108789,RAPID-2477992,Balai d'essuie-glace,,298W0137,,RIDEX,RIDEX,,,,https://fsn1.your-objectstorage.com/tecdoc2025/media_files/images/6358/cf951e81157f0f90a2475f3351fdd5e69cd9215e.webp,0.0000,0.0000,0.0000,0.0000,0,21.0000,0.0000,,0.0000,0.0000,0,,,,0.0000,2026-08-08 22:47:30,1.0000,piece,,,,,45.0000,,Balai d'essuie-glace / raclette,,,,Balai d'essuie-glace / raclette,,,,,,0,2026-08-08 22:47:30,2026-08-08 22:47:30,2026-08-08 22:47:30,RapidApi,0,,884,3429,,,RIDEX,Balai d'essuie-glace / raclette,Type
108790,RAPID-2571715,"Bras d'essuie-glace, nettoyage des vitres",,301W0075,,RIDEX,RIDEX,,,,https://fsn1.your-objectstorage.com/tecdoc2025/media_files/images/6358/b32c37abdf8ba54a5dfe2b5ecfa8b7d92a208cfe.webp,0.0000,0.0000,0.0000,0.0000,0,21.0000,0.0000,,0.0000,0.0000,0,,,,0.0000,2026-08-08 22:47:30,1.0000,piece,,,,,,,Balai d'essuie-glace / raclette,,,,Balai d'essuie-glace / raclette,,,,,,0,2026-08-08 22:47:30,2026-08-08 22:47:30,2026-08-08 22:47:30,RapidApi,0,,884,3429,,,RIDEX,Balai d'essuie-glace / raclette,Type
108791,RAPID-9245854,"Bras d'essuie-glace, nettoyage des vitres",,SWA74314.0,,SANDO,SANDO,,,,https://fsn1.your-objectstorage.com/tecdoc2025/media_files/images/4592/39f8dbda49ba1600bd7c8d9a67b0107ce14aa425.webp,0.0000,0.0000,0.0000,0.0000,0,21.0000,0.0000,,0.0000,0.0000,0,,,,0.0000,2026-08-08 22:47:30,1.0000,piece,,,,,,,Balai d'essuie-glace / raclette,,,,Balai d'essuie-glace / raclette,,,,,,0,2026-08-08 22:47:30,2026-08-08 22:47:30,2026-08-08 22:47:30,RapidApi,0,,885,3429,,,SANDO,Balai d'essuie-glace / raclette,Type
108792,RAPID-6046670,Balai d'essuie-glace,,BMS27.00017,,SCHNIEDER AUTOTECH,SCHNIEDER AUTOTECH,,,,https://fsn1.your-objectstorage.com/tecdoc2025/media_files/images/6437/28e434642054e4eb24d031a813cf8893cc908097.webp,0.0000,0.0000,0.0000,0.0000,0,21.0000,0.0000,,0.0000,0.0000,0,,,,0.0000,2026-08-08 22:47:30,1.0000,piece,,,,,,,Balai d'essuie-glace / raclette,,,,Balai d'essuie-glace / raclette,,,,,,0,2026-08-08 22:47:30,2026-08-08 22:47:30,2026-08-08 22:47:30,RapidApi,0,,886,3429,,,SCHNIEDER AUTOTECH,Balai d'essuie-glace / raclette,Type
108793,RAPID-6046684,Balai d'essuie-glace,,BMS27.00030,,SCHNIEDER AUTOTECH,SCHNIEDER AUTOTECH,,,,https://fsn1.your-objectstorage.com/tecdoc2025/media_files/images/6437/56baa89010cbfdfcd88434d615d378776d56fa44.webp,0.0000,0.0000,0.0000,0.0000,0,21.0000,0.0000,,0.0000,0.0000,0,,,,0.0000,2026-08-08 22:47:30,1.0000,piece,,,,,,,Balai d'essuie-glace / raclette,,,,Balai d'essuie-glace / raclette,,,,,,0,2026-08-08 22:47:30,2026-08-08 22:47:30,2026-08-08 22:47:30,RapidApi,0,,886,3429,,,SCHNIEDER AUTOTECH,Balai d'essuie-glace / raclette,Type
108794,RAPID-6046685,Balai d'essuie-glace,,BMS27.00031,,SCHNIEDER AUTOTECH,SCHNIEDER AUTOTECH,,,,https://fsn1.your-objectstorage.com/tecdoc2025/media_files/images/6437/e1762208bb55053dcda5da96c41a240239fd8bd1.webp,0.0000,0.0000,0.0000,0.0000,0,21.0000,0.0000,,0.0000,0.0000,0,,,,0.0000,2026-08-08 22:47:30,1.0000,piece,,,,,,,Balai d'essuie-glace / raclette,,,,Balai d'essuie-glace / raclette,,,,,,0,2026-08-08 22:47:30,2026-08-08 22:47:30,2026-08-08 22:47:30,RapidApi,0,,886,3429,,,SCHNIEDER AUTOTECH,Balai d'essuie-glace / raclette,Type
108795,RAPID-7927560,Balai d'essuie-glace,,LRS27.00044,,SCHNIEDER AUTOTECH,SCHNIEDER AUTOTECH,,,,https://fsn1.your-objectstorage.com/tecdoc2025/media_files/images/6437/92bff997425ef5996becdc1cff8e7989378454a1.webp,0.0000,0.0000,0.0000,0.0000,0,21.0000,0.0000,,0.0000,0.0000,0,,,,0.0000,2026-08-08 22:47:30,1.0000,piece,,,,,,,Balai d'essuie-glace / raclette,,,,Balai d'essuie-glace / raclette,,,,,,0,2026-08-08 22:47:30,2026-08-08 22:47:30,2026-08-08 22:47:30,RapidApi,0,,886,3429,,,SCHNIEDER AUTOTECH,Balai d'essuie-glace / raclette,Type
108796,RAPID-7927566,Balai d'essuie-glace,,LRS27.00063,,SCHNIEDER AUTOTECH,SCHNIEDER AUTOTECH,,,,https://fsn1.your-objectstorage.com/tecdoc2025/media_files/images/6437/07f02a8561340ae2e6a048d235f15d3c37232faf.webp,0.0000,0.0000,0.0000,0.0000,0,21.0000,0.0000,,0.0000,0.0000,0,,,,0.0000,2026-08-08 22:47:30,1.0000,piece,,,,,,,Balai d'essuie-glace / raclette,,,,Balai d'essuie-glace / raclette,,,,,,0,2026-08-08 22:47:30,2026-08-08 22:47:30,2026-08-08 22:47:30,RapidApi,0,,886,3429,,,SCHNIEDER AUTOTECH,Balai d'essuie-glace / raclette,Type
108797,RAPID-7927561,Balai d'essuie-glace,,LRS27.00055,,SCHNIEDER AUTOTECH,SCHNIEDER AUTOTECH,,,,https://fsn1.your-objectstorage.com/tecdoc2025/media_files/images/6437/20f9fda502f919a7b5a2869881c282e0d55a0594.webp,0.0000,0.0000,0.0000,0.0000,0,21.0000,0.0000,,0.0000,0.0000,0,,,,0.0000,2026-08-08 22:47:30,1.0000,piece,,,,,,,Balai d'essuie-glace / raclette,,,,Balai d'essuie-glace / raclette,,,,,,0,2026-08-08 22:47:30,2026-08-08 22:47:30,2026-08-08 22:47:30,RapidApi,0,,886,3429,,,SCHNIEDER AUTOTECH,Balai d'essuie-glace / raclette,Type
108798,RAPID-91790776,Balai d'essuie-glace,,SCB22,,Simply,Simply,,,,https://fsn1.your-objectstorage.com/tecdoc2025/media_files/images/7788/febc453b4c7871df143e5d009775baf6934e66d3.webp,0.0000,0.0000,0.0000,0.0000,0,21.0000,0.0000,,0.0000,0.0000,0,,,,0.0000,2026-08-08 22:47:30,1.0000,piece,,,,,22.0000,,Balai d'essuie-glace / raclette,,,,Balai d'essuie-glace / raclette,,,,,,0,2026-08-08 22:47:30,2026-08-08 22:47:30,2026-08-08 22:47:30,RapidApi,0,,795,3429,,,Simply,Balai d'essuie-glace / raclette,Type
108799,RAPID-87454226,Balai d'essuie-glace,,SCB21,,Simply,Simply,,,,https://fsn1.your-objectstorage.com/tecdoc2025/media_files/images/7788/febc453b4c7871df143e5d009775baf6934e66d3.webp,0.0000,0.0000,0.0000,0.0000,0,21.0000,0.0000,,0.0000,0.0000,0,,,,0.0000,2026-08-08 22:47:30,1.0000,piece,,,,,21.0000,,Balai d'essuie-glace / raclette,,,,Balai d'essuie-glace / raclette,,,,,,0,2026-08-08 22:47:30,2026-08-08 22:47:30,2026-08-08 22:47:30,RapidApi,0,,795,3429,,,Simply,Balai d'essuie-glace / raclette,Type
108800,RAPID-89818080,Balai d'essuie-glace,,SCB18,,Simply,Simply,,,,https://fsn1.your-objectstorage.com/tecdoc2025/media_files/images/7788/febc453b4c7871df143e5d009775baf6934e66d3.webp,0.0000,0.0000,0.0000,0.0000,0,21.0000,0.0000,,0.0000,0.0000,0,,,,0.0000,2026-08-08 22:47:30,1.0000,piece,,,,,18.0000,,Balai d'essuie-glace / raclette,,,,Balai d'essuie-glace / raclette,,,,,,0,2026-08-08 22:47:30,2026-08-08 22:47:30,2026-08-08 22:47:30,RapidApi,0,,795,3429,,,Simply,Balai d'essuie-glace / raclette,Type
108801,RAPID-91462161,Balai d'essuie-glace,,SFB22,,Simply,Simply,,,,https://fsn1.your-objectstorage.com/tecdoc2025/media_files/images/7788/df8f3ee4e8e76f8eab5cf3904ba5f579ca681344.webp,0.0000,0.0000,0.0000,0.0000,0,21.0000,0.0000,,0.0000,0.0000,0,,,,0.0000,2026-08-08 22:47:30,1.0000,piece,,,,,22.0000,,Balai d'essuie-glace / raclette,,,,Balai d'essuie-glace / raclette,,,,,,0,2026-08-08 22:47:30,2026-08-08 22:47:30,2026-08-08 22:47:30,RapidApi,0,,795,3429,,,Simply,Balai d'essuie-glace / raclette,Type
108802,RAPID-98622898,Balai d'essuie-glace,,SFB21,,Simply,Simply,,,,https://fsn1.your-objectstorage.com/tecdoc2025/media_files/images/7788/df8f3ee4e8e76f8eab5cf3904ba5f579ca681344.webp,0.0000,0.0000,0.0000,0.0000,0,21.0000,0.0000,,0.0000,0.0000,0,,,,0.0000,2026-08-08 22:47:30,1.0000,piece,,,,,21.0000,,Balai d'essuie-glace / raclette,,,,Balai d'essuie-glace / raclette,,,,,,0,2026-08-08 22:47:30,2026-08-08 22:47:30,2026-08-08 22:47:30,RapidApi,0,,795,3429,,,Simply,Balai d'essuie-glace / raclette,Type
108803,RAPID-92117366,Balai d'essuie-glace,,SFB18,,Simply,Simply,,,,https://fsn1.your-objectstorage.com/tecdoc2025/media_files/images/7788/df8f3ee4e8e76f8eab5cf3904ba5f579ca681344.webp,0.0000,0.0000,0.0000,0.0000,0,21.0000,0.0000,,0.0000,0.0000,0,,,,0.0000,2026-08-08 22:47:30,1.0000,piece,,,,,18.0000,,Balai d'essuie-glace / raclette,,,,Balai d'essuie-glace / raclette,,,,,,0,2026-08-08 22:47:30,2026-08-08 22:47:30,2026-08-08 22:47:30,RapidApi,0,,795,3429,,,Simply,Balai d'essuie-glace / raclette,Type
108804,RAPID-90146231,Balai d'essuie-glace,,PRB300,,Simply,Simply,,,,https://fsn1.your-objectstorage.com/tecdoc2025/media_files/images/7788/0328bd663293e0767a333f36321f9fb21dea8489.webp,0.0000,0.0000,0.0000,0.0000,0,21.0000,0.0000,,0.0000,0.0000,0,,,,0.0000,2026-08-08 22:47:30,1.0000,piece,,,,,12.0000,,Balai d'essuie-glace / raclette,,,,Balai d'essuie-glace / raclette,,,,,,0,2026-08-08 22:47:30,2026-08-08 22:47:30,2026-08-08 22:47:30,RapidApi,0,,795,3429,,,Simply,Balai d'essuie-glace / raclette,Type
108805,RAPID-9110016,Balai d'essuie-glace,,SKWIB-0940017,,Stark,Stark,,,,https://fsn1.your-objectstorage.com/tecdoc2025/media_files/images/6357/30eaba655e6fb9f5456128a21da09540a5a6a584.webp,0.0000,0.0000,0.0000,0.0000,0,21.0000,0.0000,,0.0000,0.0000,0,,,,0.0000,2026-08-08 22:47:30,1.0000,piece,,,,,53.0000,,Balai d'essuie-glace / raclette,,,,Balai d'essuie-glace / raclette,,,,,,0,2026-08-08 22:47:30,2026-08-08 22:47:30,2026-08-08 22:47:30,RapidApi,0,,887,3429,,,Stark,Balai d'essuie-glace / raclette,Type
108806,RAPID-9110028,Balai d'essuie-glace,,SKWIB-0940031,,Stark,Stark,,,,https://fsn1.your-objectstorage.com/tecdoc2025/media_files/images/6357/3bcdd7907101582fbcfc25d78c218202a8d2d9bb.webp,0.0000,0.0000,0.0000,0.0000,0,21.0000,0.0000,,0.0000,0.0000,0,,,,0.0000,2026-08-08 22:47:30,1.0000,piece,,,,,53.0000,,Balai d'essuie-glace / raclette,,,,Balai d'essuie-glace / raclette,,,,,,0,2026-08-08 22:47:30,2026-08-08 22:47:30,2026-08-08 22:47:30,RapidApi,0,,887,3429,,,Stark,Balai d'essuie-glace / raclette,Type
108807,RAPID-9110021,Balai d'essuie-glace,,SKWIB-0940023,,Stark,Stark,,,,https://fsn1.your-objectstorage.com/tecdoc2025/media_files/images/6357/98f32012c0466ef87a6e8996458bde0014e8a0eb.webp,0.0000,0.0000,0.0000,0.0000,0,21.0000,0.0000,,0.0000,0.0000,0,,,,0.0000,2026-08-08 22:47:30,1.0000,piece,,,,,12.0000,,Balai d'essuie-glace / raclette,,,,Balai d'essuie-glace / raclette,,,,,,0,2026-08-08 22:47:30,2026-08-08 22:47:30,2026-08-08 22:47:30,RapidApi,0,,887,3429,,,Stark,Balai d'essuie-glace / raclette,Type
108808,RAPID-9110003,Balai d'essuie-glace,,SKWIB-0940002,,Stark,Stark,,,,https://fsn1.your-objectstorage.com/tecdoc2025/media_files/images/6357/3f18a6ba654ec28ceb4b72899e234867504b5fa5.webp,0.0000,0.0000,0.0000,0.0000,0,21.0000,0.0000,,0.0000,0.0000,0,,,,0.0000,2026-08-08 22:47:30,1.0000,piece,,,,,12.0000,,Balai d'essuie-glace / raclette,,,,Balai d'essuie-glace / raclette,,,,,,0,2026-08-08 22:47:30,2026-08-08 22:47:30,2026-08-08 22:47:30,RapidApi,0,,887,3429,,,Stark,Balai d'essuie-glace / raclette,Type
108809,RAPID-9110128,Balai d'essuie-glace,,SKWIB-0940136,,Stark,Stark,,,,https://fsn1.your-objectstorage.com/tecdoc2025/media_files/images/6357/3f7e285337d4476ba0386be490e2571f9c7354c7.webp,0.0000,0.0000,0.0000,0.0000,0,21.0000,0.0000,,0.0000,0.0000,0,,,,0.0000,2026-08-08 22:47:30,1.0000,piece,,,,,45.0000,,Balai d'essuie-glace / raclette,,,,Balai d'essuie-glace / raclette,,,,,,0,2026-08-08 22:47:30,2026-08-08 22:47:30,2026-08-08 22:47:30,RapidApi,0,,887,3429,,,Stark,Balai d'essuie-glace / raclette,Type
108810,RAPID-9110063,Balai d'essuie-glace,,SKWIB-0940066,,Stark,Stark,,,,https://fsn1.your-objectstorage.com/tecdoc2025/media_files/images/6357/c9aeed9b8aac470421ae00a358db13f0261cfd2e.webp,0.0000,0.0000,0.0000,0.0000,0,21.0000,0.0000,,0.0000,0.0000,0,,,,0.0000,2026-08-08 22:47:30,1.0000,piece,,,,,18.0000,,Balai d'essuie-glace / raclette,,,,Balai d'essuie-glace / raclette,,,,,,0,2026-08-08 22:47:30,2026-08-08 22:47:30,2026-08-08 22:47:30,RapidApi,0,,887,3429,,,Stark,Balai d'essuie-glace / raclette,Type
108811,RAPID-9110126,Balai d'essuie-glace,,SKWIB-0940134,,Stark,Stark,,,,https://fsn1.your-objectstorage.com/tecdoc2025/media_files/images/6357/e4adf112cf10398f3c5ddb4bb81fd64adc093690.webp,0.0000,0.0000,0.0000,0.0000,0,21.0000,0.0000,,0.0000,0.0000,0,,,,0.0000,2026-08-08 22:47:30,1.0000,piece,,,,,21.0000,,Balai d'essuie-glace / raclette,,,,Balai d'essuie-glace / raclette,,,,,,0,2026-08-08 22:47:30,2026-08-08 22:47:30,2026-08-08 22:47:30,RapidApi,0,,887,3429,,,Stark,Balai d'essuie-glace / raclette,Type
108812,RAPID-9110110,Balai d'essuie-glace,,SKWIB-0940117,,Stark,Stark,,,,https://fsn1.your-objectstorage.com/tecdoc2025/media_files/images/6357/3dacfb36d1460e9274d9f94448db5c89a15069fb.webp,0.0000,0.0000,0.0000,0.0000,0,21.0000,0.0000,,0.0000,0.0000,0,,,,0.0000,2026-08-08 22:47:30,1.0000,piece,,,,,20.0000,,Balai d'essuie-glace / raclette,,,,Balai d'essuie-glace / raclette,,,,,,0,2026-08-08 22:47:30,2026-08-08 22:47:30,2026-08-08 22:47:30,RapidApi,0,,887,3429,,,Stark,Balai d'essuie-glace / raclette,Type
108813,RAPID-9110140,Balai d'essuie-glace,,SKWIB-0940150,,Stark,Stark,,,,https://fsn1.your-objectstorage.com/tecdoc2025/media_files/images/6357/14ca91e7a51e8f6b899ed9a3f4357198fb93aed2.webp,0.0000,0.0000,0.0000,0.0000,0,21.0000,0.0000,,0.0000,0.0000,0,,,,0.0000,2026-08-08 22:47:30,1.0000,piece,,,,,18.0000,,Balai d'essuie-glace / raclette,,,,Balai d'essuie-glace / raclette,,,,,,0,2026-08-08 22:47:30,2026-08-08 22:47:30,2026-08-08 22:47:30,RapidApi,0,,887,3429,,,Stark,Balai d'essuie-glace / raclette,Type
108814,RAPID-9110143,Balai d'essuie-glace,,SKWIB-0940154,,Stark,Stark,,,,https://fsn1.your-objectstorage.com/tecdoc2025/media_files/images/6357/54210885a4a7696c60cfc3dac3548c69f927db0e.webp,0.0000,0.0000,0.0000,0.0000,0,21.0000,0.0000,,0.0000,0.0000,0,,,,0.0000,2026-08-08 22:47:30,1.0000,piece,,,,,21.0000,,Balai d'essuie-glace / raclette,,,,Balai d'essuie-glace / raclette,,,,,,0,2026-08-08 22:47:30,2026-08-08 22:47:30,2026-08-08 22:47:30,RapidApi,0,,887,3429,,,Stark,Balai d'essuie-glace / raclette,Type
108815,RAPID-9110139,Balai d'essuie-glace,,SKWIB-0940149,,Stark,Stark,,,,https://fsn1.your-objectstorage.com/tecdoc2025/media_files/images/6357/8e21a68acf0b4e1fe5b9cf2945b0f7dc83016003.webp,0.0000,0.0000,0.0000,0.0000,0,21.0000,0.0000,,0.0000,0.0000,0,,,,0.0000,2026-08-08 22:47:30,1.0000,piece,,,,,22.0000,,Balai d'essuie-glace / raclette,,,,Balai d'essuie-glace / raclette,,,,,,0,2026-08-08 22:47:30,2026-08-08 22:47:30,2026-08-08 22:47:30,RapidApi,0,,887,3429,,,Stark,Balai d'essuie-glace / raclette,Type
108816,RAPID-9110152,Balai d'essuie-glace,,SKWIB-0940169,,Stark,Stark,,,,https://fsn1.your-objectstorage.com/tecdoc2025/media_files/images/6357/08d77ffee2ae87876b6f36436934523033c39c8a.webp,0.0000,0.0000,0.0000,0.0000,0,21.0000,0.0000,,0.0000,0.0000,0,,,,0.0000,2026-08-08 22:47:30,1.0000,piece,,,,,45.0000,,Balai d'essuie-glace / raclette,,,,Balai d'essuie-glace / raclette,,,,,,0,2026-08-08 22:47:30,2026-08-08 22:47:30,2026-08-08 22:47:30,RapidApi,0,,887,3429,,,Stark,Balai d'essuie-glace / raclette,Type
108817,RAPID-9110181,Balai d'essuie-glace,,SKWIB-0940217,,Stark,Stark,,,,https://fsn1.your-objectstorage.com/tecdoc2025/media_files/images/6357/1d7dfa222b94609846ec2ab1e84b9df8c5e1c7ba.webp,0.0000,0.0000,0.0000,0.0000,0,21.0000,0.0000,,0.0000,0.0000,0,,,,0.0000,2026-08-08 22:47:30,1.0000,piece,,0.2470,,,18.0000,,Balai d'essuie-glace / raclette,,,,Balai d'essuie-glace / raclette,,,,,,0,2026-08-08 22:47:30,2026-08-08 22:47:30,2026-08-08 22:47:30,RapidApi,0,,887,3429,,,Stark,Balai d'essuie-glace / raclette,Type
108818,RAPID-9110170,Balai d'essuie-glace,,SKWIB-0940198,,Stark,Stark,,,,https://fsn1.your-objectstorage.com/tecdoc2025/media_files/images/6357/e1d9256e3178e71320cd4a8e4168bcda8bba5787.webp,0.0000,0.0000,0.0000,0.0000,0,21.0000,0.0000,,0.0000,0.0000,0,,,,0.0000,2026-08-08 22:47:30,1.0000,piece,,,,,21.0000,,Balai d'essuie-glace / raclette,,,,Balai d'essuie-glace / raclette,,,,,,0,2026-08-08 22:47:30,2026-08-08 22:47:30,2026-08-08 22:47:30,RapidApi,0,,887,3429,,,Stark,Balai d'essuie-glace / raclette,Type
108819,RAPID-9110209,Balai d'essuie-glace,,SKWIB-0940269,,Stark,Stark,,,,https://fsn1.your-objectstorage.com/tecdoc2025/media_files/images/6357/b5dcd14a7f9f5fcdb5f55e5beed83f577a12e22f.webp,0.0000,0.0000,0.0000,0.0000,0,21.0000,0.0000,,0.0000,0.0000,0,,,,0.0000,2026-08-08 22:47:30,1.0000,piece,,0.2730,,,21.0000,,Balai d'essuie-glace / raclette,,,,Balai d'essuie-glace / raclette,,,,,,0,2026-08-08 22:47:30,2026-08-08 22:47:30,2026-08-08 22:47:30,RapidApi,0,,887,3429,,,Stark,Balai d'essuie-glace / raclette,Type
108820,RAPID-9110284,Balai d'essuie-glace,,SKWIB-09440571,,Stark,Stark,,,,https://fsn1.your-objectstorage.com/tecdoc2025/media_files/images/6357/a9f0b963eb4a360283cc0a3fedd7628c5d1d15a5.webp,0.0000,0.0000,0.0000,0.0000,0,21.0000,0.0000,,0.0000,0.0000,0,,,,0.0000,2026-08-08 22:47:30,1.0000,piece,,0.1070,,,21.0000,,Balai d'essuie-glace / raclette,,,,Balai d'essuie-glace / raclette,,,,,,0,2026-08-08 22:47:30,2026-08-08 22:47:30,2026-08-08 22:47:30,RapidApi,0,,887,3429,,,Stark,Balai d'essuie-glace / raclette,Type
108821,RAPID-9110205,Balai d'essuie-glace,,SKWIB-0940262,,Stark,Stark,,,,https://fsn1.your-objectstorage.com/tecdoc2025/media_files/images/6357/732690d6bc8c8a6f7772c569701de37c881723c6.webp,0.0000,0.0000,0.0000,0.0000,0,21.0000,0.0000,,0.0000,0.0000,0,,,,0.0000,2026-08-08 22:47:30,1.0000,piece,,,,,,,Balai d'essuie-glace / raclette,,,,Balai d'essuie-glace / raclette,,,,,,0,2026-08-08 22:47:30,2026-08-08 22:47:30,2026-08-08 22:47:30,RapidApi,0,,887,3429,,,Stark,Balai d'essuie-glace / raclette,Type
108822,RAPID-9110270,Balai d'essuie-glace,,SKWIB-0940473,,Stark,Stark,,,,https://fsn1.your-objectstorage.com/tecdoc2025/media_files/images/6357/d6809e85f88dc9d384aacbe4849fa82e6ceefa50.webp,0.0000,0.0000,0.0000,0.0000,0,21.0000,0.0000,,0.0000,0.0000,0,,,,0.0000,2026-08-08 22:47:30,1.0000,piece,,,,,45.0000,,Balai d'essuie-glace / raclette,,,,Balai d'essuie-glace / raclette,,,,,,0,2026-08-08 22:47:30,2026-08-08 22:47:30,2026-08-08 22:47:30,RapidApi,0,,887,3429,,,Stark,Balai d'essuie-glace / raclette,Type
108823,RAPID-9110356,Balai d'essuie-glace,,SKWIB-09440767,,Stark,Stark,,,,https://fsn1.your-objectstorage.com/tecdoc2025/media_files/images/6357/decc4c3bc4870c3354660f5e1f4bc91cb8bc62b8.webp,0.0000,0.0000,0.0000,0.0000,0,21.0000,0.0000,,0.0000,0.0000,0,,,,0.0000,2026-08-08 22:47:30,1.0000,piece,,,,,45.0000,,Balai d'essuie-glace / raclette,,,,Balai d'essuie-glace / raclette,,,,,,0,2026-08-08 22:47:30,2026-08-08 22:47:30,2026-08-08 22:47:30,RapidApi,0,,887,3429,,,Stark,Balai d'essuie-glace / raclette,Type
108824,RAPID-9108863,"Bras d'essuie-glace, nettoyage des vitres",,SKWA-0930039,,Stark,Stark,,,,https://fsn1.your-objectstorage.com/tecdoc2025/media_files/images/6357/609476f41997543b1d576d46ed0793eafc2ed944.webp,0.0000,0.0000,0.0000,0.0000,0,21.0000,0.0000,,0.0000,0.0000,0,,,,0.0000,2026-08-08 22:47:30,1.0000,piece,,,,,30.5000,,Balai d'essuie-glace / raclette,,,,Balai d'essuie-glace / raclette,,,,,,0,2026-08-08 22:47:30,2026-08-08 22:47:30,2026-08-08 22:47:30,RapidApi,0,,887,3429,,,Stark,Balai d'essuie-glace / raclette,Type
108825,RAPID-9108892,"Bras d'essuie-glace, nettoyage des vitres",,SKWA-0930075,,Stark,Stark,,,,https://fsn1.your-objectstorage.com/tecdoc2025/media_files/images/6357/2adcbb0f8b193cb842d56f562caadab6f5da6734.webp,0.0000,0.0000,0.0000,0.0000,0,21.0000,0.0000,,0.0000,0.0000,0,,,,0.0000,2026-08-08 22:47:30,1.0000,piece,,,,,,,Balai d'essuie-glace / raclette,,,,Balai d'essuie-glace / raclette,,,,,,0,2026-08-08 22:47:30,2026-08-08 22:47:30,2026-08-08 22:47:30,RapidApi,0,,887,3429,,,Stark,Balai d'essuie-glace / raclette,Type
108826,RAPID-9210663,Balai d'essuie-glace,,ST SR45 PAP,,STARLINE,STARLINE,,,,https://fsn1.your-objectstorage.com/tecdoc2025/media_files/images/4675/cb010e1c5132503caa9669dd3a58462b29731821.webp,0.0000,0.0000,0.0000,0.0000,0,21.0000,0.0000,,0.0000,0.0000,0,,,,0.0000,2026-08-08 22:47:30,1.0000,piece,,,,,,,Balai d'essuie-glace / raclette,,,,Balai d'essuie-glace / raclette,,,,,,0,2026-08-08 22:47:30,2026-08-08 22:47:30,2026-08-08 22:47:30,RapidApi,0,,888,3429,,,STARLINE,Balai d'essuie-glace / raclette,Type
108827,RAPID-9210667,Balai d'essuie-glace,,ST SR50PS PAP,,STARLINE,STARLINE,,,,https://fsn1.your-objectstorage.com/tecdoc2025/media_files/images/4675/cb010e1c5132503caa9669dd3a58462b29731821.webp,0.0000,0.0000,0.0000,0.0000,0,21.0000,0.0000,,0.0000,0.0000,0,,,,0.0000,2026-08-08 22:47:30,1.0000,piece,,,,,,,Balai d'essuie-glace / raclette,,,,Balai d'essuie-glace / raclette,,,,,,0,2026-08-08 22:47:30,2026-08-08 22:47:30,2026-08-08 22:47:30,RapidApi,0,,888,3429,,,STARLINE,Balai d'essuie-glace / raclette,Type
108828,RAPID-9210668,Balai d'essuie-glace,,ST SR51 PAP,,STARLINE,STARLINE,,,,https://fsn1.your-objectstorage.com/tecdoc2025/media_files/images/4675/cb010e1c5132503caa9669dd3a58462b29731821.webp,0.0000,0.0000,0.0000,0.0000,0,21.0000,0.0000,,0.0000,0.0000,0,,,,0.0000,2026-08-08 22:47:30,1.0000,piece,,,,,,,Balai d'essuie-glace / raclette,,,,Balai d'essuie-glace / raclette,,,,,,0,2026-08-08 22:47:30,2026-08-08 22:47:30,2026-08-08 22:47:30,RapidApi,0,,888,3429,,,STARLINE,Balai d'essuie-glace / raclette,Type
108829,RAPID-9210669,Balai d'essuie-glace,,ST SR53 PAP,,STARLINE,STARLINE,,,,https://fsn1.your-objectstorage.com/tecdoc2025/media_files/images/4675/cb010e1c5132503caa9669dd3a58462b29731821.webp,0.0000,0.0000,0.0000,0.0000,0,21.0000,0.0000,,0.0000,0.0000,0,,,,0.0000,2026-08-08 22:47:30,1.0000,piece,,,,,,,Balai d'essuie-glace / raclette,,,,Balai d'essuie-glace / raclette,,,,,,0,2026-08-08 22:47:30,2026-08-08 22:47:30,2026-08-08 22:47:30,RapidApi,0,,888,3429,,,STARLINE,Balai d'essuie-glace / raclette,Type
108830,RAPID-9210671,Balai d'essuie-glace,,ST SR55 PAP,,STARLINE,STARLINE,,,,https://fsn1.your-objectstorage.com/tecdoc2025/media_files/images/4675/cb010e1c5132503caa9669dd3a58462b29731821.webp,0.0000,0.0000,0.0000,0.0000,0,21.0000,0.0000,,0.0000,0.0000,0,,,,0.0000,2026-08-08 22:47:30,1.0000,piece,,,,,,,Balai d'essuie-glace / raclette,,,,Balai d'essuie-glace / raclette,,,,,,0,2026-08-08 22:47:30,2026-08-08 22:47:30,2026-08-08 22:47:30,RapidApi,0,,888,3429,,,STARLINE,Balai d'essuie-glace / raclette,Type
108831,RAPID-9210670,Balai d'essuie-glace,,ST SR53PS PAP,,STARLINE,STARLINE,,,,https://fsn1.your-objectstorage.com/tecdoc2025/media_files/images/4675/cb010e1c5132503caa9669dd3a58462b29731821.webp,0.0000,0.0000,0.0000,0.0000,0,21.0000,0.0000,,0.0000,0.0000,0,,,,0.0000,2026-08-08 22:47:30,1.0000,piece,,,,,,,Balai d'essuie-glace / raclette,,,,Balai d'essuie-glace / raclette,,,,,,0,2026-08-08 22:47:30,2026-08-08 22:47:30,2026-08-08 22:47:30,RapidApi,0,,888,3429,,,STARLINE,Balai d'essuie-glace / raclette,Type
108832,RAPID-9326882,Balai d'essuie-glace,,T468112,,STC,STC,,,,https://fsn1.your-objectstorage.com/tecdoc2025/media_files/images/4667/252453ccb7b9a63810423aff65e4933d7648fe5c.webp,0.0000,0.0000,0.0000,0.0000,0,21.0000,0.0000,,0.0000,0.0000,0,,,,0.0000,2026-08-08 22:47:30,1.0000,piece,,0.1520,,,30.5000,,Balai d'essuie-glace / raclette,,,,Balai d'essuie-glace / raclette,,,,,,0,2026-08-08 22:47:30,2026-08-08 22:47:30,2026-08-08 22:47:30,RapidApi,0,,889,3429,,,STC,Balai d'essuie-glace / raclette,Type
108833,RAPID-9326886,Balai d'essuie-glace,,T468116,,STC,STC,,,,https://fsn1.your-objectstorage.com/tecdoc2025/media_files/images/4667/4bd6f923c42a41bfbb81272bf329d3c2962dbfbc.webp,0.0000,0.0000,0.0000,0.0000,0,21.0000,0.0000,,0.0000,0.0000,0,,,,0.0000,2026-08-08 22:47:30,1.0000,piece,,0.1500,,,30.5000,,Balai d'essuie-glace / raclette,,,,Balai d'essuie-glace / raclette,,,,,,0,2026-08-08 22:47:30,2026-08-08 22:47:30,2026-08-08 22:47:30,RapidApi,0,,889,3429,,,STC,Balai d'essuie-glace / raclette,Type
108834,RAPID-1090578,Balai d'essuie-glace,,118 450-SX,,STELLOX,STELLOX,,,,https://fsn1.your-objectstorage.com/tecdoc2025/media_files/images/4595/69ddad84e5f65a0d0a456b82001662b148268d1e.webp,0.0000,0.0000,0.0000,0.0000,0,21.0000,0.0000,,0.0000,0.0000,0,,,,0.0000,2026-08-08 22:47:30,1.0000,piece,,,,,18.0000,,Balai d'essuie-glace / raclette,,,,Balai d'essuie-glace / raclette,,,,,,0,2026-08-08 22:47:30,2026-08-08 22:47:30,2026-08-08 22:47:30,RapidApi,0,,797,3429,,,STELLOX,Balai d'essuie-glace / raclette,Type
108835,RAPID-1127398,Balai d'essuie-glace,,120 500-SX,,STELLOX,STELLOX,,,,https://fsn1.your-objectstorage.com/tecdoc2025/media_files/images/4595/3d7dc04672b10afc1e4eaf7ca01554d2e655116c.webp,0.0000,0.0000,0.0000,0.0000,0,21.0000,0.0000,,0.0000,0.0000,0,,,,0.0000,2026-08-08 22:47:30,1.0000,piece,,,,,20.0000,,Balai d'essuie-glace / raclette,,,,Balai d'essuie-glace / raclette,,,,,,0,2026-08-08 22:47:30,2026-08-08 22:47:30,2026-08-08 22:47:30,RapidApi,0,,797,3429,,,STELLOX,Balai d'essuie-glace / raclette,Type
108836,RAPID-1147343,Balai d'essuie-glace,,121 530-SX,,STELLOX,STELLOX,,,,https://fsn1.your-objectstorage.com/tecdoc2025/media_files/images/4595/1f881973ea534577abd69b8e63edf11d9fdc5da7.webp,0.0000,0.0000,0.0000,0.0000,0,21.0000,0.0000,,0.0000,0.0000,0,,,,0.0000,2026-08-08 22:47:30,1.0000,piece,,,,,21.0000,,Balai d'essuie-glace / raclette,,,,Balai d'essuie-glace / raclette,,,,,,0,2026-08-08 22:47:30,2026-08-08 22:47:30,2026-08-08 22:47:30,RapidApi,0,,797,3429,,,STELLOX,Balai d'essuie-glace / raclette,Type
108837,RAPID-869493,Balai d'essuie-glace,,103 525-SX,,STELLOX,STELLOX,,,,https://fsn1.your-objectstorage.com/tecdoc2025/media_files/images/4595/4146f41d8be401f67d5d9027dc65d9d5783d94dd.webp,0.0000,0.0000,0.0000,0.0000,0,21.0000,0.0000,,0.0000,0.0000,0,,,,0.0000,2026-08-08 22:47:30,1.0000,piece,,,,,21.0000,,Balai d'essuie-glace / raclette,,,,Balai d'essuie-glace / raclette,,,,,,0,2026-08-08 22:47:30,2026-08-08 22:47:30,2026-08-08 22:47:30,RapidApi,0,,797,3429,,,STELLOX,Balai d'essuie-glace / raclette,Type
108838,RAPID-869474,Balai d'essuie-glace,,103 500-SX,,STELLOX,STELLOX,,,,https://fsn1.your-objectstorage.com/tecdoc2025/media_files/images/4595/196bc07b3d7e2ef796705dc6603de185b70b6ede.webp,0.0000,0.0000,0.0000,0.0000,0,21.0000,0.0000,,0.0000,0.0000,0,,,,0.0000,2026-08-08 22:47:30,1.0000,piece,,,,,20.0000,,Balai d'essuie-glace / raclette,,,,Balai d'essuie-glace / raclette,,,,,,0,2026-08-08 22:47:30,2026-08-08 22:47:30,2026-08-08 22:47:30,RapidApi,0,,797,3429,,,STELLOX,Balai d'essuie-glace / raclette,Type
108839,RAPID-869438,Balai d'essuie-glace,,103 450-SX,,STELLOX,STELLOX,,,,https://fsn1.your-objectstorage.com/tecdoc2025/media_files/images/4595/6c682253a3b371355a5bbdab641de9cceff63d45.webp,0.0000,0.0000,0.0000,0.0000,0,21.0000,0.0000,,0.0000,0.0000,0,,,,0.0000,2026-08-08 22:47:30,1.0000,piece,,,,,18.0000,,Balai d'essuie-glace / raclette,,,,Balai d'essuie-glace / raclette,,,,,,0,2026-08-08 22:47:30,2026-08-08 22:47:30,2026-08-08 22:47:30,RapidApi,0,,797,3429,,,STELLOX,Balai d'essuie-glace / raclette,Type
108840,RAPID-1833434,Balai d'essuie-glace,,201 687-SX,,STELLOX,STELLOX,,,,https://fsn1.your-objectstorage.com/tecdoc2025/media_files/images/4595/549d8c9ae57eeb7f53a3cc9a784c9e198dd544ec.webp,0.0000,0.0000,0.0000,0.0000,0,21.0000,0.0000,,0.0000,0.0000,0,,,,0.0000,2026-08-08 22:47:30,1.0000,piece,,,,,19.0000,,Balai d'essuie-glace / raclette,,,,Balai d'essuie-glace / raclette,,,,,,0,2026-08-08 22:47:30,2026-08-08 22:47:30,2026-08-08 22:47:30,RapidApi,0,,797,3429,,,STELLOX,Balai d'essuie-glace / raclette,Type
108841,RAPID-1833351,Balai d'essuie-glace,,201 621-SX,,STELLOX,STELLOX,,,,https://fsn1.your-objectstorage.com/tecdoc2025/media_files/images/4595/5ae15d449332823a51567585556a89d89406f2b9.webp,0.0000,0.0000,0.0000,0.0000,0,21.0000,0.0000,,0.0000,0.0000,0,,,,0.0000,2026-08-08 22:47:30,1.0000,piece,,,,,21.0000,,Balai d'essuie-glace / raclette,,,,Balai d'essuie-glace / raclette,,,,,,0,2026-08-08 22:47:30,2026-08-08 22:47:30,2026-08-08 22:47:30,RapidApi,0,,797,3429,,,STELLOX,Balai d'essuie-glace / raclette,Type
108842,RAPID-1833370,Balai d'essuie-glace,,201 637-SX,,STELLOX,STELLOX,,,,https://fsn1.your-objectstorage.com/tecdoc2025/media_files/images/4595/b93d2574e641b0f4011bfcd56cc156b611f85f71.webp,0.0000,0.0000,0.0000,0.0000,0,21.0000,0.0000,,0.0000,0.0000,0,,,,0.0000,2026-08-08 22:47:30,1.0000,piece,,,,,18.0000,,Balai d'essuie-glace / raclette,,,,Balai d'essuie-glace / raclette,,,,,,0,2026-08-08 22:47:30,2026-08-08 22:47:30,2026-08-08 22:47:30,RapidApi,0,,797,3429,,,STELLOX,Balai d'essuie-glace / raclette,Type
108843,RAPID-1833330,Balai d'essuie-glace,,201 607-SX,,STELLOX,STELLOX,,,,https://fsn1.your-objectstorage.com/tecdoc2025/media_files/images/4595/dff35440b2d7b7e5175aadaec976c5293223eb37.webp,0.0000,0.0000,0.0000,0.0000,0,21.0000,0.0000,,0.0000,0.0000,0,,,,0.0000,2026-08-08 22:47:30,1.0000,piece,,,,,18.0000,,Balai d'essuie-glace / raclette,,,,Balai d'essuie-glace / raclette,,,,,,0,2026-08-08 22:47:30,2026-08-08 22:47:30,2026-08-08 22:47:30,RapidApi,0,,797,3429,,,STELLOX,Balai d'essuie-glace / raclette,Type
108844,RAPID-1854377,Balai d'essuie-glace,,202 530-SX,,STELLOX,STELLOX,,,,https://fsn1.your-objectstorage.com/tecdoc2025/media_files/images/4595/ea058c59bb3bff5712fa20722209e3ef26243b31.webp,0.0000,0.0000,0.0000,0.0000,0,21.0000,0.0000,,0.0000,0.0000,0,,,,0.0000,2026-08-08 22:47:30,1.0000,piece,,,,,21.0000,,Balai d'essuie-glace / raclette,,,,Balai d'essuie-glace / raclette,,,,,,0,2026-08-08 22:47:30,2026-08-08 22:47:30,2026-08-08 22:47:30,RapidApi,0,,797,3429,,,STELLOX,Balai d'essuie-glace / raclette,Type
108845,RAPID-856403,Balai d'essuie-glace,,102 300-SX,,STELLOX,STELLOX,,,,https://fsn1.your-objectstorage.com/tecdoc2025/media_files/images/4595/444b2c59fe0946d877e4970e8df6c211c24e473d.webp,0.0000,0.0000,0.0000,0.0000,0,21.0000,0.0000,,0.0000,0.0000,0,,,,0.0000,2026-08-08 22:47:30,1.0000,piece,,,,,12.0000,,Balai d'essuie-glace / raclette,,,,Balai d'essuie-glace / raclette,,,,,,0,2026-08-08 22:47:30,2026-08-08 22:47:30,2026-08-08 22:47:30,RapidApi,0,,797,3429,,,STELLOX,Balai d'essuie-glace / raclette,Type
108846,RAPID-1833309,Balai d'essuie-glace,,201 500-SX,,STELLOX,STELLOX,,,,https://fsn1.your-objectstorage.com/tecdoc2025/media_files/images/4595/d33c483b6e5c23da01b74f1cf071c7da1bcc3eca.webp,0.0000,0.0000,0.0000,0.0000,0,21.0000,0.0000,,0.0000,0.0000,0,,,,0.0000,2026-08-08 22:47:30,1.0000,piece,,,,,20.0000,,Balai d'essuie-glace / raclette,,,,Balai d'essuie-glace / raclette,,,,,,0,2026-08-08 22:47:30,2026-08-08 22:47:30,2026-08-08 22:47:30,RapidApi,0,,797,3429,,,STELLOX,Balai d'essuie-glace / raclette,Type
108847,RAPID-1833429,Balai d'essuie-glace,,201 683-SX,,STELLOX,STELLOX,,,,https://fsn1.your-objectstorage.com/tecdoc2025/media_files/images/4595/a88a49ded93e4cf3218ff06c2fb8c4c2fec8e4f9.webp,0.0000,0.0000,0.0000,0.0000,0,21.0000,0.0000,,0.0000,0.0000,0,,,,0.0000,2026-08-08 22:47:30,1.0000,piece,,,,,18.0000,,Balai d'essuie-glace / raclette,,,,Balai d'essuie-glace / raclette,,,,,,0,2026-08-08 22:47:30,2026-08-08 22:47:30,2026-08-08 22:47:30,RapidApi,0,,797,3429,,,STELLOX,Balai d'essuie-glace / raclette,Type
108848,RAPID-1872689,Balai d'essuie-glace,,204 006-SX,,STELLOX,STELLOX,,,,https://fsn1.your-objectstorage.com/tecdoc2025/media_files/images/4595/681ee56ab3796b42d4eddd039dd6a73bcc91388f.webp,0.0000,0.0000,0.0000,0.0000,0,21.0000,0.0000,,0.0000,0.0000,0,,,,0.0000,2026-08-08 22:47:30,1.0000,piece,,,,,18.0000,,Balai d'essuie-glace / raclette,,,,Balai d'essuie-glace / raclette,,,,,,0,2026-08-08 22:47:30,2026-08-08 22:47:30,2026-08-08 22:47:30,RapidApi,0,,797,3429,,,STELLOX,Balai d'essuie-glace / raclette,Type
108849,RAPID-1872682,Balai d'essuie-glace,,204 000-SX,,STELLOX,STELLOX,,,,https://fsn1.your-objectstorage.com/tecdoc2025/media_files/images/4595/e96a06d7f9f9f81bc49dbfc1c34adbd34368e833.webp,0.0000,0.0000,0.0000,0.0000,0,21.0000,0.0000,,0.0000,0.0000,0,,,,0.0000,2026-08-08 22:47:30,1.0000,piece,,,,,20.0000,,Balai d'essuie-glace / raclette,,,,Balai d'essuie-glace / raclette,,,,,,0,2026-08-08 22:47:30,2026-08-08 22:47:30,2026-08-08 22:47:30,RapidApi,0,,797,3429,,,STELLOX,Balai d'essuie-glace / raclette,Type
108850,RAPID-836017,Balai d'essuie-glace,,101 500-SX,,STELLOX,STELLOX,,,,https://fsn1.your-objectstorage.com/tecdoc2025/media_files/images/4595/43b9ce37fd9edb13dd0b720fbc7e2c76d15b2726.webp,0.0000,0.0000,0.0000,0.0000,0,21.0000,0.0000,,0.0000,0.0000,0,,,,0.0000,2026-08-08 22:47:30,1.0000,piece,,,,,20.0000,,Balai d'essuie-glace / raclette,,,,Balai d'essuie-glace / raclette,,,,,,0,2026-08-08 22:47:30,2026-08-08 22:47:30,2026-08-08 22:47:30,RapidApi,0,,797,3429,,,STELLOX,Balai d'essuie-glace / raclette,Type
108851,RAPID-835977,Balai d'essuie-glace,,101 450-SX,,STELLOX,STELLOX,,,,https://fsn1.your-objectstorage.com/tecdoc2025/media_files/images/4595/c6d60822139891977f14ed9f7efbcb0fb98989c3.webp,0.0000,0.0000,0.0000,0.0000,0,21.0000,0.0000,,0.0000,0.0000,0,,,,0.0000,2026-08-08 22:47:30,1.0000,piece,,,,,18.0000,,Balai d'essuie-glace / raclette,,,,Balai d'essuie-glace / raclette,,,,,,0,2026-08-08 22:47:30,2026-08-08 22:47:30,2026-08-08 22:47:30,RapidApi,0,,797,3429,,,STELLOX,Balai d'essuie-glace / raclette,Type
