Id,ProductId,Make,Model,YearFrom,YearTo,EngineCode,KType,BodyType,FuelType,PowerKW,PowerHP,Ccm,CreatedAt,TypeName,ExternalManufacturerId,ExternalModelId,DriveType,Transmission,Cylinders,Valves,RawJson,ErpProductId
0060b1c6-172d-4335-9319-beaa49c14e45,108210,RENAULT,"CLIO II (BB_, CB_)",2001,2016,"1.2 16V (BB05, BB0W, BB11, BB27, BB2T, BB2U, BB2V, CB05,...",16104,Berline bicorps trois ou cinq portes,Essence,55,75,1149,2026-08-08 22:47:30,,,,,,4,,"{""vehicleId"": 16104, ""manufacturerName"": ""RENAULT"", ""modelName"": ""CLIO II (BB_, CB_)"", ""typeEngineName"": ""1.2 16V (BB05, BB0W, BB11, BB27, BB2T, BB2U, BB2V, CB05,..."", ""constructionIntervalStart"": ""2001-06-01"", ""constructionIntervalEnd"": ""2016-08-01"", ""powerKw"": ""55.0000"", ""powerPs"": ""75.0000"", ""capacityTax"": null, ""fuelType"": ""Essence"", ""bodyType"": ""Berline bicorps trois ou cinq portes"", ""numberOfCylinders"": 4, ""capacityLt"": ""1.2000"", ""capacityTech"": ""1149.0000"", ""engineCodes"": ""D4F 712"", ""engId"": 16186}",RAPID-9686803
00d310a5-edc6-44bb-86a9-ebba8f81bf84,108706,RENAULT,"CLIO II (BB_, CB_)",2001,2016,"1.2 16V (BB05, BB0W, BB11, BB27, BB2T, BB2U, BB2V, CB05,...",16104,Berline bicorps trois ou cinq portes,Essence,55,75,1149,2026-08-08 22:47:30,,,,,,4,,"{""vehicleId"": 16104, ""manufacturerName"": ""RENAULT"", ""modelName"": ""CLIO II (BB_, CB_)"", ""typeEngineName"": ""1.2 16V (BB05, BB0W, BB11, BB27, BB2T, BB2U, BB2V, CB05,..."", ""constructionIntervalStart"": ""2001-06-01"", ""constructionIntervalEnd"": ""2016-08-01"", ""powerKw"": ""55.0000"", ""powerPs"": ""75.0000"", ""capacityTax"": null, ""fuelType"": ""Essence"", ""bodyType"": ""Berline bicorps trois ou cinq portes"", ""numberOfCylinders"": 4, ""capacityLt"": ""1.2000"", ""capacityTech"": ""1149.0000"", ""engineCodes"": ""D4F 712"", ""engId"": 16186}",RAPID-3205752
014203bc-0e0d-4f90-a037-5761abec5315,108587,RENAULT,"CLIO II (BB_, CB_)",2001,2016,"1.2 16V (BB05, BB0W, BB11, BB27, BB2T, BB2U, BB2V, CB05,...",16104,Berline bicorps trois ou cinq portes,Essence,55,75,1149,2026-08-08 22:47:30,,,,,,4,,"{""vehicleId"": 16104, ""manufacturerName"": ""RENAULT"", ""modelName"": ""CLIO II (BB_, CB_)"", ""typeEngineName"": ""1.2 16V (BB05, BB0W, BB11, BB27, BB2T, BB2U, BB2V, CB05,..."", ""constructionIntervalStart"": ""2001-06-01"", ""constructionIntervalEnd"": ""2016-08-01"", ""powerKw"": ""55.0000"", ""powerPs"": ""75.0000"", ""capacityTax"": null, ""fuelType"": ""Essence"", ""bodyType"": ""Berline bicorps trois ou cinq portes"", ""numberOfCylinders"": 4, ""capacityLt"": ""1.2000"", ""capacityTech"": ""1149.0000"", ""engineCodes"": ""D4F 712"", ""engId"": 16186}",RAPID-3031796
015c52a9-7055-447e-afd0-6b231916e1a6,108035,AUDI,80 B4 Saloon (8C2),1991,1994,1.9 TD,1392,Saloon,Diesel,,,,2026-08-06 14:24:09,,,,,,,,,RAPID-83053944
015e848d-68bc-4f82-9b82-e2d20188b2a1,108843,RENAULT,"CLIO II (BB_, CB_)",2001,2016,"1.2 16V (BB05, BB0W, BB11, BB27, BB2T, BB2U, BB2V, CB05,...",16104,Berline bicorps trois ou cinq portes,Essence,55,75,1149,2026-08-08 22:47:30,,,,,,4,,"{""vehicleId"": 16104, ""manufacturerName"": ""RENAULT"", ""modelName"": ""CLIO II (BB_, CB_)"", ""typeEngineName"": ""1.2 16V (BB05, BB0W, BB11, BB27, BB2T, BB2U, BB2V, CB05,..."", ""constructionIntervalStart"": ""2001-06-01"", ""constructionIntervalEnd"": ""2016-08-01"", ""powerKw"": ""55.0000"", ""powerPs"": ""75.0000"", ""capacityTax"": null, ""fuelType"": ""Essence"", ""bodyType"": ""Berline bicorps trois ou cinq portes"", ""numberOfCylinders"": 4, ""capacityLt"": ""1.2000"", ""capacityTech"": ""1149.0000"", ""engineCodes"": ""D4F 712"", ""engId"": 16186}",RAPID-1833330
0198aa8d-5013-4465-aefe-ad419b36f3df,108030,AUDI,80 B4 Saloon (8C2),1991,1994,1.9 TD,1392,Saloon,Diesel,,,,2026-08-06 14:24:09,,,,,,,,,RAPID-78785364
01b76078-9eaa-4e4e-8be5-3ed8c10e30d9,108361,RENAULT,"CLIO II (BB_, CB_)",2001,2016,"1.2 16V (BB05, BB0W, BB11, BB27, BB2T, BB2U, BB2V, CB05,...",16104,Berline bicorps trois ou cinq portes,Essence,55,75,1149,2026-08-08 22:47:30,,,,,,4,,"{""vehicleId"": 16104, ""manufacturerName"": ""RENAULT"", ""modelName"": ""CLIO II (BB_, CB_)"", ""typeEngineName"": ""1.2 16V (BB05, BB0W, BB11, BB27, BB2T, BB2U, BB2V, CB05,..."", ""constructionIntervalStart"": ""2001-06-01"", ""constructionIntervalEnd"": ""2016-08-01"", ""powerKw"": ""55.0000"", ""powerPs"": ""75.0000"", ""capacityTax"": null, ""fuelType"": ""Essence"", ""bodyType"": ""Berline bicorps trois ou cinq portes"", ""numberOfCylinders"": 4, ""capacityLt"": ""1.2000"", ""capacityTech"": ""1149.0000"", ""engineCodes"": ""D4F 712"", ""engId"": 16186}",RAPID-3706446
01d32fff-2931-4e6b-8595-a9e2639dfef5,108770,RENAULT,"CLIO II (BB_, CB_)",2001,2016,"1.2 16V (BB05, BB0W, BB11, BB27, BB2T, BB2U, BB2V, CB05,...",16104,Berline bicorps trois ou cinq portes,Essence,55,75,1149,2026-08-08 22:47:30,,,,,,4,,"{""vehicleId"": 16104, ""manufacturerName"": ""RENAULT"", ""modelName"": ""CLIO II (BB_, CB_)"", ""typeEngineName"": ""1.2 16V (BB05, BB0W, BB11, BB27, BB2T, BB2U, BB2V, CB05,..."", ""constructionIntervalStart"": ""2001-06-01"", ""constructionIntervalEnd"": ""2016-08-01"", ""powerKw"": ""55.0000"", ""powerPs"": ""75.0000"", ""capacityTax"": null, ""fuelType"": ""Essence"", ""bodyType"": ""Berline bicorps trois ou cinq portes"", ""numberOfCylinders"": 4, ""capacityLt"": ""1.2000"", ""capacityTech"": ""1149.0000"", ""engineCodes"": ""D4F 712"", ""engId"": 16186}",RAPID-2478049
02310b2c-5568-4ee0-aba5-797e32aa4f7b,108062,RENAULT,"CLIO II (BB_, CB_)",2001,2016,"1.2 16V (BB05, BB0W, BB11, BB27, BB2T, BB2U, BB2V, CB05,...",16104,Berline bicorps trois ou cinq portes,Essence,55,75,1149,2026-08-08 22:47:30,,,,,,4,,"{""vehicleId"": 16104, ""manufacturerName"": ""RENAULT"", ""modelName"": ""CLIO II (BB_, CB_)"", ""typeEngineName"": ""1.2 16V (BB05, BB0W, BB11, BB27, BB2T, BB2U, BB2V, CB05,..."", ""constructionIntervalStart"": ""2001-06-01"", ""constructionIntervalEnd"": ""2016-08-01"", ""powerKw"": ""55.0000"", ""powerPs"": ""75.0000"", ""capacityTax"": null, ""fuelType"": ""Essence"", ""bodyType"": ""Berline bicorps trois ou cinq portes"", ""numberOfCylinders"": 4, ""capacityLt"": ""1.2000"", ""capacityTech"": ""1149.0000"", ""engineCodes"": ""D4F 712"", ""engId"": 16186}",RAPID-43622495
0261467c-af01-46c1-bbbd-fa7b9b614789,108441,RENAULT,"CLIO II (BB_, CB_)",2001,2016,"1.2 16V (BB05, BB0W, BB11, BB27, BB2T, BB2U, BB2V, CB05,...",16104,Berline bicorps trois ou cinq portes,Essence,55,75,1149,2026-08-08 22:47:30,,,,,,4,,"{""vehicleId"": 16104, ""manufacturerName"": ""RENAULT"", ""modelName"": ""CLIO II (BB_, CB_)"", ""typeEngineName"": ""1.2 16V (BB05, BB0W, BB11, BB27, BB2T, BB2U, BB2V, CB05,..."", ""constructionIntervalStart"": ""2001-06-01"", ""constructionIntervalEnd"": ""2016-08-01"", ""powerKw"": ""55.0000"", ""powerPs"": ""75.0000"", ""capacityTax"": null, ""fuelType"": ""Essence"", ""bodyType"": ""Berline bicorps trois ou cinq portes"", ""numberOfCylinders"": 4, ""capacityLt"": ""1.2000"", ""capacityTech"": ""1149.0000"", ""engineCodes"": ""D4F 712"", ""engId"": 16186}",RAPID-5414370
029d6df1-c4aa-4ba0-a206-dcb6eabdbc37,108119,RENAULT,"CLIO II (BB_, CB_)",2001,2016,"1.2 16V (BB05, BB0W, BB11, BB27, BB2T, BB2U, BB2V, CB05,...",16104,Berline bicorps trois ou cinq portes,Essence,55,75,1149,2026-08-08 22:47:30,,,,,,4,,"{""vehicleId"": 16104, ""manufacturerName"": ""RENAULT"", ""modelName"": ""CLIO II (BB_, CB_)"", ""typeEngineName"": ""1.2 16V (BB05, BB0W, BB11, BB27, BB2T, BB2U, BB2V, CB05,..."", ""constructionIntervalStart"": ""2001-06-01"", ""constructionIntervalEnd"": ""2016-08-01"", ""powerKw"": ""55.0000"", ""powerPs"": ""75.0000"", ""capacityTax"": null, ""fuelType"": ""Essence"", ""bodyType"": ""Berline bicorps trois ou cinq portes"", ""numberOfCylinders"": 4, ""capacityLt"": ""1.2000"", ""capacityTech"": ""1149.0000"", ""engineCodes"": ""D4F 712"", ""engId"": 16186}",RAPID-374484
02b5fe5c-31fd-4f6d-b345-9329b1a89b43,108516,RENAULT,"CLIO II (BB_, CB_)",2001,2016,"1.2 16V (BB05, BB0W, BB11, BB27, BB2T, BB2U, BB2V, CB05,...",16104,Berline bicorps trois ou cinq portes,Essence,55,75,1149,2026-08-08 22:47:30,,,,,,4,,"{""vehicleId"": 16104, ""manufacturerName"": ""RENAULT"", ""modelName"": ""CLIO II (BB_, CB_)"", ""typeEngineName"": ""1.2 16V (BB05, BB0W, BB11, BB27, BB2T, BB2U, BB2V, CB05,..."", ""constructionIntervalStart"": ""2001-06-01"", ""constructionIntervalEnd"": ""2016-08-01"", ""powerKw"": ""55.0000"", ""powerPs"": ""75.0000"", ""capacityTax"": null, ""fuelType"": ""Essence"", ""bodyType"": ""Berline bicorps trois ou cinq portes"", ""numberOfCylinders"": 4, ""capacityLt"": ""1.2000"", ""capacityTech"": ""1149.0000"", ""engineCodes"": ""D4F 712"", ""engId"": 16186}",RAPID-7744740
02c7378d-ef73-42f1-8b73-027f697fc5f2,108420,RENAULT,"CLIO II (BB_, CB_)",2001,2016,"1.2 16V (BB05, BB0W, BB11, BB27, BB2T, BB2U, BB2V, CB05,...",16104,Berline bicorps trois ou cinq portes,Essence,55,75,1149,2026-08-08 22:47:30,,,,,,4,,"{""vehicleId"": 16104, ""manufacturerName"": ""RENAULT"", ""modelName"": ""CLIO II (BB_, CB_)"", ""typeEngineName"": ""1.2 16V (BB05, BB0W, BB11, BB27, BB2T, BB2U, BB2V, CB05,..."", ""constructionIntervalStart"": ""2001-06-01"", ""constructionIntervalEnd"": ""2016-08-01"", ""powerKw"": ""55.0000"", ""powerPs"": ""75.0000"", ""capacityTax"": null, ""fuelType"": ""Essence"", ""bodyType"": ""Berline bicorps trois ou cinq portes"", ""numberOfCylinders"": 4, ""capacityLt"": ""1.2000"", ""capacityTech"": ""1149.0000"", ""engineCodes"": ""D4F 712"", ""engId"": 16186}",RAPID-168653
0326117f-1a45-4c75-ad4f-3af70b6d5209,108071,RENAULT,"CLIO II (BB_, CB_)",2001,2016,"1.2 16V (BB05, BB0W, BB11, BB27, BB2T, BB2U, BB2V, CB05,...",16104,Berline bicorps trois ou cinq portes,Essence,55,75,1149,2026-08-08 22:47:30,,,,,,4,,"{""vehicleId"": 16104, ""manufacturerName"": ""RENAULT"", ""modelName"": ""CLIO II (BB_, CB_)"", ""typeEngineName"": ""1.2 16V (BB05, BB0W, BB11, BB27, BB2T, BB2U, BB2V, CB05,..."", ""constructionIntervalStart"": ""2001-06-01"", ""constructionIntervalEnd"": ""2016-08-01"", ""powerKw"": ""55.0000"", ""powerPs"": ""75.0000"", ""capacityTax"": null, ""fuelType"": ""Essence"", ""bodyType"": ""Berline bicorps trois ou cinq portes"", ""numberOfCylinders"": 4, ""capacityLt"": ""1.2000"", ""capacityTech"": ""1149.0000"", ""engineCodes"": ""D4F 712"", ""engId"": 16186}",RAPID-737535
038f7aa6-8d96-4f64-8424-42546f47cd11,108173,RENAULT,"CLIO II (BB_, CB_)",2001,2016,"1.2 16V (BB05, BB0W, BB11, BB27, BB2T, BB2U, BB2V, CB05,...",16104,Berline bicorps trois ou cinq portes,Essence,55,75,1149,2026-08-08 22:47:30,,,,,,4,,"{""vehicleId"": 16104, ""manufacturerName"": ""RENAULT"", ""modelName"": ""CLIO II (BB_, CB_)"", ""typeEngineName"": ""1.2 16V (BB05, BB0W, BB11, BB27, BB2T, BB2U, BB2V, CB05,..."", ""constructionIntervalStart"": ""2001-06-01"", ""constructionIntervalEnd"": ""2016-08-01"", ""powerKw"": ""55.0000"", ""powerPs"": ""75.0000"", ""capacityTax"": null, ""fuelType"": ""Essence"", ""bodyType"": ""Berline bicorps trois ou cinq portes"", ""numberOfCylinders"": 4, ""capacityLt"": ""1.2000"", ""capacityTech"": ""1149.0000"", ""engineCodes"": ""D4F 712"", ""engId"": 16186}",RAPID-18871097
03dd2940-ba0a-4096-9dc1-f169ffa231f6,108250,RENAULT,"CLIO II (BB_, CB_)",2001,2016,"1.2 16V (BB05, BB0W, BB11, BB27, BB2T, BB2U, BB2V, CB05,...",16104,Berline bicorps trois ou cinq portes,Essence,55,75,1149,2026-08-08 22:47:30,,,,,,4,,"{""vehicleId"": 16104, ""manufacturerName"": ""RENAULT"", ""modelName"": ""CLIO II (BB_, CB_)"", ""typeEngineName"": ""1.2 16V (BB05, BB0W, BB11, BB27, BB2T, BB2U, BB2V, CB05,..."", ""constructionIntervalStart"": ""2001-06-01"", ""constructionIntervalEnd"": ""2016-08-01"", ""powerKw"": ""55.0000"", ""powerPs"": ""75.0000"", ""capacityTax"": null, ""fuelType"": ""Essence"", ""bodyType"": ""Berline bicorps trois ou cinq portes"", ""numberOfCylinders"": 4, ""capacityLt"": ""1.2000"", ""capacityTech"": ""1149.0000"", ""engineCodes"": ""D4F 712"", ""engId"": 16186}",RAPID-2512545
043905d3-cbd9-4054-b298-5a9b9372185e,108842,RENAULT,"CLIO II (BB_, CB_)",2001,2016,"1.2 16V (BB05, BB0W, BB11, BB27, BB2T, BB2U, BB2V, CB05,...",16104,Berline bicorps trois ou cinq portes,Essence,55,75,1149,2026-08-08 22:47:30,,,,,,4,,"{""vehicleId"": 16104, ""manufacturerName"": ""RENAULT"", ""modelName"": ""CLIO II (BB_, CB_)"", ""typeEngineName"": ""1.2 16V (BB05, BB0W, BB11, BB27, BB2T, BB2U, BB2V, CB05,..."", ""constructionIntervalStart"": ""2001-06-01"", ""constructionIntervalEnd"": ""2016-08-01"", ""powerKw"": ""55.0000"", ""powerPs"": ""75.0000"", ""capacityTax"": null, ""fuelType"": ""Essence"", ""bodyType"": ""Berline bicorps trois ou cinq portes"", ""numberOfCylinders"": 4, ""capacityLt"": ""1.2000"", ""capacityTech"": ""1149.0000"", ""engineCodes"": ""D4F 712"", ""engId"": 16186}",RAPID-1833370
04f281bf-e538-48de-acf0-3743c2ca2256,108028,AUDI,80 B4 Saloon (8C2),1991,1994,1.9 TD,1392,Saloon,Diesel,,,,2026-08-06 14:24:09,,,,,,,,,RAPID-79673982
04ffa8aa-e954-4bd9-9abb-411c005f127f,108696,RENAULT,"CLIO II (BB_, CB_)",2001,2016,"1.2 16V (BB05, BB0W, BB11, BB27, BB2T, BB2U, BB2V, CB05,...",16104,Berline bicorps trois ou cinq portes,Essence,55,75,1149,2026-08-08 22:47:30,,,,,,4,,"{""vehicleId"": 16104, ""manufacturerName"": ""RENAULT"", ""modelName"": ""CLIO II (BB_, CB_)"", ""typeEngineName"": ""1.2 16V (BB05, BB0W, BB11, BB27, BB2T, BB2U, BB2V, CB05,..."", ""constructionIntervalStart"": ""2001-06-01"", ""constructionIntervalEnd"": ""2016-08-01"", ""powerKw"": ""55.0000"", ""powerPs"": ""75.0000"", ""capacityTax"": null, ""fuelType"": ""Essence"", ""bodyType"": ""Berline bicorps trois ou cinq portes"", ""numberOfCylinders"": 4, ""capacityLt"": ""1.2000"", ""capacityTech"": ""1149.0000"", ""engineCodes"": ""D4F 712"", ""engId"": 16186}",RAPID-1961491
054d51f9-abe6-4669-ad23-720fad6fc75f,108067,RENAULT,"CLIO II (BB_, CB_)",2001,2016,"1.2 16V (BB05, BB0W, BB11, BB27, BB2T, BB2U, BB2V, CB05,...",16104,Berline bicorps trois ou cinq portes,Essence,55,75,1149,2026-08-08 22:47:30,,,,,,4,,"{""vehicleId"": 16104, ""manufacturerName"": ""RENAULT"", ""modelName"": ""CLIO II (BB_, CB_)"", ""typeEngineName"": ""1.2 16V (BB05, BB0W, BB11, BB27, BB2T, BB2U, BB2V, CB05,..."", ""constructionIntervalStart"": ""2001-06-01"", ""constructionIntervalEnd"": ""2016-08-01"", ""powerKw"": ""55.0000"", ""powerPs"": ""75.0000"", ""capacityTax"": null, ""fuelType"": ""Essence"", ""bodyType"": ""Berline bicorps trois ou cinq portes"", ""numberOfCylinders"": 4, ""capacityLt"": ""1.2000"", ""capacityTech"": ""1149.0000"", ""engineCodes"": ""D4F 712"", ""engId"": 16186}",RAPID-737251
055a533f-bcab-4b7d-98b0-142d95b0d26c,108659,RENAULT,"CLIO II (BB_, CB_)",2001,2016,"1.2 16V (BB05, BB0W, BB11, BB27, BB2T, BB2U, BB2V, CB05,...",16104,Berline bicorps trois ou cinq portes,Essence,55,75,1149,2026-08-08 22:47:30,,,,,,4,,"{""vehicleId"": 16104, ""manufacturerName"": ""RENAULT"", ""modelName"": ""CLIO II (BB_, CB_)"", ""typeEngineName"": ""1.2 16V (BB05, BB0W, BB11, BB27, BB2T, BB2U, BB2V, CB05,..."", ""constructionIntervalStart"": ""2001-06-01"", ""constructionIntervalEnd"": ""2016-08-01"", ""powerKw"": ""55.0000"", ""powerPs"": ""75.0000"", ""capacityTax"": null, ""fuelType"": ""Essence"", ""bodyType"": ""Berline bicorps trois ou cinq portes"", ""numberOfCylinders"": 4, ""capacityLt"": ""1.2000"", ""capacityTech"": ""1149.0000"", ""engineCodes"": ""D4F 712"", ""engId"": 16186}",RAPID-21924125
058132c6-20b8-4ff6-9679-2add9e4a8fb1,108832,RENAULT,"CLIO II (BB_, CB_)",2001,2016,"1.2 16V (BB05, BB0W, BB11, BB27, BB2T, BB2U, BB2V, CB05,...",16104,Berline bicorps trois ou cinq portes,Essence,55,75,1149,2026-08-08 22:47:30,,,,,,4,,"{""vehicleId"": 16104, ""manufacturerName"": ""RENAULT"", ""modelName"": ""CLIO II (BB_, CB_)"", ""typeEngineName"": ""1.2 16V (BB05, BB0W, BB11, BB27, BB2T, BB2U, BB2V, CB05,..."", ""constructionIntervalStart"": ""2001-06-01"", ""constructionIntervalEnd"": ""2016-08-01"", ""powerKw"": ""55.0000"", ""powerPs"": ""75.0000"", ""capacityTax"": null, ""fuelType"": ""Essence"", ""bodyType"": ""Berline bicorps trois ou cinq portes"", ""numberOfCylinders"": 4, ""capacityLt"": ""1.2000"", ""capacityTech"": ""1149.0000"", ""engineCodes"": ""D4F 712"", ""engId"": 16186}",RAPID-9326882
0596e340-246d-4024-867d-b70a7c52b8b3,108459,RENAULT,"CLIO II (BB_, CB_)",2001,2016,"1.2 16V (BB05, BB0W, BB11, BB27, BB2T, BB2U, BB2V, CB05,...",16104,Berline bicorps trois ou cinq portes,Essence,55,75,1149,2026-08-08 22:47:30,,,,,,4,,"{""vehicleId"": 16104, ""manufacturerName"": ""RENAULT"", ""modelName"": ""CLIO II (BB_, CB_)"", ""typeEngineName"": ""1.2 16V (BB05, BB0W, BB11, BB27, BB2T, BB2U, BB2V, CB05,..."", ""constructionIntervalStart"": ""2001-06-01"", ""constructionIntervalEnd"": ""2016-08-01"", ""powerKw"": ""55.0000"", ""powerPs"": ""75.0000"", ""capacityTax"": null, ""fuelType"": ""Essence"", ""bodyType"": ""Berline bicorps trois ou cinq portes"", ""numberOfCylinders"": 4, ""capacityLt"": ""1.2000"", ""capacityTech"": ""1149.0000"", ""engineCodes"": ""D4F 712"", ""engId"": 16186}",RAPID-2320366
05983be3-9abf-46c3-a700-3f1b008870c8,108271,RENAULT,"CLIO II (BB_, CB_)",2001,2016,"1.2 16V (BB05, BB0W, BB11, BB27, BB2T, BB2U, BB2V, CB05,...",16104,Berline bicorps trois ou cinq portes,Essence,55,75,1149,2026-08-08 22:47:30,,,,,,4,,"{""vehicleId"": 16104, ""manufacturerName"": ""RENAULT"", ""modelName"": ""CLIO II (BB_, CB_)"", ""typeEngineName"": ""1.2 16V (BB05, BB0W, BB11, BB27, BB2T, BB2U, BB2V, CB05,..."", ""constructionIntervalStart"": ""2001-06-01"", ""constructionIntervalEnd"": ""2016-08-01"", ""powerKw"": ""55.0000"", ""powerPs"": ""75.0000"", ""capacityTax"": null, ""fuelType"": ""Essence"", ""bodyType"": ""Berline bicorps trois ou cinq portes"", ""numberOfCylinders"": 4, ""capacityLt"": ""1.2000"", ""capacityTech"": ""1149.0000"", ""engineCodes"": ""D4F 712"", ""engId"": 16186}",RAPID-2513193
06154837-83ec-4206-a3db-46f198cc9903,108845,RENAULT,"CLIO II (BB_, CB_)",2001,2016,"1.2 16V (BB05, BB0W, BB11, BB27, BB2T, BB2U, BB2V, CB05,...",16104,Berline bicorps trois ou cinq portes,Essence,55,75,1149,2026-08-08 22:47:30,,,,,,4,,"{""vehicleId"": 16104, ""manufacturerName"": ""RENAULT"", ""modelName"": ""CLIO II (BB_, CB_)"", ""typeEngineName"": ""1.2 16V (BB05, BB0W, BB11, BB27, BB2T, BB2U, BB2V, CB05,..."", ""constructionIntervalStart"": ""2001-06-01"", ""constructionIntervalEnd"": ""2016-08-01"", ""powerKw"": ""55.0000"", ""powerPs"": ""75.0000"", ""capacityTax"": null, ""fuelType"": ""Essence"", ""bodyType"": ""Berline bicorps trois ou cinq portes"", ""numberOfCylinders"": 4, ""capacityLt"": ""1.2000"", ""capacityTech"": ""1149.0000"", ""engineCodes"": ""D4F 712"", ""engId"": 16186}",RAPID-856403
06fb2234-3e28-41ff-8568-ada4a0ac0e4d,108197,RENAULT,"CLIO II (BB_, CB_)",2001,2016,"1.2 16V (BB05, BB0W, BB11, BB27, BB2T, BB2U, BB2V, CB05,...",16104,Berline bicorps trois ou cinq portes,Essence,55,75,1149,2026-08-08 22:47:30,,,,,,4,,"{""vehicleId"": 16104, ""manufacturerName"": ""RENAULT"", ""modelName"": ""CLIO II (BB_, CB_)"", ""typeEngineName"": ""1.2 16V (BB05, BB0W, BB11, BB27, BB2T, BB2U, BB2V, CB05,..."", ""constructionIntervalStart"": ""2001-06-01"", ""constructionIntervalEnd"": ""2016-08-01"", ""powerKw"": ""55.0000"", ""powerPs"": ""75.0000"", ""capacityTax"": null, ""fuelType"": ""Essence"", ""bodyType"": ""Berline bicorps trois ou cinq portes"", ""numberOfCylinders"": 4, ""capacityLt"": ""1.2000"", ""capacityTech"": ""1149.0000"", ""engineCodes"": ""D4F 712"", ""engId"": 16186}",RAPID-5788988
0735372a-c640-46c1-8483-c6f8b42d8fd2,108252,RENAULT,"CLIO II (BB_, CB_)",2001,2016,"1.2 16V (BB05, BB0W, BB11, BB27, BB2T, BB2U, BB2V, CB05,...",16104,Berline bicorps trois ou cinq portes,Essence,55,75,1149,2026-08-08 22:47:30,,,,,,4,,"{""vehicleId"": 16104, ""manufacturerName"": ""RENAULT"", ""modelName"": ""CLIO II (BB_, CB_)"", ""typeEngineName"": ""1.2 16V (BB05, BB0W, BB11, BB27, BB2T, BB2U, BB2V, CB05,..."", ""constructionIntervalStart"": ""2001-06-01"", ""constructionIntervalEnd"": ""2016-08-01"", ""powerKw"": ""55.0000"", ""powerPs"": ""75.0000"", ""capacityTax"": null, ""fuelType"": ""Essence"", ""bodyType"": ""Berline bicorps trois ou cinq portes"", ""numberOfCylinders"": 4, ""capacityLt"": ""1.2000"", ""capacityTech"": ""1149.0000"", ""engineCodes"": ""D4F 712"", ""engId"": 16186}",RAPID-2512521
077e851a-c1c4-42a2-85da-150819ef9fbe,108025,AUDI,80 B4 Saloon (8C2),1991,1994,1.9 TD,1392,Saloon,Diesel,,,,2026-08-06 14:24:09,,,,,,,,,RAPID-78719442
07bb8544-0646-4281-88e3-3acd6a1e7569,108379,RENAULT,"CLIO II (BB_, CB_)",2001,2016,"1.2 16V (BB05, BB0W, BB11, BB27, BB2T, BB2U, BB2V, CB05,...",16104,Berline bicorps trois ou cinq portes,Essence,55,75,1149,2026-08-08 22:47:30,,,,,,4,,"{""vehicleId"": 16104, ""manufacturerName"": ""RENAULT"", ""modelName"": ""CLIO II (BB_, CB_)"", ""typeEngineName"": ""1.2 16V (BB05, BB0W, BB11, BB27, BB2T, BB2U, BB2V, CB05,..."", ""constructionIntervalStart"": ""2001-06-01"", ""constructionIntervalEnd"": ""2016-08-01"", ""powerKw"": ""55.0000"", ""powerPs"": ""75.0000"", ""capacityTax"": null, ""fuelType"": ""Essence"", ""bodyType"": ""Berline bicorps trois ou cinq portes"", ""numberOfCylinders"": 4, ""capacityLt"": ""1.2000"", ""capacityTech"": ""1149.0000"", ""engineCodes"": ""D4F 712"", ""engId"": 16186}",RAPID-1506346
07d06b24-9c38-488b-aba7-83df062bd1ae,108707,RENAULT,"CLIO II (BB_, CB_)",2001,2016,"1.2 16V (BB05, BB0W, BB11, BB27, BB2T, BB2U, BB2V, CB05,...",16104,Berline bicorps trois ou cinq portes,Essence,55,75,1149,2026-08-08 22:47:30,,,,,,4,,"{""vehicleId"": 16104, ""manufacturerName"": ""RENAULT"", ""modelName"": ""CLIO II (BB_, CB_)"", ""typeEngineName"": ""1.2 16V (BB05, BB0W, BB11, BB27, BB2T, BB2U, BB2V, CB05,..."", ""constructionIntervalStart"": ""2001-06-01"", ""constructionIntervalEnd"": ""2016-08-01"", ""powerKw"": ""55.0000"", ""powerPs"": ""75.0000"", ""capacityTax"": null, ""fuelType"": ""Essence"", ""bodyType"": ""Berline bicorps trois ou cinq portes"", ""numberOfCylinders"": 4, ""capacityLt"": ""1.2000"", ""capacityTech"": ""1149.0000"", ""engineCodes"": ""D4F 712"", ""engId"": 16186}",RAPID-3205782
07f096a4-cdb6-42ed-b50c-a223f510f9cf,108498,RENAULT,"CLIO II (BB_, CB_)",2001,2016,"1.2 16V (BB05, BB0W, BB11, BB27, BB2T, BB2U, BB2V, CB05,...",16104,Berline bicorps trois ou cinq portes,Essence,55,75,1149,2026-08-08 22:47:30,,,,,,4,,"{""vehicleId"": 16104, ""manufacturerName"": ""RENAULT"", ""modelName"": ""CLIO II (BB_, CB_)"", ""typeEngineName"": ""1.2 16V (BB05, BB0W, BB11, BB27, BB2T, BB2U, BB2V, CB05,..."", ""constructionIntervalStart"": ""2001-06-01"", ""constructionIntervalEnd"": ""2016-08-01"", ""powerKw"": ""55.0000"", ""powerPs"": ""75.0000"", ""capacityTax"": null, ""fuelType"": ""Essence"", ""bodyType"": ""Berline bicorps trois ou cinq portes"", ""numberOfCylinders"": 4, ""capacityLt"": ""1.2000"", ""capacityTech"": ""1149.0000"", ""engineCodes"": ""D4F 712"", ""engId"": 16186}",RAPID-2372624
07f76a61-7a28-4439-9210-1b07ba784b68,108132,RENAULT,"CLIO II (BB_, CB_)",2001,2016,"1.2 16V (BB05, BB0W, BB11, BB27, BB2T, BB2U, BB2V, CB05,...",16104,Berline bicorps trois ou cinq portes,Essence,55,75,1149,2026-08-08 22:47:30,,,,,,4,,"{""vehicleId"": 16104, ""manufacturerName"": ""RENAULT"", ""modelName"": ""CLIO II (BB_, CB_)"", ""typeEngineName"": ""1.2 16V (BB05, BB0W, BB11, BB27, BB2T, BB2U, BB2V, CB05,..."", ""constructionIntervalStart"": ""2001-06-01"", ""constructionIntervalEnd"": ""2016-08-01"", ""powerKw"": ""55.0000"", ""powerPs"": ""75.0000"", ""capacityTax"": null, ""fuelType"": ""Essence"", ""bodyType"": ""Berline bicorps trois ou cinq portes"", ""numberOfCylinders"": 4, ""capacityLt"": ""1.2000"", ""capacityTech"": ""1149.0000"", ""engineCodes"": ""D4F 712"", ""engId"": 16186}",RAPID-5872826
083043a7-2bc7-4514-8d63-396722f36f85,108399,RENAULT,"CLIO II (BB_, CB_)",2001,2016,"1.2 16V (BB05, BB0W, BB11, BB27, BB2T, BB2U, BB2V, CB05,...",16104,Berline bicorps trois ou cinq portes,Essence,55,75,1149,2026-08-08 22:47:30,,,,,,4,,"{""vehicleId"": 16104, ""manufacturerName"": ""RENAULT"", ""modelName"": ""CLIO II (BB_, CB_)"", ""typeEngineName"": ""1.2 16V (BB05, BB0W, BB11, BB27, BB2T, BB2U, BB2V, CB05,..."", ""constructionIntervalStart"": ""2001-06-01"", ""constructionIntervalEnd"": ""2016-08-01"", ""powerKw"": ""55.0000"", ""powerPs"": ""75.0000"", ""capacityTax"": null, ""fuelType"": ""Essence"", ""bodyType"": ""Berline bicorps trois ou cinq portes"", ""numberOfCylinders"": 4, ""capacityLt"": ""1.2000"", ""capacityTech"": ""1149.0000"", ""engineCodes"": ""D4F 712"", ""engId"": 16186}",RAPID-9686217
083d5f75-7daa-4f06-9d31-5852a2d04d08,108418,RENAULT,"CLIO II (BB_, CB_)",2001,2016,"1.2 16V (BB05, BB0W, BB11, BB27, BB2T, BB2U, BB2V, CB05,...",16104,Berline bicorps trois ou cinq portes,Essence,55,75,1149,2026-08-08 22:47:30,,,,,,4,,"{""vehicleId"": 16104, ""manufacturerName"": ""RENAULT"", ""modelName"": ""CLIO II (BB_, CB_)"", ""typeEngineName"": ""1.2 16V (BB05, BB0W, BB11, BB27, BB2T, BB2U, BB2V, CB05,..."", ""constructionIntervalStart"": ""2001-06-01"", ""constructionIntervalEnd"": ""2016-08-01"", ""powerKw"": ""55.0000"", ""powerPs"": ""75.0000"", ""capacityTax"": null, ""fuelType"": ""Essence"", ""bodyType"": ""Berline bicorps trois ou cinq portes"", ""numberOfCylinders"": 4, ""capacityLt"": ""1.2000"", ""capacityTech"": ""1149.0000"", ""engineCodes"": ""D4F 712"", ""engId"": 16186}",RAPID-168656
0871a810-b4ee-4a97-82ab-ad20571ce715,108701,RENAULT,"CLIO II (BB_, CB_)",2001,2016,"1.2 16V (BB05, BB0W, BB11, BB27, BB2T, BB2U, BB2V, CB05,...",16104,Berline bicorps trois ou cinq portes,Essence,55,75,1149,2026-08-08 22:47:30,,,,,,4,,"{""vehicleId"": 16104, ""manufacturerName"": ""RENAULT"", ""modelName"": ""CLIO II (BB_, CB_)"", ""typeEngineName"": ""1.2 16V (BB05, BB0W, BB11, BB27, BB2T, BB2U, BB2V, CB05,..."", ""constructionIntervalStart"": ""2001-06-01"", ""constructionIntervalEnd"": ""2016-08-01"", ""powerKw"": ""55.0000"", ""powerPs"": ""75.0000"", ""capacityTax"": null, ""fuelType"": ""Essence"", ""bodyType"": ""Berline bicorps trois ou cinq portes"", ""numberOfCylinders"": 4, ""capacityLt"": ""1.2000"", ""capacityTech"": ""1149.0000"", ""engineCodes"": ""D4F 712"", ""engId"": 16186}",RAPID-9686350
0875060a-4af9-4e22-b749-596596effcb8,108530,RENAULT,"CLIO II (BB_, CB_)",2001,2016,"1.2 16V (BB05, BB0W, BB11, BB27, BB2T, BB2U, BB2V, CB05,...",16104,Berline bicorps trois ou cinq portes,Essence,55,75,1149,2026-08-08 22:47:30,,,,,,4,,"{""vehicleId"": 16104, ""manufacturerName"": ""RENAULT"", ""modelName"": ""CLIO II (BB_, CB_)"", ""typeEngineName"": ""1.2 16V (BB05, BB0W, BB11, BB27, BB2T, BB2U, BB2V, CB05,..."", ""constructionIntervalStart"": ""2001-06-01"", ""constructionIntervalEnd"": ""2016-08-01"", ""powerKw"": ""55.0000"", ""powerPs"": ""75.0000"", ""capacityTax"": null, ""fuelType"": ""Essence"", ""bodyType"": ""Berline bicorps trois ou cinq portes"", ""numberOfCylinders"": 4, ""capacityLt"": ""1.2000"", ""capacityTech"": ""1149.0000"", ""engineCodes"": ""D4F 712"", ""engId"": 16186}",RAPID-2717430
0893a621-2449-4a03-b45f-403b7eb83c8f,108835,RENAULT,"CLIO II (BB_, CB_)",2001,2016,"1.2 16V (BB05, BB0W, BB11, BB27, BB2T, BB2U, BB2V, CB05,...",16104,Berline bicorps trois ou cinq portes,Essence,55,75,1149,2026-08-08 22:47:30,,,,,,4,,"{""vehicleId"": 16104, ""manufacturerName"": ""RENAULT"", ""modelName"": ""CLIO II (BB_, CB_)"", ""typeEngineName"": ""1.2 16V (BB05, BB0W, BB11, BB27, BB2T, BB2U, BB2V, CB05,..."", ""constructionIntervalStart"": ""2001-06-01"", ""constructionIntervalEnd"": ""2016-08-01"", ""powerKw"": ""55.0000"", ""powerPs"": ""75.0000"", ""capacityTax"": null, ""fuelType"": ""Essence"", ""bodyType"": ""Berline bicorps trois ou cinq portes"", ""numberOfCylinders"": 4, ""capacityLt"": ""1.2000"", ""capacityTech"": ""1149.0000"", ""engineCodes"": ""D4F 712"", ""engId"": 16186}",RAPID-1127398
08f706e6-50f1-4ef3-af97-52fddf5b6aa4,108019,AUDI,80 B4 Saloon (8C2),1991,1994,1.9 TD,1392,Saloon,Diesel,,,,2026-08-06 14:24:09,,,,,,,,,RAPID-82037042
08f99a2e-16a5-446f-b241-ae36470ad2b4,108293,RENAULT,"CLIO II (BB_, CB_)",2001,2016,"1.2 16V (BB05, BB0W, BB11, BB27, BB2T, BB2U, BB2V, CB05,...",16104,Berline bicorps trois ou cinq portes,Essence,55,75,1149,2026-08-08 22:47:30,,,,,,4,,"{""vehicleId"": 16104, ""manufacturerName"": ""RENAULT"", ""modelName"": ""CLIO II (BB_, CB_)"", ""typeEngineName"": ""1.2 16V (BB05, BB0W, BB11, BB27, BB2T, BB2U, BB2V, CB05,..."", ""constructionIntervalStart"": ""2001-06-01"", ""constructionIntervalEnd"": ""2016-08-01"", ""powerKw"": ""55.0000"", ""powerPs"": ""75.0000"", ""capacityTax"": null, ""fuelType"": ""Essence"", ""bodyType"": ""Berline bicorps trois ou cinq portes"", ""numberOfCylinders"": 4, ""capacityLt"": ""1.2000"", ""capacityTech"": ""1149.0000"", ""engineCodes"": ""D4F 712"", ""engId"": 16186}",RAPID-4612462
09ce1e6e-44b8-43c2-9795-cec0ef5eb064,108769,RENAULT,"CLIO II (BB_, CB_)",2001,2016,"1.2 16V (BB05, BB0W, BB11, BB27, BB2T, BB2U, BB2V, CB05,...",16104,Berline bicorps trois ou cinq portes,Essence,55,75,1149,2026-08-08 22:47:30,,,,,,4,,"{""vehicleId"": 16104, ""manufacturerName"": ""RENAULT"", ""modelName"": ""CLIO II (BB_, CB_)"", ""typeEngineName"": ""1.2 16V (BB05, BB0W, BB11, BB27, BB2T, BB2U, BB2V, CB05,..."", ""constructionIntervalStart"": ""2001-06-01"", ""constructionIntervalEnd"": ""2016-08-01"", ""powerKw"": ""55.0000"", ""powerPs"": ""75.0000"", ""capacityTax"": null, ""fuelType"": ""Essence"", ""bodyType"": ""Berline bicorps trois ou cinq portes"", ""numberOfCylinders"": 4, ""capacityLt"": ""1.2000"", ""capacityTech"": ""1149.0000"", ""engineCodes"": ""D4F 712"", ""engId"": 16186}",RAPID-2478046
09d83f9b-6cc5-474d-9f48-df4d25114d24,108259,RENAULT,"CLIO II (BB_, CB_)",2001,2016,"1.2 16V (BB05, BB0W, BB11, BB27, BB2T, BB2U, BB2V, CB05,...",16104,Berline bicorps trois ou cinq portes,Essence,55,75,1149,2026-08-08 22:47:30,,,,,,4,,"{""vehicleId"": 16104, ""manufacturerName"": ""RENAULT"", ""modelName"": ""CLIO II (BB_, CB_)"", ""typeEngineName"": ""1.2 16V (BB05, BB0W, BB11, BB27, BB2T, BB2U, BB2V, CB05,..."", ""constructionIntervalStart"": ""2001-06-01"", ""constructionIntervalEnd"": ""2016-08-01"", ""powerKw"": ""55.0000"", ""powerPs"": ""75.0000"", ""capacityTax"": null, ""fuelType"": ""Essence"", ""bodyType"": ""Berline bicorps trois ou cinq portes"", ""numberOfCylinders"": 4, ""capacityLt"": ""1.2000"", ""capacityTech"": ""1149.0000"", ""engineCodes"": ""D4F 712"", ""engId"": 16186}",RAPID-2512832
09edc882-be01-4e34-83dc-e36333f10b1c,108515,RENAULT,"CLIO II (BB_, CB_)",2001,2016,"1.2 16V (BB05, BB0W, BB11, BB27, BB2T, BB2U, BB2V, CB05,...",16104,Berline bicorps trois ou cinq portes,Essence,55,75,1149,2026-08-08 22:47:30,,,,,,4,,"{""vehicleId"": 16104, ""manufacturerName"": ""RENAULT"", ""modelName"": ""CLIO II (BB_, CB_)"", ""typeEngineName"": ""1.2 16V (BB05, BB0W, BB11, BB27, BB2T, BB2U, BB2V, CB05,..."", ""constructionIntervalStart"": ""2001-06-01"", ""constructionIntervalEnd"": ""2016-08-01"", ""powerKw"": ""55.0000"", ""powerPs"": ""75.0000"", ""capacityTax"": null, ""fuelType"": ""Essence"", ""bodyType"": ""Berline bicorps trois ou cinq portes"", ""numberOfCylinders"": 4, ""capacityLt"": ""1.2000"", ""capacityTech"": ""1149.0000"", ""engineCodes"": ""D4F 712"", ""engId"": 16186}",RAPID-7817441
0a3d0779-c0e1-4703-a812-5eb1fdee3e50,108467,RENAULT,"CLIO II (BB_, CB_)",2001,2016,"1.2 16V (BB05, BB0W, BB11, BB27, BB2T, BB2U, BB2V, CB05,...",16104,Berline bicorps trois ou cinq portes,Essence,55,75,1149,2026-08-08 22:47:30,,,,,,4,,"{""vehicleId"": 16104, ""manufacturerName"": ""RENAULT"", ""modelName"": ""CLIO II (BB_, CB_)"", ""typeEngineName"": ""1.2 16V (BB05, BB0W, BB11, BB27, BB2T, BB2U, BB2V, CB05,..."", ""constructionIntervalStart"": ""2001-06-01"", ""constructionIntervalEnd"": ""2016-08-01"", ""powerKw"": ""55.0000"", ""powerPs"": ""75.0000"", ""capacityTax"": null, ""fuelType"": ""Essence"", ""bodyType"": ""Berline bicorps trois ou cinq portes"", ""numberOfCylinders"": 4, ""capacityLt"": ""1.2000"", ""capacityTech"": ""1149.0000"", ""engineCodes"": ""D4F 712"", ""engId"": 16186}",RAPID-84203801
0a517c6c-ca98-4b81-b805-7596faa03a30,108191,RENAULT,"CLIO II (BB_, CB_)",2001,2016,"1.2 16V (BB05, BB0W, BB11, BB27, BB2T, BB2U, BB2V, CB05,...",16104,Berline bicorps trois ou cinq portes,Essence,55,75,1149,2026-08-08 22:47:30,,,,,,4,,"{""vehicleId"": 16104, ""manufacturerName"": ""RENAULT"", ""modelName"": ""CLIO II (BB_, CB_)"", ""typeEngineName"": ""1.2 16V (BB05, BB0W, BB11, BB27, BB2T, BB2U, BB2V, CB05,..."", ""constructionIntervalStart"": ""2001-06-01"", ""constructionIntervalEnd"": ""2016-08-01"", ""powerKw"": ""55.0000"", ""powerPs"": ""75.0000"", ""capacityTax"": null, ""fuelType"": ""Essence"", ""bodyType"": ""Berline bicorps trois ou cinq portes"", ""numberOfCylinders"": 4, ""capacityLt"": ""1.2000"", ""capacityTech"": ""1149.0000"", ""engineCodes"": ""D4F 712"", ""engId"": 16186}",RAPID-5789162
0a5b0ae7-39dd-4d8e-a78a-319a1303dd29,108348,RENAULT,"CLIO II (BB_, CB_)",2001,2016,"1.2 16V (BB05, BB0W, BB11, BB27, BB2T, BB2U, BB2V, CB05,...",16104,Berline bicorps trois ou cinq portes,Essence,55,75,1149,2026-08-08 22:47:30,,,,,,4,,"{""vehicleId"": 16104, ""manufacturerName"": ""RENAULT"", ""modelName"": ""CLIO II (BB_, CB_)"", ""typeEngineName"": ""1.2 16V (BB05, BB0W, BB11, BB27, BB2T, BB2U, BB2V, CB05,..."", ""constructionIntervalStart"": ""2001-06-01"", ""constructionIntervalEnd"": ""2016-08-01"", ""powerKw"": ""55.0000"", ""powerPs"": ""75.0000"", ""capacityTax"": null, ""fuelType"": ""Essence"", ""bodyType"": ""Berline bicorps trois ou cinq portes"", ""numberOfCylinders"": 4, ""capacityLt"": ""1.2000"", ""capacityTech"": ""1149.0000"", ""engineCodes"": ""D4F 712"", ""engId"": 16186}",RAPID-6677581
0a8ab1b1-0dfa-4db2-a99a-6a623893fab5,108154,RENAULT,"CLIO II (BB_, CB_)",2001,2016,"1.2 16V (BB05, BB0W, BB11, BB27, BB2T, BB2U, BB2V, CB05,...",16104,Berline bicorps trois ou cinq portes,Essence,55,75,1149,2026-08-08 22:47:30,,,,,,4,,"{""vehicleId"": 16104, ""manufacturerName"": ""RENAULT"", ""modelName"": ""CLIO II (BB_, CB_)"", ""typeEngineName"": ""1.2 16V (BB05, BB0W, BB11, BB27, BB2T, BB2U, BB2V, CB05,..."", ""constructionIntervalStart"": ""2001-06-01"", ""constructionIntervalEnd"": ""2016-08-01"", ""powerKw"": ""55.0000"", ""powerPs"": ""75.0000"", ""capacityTax"": null, ""fuelType"": ""Essence"", ""bodyType"": ""Berline bicorps trois ou cinq portes"", ""numberOfCylinders"": 4, ""capacityLt"": ""1.2000"", ""capacityTech"": ""1149.0000"", ""engineCodes"": ""D4F 712"", ""engId"": 16186}",RAPID-58298776
0ad5c8d8-26be-4dc3-8632-adbbd5b059d5,108393,RENAULT,"CLIO II (BB_, CB_)",2001,2016,"1.2 16V (BB05, BB0W, BB11, BB27, BB2T, BB2U, BB2V, CB05,...",16104,Berline bicorps trois ou cinq portes,Essence,55,75,1149,2026-08-08 22:47:30,,,,,,4,,"{""vehicleId"": 16104, ""manufacturerName"": ""RENAULT"", ""modelName"": ""CLIO II (BB_, CB_)"", ""typeEngineName"": ""1.2 16V (BB05, BB0W, BB11, BB27, BB2T, BB2U, BB2V, CB05,..."", ""constructionIntervalStart"": ""2001-06-01"", ""constructionIntervalEnd"": ""2016-08-01"", ""powerKw"": ""55.0000"", ""powerPs"": ""75.0000"", ""capacityTax"": null, ""fuelType"": ""Essence"", ""bodyType"": ""Berline bicorps trois ou cinq portes"", ""numberOfCylinders"": 4, ""capacityLt"": ""1.2000"", ""capacityTech"": ""1149.0000"", ""engineCodes"": ""D4F 712"", ""engId"": 16186}",RAPID-13049770
0b3da1bf-7c21-4f0e-ba11-12b5a612097e,108617,RENAULT,"CLIO II (BB_, CB_)",2001,2016,"1.2 16V (BB05, BB0W, BB11, BB27, BB2T, BB2U, BB2V, CB05,...",16104,Berline bicorps trois ou cinq portes,Essence,55,75,1149,2026-08-08 22:47:30,,,,,,4,,"{""vehicleId"": 16104, ""manufacturerName"": ""RENAULT"", ""modelName"": ""CLIO II (BB_, CB_)"", ""typeEngineName"": ""1.2 16V (BB05, BB0W, BB11, BB27, BB2T, BB2U, BB2V, CB05,..."", ""constructionIntervalStart"": ""2001-06-01"", ""constructionIntervalEnd"": ""2016-08-01"", ""powerKw"": ""55.0000"", ""powerPs"": ""75.0000"", ""capacityTax"": null, ""fuelType"": ""Essence"", ""bodyType"": ""Berline bicorps trois ou cinq portes"", ""numberOfCylinders"": 4, ""capacityLt"": ""1.2000"", ""capacityTech"": ""1149.0000"", ""engineCodes"": ""D4F 712"", ""engId"": 16186}",RAPID-336980
0b6e1b28-84c9-4c9a-9577-2fbac0831ec4,108688,RENAULT,"CLIO II (BB_, CB_)",2001,2016,"1.2 16V (BB05, BB0W, BB11, BB27, BB2T, BB2U, BB2V, CB05,...",16104,Berline bicorps trois ou cinq portes,Essence,55,75,1149,2026-08-08 22:47:30,,,,,,4,,"{""vehicleId"": 16104, ""manufacturerName"": ""RENAULT"", ""modelName"": ""CLIO II (BB_, CB_)"", ""typeEngineName"": ""1.2 16V (BB05, BB0W, BB11, BB27, BB2T, BB2U, BB2V, CB05,..."", ""constructionIntervalStart"": ""2001-06-01"", ""constructionIntervalEnd"": ""2016-08-01"", ""powerKw"": ""55.0000"", ""powerPs"": ""75.0000"", ""capacityTax"": null, ""fuelType"": ""Essence"", ""bodyType"": ""Berline bicorps trois ou cinq portes"", ""numberOfCylinders"": 4, ""capacityLt"": ""1.2000"", ""capacityTech"": ""1149.0000"", ""engineCodes"": ""D4F 712"", ""engId"": 16186}",RAPID-6871166
0c162ad0-099b-4363-b8f6-40e36b38fc84,108704,RENAULT,"CLIO II (BB_, CB_)",2001,2016,"1.2 16V (BB05, BB0W, BB11, BB27, BB2T, BB2U, BB2V, CB05,...",16104,Berline bicorps trois ou cinq portes,Essence,55,75,1149,2026-08-08 22:47:30,,,,,,4,,"{""vehicleId"": 16104, ""manufacturerName"": ""RENAULT"", ""modelName"": ""CLIO II (BB_, CB_)"", ""typeEngineName"": ""1.2 16V (BB05, BB0W, BB11, BB27, BB2T, BB2U, BB2V, CB05,..."", ""constructionIntervalStart"": ""2001-06-01"", ""constructionIntervalEnd"": ""2016-08-01"", ""powerKw"": ""55.0000"", ""powerPs"": ""75.0000"", ""capacityTax"": null, ""fuelType"": ""Essence"", ""bodyType"": ""Berline bicorps trois ou cinq portes"", ""numberOfCylinders"": 4, ""capacityLt"": ""1.2000"", ""capacityTech"": ""1149.0000"", ""engineCodes"": ""D4F 712"", ""engId"": 16186}",RAPID-9688997
0c3d6397-f58b-4f28-bcbf-8a823453fb33,108637,RENAULT,"CLIO II (BB_, CB_)",2001,2016,"1.2 16V (BB05, BB0W, BB11, BB27, BB2T, BB2U, BB2V, CB05,...",16104,Berline bicorps trois ou cinq portes,Essence,55,75,1149,2026-08-08 22:47:30,,,,,,4,,"{""vehicleId"": 16104, ""manufacturerName"": ""RENAULT"", ""modelName"": ""CLIO II (BB_, CB_)"", ""typeEngineName"": ""1.2 16V (BB05, BB0W, BB11, BB27, BB2T, BB2U, BB2V, CB05,..."", ""constructionIntervalStart"": ""2001-06-01"", ""constructionIntervalEnd"": ""2016-08-01"", ""powerKw"": ""55.0000"", ""powerPs"": ""75.0000"", ""capacityTax"": null, ""fuelType"": ""Essence"", ""bodyType"": ""Berline bicorps trois ou cinq portes"", ""numberOfCylinders"": 4, ""capacityLt"": ""1.2000"", ""capacityTech"": ""1149.0000"", ""engineCodes"": ""D4F 712"", ""engId"": 16186}",RAPID-6467380
0c650625-f988-4574-9b73-ba8f890c36e9,108251,RENAULT,"CLIO II (BB_, CB_)",2001,2016,"1.2 16V (BB05, BB0W, BB11, BB27, BB2T, BB2U, BB2V, CB05,...",16104,Berline bicorps trois ou cinq portes,Essence,55,75,1149,2026-08-08 22:47:30,,,,,,4,,"{""vehicleId"": 16104, ""manufacturerName"": ""RENAULT"", ""modelName"": ""CLIO II (BB_, CB_)"", ""typeEngineName"": ""1.2 16V (BB05, BB0W, BB11, BB27, BB2T, BB2U, BB2V, CB05,..."", ""constructionIntervalStart"": ""2001-06-01"", ""constructionIntervalEnd"": ""2016-08-01"", ""powerKw"": ""55.0000"", ""powerPs"": ""75.0000"", ""capacityTax"": null, ""fuelType"": ""Essence"", ""bodyType"": ""Berline bicorps trois ou cinq portes"", ""numberOfCylinders"": 4, ""capacityLt"": ""1.2000"", ""capacityTech"": ""1149.0000"", ""engineCodes"": ""D4F 712"", ""engId"": 16186}",RAPID-2512556
0c6c6a0e-0ddf-4c15-b5f9-3203bf5251c5,108224,RENAULT,"CLIO II (BB_, CB_)",2001,2016,"1.2 16V (BB05, BB0W, BB11, BB27, BB2T, BB2U, BB2V, CB05,...",16104,Berline bicorps trois ou cinq portes,Essence,55,75,1149,2026-08-08 22:47:30,,,,,,4,,"{""vehicleId"": 16104, ""manufacturerName"": ""RENAULT"", ""modelName"": ""CLIO II (BB_, CB_)"", ""typeEngineName"": ""1.2 16V (BB05, BB0W, BB11, BB27, BB2T, BB2U, BB2V, CB05,..."", ""constructionIntervalStart"": ""2001-06-01"", ""constructionIntervalEnd"": ""2016-08-01"", ""powerKw"": ""55.0000"", ""powerPs"": ""75.0000"", ""capacityTax"": null, ""fuelType"": ""Essence"", ""bodyType"": ""Berline bicorps trois ou cinq portes"", ""numberOfCylinders"": 4, ""capacityLt"": ""1.2000"", ""capacityTech"": ""1149.0000"", ""engineCodes"": ""D4F 712"", ""engId"": 16186}",RAPID-56626262
0ca3bfdc-386b-4b9c-bacf-9728d37865a9,108777,RENAULT,"CLIO II (BB_, CB_)",2001,2016,"1.2 16V (BB05, BB0W, BB11, BB27, BB2T, BB2U, BB2V, CB05,...",16104,Berline bicorps trois ou cinq portes,Essence,55,75,1149,2026-08-08 22:47:30,,,,,,4,,"{""vehicleId"": 16104, ""manufacturerName"": ""RENAULT"", ""modelName"": ""CLIO II (BB_, CB_)"", ""typeEngineName"": ""1.2 16V (BB05, BB0W, BB11, BB27, BB2T, BB2U, BB2V, CB05,..."", ""constructionIntervalStart"": ""2001-06-01"", ""constructionIntervalEnd"": ""2016-08-01"", ""powerKw"": ""55.0000"", ""powerPs"": ""75.0000"", ""capacityTax"": null, ""fuelType"": ""Essence"", ""bodyType"": ""Berline bicorps trois ou cinq portes"", ""numberOfCylinders"": 4, ""capacityLt"": ""1.2000"", ""capacityTech"": ""1149.0000"", ""engineCodes"": ""D4F 712"", ""engId"": 16186}",RAPID-2478097
0daf6eb6-bfde-41a9-b22c-93c8093c474e,108168,RENAULT,"CLIO II (BB_, CB_)",2001,2016,"1.2 16V (BB05, BB0W, BB11, BB27, BB2T, BB2U, BB2V, CB05,...",16104,Berline bicorps trois ou cinq portes,Essence,55,75,1149,2026-08-08 22:47:30,,,,,,4,,"{""vehicleId"": 16104, ""manufacturerName"": ""RENAULT"", ""modelName"": ""CLIO II (BB_, CB_)"", ""typeEngineName"": ""1.2 16V (BB05, BB0W, BB11, BB27, BB2T, BB2U, BB2V, CB05,..."", ""constructionIntervalStart"": ""2001-06-01"", ""constructionIntervalEnd"": ""2016-08-01"", ""powerKw"": ""55.0000"", ""powerPs"": ""75.0000"", ""capacityTax"": null, ""fuelType"": ""Essence"", ""bodyType"": ""Berline bicorps trois ou cinq portes"", ""numberOfCylinders"": 4, ""capacityLt"": ""1.2000"", ""capacityTech"": ""1149.0000"", ""engineCodes"": ""D4F 712"", ""engId"": 16186}",RAPID-57692425
0e5c0bdd-adfa-4ac3-ad42-b99681baae8c,108805,RENAULT,"CLIO II (BB_, CB_)",2001,2016,"1.2 16V (BB05, BB0W, BB11, BB27, BB2T, BB2U, BB2V, CB05,...",16104,Berline bicorps trois ou cinq portes,Essence,55,75,1149,2026-08-08 22:47:30,,,,,,4,,"{""vehicleId"": 16104, ""manufacturerName"": ""RENAULT"", ""modelName"": ""CLIO II (BB_, CB_)"", ""typeEngineName"": ""1.2 16V (BB05, BB0W, BB11, BB27, BB2T, BB2U, BB2V, CB05,..."", ""constructionIntervalStart"": ""2001-06-01"", ""constructionIntervalEnd"": ""2016-08-01"", ""powerKw"": ""55.0000"", ""powerPs"": ""75.0000"", ""capacityTax"": null, ""fuelType"": ""Essence"", ""bodyType"": ""Berline bicorps trois ou cinq portes"", ""numberOfCylinders"": 4, ""capacityLt"": ""1.2000"", ""capacityTech"": ""1149.0000"", ""engineCodes"": ""D4F 712"", ""engId"": 16186}",RAPID-9110016
0f28bdc0-31e1-4ba7-9fe9-2e2e6810184e,108673,RENAULT,"CLIO II (BB_, CB_)",2001,2016,"1.2 16V (BB05, BB0W, BB11, BB27, BB2T, BB2U, BB2V, CB05,...",16104,Berline bicorps trois ou cinq portes,Essence,55,75,1149,2026-08-08 22:47:30,,,,,,4,,"{""vehicleId"": 16104, ""manufacturerName"": ""RENAULT"", ""modelName"": ""CLIO II (BB_, CB_)"", ""typeEngineName"": ""1.2 16V (BB05, BB0W, BB11, BB27, BB2T, BB2U, BB2V, CB05,..."", ""constructionIntervalStart"": ""2001-06-01"", ""constructionIntervalEnd"": ""2016-08-01"", ""powerKw"": ""55.0000"", ""powerPs"": ""75.0000"", ""capacityTax"": null, ""fuelType"": ""Essence"", ""bodyType"": ""Berline bicorps trois ou cinq portes"", ""numberOfCylinders"": 4, ""capacityLt"": ""1.2000"", ""capacityTech"": ""1149.0000"", ""engineCodes"": ""D4F 712"", ""engId"": 16186}",RAPID-24095466
0f6c10bb-56d5-4458-b2ba-6763e05a59dd,108819,RENAULT,"CLIO II (BB_, CB_)",2001,2016,"1.2 16V (BB05, BB0W, BB11, BB27, BB2T, BB2U, BB2V, CB05,...",16104,Berline bicorps trois ou cinq portes,Essence,55,75,1149,2026-08-08 22:47:30,,,,,,4,,"{""vehicleId"": 16104, ""manufacturerName"": ""RENAULT"", ""modelName"": ""CLIO II (BB_, CB_)"", ""typeEngineName"": ""1.2 16V (BB05, BB0W, BB11, BB27, BB2T, BB2U, BB2V, CB05,..."", ""constructionIntervalStart"": ""2001-06-01"", ""constructionIntervalEnd"": ""2016-08-01"", ""powerKw"": ""55.0000"", ""powerPs"": ""75.0000"", ""capacityTax"": null, ""fuelType"": ""Essence"", ""bodyType"": ""Berline bicorps trois ou cinq portes"", ""numberOfCylinders"": 4, ""capacityLt"": ""1.2000"", ""capacityTech"": ""1149.0000"", ""engineCodes"": ""D4F 712"", ""engId"": 16186}",RAPID-9110209
0faa2848-e642-440c-89b8-ce537668493c,108152,RENAULT,"CLIO II (BB_, CB_)",2001,2016,"1.2 16V (BB05, BB0W, BB11, BB27, BB2T, BB2U, BB2V, CB05,...",16104,Berline bicorps trois ou cinq portes,Essence,55,75,1149,2026-08-08 22:47:30,,,,,,4,,"{""vehicleId"": 16104, ""manufacturerName"": ""RENAULT"", ""modelName"": ""CLIO II (BB_, CB_)"", ""typeEngineName"": ""1.2 16V (BB05, BB0W, BB11, BB27, BB2T, BB2U, BB2V, CB05,..."", ""constructionIntervalStart"": ""2001-06-01"", ""constructionIntervalEnd"": ""2016-08-01"", ""powerKw"": ""55.0000"", ""powerPs"": ""75.0000"", ""capacityTax"": null, ""fuelType"": ""Essence"", ""bodyType"": ""Berline bicorps trois ou cinq portes"", ""numberOfCylinders"": 4, ""capacityLt"": ""1.2000"", ""capacityTech"": ""1149.0000"", ""engineCodes"": ""D4F 712"", ""engId"": 16186}",RAPID-9463832
0fcfc00c-d593-4e96-8680-bd8e81ff6757,108340,RENAULT,"CLIO II (BB_, CB_)",2001,2016,"1.2 16V (BB05, BB0W, BB11, BB27, BB2T, BB2U, BB2V, CB05,...",16104,Berline bicorps trois ou cinq portes,Essence,55,75,1149,2026-08-08 22:47:30,,,,,,4,,"{""vehicleId"": 16104, ""manufacturerName"": ""RENAULT"", ""modelName"": ""CLIO II (BB_, CB_)"", ""typeEngineName"": ""1.2 16V (BB05, BB0W, BB11, BB27, BB2T, BB2U, BB2V, CB05,..."", ""constructionIntervalStart"": ""2001-06-01"", ""constructionIntervalEnd"": ""2016-08-01"", ""powerKw"": ""55.0000"", ""powerPs"": ""75.0000"", ""capacityTax"": null, ""fuelType"": ""Essence"", ""bodyType"": ""Berline bicorps trois ou cinq portes"", ""numberOfCylinders"": 4, ""capacityLt"": ""1.2000"", ""capacityTech"": ""1149.0000"", ""engineCodes"": ""D4F 712"", ""engId"": 16186}",RAPID-6604012
0feb43db-04d2-4181-8008-e24ac1e66a3f,108397,RENAULT,"CLIO II (BB_, CB_)",2001,2016,"1.2 16V (BB05, BB0W, BB11, BB27, BB2T, BB2U, BB2V, CB05,...",16104,Berline bicorps trois ou cinq portes,Essence,55,75,1149,2026-08-08 22:47:30,,,,,,4,,"{""vehicleId"": 16104, ""manufacturerName"": ""RENAULT"", ""modelName"": ""CLIO II (BB_, CB_)"", ""typeEngineName"": ""1.2 16V (BB05, BB0W, BB11, BB27, BB2T, BB2U, BB2V, CB05,..."", ""constructionIntervalStart"": ""2001-06-01"", ""constructionIntervalEnd"": ""2016-08-01"", ""powerKw"": ""55.0000"", ""powerPs"": ""75.0000"", ""capacityTax"": null, ""fuelType"": ""Essence"", ""bodyType"": ""Berline bicorps trois ou cinq portes"", ""numberOfCylinders"": 4, ""capacityLt"": ""1.2000"", ""capacityTech"": ""1149.0000"", ""engineCodes"": ""D4F 712"", ""engId"": 16186}",RAPID-21264884
0fee082b-5924-41dd-a096-ed14fbad89e8,108011,AUDI,80 B4 Saloon (8C2),1991,1994,1.9 TD,1392,Saloon,Diesel,,,,2026-08-06 14:24:09,,,,,,,,,RAPID-2085632
1015fda2-3d8d-4e87-b392-fc96276383c3,108430,RENAULT,"CLIO II (BB_, CB_)",2001,2016,"1.2 16V (BB05, BB0W, BB11, BB27, BB2T, BB2U, BB2V, CB05,...",16104,Berline bicorps trois ou cinq portes,Essence,55,75,1149,2026-08-08 22:47:30,,,,,,4,,"{""vehicleId"": 16104, ""manufacturerName"": ""RENAULT"", ""modelName"": ""CLIO II (BB_, CB_)"", ""typeEngineName"": ""1.2 16V (BB05, BB0W, BB11, BB27, BB2T, BB2U, BB2V, CB05,..."", ""constructionIntervalStart"": ""2001-06-01"", ""constructionIntervalEnd"": ""2016-08-01"", ""powerKw"": ""55.0000"", ""powerPs"": ""75.0000"", ""capacityTax"": null, ""fuelType"": ""Essence"", ""bodyType"": ""Berline bicorps trois ou cinq portes"", ""numberOfCylinders"": 4, ""capacityLt"": ""1.2000"", ""capacityTech"": ""1149.0000"", ""engineCodes"": ""D4F 712"", ""engId"": 16186}",RAPID-5414543
10219ee6-a86e-4e3b-9780-71c28070b9c2,108242,RENAULT,"CLIO II (BB_, CB_)",2001,2016,"1.2 16V (BB05, BB0W, BB11, BB27, BB2T, BB2U, BB2V, CB05,...",16104,Berline bicorps trois ou cinq portes,Essence,55,75,1149,2026-08-08 22:47:30,,,,,,4,,"{""vehicleId"": 16104, ""manufacturerName"": ""RENAULT"", ""modelName"": ""CLIO II (BB_, CB_)"", ""typeEngineName"": ""1.2 16V (BB05, BB0W, BB11, BB27, BB2T, BB2U, BB2V, CB05,..."", ""constructionIntervalStart"": ""2001-06-01"", ""constructionIntervalEnd"": ""2016-08-01"", ""powerKw"": ""55.0000"", ""powerPs"": ""75.0000"", ""capacityTax"": null, ""fuelType"": ""Essence"", ""bodyType"": ""Berline bicorps trois ou cinq portes"", ""numberOfCylinders"": 4, ""capacityLt"": ""1.2000"", ""capacityTech"": ""1149.0000"", ""engineCodes"": ""D4F 712"", ""engId"": 16186}",RAPID-6142332
110fe8b0-42e5-4981-8a67-9a7b514b538b,108735,RENAULT,"CLIO II (BB_, CB_)",2001,2016,"1.2 16V (BB05, BB0W, BB11, BB27, BB2T, BB2U, BB2V, CB05,...",16104,Berline bicorps trois ou cinq portes,Essence,55,75,1149,2026-08-08 22:47:30,,,,,,4,,"{""vehicleId"": 16104, ""manufacturerName"": ""RENAULT"", ""modelName"": ""CLIO II (BB_, CB_)"", ""typeEngineName"": ""1.2 16V (BB05, BB0W, BB11, BB27, BB2T, BB2U, BB2V, CB05,..."", ""constructionIntervalStart"": ""2001-06-01"", ""constructionIntervalEnd"": ""2016-08-01"", ""powerKw"": ""55.0000"", ""powerPs"": ""75.0000"", ""capacityTax"": null, ""fuelType"": ""Essence"", ""bodyType"": ""Berline bicorps trois ou cinq portes"", ""numberOfCylinders"": 4, ""capacityLt"": ""1.2000"", ""capacityTech"": ""1149.0000"", ""engineCodes"": ""D4F 712"", ""engId"": 16186}",RAPID-29717510
1118b010-0332-459e-b740-195a15fb10c2,108087,RENAULT,"CLIO II (BB_, CB_)",2001,2016,"1.2 16V (BB05, BB0W, BB11, BB27, BB2T, BB2U, BB2V, CB05,...",16104,Berline bicorps trois ou cinq portes,Essence,55,75,1149,2026-08-08 22:47:30,,,,,,4,,"{""vehicleId"": 16104, ""manufacturerName"": ""RENAULT"", ""modelName"": ""CLIO II (BB_, CB_)"", ""typeEngineName"": ""1.2 16V (BB05, BB0W, BB11, BB27, BB2T, BB2U, BB2V, CB05,..."", ""constructionIntervalStart"": ""2001-06-01"", ""constructionIntervalEnd"": ""2016-08-01"", ""powerKw"": ""55.0000"", ""powerPs"": ""75.0000"", ""capacityTax"": null, ""fuelType"": ""Essence"", ""bodyType"": ""Berline bicorps trois ou cinq portes"", ""numberOfCylinders"": 4, ""capacityLt"": ""1.2000"", ""capacityTech"": ""1149.0000"", ""engineCodes"": ""D4F 712"", ""engId"": 16186}",RAPID-5065880
1141b3a2-b04b-47d2-a109-5b574399c925,108362,RENAULT,"CLIO II (BB_, CB_)",2001,2016,"1.2 16V (BB05, BB0W, BB11, BB27, BB2T, BB2U, BB2V, CB05,...",16104,Berline bicorps trois ou cinq portes,Essence,55,75,1149,2026-08-08 22:47:30,,,,,,4,,"{""vehicleId"": 16104, ""manufacturerName"": ""RENAULT"", ""modelName"": ""CLIO II (BB_, CB_)"", ""typeEngineName"": ""1.2 16V (BB05, BB0W, BB11, BB27, BB2T, BB2U, BB2V, CB05,..."", ""constructionIntervalStart"": ""2001-06-01"", ""constructionIntervalEnd"": ""2016-08-01"", ""powerKw"": ""55.0000"", ""powerPs"": ""75.0000"", ""capacityTax"": null, ""fuelType"": ""Essence"", ""bodyType"": ""Berline bicorps trois ou cinq portes"", ""numberOfCylinders"": 4, ""capacityLt"": ""1.2000"", ""capacityTech"": ""1149.0000"", ""engineCodes"": ""D4F 712"", ""engId"": 16186}",RAPID-3728925
11486b39-1f0c-4826-a705-8c4817041c29,108175,RENAULT,"CLIO II (BB_, CB_)",2001,2016,"1.2 16V (BB05, BB0W, BB11, BB27, BB2T, BB2U, BB2V, CB05,...",16104,Berline bicorps trois ou cinq portes,Essence,55,75,1149,2026-08-08 22:47:30,,,,,,4,,"{""vehicleId"": 16104, ""manufacturerName"": ""RENAULT"", ""modelName"": ""CLIO II (BB_, CB_)"", ""typeEngineName"": ""1.2 16V (BB05, BB0W, BB11, BB27, BB2T, BB2U, BB2V, CB05,..."", ""constructionIntervalStart"": ""2001-06-01"", ""constructionIntervalEnd"": ""2016-08-01"", ""powerKw"": ""55.0000"", ""powerPs"": ""75.0000"", ""capacityTax"": null, ""fuelType"": ""Essence"", ""bodyType"": ""Berline bicorps trois ou cinq portes"", ""numberOfCylinders"": 4, ""capacityLt"": ""1.2000"", ""capacityTech"": ""1149.0000"", ""engineCodes"": ""D4F 712"", ""engId"": 16186}",RAPID-8956853
118ad5db-bff2-439d-b16d-1351a803f5e5,108443,RENAULT,"CLIO II (BB_, CB_)",2001,2016,"1.2 16V (BB05, BB0W, BB11, BB27, BB2T, BB2U, BB2V, CB05,...",16104,Berline bicorps trois ou cinq portes,Essence,55,75,1149,2026-08-08 22:47:30,,,,,,4,,"{""vehicleId"": 16104, ""manufacturerName"": ""RENAULT"", ""modelName"": ""CLIO II (BB_, CB_)"", ""typeEngineName"": ""1.2 16V (BB05, BB0W, BB11, BB27, BB2T, BB2U, BB2V, CB05,..."", ""constructionIntervalStart"": ""2001-06-01"", ""constructionIntervalEnd"": ""2016-08-01"", ""powerKw"": ""55.0000"", ""powerPs"": ""75.0000"", ""capacityTax"": null, ""fuelType"": ""Essence"", ""bodyType"": ""Berline bicorps trois ou cinq portes"", ""numberOfCylinders"": 4, ""capacityLt"": ""1.2000"", ""capacityTech"": ""1149.0000"", ""engineCodes"": ""D4F 712"", ""engId"": 16186}",RAPID-5414411
11a6eb81-2844-4df9-a350-0cef2fd9c0d2,108117,RENAULT,"CLIO II (BB_, CB_)",2001,2016,"1.2 16V (BB05, BB0W, BB11, BB27, BB2T, BB2U, BB2V, CB05,...",16104,Berline bicorps trois ou cinq portes,Essence,55,75,1149,2026-08-08 22:47:30,,,,,,4,,"{""vehicleId"": 16104, ""manufacturerName"": ""RENAULT"", ""modelName"": ""CLIO II (BB_, CB_)"", ""typeEngineName"": ""1.2 16V (BB05, BB0W, BB11, BB27, BB2T, BB2U, BB2V, CB05,..."", ""constructionIntervalStart"": ""2001-06-01"", ""constructionIntervalEnd"": ""2016-08-01"", ""powerKw"": ""55.0000"", ""powerPs"": ""75.0000"", ""capacityTax"": null, ""fuelType"": ""Essence"", ""bodyType"": ""Berline bicorps trois ou cinq portes"", ""numberOfCylinders"": 4, ""capacityLt"": ""1.2000"", ""capacityTech"": ""1149.0000"", ""engineCodes"": ""D4F 712"", ""engId"": 16186}",RAPID-2275733
11dfb825-1e40-4d79-bc67-2c4abf2be032,108360,RENAULT,"CLIO II (BB_, CB_)",2001,2016,"1.2 16V (BB05, BB0W, BB11, BB27, BB2T, BB2U, BB2V, CB05,...",16104,Berline bicorps trois ou cinq portes,Essence,55,75,1149,2026-08-08 22:47:30,,,,,,4,,"{""vehicleId"": 16104, ""manufacturerName"": ""RENAULT"", ""modelName"": ""CLIO II (BB_, CB_)"", ""typeEngineName"": ""1.2 16V (BB05, BB0W, BB11, BB27, BB2T, BB2U, BB2V, CB05,..."", ""constructionIntervalStart"": ""2001-06-01"", ""constructionIntervalEnd"": ""2016-08-01"", ""powerKw"": ""55.0000"", ""powerPs"": ""75.0000"", ""capacityTax"": null, ""fuelType"": ""Essence"", ""bodyType"": ""Berline bicorps trois ou cinq portes"", ""numberOfCylinders"": 4, ""capacityLt"": ""1.2000"", ""capacityTech"": ""1149.0000"", ""engineCodes"": ""D4F 712"", ""engId"": 16186}",RAPID-3706431
1232243f-123a-4383-90c8-70ff74d7427b,108773,RENAULT,"CLIO II (BB_, CB_)",2001,2016,"1.2 16V (BB05, BB0W, BB11, BB27, BB2T, BB2U, BB2V, CB05,...",16104,Berline bicorps trois ou cinq portes,Essence,55,75,1149,2026-08-08 22:47:30,,,,,,4,,"{""vehicleId"": 16104, ""manufacturerName"": ""RENAULT"", ""modelName"": ""CLIO II (BB_, CB_)"", ""typeEngineName"": ""1.2 16V (BB05, BB0W, BB11, BB27, BB2T, BB2U, BB2V, CB05,..."", ""constructionIntervalStart"": ""2001-06-01"", ""constructionIntervalEnd"": ""2016-08-01"", ""powerKw"": ""55.0000"", ""powerPs"": ""75.0000"", ""capacityTax"": null, ""fuelType"": ""Essence"", ""bodyType"": ""Berline bicorps trois ou cinq portes"", ""numberOfCylinders"": 4, ""capacityLt"": ""1.2000"", ""capacityTech"": ""1149.0000"", ""engineCodes"": ""D4F 712"", ""engId"": 16186}",RAPID-2478021
12f84da9-6c31-4b73-997c-676abc0c21df,108303,RENAULT,"CLIO II (BB_, CB_)",2001,2016,"1.2 16V (BB05, BB0W, BB11, BB27, BB2T, BB2U, BB2V, CB05,...",16104,Berline bicorps trois ou cinq portes,Essence,55,75,1149,2026-08-08 22:47:30,,,,,,4,,"{""vehicleId"": 16104, ""manufacturerName"": ""RENAULT"", ""modelName"": ""CLIO II (BB_, CB_)"", ""typeEngineName"": ""1.2 16V (BB05, BB0W, BB11, BB27, BB2T, BB2U, BB2V, CB05,..."", ""constructionIntervalStart"": ""2001-06-01"", ""constructionIntervalEnd"": ""2016-08-01"", ""powerKw"": ""55.0000"", ""powerPs"": ""75.0000"", ""capacityTax"": null, ""fuelType"": ""Essence"", ""bodyType"": ""Berline bicorps trois ou cinq portes"", ""numberOfCylinders"": 4, ""capacityLt"": ""1.2000"", ""capacityTech"": ""1149.0000"", ""engineCodes"": ""D4F 712"", ""engId"": 16186}",RAPID-4612508
133ddc3e-eb7c-4b0d-8648-1ff3ae025e21,108105,RENAULT,"CLIO II (BB_, CB_)",2001,2016,"1.2 16V (BB05, BB0W, BB11, BB27, BB2T, BB2U, BB2V, CB05,...",16104,Berline bicorps trois ou cinq portes,Essence,55,75,1149,2026-08-08 22:47:30,,,,,,4,,"{""vehicleId"": 16104, ""manufacturerName"": ""RENAULT"", ""modelName"": ""CLIO II (BB_, CB_)"", ""typeEngineName"": ""1.2 16V (BB05, BB0W, BB11, BB27, BB2T, BB2U, BB2V, CB05,..."", ""constructionIntervalStart"": ""2001-06-01"", ""constructionIntervalEnd"": ""2016-08-01"", ""powerKw"": ""55.0000"", ""powerPs"": ""75.0000"", ""capacityTax"": null, ""fuelType"": ""Essence"", ""bodyType"": ""Berline bicorps trois ou cinq portes"", ""numberOfCylinders"": 4, ""capacityLt"": ""1.2000"", ""capacityTech"": ""1149.0000"", ""engineCodes"": ""D4F 712"", ""engId"": 16186}",RAPID-1220296
135afa13-faa4-42b8-9090-45962039c283,108529,RENAULT,"CLIO II (BB_, CB_)",2001,2016,"1.2 16V (BB05, BB0W, BB11, BB27, BB2T, BB2U, BB2V, CB05,...",16104,Berline bicorps trois ou cinq portes,Essence,55,75,1149,2026-08-08 22:47:30,,,,,,4,,"{""vehicleId"": 16104, ""manufacturerName"": ""RENAULT"", ""modelName"": ""CLIO II (BB_, CB_)"", ""typeEngineName"": ""1.2 16V (BB05, BB0W, BB11, BB27, BB2T, BB2U, BB2V, CB05,..."", ""constructionIntervalStart"": ""2001-06-01"", ""constructionIntervalEnd"": ""2016-08-01"", ""powerKw"": ""55.0000"", ""powerPs"": ""75.0000"", ""capacityTax"": null, ""fuelType"": ""Essence"", ""bodyType"": ""Berline bicorps trois ou cinq portes"", ""numberOfCylinders"": 4, ""capacityLt"": ""1.2000"", ""capacityTech"": ""1149.0000"", ""engineCodes"": ""D4F 712"", ""engId"": 16186}",RAPID-2717406
142a5264-eb9b-4ca7-94e5-85a021ebb7aa,108811,RENAULT,"CLIO II (BB_, CB_)",2001,2016,"1.2 16V (BB05, BB0W, BB11, BB27, BB2T, BB2U, BB2V, CB05,...",16104,Berline bicorps trois ou cinq portes,Essence,55,75,1149,2026-08-08 22:47:30,,,,,,4,,"{""vehicleId"": 16104, ""manufacturerName"": ""RENAULT"", ""modelName"": ""CLIO II (BB_, CB_)"", ""typeEngineName"": ""1.2 16V (BB05, BB0W, BB11, BB27, BB2T, BB2U, BB2V, CB05,..."", ""constructionIntervalStart"": ""2001-06-01"", ""constructionIntervalEnd"": ""2016-08-01"", ""powerKw"": ""55.0000"", ""powerPs"": ""75.0000"", ""capacityTax"": null, ""fuelType"": ""Essence"", ""bodyType"": ""Berline bicorps trois ou cinq portes"", ""numberOfCylinders"": 4, ""capacityLt"": ""1.2000"", ""capacityTech"": ""1149.0000"", ""engineCodes"": ""D4F 712"", ""engId"": 16186}",RAPID-9110126
145b7223-ae91-4c1a-8837-1ae1a16ce7b2,108292,RENAULT,"CLIO II (BB_, CB_)",2001,2016,"1.2 16V (BB05, BB0W, BB11, BB27, BB2T, BB2U, BB2V, CB05,...",16104,Berline bicorps trois ou cinq portes,Essence,55,75,1149,2026-08-08 22:47:30,,,,,,4,,"{""vehicleId"": 16104, ""manufacturerName"": ""RENAULT"", ""modelName"": ""CLIO II (BB_, CB_)"", ""typeEngineName"": ""1.2 16V (BB05, BB0W, BB11, BB27, BB2T, BB2U, BB2V, CB05,..."", ""constructionIntervalStart"": ""2001-06-01"", ""constructionIntervalEnd"": ""2016-08-01"", ""powerKw"": ""55.0000"", ""powerPs"": ""75.0000"", ""capacityTax"": null, ""fuelType"": ""Essence"", ""bodyType"": ""Berline bicorps trois ou cinq portes"", ""numberOfCylinders"": 4, ""capacityLt"": ""1.2000"", ""capacityTech"": ""1149.0000"", ""engineCodes"": ""D4F 712"", ""engId"": 16186}",RAPID-4612405
147cf49c-5b36-4a82-aec8-221ab08ed153,108125,RENAULT,"CLIO II (BB_, CB_)",2001,2016,"1.2 16V (BB05, BB0W, BB11, BB27, BB2T, BB2U, BB2V, CB05,...",16104,Berline bicorps trois ou cinq portes,Essence,55,75,1149,2026-08-08 22:47:30,,,,,,4,,"{""vehicleId"": 16104, ""manufacturerName"": ""RENAULT"", ""modelName"": ""CLIO II (BB_, CB_)"", ""typeEngineName"": ""1.2 16V (BB05, BB0W, BB11, BB27, BB2T, BB2U, BB2V, CB05,..."", ""constructionIntervalStart"": ""2001-06-01"", ""constructionIntervalEnd"": ""2016-08-01"", ""powerKw"": ""55.0000"", ""powerPs"": ""75.0000"", ""capacityTax"": null, ""fuelType"": ""Essence"", ""bodyType"": ""Berline bicorps trois ou cinq portes"", ""numberOfCylinders"": 4, ""capacityLt"": ""1.2000"", ""capacityTech"": ""1149.0000"", ""engineCodes"": ""D4F 712"", ""engId"": 16186}",RAPID-6847990
14cb2d2f-9318-4667-a2d5-f54ebdc9dc2b,108801,RENAULT,"CLIO II (BB_, CB_)",2001,2016,"1.2 16V (BB05, BB0W, BB11, BB27, BB2T, BB2U, BB2V, CB05,...",16104,Berline bicorps trois ou cinq portes,Essence,55,75,1149,2026-08-08 22:47:30,,,,,,4,,"{""vehicleId"": 16104, ""manufacturerName"": ""RENAULT"", ""modelName"": ""CLIO II (BB_, CB_)"", ""typeEngineName"": ""1.2 16V (BB05, BB0W, BB11, BB27, BB2T, BB2U, BB2V, CB05,..."", ""constructionIntervalStart"": ""2001-06-01"", ""constructionIntervalEnd"": ""2016-08-01"", ""powerKw"": ""55.0000"", ""powerPs"": ""75.0000"", ""capacityTax"": null, ""fuelType"": ""Essence"", ""bodyType"": ""Berline bicorps trois ou cinq portes"", ""numberOfCylinders"": 4, ""capacityLt"": ""1.2000"", ""capacityTech"": ""1149.0000"", ""engineCodes"": ""D4F 712"", ""engId"": 16186}",RAPID-91462161
14f18111-4eba-4d65-8be0-32c79c559d23,108438,RENAULT,"CLIO II (BB_, CB_)",2001,2016,"1.2 16V (BB05, BB0W, BB11, BB27, BB2T, BB2U, BB2V, CB05,...",16104,Berline bicorps trois ou cinq portes,Essence,55,75,1149,2026-08-08 22:47:30,,,,,,4,,"{""vehicleId"": 16104, ""manufacturerName"": ""RENAULT"", ""modelName"": ""CLIO II (BB_, CB_)"", ""typeEngineName"": ""1.2 16V (BB05, BB0W, BB11, BB27, BB2T, BB2U, BB2V, CB05,..."", ""constructionIntervalStart"": ""2001-06-01"", ""constructionIntervalEnd"": ""2016-08-01"", ""powerKw"": ""55.0000"", ""powerPs"": ""75.0000"", ""capacityTax"": null, ""fuelType"": ""Essence"", ""bodyType"": ""Berline bicorps trois ou cinq portes"", ""numberOfCylinders"": 4, ""capacityLt"": ""1.2000"", ""capacityTech"": ""1149.0000"", ""engineCodes"": ""D4F 712"", ""engId"": 16186}",RAPID-5414597
14fd587c-3139-4a90-bb8f-333416f89a5e,108045,AUDI,80 B4 Saloon (8C2),1991,1994,1.9 TD,1392,Saloon,Diesel,,,,2026-08-06 14:24:09,,,,,,,,,RAPID-2972227
1532f43d-f3e5-4556-b0ed-9831bb252266,108610,RENAULT,"CLIO II (BB_, CB_)",2001,2016,"1.2 16V (BB05, BB0W, BB11, BB27, BB2T, BB2U, BB2V, CB05,...",16104,Berline bicorps trois ou cinq portes,Essence,55,75,1149,2026-08-08 22:47:30,,,,,,4,,"{""vehicleId"": 16104, ""manufacturerName"": ""RENAULT"", ""modelName"": ""CLIO II (BB_, CB_)"", ""typeEngineName"": ""1.2 16V (BB05, BB0W, BB11, BB27, BB2T, BB2U, BB2V, CB05,..."", ""constructionIntervalStart"": ""2001-06-01"", ""constructionIntervalEnd"": ""2016-08-01"", ""powerKw"": ""55.0000"", ""powerPs"": ""75.0000"", ""capacityTax"": null, ""fuelType"": ""Essence"", ""bodyType"": ""Berline bicorps trois ou cinq portes"", ""numberOfCylinders"": 4, ""capacityLt"": ""1.2000"", ""capacityTech"": ""1149.0000"", ""engineCodes"": ""D4F 712"", ""engId"": 16186}",RAPID-8144152
15442ae6-d054-4379-8e14-fdf3b9de3d83,108633,RENAULT,"CLIO II (BB_, CB_)",2001,2016,"1.2 16V (BB05, BB0W, BB11, BB27, BB2T, BB2U, BB2V, CB05,...",16104,Berline bicorps trois ou cinq portes,Essence,55,75,1149,2026-08-08 22:47:30,,,,,,4,,"{""vehicleId"": 16104, ""manufacturerName"": ""RENAULT"", ""modelName"": ""CLIO II (BB_, CB_)"", ""typeEngineName"": ""1.2 16V (BB05, BB0W, BB11, BB27, BB2T, BB2U, BB2V, CB05,..."", ""constructionIntervalStart"": ""2001-06-01"", ""constructionIntervalEnd"": ""2016-08-01"", ""powerKw"": ""55.0000"", ""powerPs"": ""75.0000"", ""capacityTax"": null, ""fuelType"": ""Essence"", ""bodyType"": ""Berline bicorps trois ou cinq portes"", ""numberOfCylinders"": 4, ""capacityLt"": ""1.2000"", ""capacityTech"": ""1149.0000"", ""engineCodes"": ""D4F 712"", ""engId"": 16186}",RAPID-19338321
15a92d9b-5643-4370-a3bf-7adfa2f334d3,108432,RENAULT,"CLIO II (BB_, CB_)",2001,2016,"1.2 16V (BB05, BB0W, BB11, BB27, BB2T, BB2U, BB2V, CB05,...",16104,Berline bicorps trois ou cinq portes,Essence,55,75,1149,2026-08-08 22:47:30,,,,,,4,,"{""vehicleId"": 16104, ""manufacturerName"": ""RENAULT"", ""modelName"": ""CLIO II (BB_, CB_)"", ""typeEngineName"": ""1.2 16V (BB05, BB0W, BB11, BB27, BB2T, BB2U, BB2V, CB05,..."", ""constructionIntervalStart"": ""2001-06-01"", ""constructionIntervalEnd"": ""2016-08-01"", ""powerKw"": ""55.0000"", ""powerPs"": ""75.0000"", ""capacityTax"": null, ""fuelType"": ""Essence"", ""bodyType"": ""Berline bicorps trois ou cinq portes"", ""numberOfCylinders"": 4, ""capacityLt"": ""1.2000"", ""capacityTech"": ""1149.0000"", ""engineCodes"": ""D4F 712"", ""engId"": 16186}",RAPID-5414520
15dba571-d996-4d77-9a23-59a24ff56fc8,108550,RENAULT,"CLIO II (BB_, CB_)",2001,2016,"1.2 16V (BB05, BB0W, BB11, BB27, BB2T, BB2U, BB2V, CB05,...",16104,Berline bicorps trois ou cinq portes,Essence,55,75,1149,2026-08-08 22:47:30,,,,,,4,,"{""vehicleId"": 16104, ""manufacturerName"": ""RENAULT"", ""modelName"": ""CLIO II (BB_, CB_)"", ""typeEngineName"": ""1.2 16V (BB05, BB0W, BB11, BB27, BB2T, BB2U, BB2V, CB05,..."", ""constructionIntervalStart"": ""2001-06-01"", ""constructionIntervalEnd"": ""2016-08-01"", ""powerKw"": ""55.0000"", ""powerPs"": ""75.0000"", ""capacityTax"": null, ""fuelType"": ""Essence"", ""bodyType"": ""Berline bicorps trois ou cinq portes"", ""numberOfCylinders"": 4, ""capacityLt"": ""1.2000"", ""capacityTech"": ""1149.0000"", ""engineCodes"": ""D4F 712"", ""engId"": 16186}",RAPID-7961337
1648e614-6d8d-4b4f-b4df-f418c415f1b6,108336,RENAULT,"CLIO II (BB_, CB_)",2001,2016,"1.2 16V (BB05, BB0W, BB11, BB27, BB2T, BB2U, BB2V, CB05,...",16104,Berline bicorps trois ou cinq portes,Essence,55,75,1149,2026-08-08 22:47:30,,,,,,4,,"{""vehicleId"": 16104, ""manufacturerName"": ""RENAULT"", ""modelName"": ""CLIO II (BB_, CB_)"", ""typeEngineName"": ""1.2 16V (BB05, BB0W, BB11, BB27, BB2T, BB2U, BB2V, CB05,..."", ""constructionIntervalStart"": ""2001-06-01"", ""constructionIntervalEnd"": ""2016-08-01"", ""powerKw"": ""55.0000"", ""powerPs"": ""75.0000"", ""capacityTax"": null, ""fuelType"": ""Essence"", ""bodyType"": ""Berline bicorps trois ou cinq portes"", ""numberOfCylinders"": 4, ""capacityLt"": ""1.2000"", ""capacityTech"": ""1149.0000"", ""engineCodes"": ""D4F 712"", ""engId"": 16186}",RAPID-9642232
166171a9-d323-4686-b484-17177579b5d9,108146,RENAULT,"CLIO II (BB_, CB_)",2001,2016,"1.2 16V (BB05, BB0W, BB11, BB27, BB2T, BB2U, BB2V, CB05,...",16104,Berline bicorps trois ou cinq portes,Essence,55,75,1149,2026-08-08 22:47:30,,,,,,4,,"{""vehicleId"": 16104, ""manufacturerName"": ""RENAULT"", ""modelName"": ""CLIO II (BB_, CB_)"", ""typeEngineName"": ""1.2 16V (BB05, BB0W, BB11, BB27, BB2T, BB2U, BB2V, CB05,..."", ""constructionIntervalStart"": ""2001-06-01"", ""constructionIntervalEnd"": ""2016-08-01"", ""powerKw"": ""55.0000"", ""powerPs"": ""75.0000"", ""capacityTax"": null, ""fuelType"": ""Essence"", ""bodyType"": ""Berline bicorps trois ou cinq portes"", ""numberOfCylinders"": 4, ""capacityLt"": ""1.2000"", ""capacityTech"": ""1149.0000"", ""engineCodes"": ""D4F 712"", ""engId"": 16186}",RAPID-2864194
16956a10-3185-4650-bc2f-e7ae50dd8784,108169,RENAULT,"CLIO II (BB_, CB_)",2001,2016,"1.2 16V (BB05, BB0W, BB11, BB27, BB2T, BB2U, BB2V, CB05,...",16104,Berline bicorps trois ou cinq portes,Essence,55,75,1149,2026-08-08 22:47:30,,,,,,4,,"{""vehicleId"": 16104, ""manufacturerName"": ""RENAULT"", ""modelName"": ""CLIO II (BB_, CB_)"", ""typeEngineName"": ""1.2 16V (BB05, BB0W, BB11, BB27, BB2T, BB2U, BB2V, CB05,..."", ""constructionIntervalStart"": ""2001-06-01"", ""constructionIntervalEnd"": ""2016-08-01"", ""powerKw"": ""55.0000"", ""powerPs"": ""75.0000"", ""capacityTax"": null, ""fuelType"": ""Essence"", ""bodyType"": ""Berline bicorps trois ou cinq portes"", ""numberOfCylinders"": 4, ""capacityLt"": ""1.2000"", ""capacityTech"": ""1149.0000"", ""engineCodes"": ""D4F 712"", ""engId"": 16186}",RAPID-17349560
1697b2f0-c21e-4f43-a061-f8eed753c1cf,108775,RENAULT,"CLIO II (BB_, CB_)",2001,2016,"1.2 16V (BB05, BB0W, BB11, BB27, BB2T, BB2U, BB2V, CB05,...",16104,Berline bicorps trois ou cinq portes,Essence,55,75,1149,2026-08-08 22:47:30,,,,,,4,,"{""vehicleId"": 16104, ""manufacturerName"": ""RENAULT"", ""modelName"": ""CLIO II (BB_, CB_)"", ""typeEngineName"": ""1.2 16V (BB05, BB0W, BB11, BB27, BB2T, BB2U, BB2V, CB05,..."", ""constructionIntervalStart"": ""2001-06-01"", ""constructionIntervalEnd"": ""2016-08-01"", ""powerKw"": ""55.0000"", ""powerPs"": ""75.0000"", ""capacityTax"": null, ""fuelType"": ""Essence"", ""bodyType"": ""Berline bicorps trois ou cinq portes"", ""numberOfCylinders"": 4, ""capacityLt"": ""1.2000"", ""capacityTech"": ""1149.0000"", ""engineCodes"": ""D4F 712"", ""engId"": 16186}",RAPID-2478092
169e7a35-7ee5-4a98-930b-e40577e2f30f,108772,RENAULT,"CLIO II (BB_, CB_)",2001,2016,"1.2 16V (BB05, BB0W, BB11, BB27, BB2T, BB2U, BB2V, CB05,...",16104,Berline bicorps trois ou cinq portes,Essence,55,75,1149,2026-08-08 22:47:30,,,,,,4,,"{""vehicleId"": 16104, ""manufacturerName"": ""RENAULT"", ""modelName"": ""CLIO II (BB_, CB_)"", ""typeEngineName"": ""1.2 16V (BB05, BB0W, BB11, BB27, BB2T, BB2U, BB2V, CB05,..."", ""constructionIntervalStart"": ""2001-06-01"", ""constructionIntervalEnd"": ""2016-08-01"", ""powerKw"": ""55.0000"", ""powerPs"": ""75.0000"", ""capacityTax"": null, ""fuelType"": ""Essence"", ""bodyType"": ""Berline bicorps trois ou cinq portes"", ""numberOfCylinders"": 4, ""capacityLt"": ""1.2000"", ""capacityTech"": ""1149.0000"", ""engineCodes"": ""D4F 712"", ""engId"": 16186}",RAPID-2478060
1708c652-e71e-4f7f-81e7-2d834df19782,108081,RENAULT,"CLIO II (BB_, CB_)",2001,2016,"1.2 16V (BB05, BB0W, BB11, BB27, BB2T, BB2U, BB2V, CB05,...",16104,Berline bicorps trois ou cinq portes,Essence,55,75,1149,2026-08-08 22:47:30,,,,,,4,,"{""vehicleId"": 16104, ""manufacturerName"": ""RENAULT"", ""modelName"": ""CLIO II (BB_, CB_)"", ""typeEngineName"": ""1.2 16V (BB05, BB0W, BB11, BB27, BB2T, BB2U, BB2V, CB05,..."", ""constructionIntervalStart"": ""2001-06-01"", ""constructionIntervalEnd"": ""2016-08-01"", ""powerKw"": ""55.0000"", ""powerPs"": ""75.0000"", ""capacityTax"": null, ""fuelType"": ""Essence"", ""bodyType"": ""Berline bicorps trois ou cinq portes"", ""numberOfCylinders"": 4, ""capacityLt"": ""1.2000"", ""capacityTech"": ""1149.0000"", ""engineCodes"": ""D4F 712"", ""engId"": 16186}",RAPID-13841753
170a7fed-a4dd-4123-be1e-f1ee43f34b86,108632,RENAULT,"CLIO II (BB_, CB_)",2001,2016,"1.2 16V (BB05, BB0W, BB11, BB27, BB2T, BB2U, BB2V, CB05,...",16104,Berline bicorps trois ou cinq portes,Essence,55,75,1149,2026-08-08 22:47:30,,,,,,4,,"{""vehicleId"": 16104, ""manufacturerName"": ""RENAULT"", ""modelName"": ""CLIO II (BB_, CB_)"", ""typeEngineName"": ""1.2 16V (BB05, BB0W, BB11, BB27, BB2T, BB2U, BB2V, CB05,..."", ""constructionIntervalStart"": ""2001-06-01"", ""constructionIntervalEnd"": ""2016-08-01"", ""powerKw"": ""55.0000"", ""powerPs"": ""75.0000"", ""capacityTax"": null, ""fuelType"": ""Essence"", ""bodyType"": ""Berline bicorps trois ou cinq portes"", ""numberOfCylinders"": 4, ""capacityLt"": ""1.2000"", ""capacityTech"": ""1149.0000"", ""engineCodes"": ""D4F 712"", ""engId"": 16186}",RAPID-8158894
17227b49-291a-4955-83ad-39735b93aabe,108671,RENAULT,"CLIO II (BB_, CB_)",2001,2016,"1.2 16V (BB05, BB0W, BB11, BB27, BB2T, BB2U, BB2V, CB05,...",16104,Berline bicorps trois ou cinq portes,Essence,55,75,1149,2026-08-08 22:47:30,,,,,,4,,"{""vehicleId"": 16104, ""manufacturerName"": ""RENAULT"", ""modelName"": ""CLIO II (BB_, CB_)"", ""typeEngineName"": ""1.2 16V (BB05, BB0W, BB11, BB27, BB2T, BB2U, BB2V, CB05,..."", ""constructionIntervalStart"": ""2001-06-01"", ""constructionIntervalEnd"": ""2016-08-01"", ""powerKw"": ""55.0000"", ""powerPs"": ""75.0000"", ""capacityTax"": null, ""fuelType"": ""Essence"", ""bodyType"": ""Berline bicorps trois ou cinq portes"", ""numberOfCylinders"": 4, ""capacityLt"": ""1.2000"", ""capacityTech"": ""1149.0000"", ""engineCodes"": ""D4F 712"", ""engId"": 16186}",RAPID-27349634
17264237-0aac-4098-a416-6605c4396059,108471,RENAULT,"CLIO II (BB_, CB_)",2001,2016,"1.2 16V (BB05, BB0W, BB11, BB27, BB2T, BB2U, BB2V, CB05,...",16104,Berline bicorps trois ou cinq portes,Essence,55,75,1149,2026-08-08 22:47:30,,,,,,4,,"{""vehicleId"": 16104, ""manufacturerName"": ""RENAULT"", ""modelName"": ""CLIO II (BB_, CB_)"", ""typeEngineName"": ""1.2 16V (BB05, BB0W, BB11, BB27, BB2T, BB2U, BB2V, CB05,..."", ""constructionIntervalStart"": ""2001-06-01"", ""constructionIntervalEnd"": ""2016-08-01"", ""powerKw"": ""55.0000"", ""powerPs"": ""75.0000"", ""capacityTax"": null, ""fuelType"": ""Essence"", ""bodyType"": ""Berline bicorps trois ou cinq portes"", ""numberOfCylinders"": 4, ""capacityLt"": ""1.2000"", ""capacityTech"": ""1149.0000"", ""engineCodes"": ""D4F 712"", ""engId"": 16186}",RAPID-9192182
1726c2ec-98ea-45a4-8c83-9dd912c26437,108827,RENAULT,"CLIO II (BB_, CB_)",2001,2016,"1.2 16V (BB05, BB0W, BB11, BB27, BB2T, BB2U, BB2V, CB05,...",16104,Berline bicorps trois ou cinq portes,Essence,55,75,1149,2026-08-08 22:47:30,,,,,,4,,"{""vehicleId"": 16104, ""manufacturerName"": ""RENAULT"", ""modelName"": ""CLIO II (BB_, CB_)"", ""typeEngineName"": ""1.2 16V (BB05, BB0W, BB11, BB27, BB2T, BB2U, BB2V, CB05,..."", ""constructionIntervalStart"": ""2001-06-01"", ""constructionIntervalEnd"": ""2016-08-01"", ""powerKw"": ""55.0000"", ""powerPs"": ""75.0000"", ""capacityTax"": null, ""fuelType"": ""Essence"", ""bodyType"": ""Berline bicorps trois ou cinq portes"", ""numberOfCylinders"": 4, ""capacityLt"": ""1.2000"", ""capacityTech"": ""1149.0000"", ""engineCodes"": ""D4F 712"", ""engId"": 16186}",RAPID-9210667
17a64f9b-080a-469d-8d55-d185948254d1,108031,AUDI,80 B4 Saloon (8C2),1991,1994,1.9 TD,1392,Saloon,Diesel,,,,2026-08-06 14:24:09,,,,,,,,,RAPID-82595565
181ac1c2-1f0d-4cf1-a9f5-05f547f376a1,108653,RENAULT,"CLIO II (BB_, CB_)",2001,2016,"1.2 16V (BB05, BB0W, BB11, BB27, BB2T, BB2U, BB2V, CB05,...",16104,Berline bicorps trois ou cinq portes,Essence,55,75,1149,2026-08-08 22:47:30,,,,,,4,,"{""vehicleId"": 16104, ""manufacturerName"": ""RENAULT"", ""modelName"": ""CLIO II (BB_, CB_)"", ""typeEngineName"": ""1.2 16V (BB05, BB0W, BB11, BB27, BB2T, BB2U, BB2V, CB05,..."", ""constructionIntervalStart"": ""2001-06-01"", ""constructionIntervalEnd"": ""2016-08-01"", ""powerKw"": ""55.0000"", ""powerPs"": ""75.0000"", ""capacityTax"": null, ""fuelType"": ""Essence"", ""bodyType"": ""Berline bicorps trois ou cinq portes"", ""numberOfCylinders"": 4, ""capacityLt"": ""1.2000"", ""capacityTech"": ""1149.0000"", ""engineCodes"": ""D4F 712"", ""engId"": 16186}",RAPID-6467358
188dadc7-0bc0-4c78-9f61-90fe83e5eade,108721,RENAULT,"CLIO II (BB_, CB_)",2001,2016,"1.2 16V (BB05, BB0W, BB11, BB27, BB2T, BB2U, BB2V, CB05,...",16104,Berline bicorps trois ou cinq portes,Essence,55,75,1149,2026-08-08 22:47:30,,,,,,4,,"{""vehicleId"": 16104, ""manufacturerName"": ""RENAULT"", ""modelName"": ""CLIO II (BB_, CB_)"", ""typeEngineName"": ""1.2 16V (BB05, BB0W, BB11, BB27, BB2T, BB2U, BB2V, CB05,..."", ""constructionIntervalStart"": ""2001-06-01"", ""constructionIntervalEnd"": ""2016-08-01"", ""powerKw"": ""55.0000"", ""powerPs"": ""75.0000"", ""capacityTax"": null, ""fuelType"": ""Essence"", ""bodyType"": ""Berline bicorps trois ou cinq portes"", ""numberOfCylinders"": 4, ""capacityLt"": ""1.2000"", ""capacityTech"": ""1149.0000"", ""engineCodes"": ""D4F 712"", ""engId"": 16186}",RAPID-10367152
18c1b56c-3db9-4d37-ba10-53c1cbc6e42a,108232,RENAULT,"CLIO II (BB_, CB_)",2001,2016,"1.2 16V (BB05, BB0W, BB11, BB27, BB2T, BB2U, BB2V, CB05,...",16104,Berline bicorps trois ou cinq portes,Essence,55,75,1149,2026-08-08 22:47:30,,,,,,4,,"{""vehicleId"": 16104, ""manufacturerName"": ""RENAULT"", ""modelName"": ""CLIO II (BB_, CB_)"", ""typeEngineName"": ""1.2 16V (BB05, BB0W, BB11, BB27, BB2T, BB2U, BB2V, CB05,..."", ""constructionIntervalStart"": ""2001-06-01"", ""constructionIntervalEnd"": ""2016-08-01"", ""powerKw"": ""55.0000"", ""powerPs"": ""75.0000"", ""capacityTax"": null, ""fuelType"": ""Essence"", ""bodyType"": ""Berline bicorps trois ou cinq portes"", ""numberOfCylinders"": 4, ""capacityLt"": ""1.2000"", ""capacityTech"": ""1149.0000"", ""engineCodes"": ""D4F 712"", ""engId"": 16186}",RAPID-6142071
1957447a-51db-429a-82c5-7c98f413e49c,108444,RENAULT,"CLIO II (BB_, CB_)",2001,2016,"1.2 16V (BB05, BB0W, BB11, BB27, BB2T, BB2U, BB2V, CB05,...",16104,Berline bicorps trois ou cinq portes,Essence,55,75,1149,2026-08-08 22:47:30,,,,,,4,,"{""vehicleId"": 16104, ""manufacturerName"": ""RENAULT"", ""modelName"": ""CLIO II (BB_, CB_)"", ""typeEngineName"": ""1.2 16V (BB05, BB0W, BB11, BB27, BB2T, BB2U, BB2V, CB05,..."", ""constructionIntervalStart"": ""2001-06-01"", ""constructionIntervalEnd"": ""2016-08-01"", ""powerKw"": ""55.0000"", ""powerPs"": ""75.0000"", ""capacityTax"": null, ""fuelType"": ""Essence"", ""bodyType"": ""Berline bicorps trois ou cinq portes"", ""numberOfCylinders"": 4, ""capacityLt"": ""1.2000"", ""capacityTech"": ""1149.0000"", ""engineCodes"": ""D4F 712"", ""engId"": 16186}",RAPID-5414408
198332d8-168d-434d-ad66-4c34812c8a30,108643,RENAULT,"CLIO II (BB_, CB_)",2001,2016,"1.2 16V (BB05, BB0W, BB11, BB27, BB2T, BB2U, BB2V, CB05,...",16104,Berline bicorps trois ou cinq portes,Essence,55,75,1149,2026-08-08 22:47:30,,,,,,4,,"{""vehicleId"": 16104, ""manufacturerName"": ""RENAULT"", ""modelName"": ""CLIO II (BB_, CB_)"", ""typeEngineName"": ""1.2 16V (BB05, BB0W, BB11, BB27, BB2T, BB2U, BB2V, CB05,..."", ""constructionIntervalStart"": ""2001-06-01"", ""constructionIntervalEnd"": ""2016-08-01"", ""powerKw"": ""55.0000"", ""powerPs"": ""75.0000"", ""capacityTax"": null, ""fuelType"": ""Essence"", ""bodyType"": ""Berline bicorps trois ou cinq portes"", ""numberOfCylinders"": 4, ""capacityLt"": ""1.2000"", ""capacityTech"": ""1149.0000"", ""engineCodes"": ""D4F 712"", ""engId"": 16186}",RAPID-10664338
19af77b1-ecf0-4988-9dfc-4e23c852cc96,108669,RENAULT,"CLIO II (BB_, CB_)",2001,2016,"1.2 16V (BB05, BB0W, BB11, BB27, BB2T, BB2U, BB2V, CB05,...",16104,Berline bicorps trois ou cinq portes,Essence,55,75,1149,2026-08-08 22:47:30,,,,,,4,,"{""vehicleId"": 16104, ""manufacturerName"": ""RENAULT"", ""modelName"": ""CLIO II (BB_, CB_)"", ""typeEngineName"": ""1.2 16V (BB05, BB0W, BB11, BB27, BB2T, BB2U, BB2V, CB05,..."", ""constructionIntervalStart"": ""2001-06-01"", ""constructionIntervalEnd"": ""2016-08-01"", ""powerKw"": ""55.0000"", ""powerPs"": ""75.0000"", ""capacityTax"": null, ""fuelType"": ""Essence"", ""bodyType"": ""Berline bicorps trois ou cinq portes"", ""numberOfCylinders"": 4, ""capacityLt"": ""1.2000"", ""capacityTech"": ""1149.0000"", ""engineCodes"": ""D4F 712"", ""engId"": 16186}",RAPID-4937879
1a3cbdbd-0a2a-4def-9896-657b9c14e4ce,108223,RENAULT,"CLIO II (BB_, CB_)",2001,2016,"1.2 16V (BB05, BB0W, BB11, BB27, BB2T, BB2U, BB2V, CB05,...",16104,Berline bicorps trois ou cinq portes,Essence,55,75,1149,2026-08-08 22:47:30,,,,,,4,,"{""vehicleId"": 16104, ""manufacturerName"": ""RENAULT"", ""modelName"": ""CLIO II (BB_, CB_)"", ""typeEngineName"": ""1.2 16V (BB05, BB0W, BB11, BB27, BB2T, BB2U, BB2V, CB05,..."", ""constructionIntervalStart"": ""2001-06-01"", ""constructionIntervalEnd"": ""2016-08-01"", ""powerKw"": ""55.0000"", ""powerPs"": ""75.0000"", ""capacityTax"": null, ""fuelType"": ""Essence"", ""bodyType"": ""Berline bicorps trois ou cinq portes"", ""numberOfCylinders"": 4, ""capacityLt"": ""1.2000"", ""capacityTech"": ""1149.0000"", ""engineCodes"": ""D4F 712"", ""engId"": 16186}",RAPID-52972322
1b84897a-6b24-4256-9a1c-69dde4d1f2e5,108644,RENAULT,"CLIO II (BB_, CB_)",2001,2016,"1.2 16V (BB05, BB0W, BB11, BB27, BB2T, BB2U, BB2V, CB05,...",16104,Berline bicorps trois ou cinq portes,Essence,55,75,1149,2026-08-08 22:47:30,,,,,,4,,"{""vehicleId"": 16104, ""manufacturerName"": ""RENAULT"", ""modelName"": ""CLIO II (BB_, CB_)"", ""typeEngineName"": ""1.2 16V (BB05, BB0W, BB11, BB27, BB2T, BB2U, BB2V, CB05,..."", ""constructionIntervalStart"": ""2001-06-01"", ""constructionIntervalEnd"": ""2016-08-01"", ""powerKw"": ""55.0000"", ""powerPs"": ""75.0000"", ""capacityTax"": null, ""fuelType"": ""Essence"", ""bodyType"": ""Berline bicorps trois ou cinq portes"", ""numberOfCylinders"": 4, ""capacityLt"": ""1.2000"", ""capacityTech"": ""1149.0000"", ""engineCodes"": ""D4F 712"", ""engId"": 16186}",RAPID-6467400
1b872ba7-9b5a-405c-8446-adf17a03269f,108783,RENAULT,"CLIO II (BB_, CB_)",2001,2016,"1.2 16V (BB05, BB0W, BB11, BB27, BB2T, BB2U, BB2V, CB05,...",16104,Berline bicorps trois ou cinq portes,Essence,55,75,1149,2026-08-08 22:47:30,,,,,,4,,"{""vehicleId"": 16104, ""manufacturerName"": ""RENAULT"", ""modelName"": ""CLIO II (BB_, CB_)"", ""typeEngineName"": ""1.2 16V (BB05, BB0W, BB11, BB27, BB2T, BB2U, BB2V, CB05,..."", ""constructionIntervalStart"": ""2001-06-01"", ""constructionIntervalEnd"": ""2016-08-01"", ""powerKw"": ""55.0000"", ""powerPs"": ""75.0000"", ""capacityTax"": null, ""fuelType"": ""Essence"", ""bodyType"": ""Berline bicorps trois ou cinq portes"", ""numberOfCylinders"": 4, ""capacityLt"": ""1.2000"", ""capacityTech"": ""1149.0000"", ""engineCodes"": ""D4F 712"", ""engId"": 16186}",RAPID-2477887
1ba677dd-5df2-4540-b1ac-6c0697895fa5,108466,RENAULT,"CLIO II (BB_, CB_)",2001,2016,"1.2 16V (BB05, BB0W, BB11, BB27, BB2T, BB2U, BB2V, CB05,...",16104,Berline bicorps trois ou cinq portes,Essence,55,75,1149,2026-08-08 22:47:30,,,,,,4,,"{""vehicleId"": 16104, ""manufacturerName"": ""RENAULT"", ""modelName"": ""CLIO II (BB_, CB_)"", ""typeEngineName"": ""1.2 16V (BB05, BB0W, BB11, BB27, BB2T, BB2U, BB2V, CB05,..."", ""constructionIntervalStart"": ""2001-06-01"", ""constructionIntervalEnd"": ""2016-08-01"", ""powerKw"": ""55.0000"", ""powerPs"": ""75.0000"", ""capacityTax"": null, ""fuelType"": ""Essence"", ""bodyType"": ""Berline bicorps trois ou cinq portes"", ""numberOfCylinders"": 4, ""capacityLt"": ""1.2000"", ""capacityTech"": ""1149.0000"", ""engineCodes"": ""D4F 712"", ""engId"": 16186}",RAPID-83743931
1c03332e-7a3a-4b0f-8e82-3d7613eb46eb,108719,RENAULT,"CLIO II (BB_, CB_)",2001,2016,"1.2 16V (BB05, BB0W, BB11, BB27, BB2T, BB2U, BB2V, CB05,...",16104,Berline bicorps trois ou cinq portes,Essence,55,75,1149,2026-08-08 22:47:30,,,,,,4,,"{""vehicleId"": 16104, ""manufacturerName"": ""RENAULT"", ""modelName"": ""CLIO II (BB_, CB_)"", ""typeEngineName"": ""1.2 16V (BB05, BB0W, BB11, BB27, BB2T, BB2U, BB2V, CB05,..."", ""constructionIntervalStart"": ""2001-06-01"", ""constructionIntervalEnd"": ""2016-08-01"", ""powerKw"": ""55.0000"", ""powerPs"": ""75.0000"", ""capacityTax"": null, ""fuelType"": ""Essence"", ""bodyType"": ""Berline bicorps trois ou cinq portes"", ""numberOfCylinders"": 4, ""capacityLt"": ""1.2000"", ""capacityTech"": ""1149.0000"", ""engineCodes"": ""D4F 712"", ""engId"": 16186}",RAPID-10367119
1ce9b067-1103-4256-92e3-36a774f86bc6,108165,RENAULT,"CLIO II (BB_, CB_)",2001,2016,"1.2 16V (BB05, BB0W, BB11, BB27, BB2T, BB2U, BB2V, CB05,...",16104,Berline bicorps trois ou cinq portes,Essence,55,75,1149,2026-08-08 22:47:30,,,,,,4,,"{""vehicleId"": 16104, ""manufacturerName"": ""RENAULT"", ""modelName"": ""CLIO II (BB_, CB_)"", ""typeEngineName"": ""1.2 16V (BB05, BB0W, BB11, BB27, BB2T, BB2U, BB2V, CB05,..."", ""constructionIntervalStart"": ""2001-06-01"", ""constructionIntervalEnd"": ""2016-08-01"", ""powerKw"": ""55.0000"", ""powerPs"": ""75.0000"", ""capacityTax"": null, ""fuelType"": ""Essence"", ""bodyType"": ""Berline bicorps trois ou cinq portes"", ""numberOfCylinders"": 4, ""capacityLt"": ""1.2000"", ""capacityTech"": ""1149.0000"", ""engineCodes"": ""D4F 712"", ""engId"": 16186}",RAPID-54695406
1d10fb55-0c44-45c6-8d99-8d4e594c1c48,108650,RENAULT,"CLIO II (BB_, CB_)",2001,2016,"1.2 16V (BB05, BB0W, BB11, BB27, BB2T, BB2U, BB2V, CB05,...",16104,Berline bicorps trois ou cinq portes,Essence,55,75,1149,2026-08-08 22:47:30,,,,,,4,,"{""vehicleId"": 16104, ""manufacturerName"": ""RENAULT"", ""modelName"": ""CLIO II (BB_, CB_)"", ""typeEngineName"": ""1.2 16V (BB05, BB0W, BB11, BB27, BB2T, BB2U, BB2V, CB05,..."", ""constructionIntervalStart"": ""2001-06-01"", ""constructionIntervalEnd"": ""2016-08-01"", ""powerKw"": ""55.0000"", ""powerPs"": ""75.0000"", ""capacityTax"": null, ""fuelType"": ""Essence"", ""bodyType"": ""Berline bicorps trois ou cinq portes"", ""numberOfCylinders"": 4, ""capacityLt"": ""1.2000"", ""capacityTech"": ""1149.0000"", ""engineCodes"": ""D4F 712"", ""engId"": 16186}",RAPID-6469465
1d26d28f-63ed-4337-ae1d-74586aa9fc0b,108815,RENAULT,"CLIO II (BB_, CB_)",2001,2016,"1.2 16V (BB05, BB0W, BB11, BB27, BB2T, BB2U, BB2V, CB05,...",16104,Berline bicorps trois ou cinq portes,Essence,55,75,1149,2026-08-08 22:47:30,,,,,,4,,"{""vehicleId"": 16104, ""manufacturerName"": ""RENAULT"", ""modelName"": ""CLIO II (BB_, CB_)"", ""typeEngineName"": ""1.2 16V (BB05, BB0W, BB11, BB27, BB2T, BB2U, BB2V, CB05,..."", ""constructionIntervalStart"": ""2001-06-01"", ""constructionIntervalEnd"": ""2016-08-01"", ""powerKw"": ""55.0000"", ""powerPs"": ""75.0000"", ""capacityTax"": null, ""fuelType"": ""Essence"", ""bodyType"": ""Berline bicorps trois ou cinq portes"", ""numberOfCylinders"": 4, ""capacityLt"": ""1.2000"", ""capacityTech"": ""1149.0000"", ""engineCodes"": ""D4F 712"", ""engId"": 16186}",RAPID-9110139
1d6a0e3f-0a01-42f7-a469-f5ec2a1f94ff,108676,RENAULT,"CLIO II (BB_, CB_)",2001,2016,"1.2 16V (BB05, BB0W, BB11, BB27, BB2T, BB2U, BB2V, CB05,...",16104,Berline bicorps trois ou cinq portes,Essence,55,75,1149,2026-08-08 22:47:30,,,,,,4,,"{""vehicleId"": 16104, ""manufacturerName"": ""RENAULT"", ""modelName"": ""CLIO II (BB_, CB_)"", ""typeEngineName"": ""1.2 16V (BB05, BB0W, BB11, BB27, BB2T, BB2U, BB2V, CB05,..."", ""constructionIntervalStart"": ""2001-06-01"", ""constructionIntervalEnd"": ""2016-08-01"", ""powerKw"": ""55.0000"", ""powerPs"": ""75.0000"", ""capacityTax"": null, ""fuelType"": ""Essence"", ""bodyType"": ""Berline bicorps trois ou cinq portes"", ""numberOfCylinders"": 4, ""capacityLt"": ""1.2000"", ""capacityTech"": ""1149.0000"", ""engineCodes"": ""D4F 712"", ""engId"": 16186}",RAPID-8303093
1d9b138a-2230-4eae-9b5e-cacf979703db,108157,RENAULT,"CLIO II (BB_, CB_)",2001,2016,"1.2 16V (BB05, BB0W, BB11, BB27, BB2T, BB2U, BB2V, CB05,...",16104,Berline bicorps trois ou cinq portes,Essence,55,75,1149,2026-08-08 22:47:30,,,,,,4,,"{""vehicleId"": 16104, ""manufacturerName"": ""RENAULT"", ""modelName"": ""CLIO II (BB_, CB_)"", ""typeEngineName"": ""1.2 16V (BB05, BB0W, BB11, BB27, BB2T, BB2U, BB2V, CB05,..."", ""constructionIntervalStart"": ""2001-06-01"", ""constructionIntervalEnd"": ""2016-08-01"", ""powerKw"": ""55.0000"", ""powerPs"": ""75.0000"", ""capacityTax"": null, ""fuelType"": ""Essence"", ""bodyType"": ""Berline bicorps trois ou cinq portes"", ""numberOfCylinders"": 4, ""capacityLt"": ""1.2000"", ""capacityTech"": ""1149.0000"", ""engineCodes"": ""D4F 712"", ""engId"": 16186}",RAPID-53825165
1db2af14-cf14-454c-80ad-8f73e847b4be,108723,RENAULT,"CLIO II (BB_, CB_)",2001,2016,"1.2 16V (BB05, BB0W, BB11, BB27, BB2T, BB2U, BB2V, CB05,...",16104,Berline bicorps trois ou cinq portes,Essence,55,75,1149,2026-08-08 22:47:30,,,,,,4,,"{""vehicleId"": 16104, ""manufacturerName"": ""RENAULT"", ""modelName"": ""CLIO II (BB_, CB_)"", ""typeEngineName"": ""1.2 16V (BB05, BB0W, BB11, BB27, BB2T, BB2U, BB2V, CB05,..."", ""constructionIntervalStart"": ""2001-06-01"", ""constructionIntervalEnd"": ""2016-08-01"", ""powerKw"": ""55.0000"", ""powerPs"": ""75.0000"", ""capacityTax"": null, ""fuelType"": ""Essence"", ""bodyType"": ""Berline bicorps trois ou cinq portes"", ""numberOfCylinders"": 4, ""capacityLt"": ""1.2000"", ""capacityTech"": ""1149.0000"", ""engineCodes"": ""D4F 712"", ""engId"": 16186}",RAPID-10363134
1dc875a4-493f-413e-bf47-97e6259f6af9,108539,RENAULT,"CLIO II (BB_, CB_)",2001,2016,"1.2 16V (BB05, BB0W, BB11, BB27, BB2T, BB2U, BB2V, CB05,...",16104,Berline bicorps trois ou cinq portes,Essence,55,75,1149,2026-08-08 22:47:30,,,,,,4,,"{""vehicleId"": 16104, ""manufacturerName"": ""RENAULT"", ""modelName"": ""CLIO II (BB_, CB_)"", ""typeEngineName"": ""1.2 16V (BB05, BB0W, BB11, BB27, BB2T, BB2U, BB2V, CB05,..."", ""constructionIntervalStart"": ""2001-06-01"", ""constructionIntervalEnd"": ""2016-08-01"", ""powerKw"": ""55.0000"", ""powerPs"": ""75.0000"", ""capacityTax"": null, ""fuelType"": ""Essence"", ""bodyType"": ""Berline bicorps trois ou cinq portes"", ""numberOfCylinders"": 4, ""capacityLt"": ""1.2000"", ""capacityTech"": ""1149.0000"", ""engineCodes"": ""D4F 712"", ""engId"": 16186}",RAPID-2722165
1e02d213-416a-4619-b168-4c62d56a987e,108649,RENAULT,"CLIO II (BB_, CB_)",2001,2016,"1.2 16V (BB05, BB0W, BB11, BB27, BB2T, BB2U, BB2V, CB05,...",16104,Berline bicorps trois ou cinq portes,Essence,55,75,1149,2026-08-08 22:47:30,,,,,,4,,"{""vehicleId"": 16104, ""manufacturerName"": ""RENAULT"", ""modelName"": ""CLIO II (BB_, CB_)"", ""typeEngineName"": ""1.2 16V (BB05, BB0W, BB11, BB27, BB2T, BB2U, BB2V, CB05,..."", ""constructionIntervalStart"": ""2001-06-01"", ""constructionIntervalEnd"": ""2016-08-01"", ""powerKw"": ""55.0000"", ""powerPs"": ""75.0000"", ""capacityTax"": null, ""fuelType"": ""Essence"", ""bodyType"": ""Berline bicorps trois ou cinq portes"", ""numberOfCylinders"": 4, ""capacityLt"": ""1.2000"", ""capacityTech"": ""1149.0000"", ""engineCodes"": ""D4F 712"", ""engId"": 16186}",RAPID-6469467
1e588f23-6617-4df3-82b9-1c4fe05868d3,108797,RENAULT,"CLIO II (BB_, CB_)",2001,2016,"1.2 16V (BB05, BB0W, BB11, BB27, BB2T, BB2U, BB2V, CB05,...",16104,Berline bicorps trois ou cinq portes,Essence,55,75,1149,2026-08-08 22:47:30,,,,,,4,,"{""vehicleId"": 16104, ""manufacturerName"": ""RENAULT"", ""modelName"": ""CLIO II (BB_, CB_)"", ""typeEngineName"": ""1.2 16V (BB05, BB0W, BB11, BB27, BB2T, BB2U, BB2V, CB05,..."", ""constructionIntervalStart"": ""2001-06-01"", ""constructionIntervalEnd"": ""2016-08-01"", ""powerKw"": ""55.0000"", ""powerPs"": ""75.0000"", ""capacityTax"": null, ""fuelType"": ""Essence"", ""bodyType"": ""Berline bicorps trois ou cinq portes"", ""numberOfCylinders"": 4, ""capacityLt"": ""1.2000"", ""capacityTech"": ""1149.0000"", ""engineCodes"": ""D4F 712"", ""engId"": 16186}",RAPID-7927561
1e6bd480-a1bd-4e6e-a860-240175babcbb,108799,RENAULT,"CLIO II (BB_, CB_)",2001,2016,"1.2 16V (BB05, BB0W, BB11, BB27, BB2T, BB2U, BB2V, CB05,...",16104,Berline bicorps trois ou cinq portes,Essence,55,75,1149,2026-08-08 22:47:30,,,,,,4,,"{""vehicleId"": 16104, ""manufacturerName"": ""RENAULT"", ""modelName"": ""CLIO II (BB_, CB_)"", ""typeEngineName"": ""1.2 16V (BB05, BB0W, BB11, BB27, BB2T, BB2U, BB2V, CB05,..."", ""constructionIntervalStart"": ""2001-06-01"", ""constructionIntervalEnd"": ""2016-08-01"", ""powerKw"": ""55.0000"", ""powerPs"": ""75.0000"", ""capacityTax"": null, ""fuelType"": ""Essence"", ""bodyType"": ""Berline bicorps trois ou cinq portes"", ""numberOfCylinders"": 4, ""capacityLt"": ""1.2000"", ""capacityTech"": ""1149.0000"", ""engineCodes"": ""D4F 712"", ""engId"": 16186}",RAPID-87454226
1eb14b68-07e6-431e-8485-fcd9b33d653e,108381,RENAULT,"CLIO II (BB_, CB_)",2001,2016,"1.2 16V (BB05, BB0W, BB11, BB27, BB2T, BB2U, BB2V, CB05,...",16104,Berline bicorps trois ou cinq portes,Essence,55,75,1149,2026-08-08 22:47:30,,,,,,4,,"{""vehicleId"": 16104, ""manufacturerName"": ""RENAULT"", ""modelName"": ""CLIO II (BB_, CB_)"", ""typeEngineName"": ""1.2 16V (BB05, BB0W, BB11, BB27, BB2T, BB2U, BB2V, CB05,..."", ""constructionIntervalStart"": ""2001-06-01"", ""constructionIntervalEnd"": ""2016-08-01"", ""powerKw"": ""55.0000"", ""powerPs"": ""75.0000"", ""capacityTax"": null, ""fuelType"": ""Essence"", ""bodyType"": ""Berline bicorps trois ou cinq portes"", ""numberOfCylinders"": 4, ""capacityLt"": ""1.2000"", ""capacityTech"": ""1149.0000"", ""engineCodes"": ""D4F 712"", ""engId"": 16186}",RAPID-1506363
1f825704-8a49-4ad4-92eb-6a73b7855154,108257,RENAULT,"CLIO II (BB_, CB_)",2001,2016,"1.2 16V (BB05, BB0W, BB11, BB27, BB2T, BB2U, BB2V, CB05,...",16104,Berline bicorps trois ou cinq portes,Essence,55,75,1149,2026-08-08 22:47:30,,,,,,4,,"{""vehicleId"": 16104, ""manufacturerName"": ""RENAULT"", ""modelName"": ""CLIO II (BB_, CB_)"", ""typeEngineName"": ""1.2 16V (BB05, BB0W, BB11, BB27, BB2T, BB2U, BB2V, CB05,..."", ""constructionIntervalStart"": ""2001-06-01"", ""constructionIntervalEnd"": ""2016-08-01"", ""powerKw"": ""55.0000"", ""powerPs"": ""75.0000"", ""capacityTax"": null, ""fuelType"": ""Essence"", ""bodyType"": ""Berline bicorps trois ou cinq portes"", ""numberOfCylinders"": 4, ""capacityLt"": ""1.2000"", ""capacityTech"": ""1149.0000"", ""engineCodes"": ""D4F 712"", ""engId"": 16186}",RAPID-2512621
1fea5c71-ea63-45ee-9aaa-3a953b6de18e,108274,RENAULT,"CLIO II (BB_, CB_)",2001,2016,"1.2 16V (BB05, BB0W, BB11, BB27, BB2T, BB2U, BB2V, CB05,...",16104,Berline bicorps trois ou cinq portes,Essence,55,75,1149,2026-08-08 22:47:30,,,,,,4,,"{""vehicleId"": 16104, ""manufacturerName"": ""RENAULT"", ""modelName"": ""CLIO II (BB_, CB_)"", ""typeEngineName"": ""1.2 16V (BB05, BB0W, BB11, BB27, BB2T, BB2U, BB2V, CB05,..."", ""constructionIntervalStart"": ""2001-06-01"", ""constructionIntervalEnd"": ""2016-08-01"", ""powerKw"": ""55.0000"", ""powerPs"": ""75.0000"", ""capacityTax"": null, ""fuelType"": ""Essence"", ""bodyType"": ""Berline bicorps trois ou cinq portes"", ""numberOfCylinders"": 4, ""capacityLt"": ""1.2000"", ""capacityTech"": ""1149.0000"", ""engineCodes"": ""D4F 712"", ""engId"": 16186}",RAPID-2513125
2019a0cc-6434-4902-9fa6-33fc0bcd1260,108747,RENAULT,"CLIO II (BB_, CB_)",2001,2016,"1.2 16V (BB05, BB0W, BB11, BB27, BB2T, BB2U, BB2V, CB05,...",16104,Berline bicorps trois ou cinq portes,Essence,55,75,1149,2026-08-08 22:47:30,,,,,,4,,"{""vehicleId"": 16104, ""manufacturerName"": ""RENAULT"", ""modelName"": ""CLIO II (BB_, CB_)"", ""typeEngineName"": ""1.2 16V (BB05, BB0W, BB11, BB27, BB2T, BB2U, BB2V, CB05,..."", ""constructionIntervalStart"": ""2001-06-01"", ""constructionIntervalEnd"": ""2016-08-01"", ""powerKw"": ""55.0000"", ""powerPs"": ""75.0000"", ""capacityTax"": null, ""fuelType"": ""Essence"", ""bodyType"": ""Berline bicorps trois ou cinq portes"", ""numberOfCylinders"": 4, ""capacityLt"": ""1.2000"", ""capacityTech"": ""1149.0000"", ""engineCodes"": ""D4F 712"", ""engId"": 16186}",RAPID-9685653
203aab48-11d8-4237-874f-fe2fd6722ebc,108196,RENAULT,"CLIO II (BB_, CB_)",2001,2016,"1.2 16V (BB05, BB0W, BB11, BB27, BB2T, BB2U, BB2V, CB05,...",16104,Berline bicorps trois ou cinq portes,Essence,55,75,1149,2026-08-08 22:47:30,,,,,,4,,"{""vehicleId"": 16104, ""manufacturerName"": ""RENAULT"", ""modelName"": ""CLIO II (BB_, CB_)"", ""typeEngineName"": ""1.2 16V (BB05, BB0W, BB11, BB27, BB2T, BB2U, BB2V, CB05,..."", ""constructionIntervalStart"": ""2001-06-01"", ""constructionIntervalEnd"": ""2016-08-01"", ""powerKw"": ""55.0000"", ""powerPs"": ""75.0000"", ""capacityTax"": null, ""fuelType"": ""Essence"", ""bodyType"": ""Berline bicorps trois ou cinq portes"", ""numberOfCylinders"": 4, ""capacityLt"": ""1.2000"", ""capacityTech"": ""1149.0000"", ""engineCodes"": ""D4F 712"", ""engId"": 16186}",RAPID-8471375
205ea8df-00cd-412b-b7c9-e6f3f454544e,108190,RENAULT,"CLIO II (BB_, CB_)",2001,2016,"1.2 16V (BB05, BB0W, BB11, BB27, BB2T, BB2U, BB2V, CB05,...",16104,Berline bicorps trois ou cinq portes,Essence,55,75,1149,2026-08-08 22:47:30,,,,,,4,,"{""vehicleId"": 16104, ""manufacturerName"": ""RENAULT"", ""modelName"": ""CLIO II (BB_, CB_)"", ""typeEngineName"": ""1.2 16V (BB05, BB0W, BB11, BB27, BB2T, BB2U, BB2V, CB05,..."", ""constructionIntervalStart"": ""2001-06-01"", ""constructionIntervalEnd"": ""2016-08-01"", ""powerKw"": ""55.0000"", ""powerPs"": ""75.0000"", ""capacityTax"": null, ""fuelType"": ""Essence"", ""bodyType"": ""Berline bicorps trois ou cinq portes"", ""numberOfCylinders"": 4, ""capacityLt"": ""1.2000"", ""capacityTech"": ""1149.0000"", ""engineCodes"": ""D4F 712"", ""engId"": 16186}",RAPID-5789006
207bb3fb-291c-40d6-a985-4ab3b9c2d3e0,108746,RENAULT,"CLIO II (BB_, CB_)",2001,2016,"1.2 16V (BB05, BB0W, BB11, BB27, BB2T, BB2U, BB2V, CB05,...",16104,Berline bicorps trois ou cinq portes,Essence,55,75,1149,2026-08-08 22:47:30,,,,,,4,,"{""vehicleId"": 16104, ""manufacturerName"": ""RENAULT"", ""modelName"": ""CLIO II (BB_, CB_)"", ""typeEngineName"": ""1.2 16V (BB05, BB0W, BB11, BB27, BB2T, BB2U, BB2V, CB05,..."", ""constructionIntervalStart"": ""2001-06-01"", ""constructionIntervalEnd"": ""2016-08-01"", ""powerKw"": ""55.0000"", ""powerPs"": ""75.0000"", ""capacityTax"": null, ""fuelType"": ""Essence"", ""bodyType"": ""Berline bicorps trois ou cinq portes"", ""numberOfCylinders"": 4, ""capacityLt"": ""1.2000"", ""capacityTech"": ""1149.0000"", ""engineCodes"": ""D4F 712"", ""engId"": 16186}",RAPID-9685652
209ac38c-9a66-4de9-91c6-47e32519d776,108398,RENAULT,"CLIO II (BB_, CB_)",2001,2016,"1.2 16V (BB05, BB0W, BB11, BB27, BB2T, BB2U, BB2V, CB05,...",16104,Berline bicorps trois ou cinq portes,Essence,55,75,1149,2026-08-08 22:47:30,,,,,,4,,"{""vehicleId"": 16104, ""manufacturerName"": ""RENAULT"", ""modelName"": ""CLIO II (BB_, CB_)"", ""typeEngineName"": ""1.2 16V (BB05, BB0W, BB11, BB27, BB2T, BB2U, BB2V, CB05,..."", ""constructionIntervalStart"": ""2001-06-01"", ""constructionIntervalEnd"": ""2016-08-01"", ""powerKw"": ""55.0000"", ""powerPs"": ""75.0000"", ""capacityTax"": null, ""fuelType"": ""Essence"", ""bodyType"": ""Berline bicorps trois ou cinq portes"", ""numberOfCylinders"": 4, ""capacityLt"": ""1.2000"", ""capacityTech"": ""1149.0000"", ""engineCodes"": ""D4F 712"", ""engId"": 16186}",RAPID-9686240
20f8aa8f-4182-406a-918f-a06728f201c1,108240,RENAULT,"CLIO II (BB_, CB_)",2001,2016,"1.2 16V (BB05, BB0W, BB11, BB27, BB2T, BB2U, BB2V, CB05,...",16104,Berline bicorps trois ou cinq portes,Essence,55,75,1149,2026-08-08 22:47:30,,,,,,4,,"{""vehicleId"": 16104, ""manufacturerName"": ""RENAULT"", ""modelName"": ""CLIO II (BB_, CB_)"", ""typeEngineName"": ""1.2 16V (BB05, BB0W, BB11, BB27, BB2T, BB2U, BB2V, CB05,..."", ""constructionIntervalStart"": ""2001-06-01"", ""constructionIntervalEnd"": ""2016-08-01"", ""powerKw"": ""55.0000"", ""powerPs"": ""75.0000"", ""capacityTax"": null, ""fuelType"": ""Essence"", ""bodyType"": ""Berline bicorps trois ou cinq portes"", ""numberOfCylinders"": 4, ""capacityLt"": ""1.2000"", ""capacityTech"": ""1149.0000"", ""engineCodes"": ""D4F 712"", ""engId"": 16186}",RAPID-6142335
214a7240-a32e-41f4-b169-505b9c86dfb3,108024,AUDI,80 B4 Saloon (8C2),1991,1994,1.9 TD,1392,Saloon,Diesel,,,,2026-08-06 14:24:09,,,,,,,,,RAPID-74585063
21989fe6-a37e-4fd2-9e69-f376a8c28d4e,108141,RENAULT,"CLIO II (BB_, CB_)",2001,2016,"1.2 16V (BB05, BB0W, BB11, BB27, BB2T, BB2U, BB2V, CB05,...",16104,Berline bicorps trois ou cinq portes,Essence,55,75,1149,2026-08-08 22:47:30,,,,,,4,,"{""vehicleId"": 16104, ""manufacturerName"": ""RENAULT"", ""modelName"": ""CLIO II (BB_, CB_)"", ""typeEngineName"": ""1.2 16V (BB05, BB0W, BB11, BB27, BB2T, BB2U, BB2V, CB05,..."", ""constructionIntervalStart"": ""2001-06-01"", ""constructionIntervalEnd"": ""2016-08-01"", ""powerKw"": ""55.0000"", ""powerPs"": ""75.0000"", ""capacityTax"": null, ""fuelType"": ""Essence"", ""bodyType"": ""Berline bicorps trois ou cinq portes"", ""numberOfCylinders"": 4, ""capacityLt"": ""1.2000"", ""capacityTech"": ""1149.0000"", ""engineCodes"": ""D4F 712"", ""engId"": 16186}",RAPID-3023369
224261fd-8bf6-4624-99c2-3a3e01428ee2,108359,RENAULT,"CLIO II (BB_, CB_)",2001,2016,"1.2 16V (BB05, BB0W, BB11, BB27, BB2T, BB2U, BB2V, CB05,...",16104,Berline bicorps trois ou cinq portes,Essence,55,75,1149,2026-08-08 22:47:30,,,,,,4,,"{""vehicleId"": 16104, ""manufacturerName"": ""RENAULT"", ""modelName"": ""CLIO II (BB_, CB_)"", ""typeEngineName"": ""1.2 16V (BB05, BB0W, BB11, BB27, BB2T, BB2U, BB2V, CB05,..."", ""constructionIntervalStart"": ""2001-06-01"", ""constructionIntervalEnd"": ""2016-08-01"", ""powerKw"": ""55.0000"", ""powerPs"": ""75.0000"", ""capacityTax"": null, ""fuelType"": ""Essence"", ""bodyType"": ""Berline bicorps trois ou cinq portes"", ""numberOfCylinders"": 4, ""capacityLt"": ""1.2000"", ""capacityTech"": ""1149.0000"", ""engineCodes"": ""D4F 712"", ""engId"": 16186}",RAPID-3706432
224fab2d-5487-45ca-b70a-02723bc04a06,108642,RENAULT,"CLIO II (BB_, CB_)",2001,2016,"1.2 16V (BB05, BB0W, BB11, BB27, BB2T, BB2U, BB2V, CB05,...",16104,Berline bicorps trois ou cinq portes,Essence,55,75,1149,2026-08-08 22:47:30,,,,,,4,,"{""vehicleId"": 16104, ""manufacturerName"": ""RENAULT"", ""modelName"": ""CLIO II (BB_, CB_)"", ""typeEngineName"": ""1.2 16V (BB05, BB0W, BB11, BB27, BB2T, BB2U, BB2V, CB05,..."", ""constructionIntervalStart"": ""2001-06-01"", ""constructionIntervalEnd"": ""2016-08-01"", ""powerKw"": ""55.0000"", ""powerPs"": ""75.0000"", ""capacityTax"": null, ""fuelType"": ""Essence"", ""bodyType"": ""Berline bicorps trois ou cinq portes"", ""numberOfCylinders"": 4, ""capacityLt"": ""1.2000"", ""capacityTech"": ""1149.0000"", ""engineCodes"": ""D4F 712"", ""engId"": 16186}",RAPID-6467386
22a8945f-3e4a-4454-8c29-e4aaa019af84,108180,RENAULT,"CLIO II (BB_, CB_)",2001,2016,"1.2 16V (BB05, BB0W, BB11, BB27, BB2T, BB2U, BB2V, CB05,...",16104,Berline bicorps trois ou cinq portes,Essence,55,75,1149,2026-08-08 22:47:30,,,,,,4,,"{""vehicleId"": 16104, ""manufacturerName"": ""RENAULT"", ""modelName"": ""CLIO II (BB_, CB_)"", ""typeEngineName"": ""1.2 16V (BB05, BB0W, BB11, BB27, BB2T, BB2U, BB2V, CB05,..."", ""constructionIntervalStart"": ""2001-06-01"", ""constructionIntervalEnd"": ""2016-08-01"", ""powerKw"": ""55.0000"", ""powerPs"": ""75.0000"", ""capacityTax"": null, ""fuelType"": ""Essence"", ""bodyType"": ""Berline bicorps trois ou cinq portes"", ""numberOfCylinders"": 4, ""capacityLt"": ""1.2000"", ""capacityTech"": ""1149.0000"", ""engineCodes"": ""D4F 712"", ""engId"": 16186}",RAPID-8956999
22d0be50-1342-4bf4-96fd-c93b36f263af,108477,RENAULT,"CLIO II (BB_, CB_)",2001,2016,"1.2 16V (BB05, BB0W, BB11, BB27, BB2T, BB2U, BB2V, CB05,...",16104,Berline bicorps trois ou cinq portes,Essence,55,75,1149,2026-08-08 22:47:30,,,,,,4,,"{""vehicleId"": 16104, ""manufacturerName"": ""RENAULT"", ""modelName"": ""CLIO II (BB_, CB_)"", ""typeEngineName"": ""1.2 16V (BB05, BB0W, BB11, BB27, BB2T, BB2U, BB2V, CB05,..."", ""constructionIntervalStart"": ""2001-06-01"", ""constructionIntervalEnd"": ""2016-08-01"", ""powerKw"": ""55.0000"", ""powerPs"": ""75.0000"", ""capacityTax"": null, ""fuelType"": ""Essence"", ""bodyType"": ""Berline bicorps trois ou cinq portes"", ""numberOfCylinders"": 4, ""capacityLt"": ""1.2000"", ""capacityTech"": ""1149.0000"", ""engineCodes"": ""D4F 712"", ""engId"": 16186}",RAPID-9192162
22de9345-3eb3-4d43-8906-e6052045876f,108694,RENAULT,"CLIO II (BB_, CB_)",2001,2016,"1.2 16V (BB05, BB0W, BB11, BB27, BB2T, BB2U, BB2V, CB05,...",16104,Berline bicorps trois ou cinq portes,Essence,55,75,1149,2026-08-08 22:47:30,,,,,,4,,"{""vehicleId"": 16104, ""manufacturerName"": ""RENAULT"", ""modelName"": ""CLIO II (BB_, CB_)"", ""typeEngineName"": ""1.2 16V (BB05, BB0W, BB11, BB27, BB2T, BB2U, BB2V, CB05,..."", ""constructionIntervalStart"": ""2001-06-01"", ""constructionIntervalEnd"": ""2016-08-01"", ""powerKw"": ""55.0000"", ""powerPs"": ""75.0000"", ""capacityTax"": null, ""fuelType"": ""Essence"", ""bodyType"": ""Berline bicorps trois ou cinq portes"", ""numberOfCylinders"": 4, ""capacityLt"": ""1.2000"", ""capacityTech"": ""1149.0000"", ""engineCodes"": ""D4F 712"", ""engId"": 16186}",RAPID-1961480
233f1665-e102-41d9-8538-c1d9a5d5d0af,108401,RENAULT,"CLIO II (BB_, CB_)",2001,2016,"1.2 16V (BB05, BB0W, BB11, BB27, BB2T, BB2U, BB2V, CB05,...",16104,Berline bicorps trois ou cinq portes,Essence,55,75,1149,2026-08-08 22:47:30,,,,,,4,,"{""vehicleId"": 16104, ""manufacturerName"": ""RENAULT"", ""modelName"": ""CLIO II (BB_, CB_)"", ""typeEngineName"": ""1.2 16V (BB05, BB0W, BB11, BB27, BB2T, BB2U, BB2V, CB05,..."", ""constructionIntervalStart"": ""2001-06-01"", ""constructionIntervalEnd"": ""2016-08-01"", ""powerKw"": ""55.0000"", ""powerPs"": ""75.0000"", ""capacityTax"": null, ""fuelType"": ""Essence"", ""bodyType"": ""Berline bicorps trois ou cinq portes"", ""numberOfCylinders"": 4, ""capacityLt"": ""1.2000"", ""capacityTech"": ""1149.0000"", ""engineCodes"": ""D4F 712"", ""engId"": 16186}",RAPID-6029827
23cdf817-5283-49ce-8080-99174e725508,108526,RENAULT,"CLIO II (BB_, CB_)",2001,2016,"1.2 16V (BB05, BB0W, BB11, BB27, BB2T, BB2U, BB2V, CB05,...",16104,Berline bicorps trois ou cinq portes,Essence,55,75,1149,2026-08-08 22:47:30,,,,,,4,,"{""vehicleId"": 16104, ""manufacturerName"": ""RENAULT"", ""modelName"": ""CLIO II (BB_, CB_)"", ""typeEngineName"": ""1.2 16V (BB05, BB0W, BB11, BB27, BB2T, BB2U, BB2V, CB05,..."", ""constructionIntervalStart"": ""2001-06-01"", ""constructionIntervalEnd"": ""2016-08-01"", ""powerKw"": ""55.0000"", ""powerPs"": ""75.0000"", ""capacityTax"": null, ""fuelType"": ""Essence"", ""bodyType"": ""Berline bicorps trois ou cinq portes"", ""numberOfCylinders"": 4, ""capacityLt"": ""1.2000"", ""capacityTech"": ""1149.0000"", ""engineCodes"": ""D4F 712"", ""engId"": 16186}",RAPID-2715569
2404856c-a834-4695-b86f-a2099f0611a1,108665,RENAULT,"CLIO II (BB_, CB_)",2001,2016,"1.2 16V (BB05, BB0W, BB11, BB27, BB2T, BB2U, BB2V, CB05,...",16104,Berline bicorps trois ou cinq portes,Essence,55,75,1149,2026-08-08 22:47:30,,,,,,4,,"{""vehicleId"": 16104, ""manufacturerName"": ""RENAULT"", ""modelName"": ""CLIO II (BB_, CB_)"", ""typeEngineName"": ""1.2 16V (BB05, BB0W, BB11, BB27, BB2T, BB2U, BB2V, CB05,..."", ""constructionIntervalStart"": ""2001-06-01"", ""constructionIntervalEnd"": ""2016-08-01"", ""powerKw"": ""55.0000"", ""powerPs"": ""75.0000"", ""capacityTax"": null, ""fuelType"": ""Essence"", ""bodyType"": ""Berline bicorps trois ou cinq portes"", ""numberOfCylinders"": 4, ""capacityLt"": ""1.2000"", ""capacityTech"": ""1149.0000"", ""engineCodes"": ""D4F 712"", ""engId"": 16186}",RAPID-9665047
24058706-c567-4cbb-92e9-1495bdc8f0d4,108520,RENAULT,"CLIO II (BB_, CB_)",2001,2016,"1.2 16V (BB05, BB0W, BB11, BB27, BB2T, BB2U, BB2V, CB05,...",16104,Berline bicorps trois ou cinq portes,Essence,55,75,1149,2026-08-08 22:47:30,,,,,,4,,"{""vehicleId"": 16104, ""manufacturerName"": ""RENAULT"", ""modelName"": ""CLIO II (BB_, CB_)"", ""typeEngineName"": ""1.2 16V (BB05, BB0W, BB11, BB27, BB2T, BB2U, BB2V, CB05,..."", ""constructionIntervalStart"": ""2001-06-01"", ""constructionIntervalEnd"": ""2016-08-01"", ""powerKw"": ""55.0000"", ""powerPs"": ""75.0000"", ""capacityTax"": null, ""fuelType"": ""Essence"", ""bodyType"": ""Berline bicorps trois ou cinq portes"", ""numberOfCylinders"": 4, ""capacityLt"": ""1.2000"", ""capacityTech"": ""1149.0000"", ""engineCodes"": ""D4F 712"", ""engId"": 16186}",RAPID-7747667
249c049a-ab37-4a50-9572-dad7caef0563,108740,RENAULT,"CLIO II (BB_, CB_)",2001,2016,"1.2 16V (BB05, BB0W, BB11, BB27, BB2T, BB2U, BB2V, CB05,...",16104,Berline bicorps trois ou cinq portes,Essence,55,75,1149,2026-08-08 22:47:30,,,,,,4,,"{""vehicleId"": 16104, ""manufacturerName"": ""RENAULT"", ""modelName"": ""CLIO II (BB_, CB_)"", ""typeEngineName"": ""1.2 16V (BB05, BB0W, BB11, BB27, BB2T, BB2U, BB2V, CB05,..."", ""constructionIntervalStart"": ""2001-06-01"", ""constructionIntervalEnd"": ""2016-08-01"", ""powerKw"": ""55.0000"", ""powerPs"": ""75.0000"", ""capacityTax"": null, ""fuelType"": ""Essence"", ""bodyType"": ""Berline bicorps trois ou cinq portes"", ""numberOfCylinders"": 4, ""capacityLt"": ""1.2000"", ""capacityTech"": ""1149.0000"", ""engineCodes"": ""D4F 712"", ""engId"": 16186}",RAPID-26460396
24a5f02a-229f-49ce-bb3f-175817c2a209,108702,RENAULT,"CLIO II (BB_, CB_)",2001,2016,"1.2 16V (BB05, BB0W, BB11, BB27, BB2T, BB2U, BB2V, CB05,...",16104,Berline bicorps trois ou cinq portes,Essence,55,75,1149,2026-08-08 22:47:30,,,,,,4,,"{""vehicleId"": 16104, ""manufacturerName"": ""RENAULT"", ""modelName"": ""CLIO II (BB_, CB_)"", ""typeEngineName"": ""1.2 16V (BB05, BB0W, BB11, BB27, BB2T, BB2U, BB2V, CB05,..."", ""constructionIntervalStart"": ""2001-06-01"", ""constructionIntervalEnd"": ""2016-08-01"", ""powerKw"": ""55.0000"", ""powerPs"": ""75.0000"", ""capacityTax"": null, ""fuelType"": ""Essence"", ""bodyType"": ""Berline bicorps trois ou cinq portes"", ""numberOfCylinders"": 4, ""capacityLt"": ""1.2000"", ""capacityTech"": ""1149.0000"", ""engineCodes"": ""D4F 712"", ""engId"": 16186}",RAPID-9686787
2537f3b5-8d7d-4433-8165-1a6c3cd1798a,108260,RENAULT,"CLIO II (BB_, CB_)",2001,2016,"1.2 16V (BB05, BB0W, BB11, BB27, BB2T, BB2U, BB2V, CB05,...",16104,Berline bicorps trois ou cinq portes,Essence,55,75,1149,2026-08-08 22:47:30,,,,,,4,,"{""vehicleId"": 16104, ""manufacturerName"": ""RENAULT"", ""modelName"": ""CLIO II (BB_, CB_)"", ""typeEngineName"": ""1.2 16V (BB05, BB0W, BB11, BB27, BB2T, BB2U, BB2V, CB05,..."", ""constructionIntervalStart"": ""2001-06-01"", ""constructionIntervalEnd"": ""2016-08-01"", ""powerKw"": ""55.0000"", ""powerPs"": ""75.0000"", ""capacityTax"": null, ""fuelType"": ""Essence"", ""bodyType"": ""Berline bicorps trois ou cinq portes"", ""numberOfCylinders"": 4, ""capacityLt"": ""1.2000"", ""capacityTech"": ""1149.0000"", ""engineCodes"": ""D4F 712"", ""engId"": 16186}",RAPID-2512729
25a22581-da1b-4f61-b76a-352ee490501a,108415,RENAULT,"CLIO II (BB_, CB_)",2001,2016,"1.2 16V (BB05, BB0W, BB11, BB27, BB2T, BB2U, BB2V, CB05,...",16104,Berline bicorps trois ou cinq portes,Essence,55,75,1149,2026-08-08 22:47:30,,,,,,4,,"{""vehicleId"": 16104, ""manufacturerName"": ""RENAULT"", ""modelName"": ""CLIO II (BB_, CB_)"", ""typeEngineName"": ""1.2 16V (BB05, BB0W, BB11, BB27, BB2T, BB2U, BB2V, CB05,..."", ""constructionIntervalStart"": ""2001-06-01"", ""constructionIntervalEnd"": ""2016-08-01"", ""powerKw"": ""55.0000"", ""powerPs"": ""75.0000"", ""capacityTax"": null, ""fuelType"": ""Essence"", ""bodyType"": ""Berline bicorps trois ou cinq portes"", ""numberOfCylinders"": 4, ""capacityLt"": ""1.2000"", ""capacityTech"": ""1149.0000"", ""engineCodes"": ""D4F 712"", ""engId"": 16186}",RAPID-164995
25d62253-f5be-4cc5-b30a-edf9f9e965fc,108422,RENAULT,"CLIO II (BB_, CB_)",2001,2016,"1.2 16V (BB05, BB0W, BB11, BB27, BB2T, BB2U, BB2V, CB05,...",16104,Berline bicorps trois ou cinq portes,Essence,55,75,1149,2026-08-08 22:47:30,,,,,,4,,"{""vehicleId"": 16104, ""manufacturerName"": ""RENAULT"", ""modelName"": ""CLIO II (BB_, CB_)"", ""typeEngineName"": ""1.2 16V (BB05, BB0W, BB11, BB27, BB2T, BB2U, BB2V, CB05,..."", ""constructionIntervalStart"": ""2001-06-01"", ""constructionIntervalEnd"": ""2016-08-01"", ""powerKw"": ""55.0000"", ""powerPs"": ""75.0000"", ""capacityTax"": null, ""fuelType"": ""Essence"", ""bodyType"": ""Berline bicorps trois ou cinq portes"", ""numberOfCylinders"": 4, ""capacityLt"": ""1.2000"", ""capacityTech"": ""1149.0000"", ""engineCodes"": ""D4F 712"", ""engId"": 16186}",RAPID-502057
25dbe8ce-ece2-4dd3-a87d-6861814b18a7,108782,RENAULT,"CLIO II (BB_, CB_)",2001,2016,"1.2 16V (BB05, BB0W, BB11, BB27, BB2T, BB2U, BB2V, CB05,...",16104,Berline bicorps trois ou cinq portes,Essence,55,75,1149,2026-08-08 22:47:30,,,,,,4,,"{""vehicleId"": 16104, ""manufacturerName"": ""RENAULT"", ""modelName"": ""CLIO II (BB_, CB_)"", ""typeEngineName"": ""1.2 16V (BB05, BB0W, BB11, BB27, BB2T, BB2U, BB2V, CB05,..."", ""constructionIntervalStart"": ""2001-06-01"", ""constructionIntervalEnd"": ""2016-08-01"", ""powerKw"": ""55.0000"", ""powerPs"": ""75.0000"", ""capacityTax"": null, ""fuelType"": ""Essence"", ""bodyType"": ""Berline bicorps trois ou cinq portes"", ""numberOfCylinders"": 4, ""capacityLt"": ""1.2000"", ""capacityTech"": ""1149.0000"", ""engineCodes"": ""D4F 712"", ""engId"": 16186}",RAPID-2477871
263efcb7-bdcc-44d5-b53a-a26e4e356f19,108022,AUDI,80 B4 Saloon (8C2),1991,1994,1.9 TD,1392,Saloon,Diesel,,,,2026-08-06 14:24:09,,,,,,,,,RAPID-82430893
26a98ae0-3063-4329-9f31-223337d7d334,108265,RENAULT,"CLIO II (BB_, CB_)",2001,2016,"1.2 16V (BB05, BB0W, BB11, BB27, BB2T, BB2U, BB2V, CB05,...",16104,Berline bicorps trois ou cinq portes,Essence,55,75,1149,2026-08-08 22:47:30,,,,,,4,,"{""vehicleId"": 16104, ""manufacturerName"": ""RENAULT"", ""modelName"": ""CLIO II (BB_, CB_)"", ""typeEngineName"": ""1.2 16V (BB05, BB0W, BB11, BB27, BB2T, BB2U, BB2V, CB05,..."", ""constructionIntervalStart"": ""2001-06-01"", ""constructionIntervalEnd"": ""2016-08-01"", ""powerKw"": ""55.0000"", ""powerPs"": ""75.0000"", ""capacityTax"": null, ""fuelType"": ""Essence"", ""bodyType"": ""Berline bicorps trois ou cinq portes"", ""numberOfCylinders"": 4, ""capacityLt"": ""1.2000"", ""capacityTech"": ""1149.0000"", ""engineCodes"": ""D4F 712"", ""engId"": 16186}",RAPID-2512850
270d6f86-f87a-4936-af08-65e24a0ed0df,108060,RENAULT,"CLIO II (BB_, CB_)",2001,2016,"1.2 16V (BB05, BB0W, BB11, BB27, BB2T, BB2U, BB2V, CB05,...",16104,Berline bicorps trois ou cinq portes,Essence,55,75,1149,2026-08-08 22:47:30,,,,,,4,,"{""vehicleId"": 16104, ""manufacturerName"": ""RENAULT"", ""modelName"": ""CLIO II (BB_, CB_)"", ""typeEngineName"": ""1.2 16V (BB05, BB0W, BB11, BB27, BB2T, BB2U, BB2V, CB05,..."", ""constructionIntervalStart"": ""2001-06-01"", ""constructionIntervalEnd"": ""2016-08-01"", ""powerKw"": ""55.0000"", ""powerPs"": ""75.0000"", ""capacityTax"": null, ""fuelType"": ""Essence"", ""bodyType"": ""Berline bicorps trois ou cinq portes"", ""numberOfCylinders"": 4, ""capacityLt"": ""1.2000"", ""capacityTech"": ""1149.0000"", ""engineCodes"": ""D4F 712"", ""engId"": 16186}",RAPID-40470918
276070e3-5fbd-45de-80d7-38c47b66d642,108262,RENAULT,"CLIO II (BB_, CB_)",2001,2016,"1.2 16V (BB05, BB0W, BB11, BB27, BB2T, BB2U, BB2V, CB05,...",16104,Berline bicorps trois ou cinq portes,Essence,55,75,1149,2026-08-08 22:47:30,,,,,,4,,"{""vehicleId"": 16104, ""manufacturerName"": ""RENAULT"", ""modelName"": ""CLIO II (BB_, CB_)"", ""typeEngineName"": ""1.2 16V (BB05, BB0W, BB11, BB27, BB2T, BB2U, BB2V, CB05,..."", ""constructionIntervalStart"": ""2001-06-01"", ""constructionIntervalEnd"": ""2016-08-01"", ""powerKw"": ""55.0000"", ""powerPs"": ""75.0000"", ""capacityTax"": null, ""fuelType"": ""Essence"", ""bodyType"": ""Berline bicorps trois ou cinq portes"", ""numberOfCylinders"": 4, ""capacityLt"": ""1.2000"", ""capacityTech"": ""1149.0000"", ""engineCodes"": ""D4F 712"", ""engId"": 16186}",RAPID-2512830
2860662a-1b67-4a42-89fa-111b43879ba2,108708,RENAULT,"CLIO II (BB_, CB_)",2001,2016,"1.2 16V (BB05, BB0W, BB11, BB27, BB2T, BB2U, BB2V, CB05,...",16104,Berline bicorps trois ou cinq portes,Essence,55,75,1149,2026-08-08 22:47:30,,,,,,4,,"{""vehicleId"": 16104, ""manufacturerName"": ""RENAULT"", ""modelName"": ""CLIO II (BB_, CB_)"", ""typeEngineName"": ""1.2 16V (BB05, BB0W, BB11, BB27, BB2T, BB2U, BB2V, CB05,..."", ""constructionIntervalStart"": ""2001-06-01"", ""constructionIntervalEnd"": ""2016-08-01"", ""powerKw"": ""55.0000"", ""powerPs"": ""75.0000"", ""capacityTax"": null, ""fuelType"": ""Essence"", ""bodyType"": ""Berline bicorps trois ou cinq portes"", ""numberOfCylinders"": 4, ""capacityLt"": ""1.2000"", ""capacityTech"": ""1149.0000"", ""engineCodes"": ""D4F 712"", ""engId"": 16186}",RAPID-1660233
286abacb-fafe-4e89-80e0-ae2b0a7d63f4,108661,RENAULT,"CLIO II (BB_, CB_)",2001,2016,"1.2 16V (BB05, BB0W, BB11, BB27, BB2T, BB2U, BB2V, CB05,...",16104,Berline bicorps trois ou cinq portes,Essence,55,75,1149,2026-08-08 22:47:30,,,,,,4,,"{""vehicleId"": 16104, ""manufacturerName"": ""RENAULT"", ""modelName"": ""CLIO II (BB_, CB_)"", ""typeEngineName"": ""1.2 16V (BB05, BB0W, BB11, BB27, BB2T, BB2U, BB2V, CB05,..."", ""constructionIntervalStart"": ""2001-06-01"", ""constructionIntervalEnd"": ""2016-08-01"", ""powerKw"": ""55.0000"", ""powerPs"": ""75.0000"", ""capacityTax"": null, ""fuelType"": ""Essence"", ""bodyType"": ""Berline bicorps trois ou cinq portes"", ""numberOfCylinders"": 4, ""capacityLt"": ""1.2000"", ""capacityTech"": ""1149.0000"", ""engineCodes"": ""D4F 712"", ""engId"": 16186}",RAPID-9665025
296cc32a-e2de-40e1-9a67-856fbcbd6a38,108130,RENAULT,"CLIO II (BB_, CB_)",2001,2016,"1.2 16V (BB05, BB0W, BB11, BB27, BB2T, BB2U, BB2V, CB05,...",16104,Berline bicorps trois ou cinq portes,Essence,55,75,1149,2026-08-08 22:47:30,,,,,,4,,"{""vehicleId"": 16104, ""manufacturerName"": ""RENAULT"", ""modelName"": ""CLIO II (BB_, CB_)"", ""typeEngineName"": ""1.2 16V (BB05, BB0W, BB11, BB27, BB2T, BB2U, BB2V, CB05,..."", ""constructionIntervalStart"": ""2001-06-01"", ""constructionIntervalEnd"": ""2016-08-01"", ""powerKw"": ""55.0000"", ""powerPs"": ""75.0000"", ""capacityTax"": null, ""fuelType"": ""Essence"", ""bodyType"": ""Berline bicorps trois ou cinq portes"", ""numberOfCylinders"": 4, ""capacityLt"": ""1.2000"", ""capacityTech"": ""1149.0000"", ""engineCodes"": ""D4F 712"", ""engId"": 16186}",RAPID-6848004
29b13c45-72a5-45c4-a9ff-65eb63c6ed6e,108473,RENAULT,"CLIO II (BB_, CB_)",2001,2016,"1.2 16V (BB05, BB0W, BB11, BB27, BB2T, BB2U, BB2V, CB05,...",16104,Berline bicorps trois ou cinq portes,Essence,55,75,1149,2026-08-08 22:47:30,,,,,,4,,"{""vehicleId"": 16104, ""manufacturerName"": ""RENAULT"", ""modelName"": ""CLIO II (BB_, CB_)"", ""typeEngineName"": ""1.2 16V (BB05, BB0W, BB11, BB27, BB2T, BB2U, BB2V, CB05,..."", ""constructionIntervalStart"": ""2001-06-01"", ""constructionIntervalEnd"": ""2016-08-01"", ""powerKw"": ""55.0000"", ""powerPs"": ""75.0000"", ""capacityTax"": null, ""fuelType"": ""Essence"", ""bodyType"": ""Berline bicorps trois ou cinq portes"", ""numberOfCylinders"": 4, ""capacityLt"": ""1.2000"", ""capacityTech"": ""1149.0000"", ""engineCodes"": ""D4F 712"", ""engId"": 16186}",RAPID-9192165
29ef29e0-b76b-488d-9e35-a139872b8587,108107,RENAULT,"CLIO II (BB_, CB_)",2001,2016,"1.2 16V (BB05, BB0W, BB11, BB27, BB2T, BB2U, BB2V, CB05,...",16104,Berline bicorps trois ou cinq portes,Essence,55,75,1149,2026-08-08 22:47:30,,,,,,4,,"{""vehicleId"": 16104, ""manufacturerName"": ""RENAULT"", ""modelName"": ""CLIO II (BB_, CB_)"", ""typeEngineName"": ""1.2 16V (BB05, BB0W, BB11, BB27, BB2T, BB2U, BB2V, CB05,..."", ""constructionIntervalStart"": ""2001-06-01"", ""constructionIntervalEnd"": ""2016-08-01"", ""powerKw"": ""55.0000"", ""powerPs"": ""75.0000"", ""capacityTax"": null, ""fuelType"": ""Essence"", ""bodyType"": ""Berline bicorps trois ou cinq portes"", ""numberOfCylinders"": 4, ""capacityLt"": ""1.2000"", ""capacityTech"": ""1149.0000"", ""engineCodes"": ""D4F 712"", ""engId"": 16186}",RAPID-40600138
2a12f5b1-545f-46d6-ba4b-4235a1b5854d,108122,RENAULT,"CLIO II (BB_, CB_)",2001,2016,"1.2 16V (BB05, BB0W, BB11, BB27, BB2T, BB2U, BB2V, CB05,...",16104,Berline bicorps trois ou cinq portes,Essence,55,75,1149,2026-08-08 22:47:30,,,,,,4,,"{""vehicleId"": 16104, ""manufacturerName"": ""RENAULT"", ""modelName"": ""CLIO II (BB_, CB_)"", ""typeEngineName"": ""1.2 16V (BB05, BB0W, BB11, BB27, BB2T, BB2U, BB2V, CB05,..."", ""constructionIntervalStart"": ""2001-06-01"", ""constructionIntervalEnd"": ""2016-08-01"", ""powerKw"": ""55.0000"", ""powerPs"": ""75.0000"", ""capacityTax"": null, ""fuelType"": ""Essence"", ""bodyType"": ""Berline bicorps trois ou cinq portes"", ""numberOfCylinders"": 4, ""capacityLt"": ""1.2000"", ""capacityTech"": ""1149.0000"", ""engineCodes"": ""D4F 712"", ""engId"": 16186}",RAPID-7910504
2ae1a7df-fdd4-4d87-8cb3-200f26874791,108058,RENAULT,"CLIO II (BB_, CB_)",2001,2016,"1.2 16V (BB05, BB0W, BB11, BB27, BB2T, BB2U, BB2V, CB05,...",16104,Berline bicorps trois ou cinq portes,Essence,55,75,1149,2026-08-08 22:47:30,,,,,,4,,"{""vehicleId"": 16104, ""manufacturerName"": ""RENAULT"", ""modelName"": ""CLIO II (BB_, CB_)"", ""typeEngineName"": ""1.2 16V (BB05, BB0W, BB11, BB27, BB2T, BB2U, BB2V, CB05,..."", ""constructionIntervalStart"": ""2001-06-01"", ""constructionIntervalEnd"": ""2016-08-01"", ""powerKw"": ""55.0000"", ""powerPs"": ""75.0000"", ""capacityTax"": null, ""fuelType"": ""Essence"", ""bodyType"": ""Berline bicorps trois ou cinq portes"", ""numberOfCylinders"": 4, ""capacityLt"": ""1.2000"", ""capacityTech"": ""1149.0000"", ""engineCodes"": ""D4F 712"", ""engId"": 16186}",RAPID-10396180
2ae4f85e-4030-45b1-82f7-db80ac08d6a4,108032,AUDI,80 B4 Saloon (8C2),1991,1994,1.9 TD,1392,Saloon,Diesel,,,,2026-08-06 14:24:09,,,,,,,,,RAPID-85616011
2b97dd20-c1dd-4afc-9fcd-05857f3d96d7,108167,RENAULT,"CLIO II (BB_, CB_)",2001,2016,"1.2 16V (BB05, BB0W, BB11, BB27, BB2T, BB2U, BB2V, CB05,...",16104,Berline bicorps trois ou cinq portes,Essence,55,75,1149,2026-08-08 22:47:30,,,,,,4,,"{""vehicleId"": 16104, ""manufacturerName"": ""RENAULT"", ""modelName"": ""CLIO II (BB_, CB_)"", ""typeEngineName"": ""1.2 16V (BB05, BB0W, BB11, BB27, BB2T, BB2U, BB2V, CB05,..."", ""constructionIntervalStart"": ""2001-06-01"", ""constructionIntervalEnd"": ""2016-08-01"", ""powerKw"": ""55.0000"", ""powerPs"": ""75.0000"", ""capacityTax"": null, ""fuelType"": ""Essence"", ""bodyType"": ""Berline bicorps trois ou cinq portes"", ""numberOfCylinders"": 4, ""capacityLt"": ""1.2000"", ""capacityTech"": ""1149.0000"", ""engineCodes"": ""D4F 712"", ""engId"": 16186}",RAPID-49777592
2bd65609-3fdd-4ea7-8e0e-c58e7f944d9b,108785,RENAULT,"CLIO II (BB_, CB_)",2001,2016,"1.2 16V (BB05, BB0W, BB11, BB27, BB2T, BB2U, BB2V, CB05,...",16104,Berline bicorps trois ou cinq portes,Essence,55,75,1149,2026-08-08 22:47:30,,,,,,4,,"{""vehicleId"": 16104, ""manufacturerName"": ""RENAULT"", ""modelName"": ""CLIO II (BB_, CB_)"", ""typeEngineName"": ""1.2 16V (BB05, BB0W, BB11, BB27, BB2T, BB2U, BB2V, CB05,..."", ""constructionIntervalStart"": ""2001-06-01"", ""constructionIntervalEnd"": ""2016-08-01"", ""powerKw"": ""55.0000"", ""powerPs"": ""75.0000"", ""capacityTax"": null, ""fuelType"": ""Essence"", ""bodyType"": ""Berline bicorps trois ou cinq portes"", ""numberOfCylinders"": 4, ""capacityLt"": ""1.2000"", ""capacityTech"": ""1149.0000"", ""engineCodes"": ""D4F 712"", ""engId"": 16186}",RAPID-2477882
2be10761-faa8-4611-8dca-770c00c817ee,108442,RENAULT,"CLIO II (BB_, CB_)",2001,2016,"1.2 16V (BB05, BB0W, BB11, BB27, BB2T, BB2U, BB2V, CB05,...",16104,Berline bicorps trois ou cinq portes,Essence,55,75,1149,2026-08-08 22:47:30,,,,,,4,,"{""vehicleId"": 16104, ""manufacturerName"": ""RENAULT"", ""modelName"": ""CLIO II (BB_, CB_)"", ""typeEngineName"": ""1.2 16V (BB05, BB0W, BB11, BB27, BB2T, BB2U, BB2V, CB05,..."", ""constructionIntervalStart"": ""2001-06-01"", ""constructionIntervalEnd"": ""2016-08-01"", ""powerKw"": ""55.0000"", ""powerPs"": ""75.0000"", ""capacityTax"": null, ""fuelType"": ""Essence"", ""bodyType"": ""Berline bicorps trois ou cinq portes"", ""numberOfCylinders"": 4, ""capacityLt"": ""1.2000"", ""capacityTech"": ""1149.0000"", ""engineCodes"": ""D4F 712"", ""engId"": 16186}",RAPID-5414373
2c693831-faa7-46c8-bec2-5a656e96f310,108143,RENAULT,"CLIO II (BB_, CB_)",2001,2016,"1.2 16V (BB05, BB0W, BB11, BB27, BB2T, BB2U, BB2V, CB05,...",16104,Berline bicorps trois ou cinq portes,Essence,55,75,1149,2026-08-08 22:47:30,,,,,,4,,"{""vehicleId"": 16104, ""manufacturerName"": ""RENAULT"", ""modelName"": ""CLIO II (BB_, CB_)"", ""typeEngineName"": ""1.2 16V (BB05, BB0W, BB11, BB27, BB2T, BB2U, BB2V, CB05,..."", ""constructionIntervalStart"": ""2001-06-01"", ""constructionIntervalEnd"": ""2016-08-01"", ""powerKw"": ""55.0000"", ""powerPs"": ""75.0000"", ""capacityTax"": null, ""fuelType"": ""Essence"", ""bodyType"": ""Berline bicorps trois ou cinq portes"", ""numberOfCylinders"": 4, ""capacityLt"": ""1.2000"", ""capacityTech"": ""1149.0000"", ""engineCodes"": ""D4F 712"", ""engId"": 16186}",RAPID-3024132
2ccb880b-135c-458c-b2ca-e3903da40205,108457,RENAULT,"CLIO II (BB_, CB_)",2001,2016,"1.2 16V (BB05, BB0W, BB11, BB27, BB2T, BB2U, BB2V, CB05,...",16104,Berline bicorps trois ou cinq portes,Essence,55,75,1149,2026-08-08 22:47:30,,,,,,4,,"{""vehicleId"": 16104, ""manufacturerName"": ""RENAULT"", ""modelName"": ""CLIO II (BB_, CB_)"", ""typeEngineName"": ""1.2 16V (BB05, BB0W, BB11, BB27, BB2T, BB2U, BB2V, CB05,..."", ""constructionIntervalStart"": ""2001-06-01"", ""constructionIntervalEnd"": ""2016-08-01"", ""powerKw"": ""55.0000"", ""powerPs"": ""75.0000"", ""capacityTax"": null, ""fuelType"": ""Essence"", ""bodyType"": ""Berline bicorps trois ou cinq portes"", ""numberOfCylinders"": 4, ""capacityLt"": ""1.2000"", ""capacityTech"": ""1149.0000"", ""engineCodes"": ""D4F 712"", ""engId"": 16186}",RAPID-332569
2ce91ea2-90e6-4ca2-a16d-0fde18f2d11c,108654,RENAULT,"CLIO II (BB_, CB_)",2001,2016,"1.2 16V (BB05, BB0W, BB11, BB27, BB2T, BB2U, BB2V, CB05,...",16104,Berline bicorps trois ou cinq portes,Essence,55,75,1149,2026-08-08 22:47:30,,,,,,4,,"{""vehicleId"": 16104, ""manufacturerName"": ""RENAULT"", ""modelName"": ""CLIO II (BB_, CB_)"", ""typeEngineName"": ""1.2 16V (BB05, BB0W, BB11, BB27, BB2T, BB2U, BB2V, CB05,..."", ""constructionIntervalStart"": ""2001-06-01"", ""constructionIntervalEnd"": ""2016-08-01"", ""powerKw"": ""55.0000"", ""powerPs"": ""75.0000"", ""capacityTax"": null, ""fuelType"": ""Essence"", ""bodyType"": ""Berline bicorps trois ou cinq portes"", ""numberOfCylinders"": 4, ""capacityLt"": ""1.2000"", ""capacityTech"": ""1149.0000"", ""engineCodes"": ""D4F 712"", ""engId"": 16186}",RAPID-6469468
2d5dddf5-8565-49f6-908a-1b1886bfad19,108179,RENAULT,"CLIO II (BB_, CB_)",2001,2016,"1.2 16V (BB05, BB0W, BB11, BB27, BB2T, BB2U, BB2V, CB05,...",16104,Berline bicorps trois ou cinq portes,Essence,55,75,1149,2026-08-08 22:47:30,,,,,,4,,"{""vehicleId"": 16104, ""manufacturerName"": ""RENAULT"", ""modelName"": ""CLIO II (BB_, CB_)"", ""typeEngineName"": ""1.2 16V (BB05, BB0W, BB11, BB27, BB2T, BB2U, BB2V, CB05,..."", ""constructionIntervalStart"": ""2001-06-01"", ""constructionIntervalEnd"": ""2016-08-01"", ""powerKw"": ""55.0000"", ""powerPs"": ""75.0000"", ""capacityTax"": null, ""fuelType"": ""Essence"", ""bodyType"": ""Berline bicorps trois ou cinq portes"", ""numberOfCylinders"": 4, ""capacityLt"": ""1.2000"", ""capacityTech"": ""1149.0000"", ""engineCodes"": ""D4F 712"", ""engId"": 16186}",RAPID-8956850
2d7e1238-dff4-4c13-830f-91f49d2a87c8,108015,AUDI,80 B4 Saloon (8C2),1991,1994,1.9 TD,1392,Saloon,Diesel,,,,2026-08-06 14:24:09,,,,,,,,,RAPID-21393197
2db28c97-1eb3-4228-ae59-1687e01dd9d9,108296,RENAULT,"CLIO II (BB_, CB_)",2001,2016,"1.2 16V (BB05, BB0W, BB11, BB27, BB2T, BB2U, BB2V, CB05,...",16104,Berline bicorps trois ou cinq portes,Essence,55,75,1149,2026-08-08 22:47:30,,,,,,4,,"{""vehicleId"": 16104, ""manufacturerName"": ""RENAULT"", ""modelName"": ""CLIO II (BB_, CB_)"", ""typeEngineName"": ""1.2 16V (BB05, BB0W, BB11, BB27, BB2T, BB2U, BB2V, CB05,..."", ""constructionIntervalStart"": ""2001-06-01"", ""constructionIntervalEnd"": ""2016-08-01"", ""powerKw"": ""55.0000"", ""powerPs"": ""75.0000"", ""capacityTax"": null, ""fuelType"": ""Essence"", ""bodyType"": ""Berline bicorps trois ou cinq portes"", ""numberOfCylinders"": 4, ""capacityLt"": ""1.2000"", ""capacityTech"": ""1149.0000"", ""engineCodes"": ""D4F 712"", ""engId"": 16186}",RAPID-4612485
2ea38187-8eff-46da-b653-e77f6ad7234b,108841,RENAULT,"CLIO II (BB_, CB_)",2001,2016,"1.2 16V (BB05, BB0W, BB11, BB27, BB2T, BB2U, BB2V, CB05,...",16104,Berline bicorps trois ou cinq portes,Essence,55,75,1149,2026-08-08 22:47:30,,,,,,4,,"{""vehicleId"": 16104, ""manufacturerName"": ""RENAULT"", ""modelName"": ""CLIO II (BB_, CB_)"", ""typeEngineName"": ""1.2 16V (BB05, BB0W, BB11, BB27, BB2T, BB2U, BB2V, CB05,..."", ""constructionIntervalStart"": ""2001-06-01"", ""constructionIntervalEnd"": ""2016-08-01"", ""powerKw"": ""55.0000"", ""powerPs"": ""75.0000"", ""capacityTax"": null, ""fuelType"": ""Essence"", ""bodyType"": ""Berline bicorps trois ou cinq portes"", ""numberOfCylinders"": 4, ""capacityLt"": ""1.2000"", ""capacityTech"": ""1149.0000"", ""engineCodes"": ""D4F 712"", ""engId"": 16186}",RAPID-1833351
2ead9075-95ae-4e8f-a7e3-46eb3986430b,108631,RENAULT,"CLIO II (BB_, CB_)",2001,2016,"1.2 16V (BB05, BB0W, BB11, BB27, BB2T, BB2U, BB2V, CB05,...",16104,Berline bicorps trois ou cinq portes,Essence,55,75,1149,2026-08-08 22:47:30,,,,,,4,,"{""vehicleId"": 16104, ""manufacturerName"": ""RENAULT"", ""modelName"": ""CLIO II (BB_, CB_)"", ""typeEngineName"": ""1.2 16V (BB05, BB0W, BB11, BB27, BB2T, BB2U, BB2V, CB05,..."", ""constructionIntervalStart"": ""2001-06-01"", ""constructionIntervalEnd"": ""2016-08-01"", ""powerKw"": ""55.0000"", ""powerPs"": ""75.0000"", ""capacityTax"": null, ""fuelType"": ""Essence"", ""bodyType"": ""Berline bicorps trois ou cinq portes"", ""numberOfCylinders"": 4, ""capacityLt"": ""1.2000"", ""capacityTech"": ""1149.0000"", ""engineCodes"": ""D4F 712"", ""engId"": 16186}",RAPID-9217440
2f652fdc-b683-4a25-afa8-dc3da0f5cfe6,108478,RENAULT,"CLIO II (BB_, CB_)",2001,2016,"1.2 16V (BB05, BB0W, BB11, BB27, BB2T, BB2U, BB2V, CB05,...",16104,Berline bicorps trois ou cinq portes,Essence,55,75,1149,2026-08-08 22:47:30,,,,,,4,,"{""vehicleId"": 16104, ""manufacturerName"": ""RENAULT"", ""modelName"": ""CLIO II (BB_, CB_)"", ""typeEngineName"": ""1.2 16V (BB05, BB0W, BB11, BB27, BB2T, BB2U, BB2V, CB05,..."", ""constructionIntervalStart"": ""2001-06-01"", ""constructionIntervalEnd"": ""2016-08-01"", ""powerKw"": ""55.0000"", ""powerPs"": ""75.0000"", ""capacityTax"": null, ""fuelType"": ""Essence"", ""bodyType"": ""Berline bicorps trois ou cinq portes"", ""numberOfCylinders"": 4, ""capacityLt"": ""1.2000"", ""capacityTech"": ""1149.0000"", ""engineCodes"": ""D4F 712"", ""engId"": 16186}",RAPID-52301892
2f95eb5e-83bf-4b7e-a6ab-14afe3cde3de,108683,RENAULT,"CLIO II (BB_, CB_)",2001,2016,"1.2 16V (BB05, BB0W, BB11, BB27, BB2T, BB2U, BB2V, CB05,...",16104,Berline bicorps trois ou cinq portes,Essence,55,75,1149,2026-08-08 22:47:30,,,,,,4,,"{""vehicleId"": 16104, ""manufacturerName"": ""RENAULT"", ""modelName"": ""CLIO II (BB_, CB_)"", ""typeEngineName"": ""1.2 16V (BB05, BB0W, BB11, BB27, BB2T, BB2U, BB2V, CB05,..."", ""constructionIntervalStart"": ""2001-06-01"", ""constructionIntervalEnd"": ""2016-08-01"", ""powerKw"": ""55.0000"", ""powerPs"": ""75.0000"", ""capacityTax"": null, ""fuelType"": ""Essence"", ""bodyType"": ""Berline bicorps trois ou cinq portes"", ""numberOfCylinders"": 4, ""capacityLt"": ""1.2000"", ""capacityTech"": ""1149.0000"", ""engineCodes"": ""D4F 712"", ""engId"": 16186}",RAPID-9495954
2fe45b77-74cf-4764-996c-bf9d9dc45b0e,108305,RENAULT,"CLIO II (BB_, CB_)",2001,2016,"1.2 16V (BB05, BB0W, BB11, BB27, BB2T, BB2U, BB2V, CB05,...",16104,Berline bicorps trois ou cinq portes,Essence,55,75,1149,2026-08-08 22:47:30,,,,,,4,,"{""vehicleId"": 16104, ""manufacturerName"": ""RENAULT"", ""modelName"": ""CLIO II (BB_, CB_)"", ""typeEngineName"": ""1.2 16V (BB05, BB0W, BB11, BB27, BB2T, BB2U, BB2V, CB05,..."", ""constructionIntervalStart"": ""2001-06-01"", ""constructionIntervalEnd"": ""2016-08-01"", ""powerKw"": ""55.0000"", ""powerPs"": ""75.0000"", ""capacityTax"": null, ""fuelType"": ""Essence"", ""bodyType"": ""Berline bicorps trois ou cinq portes"", ""numberOfCylinders"": 4, ""capacityLt"": ""1.2000"", ""capacityTech"": ""1149.0000"", ""engineCodes"": ""D4F 712"", ""engId"": 16186}",RAPID-4612563
3003dd96-69b3-41de-bf52-fd907d2b260d,108582,RENAULT,"CLIO II (BB_, CB_)",2001,2016,"1.2 16V (BB05, BB0W, BB11, BB27, BB2T, BB2U, BB2V, CB05,...",16104,Berline bicorps trois ou cinq portes,Essence,55,75,1149,2026-08-08 22:47:30,,,,,,4,,"{""vehicleId"": 16104, ""manufacturerName"": ""RENAULT"", ""modelName"": ""CLIO II (BB_, CB_)"", ""typeEngineName"": ""1.2 16V (BB05, BB0W, BB11, BB27, BB2T, BB2U, BB2V, CB05,..."", ""constructionIntervalStart"": ""2001-06-01"", ""constructionIntervalEnd"": ""2016-08-01"", ""powerKw"": ""55.0000"", ""powerPs"": ""75.0000"", ""capacityTax"": null, ""fuelType"": ""Essence"", ""bodyType"": ""Berline bicorps trois ou cinq portes"", ""numberOfCylinders"": 4, ""capacityLt"": ""1.2000"", ""capacityTech"": ""1149.0000"", ""engineCodes"": ""D4F 712"", ""engId"": 16186}",RAPID-23665187
30045dc1-9c4c-4984-99f2-b550ecb74c97,108204,RENAULT,"CLIO II (BB_, CB_)",2001,2016,"1.2 16V (BB05, BB0W, BB11, BB27, BB2T, BB2U, BB2V, CB05,...",16104,Berline bicorps trois ou cinq portes,Essence,55,75,1149,2026-08-08 22:47:30,,,,,,4,,"{""vehicleId"": 16104, ""manufacturerName"": ""RENAULT"", ""modelName"": ""CLIO II (BB_, CB_)"", ""typeEngineName"": ""1.2 16V (BB05, BB0W, BB11, BB27, BB2T, BB2U, BB2V, CB05,..."", ""constructionIntervalStart"": ""2001-06-01"", ""constructionIntervalEnd"": ""2016-08-01"", ""powerKw"": ""55.0000"", ""powerPs"": ""75.0000"", ""capacityTax"": null, ""fuelType"": ""Essence"", ""bodyType"": ""Berline bicorps trois ou cinq portes"", ""numberOfCylinders"": 4, ""capacityLt"": ""1.2000"", ""capacityTech"": ""1149.0000"", ""engineCodes"": ""D4F 712"", ""engId"": 16186}",RAPID-9686378
3006da14-6e65-4b2f-b3da-854d9d72ae79,108189,RENAULT,"CLIO II (BB_, CB_)",2001,2016,"1.2 16V (BB05, BB0W, BB11, BB27, BB2T, BB2U, BB2V, CB05,...",16104,Berline bicorps trois ou cinq portes,Essence,55,75,1149,2026-08-08 22:47:30,,,,,,4,,"{""vehicleId"": 16104, ""manufacturerName"": ""RENAULT"", ""modelName"": ""CLIO II (BB_, CB_)"", ""typeEngineName"": ""1.2 16V (BB05, BB0W, BB11, BB27, BB2T, BB2U, BB2V, CB05,..."", ""constructionIntervalStart"": ""2001-06-01"", ""constructionIntervalEnd"": ""2016-08-01"", ""powerKw"": ""55.0000"", ""powerPs"": ""75.0000"", ""capacityTax"": null, ""fuelType"": ""Essence"", ""bodyType"": ""Berline bicorps trois ou cinq portes"", ""numberOfCylinders"": 4, ""capacityLt"": ""1.2000"", ""capacityTech"": ""1149.0000"", ""engineCodes"": ""D4F 712"", ""engId"": 16186}",RAPID-9680220
305abddd-81d9-4d92-8ece-a42c2a0c5440,108590,RENAULT,"CLIO II (BB_, CB_)",2001,2016,"1.2 16V (BB05, BB0W, BB11, BB27, BB2T, BB2U, BB2V, CB05,...",16104,Berline bicorps trois ou cinq portes,Essence,55,75,1149,2026-08-08 22:47:30,,,,,,4,,"{""vehicleId"": 16104, ""manufacturerName"": ""RENAULT"", ""modelName"": ""CLIO II (BB_, CB_)"", ""typeEngineName"": ""1.2 16V (BB05, BB0W, BB11, BB27, BB2T, BB2U, BB2V, CB05,..."", ""constructionIntervalStart"": ""2001-06-01"", ""constructionIntervalEnd"": ""2016-08-01"", ""powerKw"": ""55.0000"", ""powerPs"": ""75.0000"", ""capacityTax"": null, ""fuelType"": ""Essence"", ""bodyType"": ""Berline bicorps trois ou cinq portes"", ""numberOfCylinders"": 4, ""capacityLt"": ""1.2000"", ""capacityTech"": ""1149.0000"", ""engineCodes"": ""D4F 712"", ""engId"": 16186}",RAPID-3032424
30a8fbb2-cd4c-4980-af8d-3a9fd1338534,108192,RENAULT,"CLIO II (BB_, CB_)",2001,2016,"1.2 16V (BB05, BB0W, BB11, BB27, BB2T, BB2U, BB2V, CB05,...",16104,Berline bicorps trois ou cinq portes,Essence,55,75,1149,2026-08-08 22:47:30,,,,,,4,,"{""vehicleId"": 16104, ""manufacturerName"": ""RENAULT"", ""modelName"": ""CLIO II (BB_, CB_)"", ""typeEngineName"": ""1.2 16V (BB05, BB0W, BB11, BB27, BB2T, BB2U, BB2V, CB05,..."", ""constructionIntervalStart"": ""2001-06-01"", ""constructionIntervalEnd"": ""2016-08-01"", ""powerKw"": ""55.0000"", ""powerPs"": ""75.0000"", ""capacityTax"": null, ""fuelType"": ""Essence"", ""bodyType"": ""Berline bicorps trois ou cinq portes"", ""numberOfCylinders"": 4, ""capacityLt"": ""1.2000"", ""capacityTech"": ""1149.0000"", ""engineCodes"": ""D4F 712"", ""engId"": 16186}",RAPID-5789165
313c9436-697e-4d0b-9710-6eaa3e58362c,108188,RENAULT,"CLIO II (BB_, CB_)",2001,2016,"1.2 16V (BB05, BB0W, BB11, BB27, BB2T, BB2U, BB2V, CB05,...",16104,Berline bicorps trois ou cinq portes,Essence,55,75,1149,2026-08-08 22:47:30,,,,,,4,,"{""vehicleId"": 16104, ""manufacturerName"": ""RENAULT"", ""modelName"": ""CLIO II (BB_, CB_)"", ""typeEngineName"": ""1.2 16V (BB05, BB0W, BB11, BB27, BB2T, BB2U, BB2V, CB05,..."", ""constructionIntervalStart"": ""2001-06-01"", ""constructionIntervalEnd"": ""2016-08-01"", ""powerKw"": ""55.0000"", ""powerPs"": ""75.0000"", ""capacityTax"": null, ""fuelType"": ""Essence"", ""bodyType"": ""Berline bicorps trois ou cinq portes"", ""numberOfCylinders"": 4, ""capacityLt"": ""1.2000"", ""capacityTech"": ""1149.0000"", ""engineCodes"": ""D4F 712"", ""engId"": 16186}",RAPID-9680217
313fd964-d451-45c4-bbd6-52744411a6c7,108738,RENAULT,"CLIO II (BB_, CB_)",2001,2016,"1.2 16V (BB05, BB0W, BB11, BB27, BB2T, BB2U, BB2V, CB05,...",16104,Berline bicorps trois ou cinq portes,Essence,55,75,1149,2026-08-08 22:47:30,,,,,,4,,"{""vehicleId"": 16104, ""manufacturerName"": ""RENAULT"", ""modelName"": ""CLIO II (BB_, CB_)"", ""typeEngineName"": ""1.2 16V (BB05, BB0W, BB11, BB27, BB2T, BB2U, BB2V, CB05,..."", ""constructionIntervalStart"": ""2001-06-01"", ""constructionIntervalEnd"": ""2016-08-01"", ""powerKw"": ""55.0000"", ""powerPs"": ""75.0000"", ""capacityTax"": null, ""fuelType"": ""Essence"", ""bodyType"": ""Berline bicorps trois ou cinq portes"", ""numberOfCylinders"": 4, ""capacityLt"": ""1.2000"", ""capacityTech"": ""1149.0000"", ""engineCodes"": ""D4F 712"", ""engId"": 16186}",RAPID-23962451
31a61c57-a27d-412d-9608-02e973d433c7,108670,RENAULT,"CLIO II (BB_, CB_)",2001,2016,"1.2 16V (BB05, BB0W, BB11, BB27, BB2T, BB2U, BB2V, CB05,...",16104,Berline bicorps trois ou cinq portes,Essence,55,75,1149,2026-08-08 22:47:30,,,,,,4,,"{""vehicleId"": 16104, ""manufacturerName"": ""RENAULT"", ""modelName"": ""CLIO II (BB_, CB_)"", ""typeEngineName"": ""1.2 16V (BB05, BB0W, BB11, BB27, BB2T, BB2U, BB2V, CB05,..."", ""constructionIntervalStart"": ""2001-06-01"", ""constructionIntervalEnd"": ""2016-08-01"", ""powerKw"": ""55.0000"", ""powerPs"": ""75.0000"", ""capacityTax"": null, ""fuelType"": ""Essence"", ""bodyType"": ""Berline bicorps trois ou cinq portes"", ""numberOfCylinders"": 4, ""capacityLt"": ""1.2000"", ""capacityTech"": ""1149.0000"", ""engineCodes"": ""D4F 712"", ""engId"": 16186}",RAPID-28499626
31b6b8ea-64c4-4b39-be2d-28bf0eacdb53,108705,RENAULT,"CLIO II (BB_, CB_)",2001,2016,"1.2 16V (BB05, BB0W, BB11, BB27, BB2T, BB2U, BB2V, CB05,...",16104,Berline bicorps trois ou cinq portes,Essence,55,75,1149,2026-08-08 22:47:30,,,,,,4,,"{""vehicleId"": 16104, ""manufacturerName"": ""RENAULT"", ""modelName"": ""CLIO II (BB_, CB_)"", ""typeEngineName"": ""1.2 16V (BB05, BB0W, BB11, BB27, BB2T, BB2U, BB2V, CB05,..."", ""constructionIntervalStart"": ""2001-06-01"", ""constructionIntervalEnd"": ""2016-08-01"", ""powerKw"": ""55.0000"", ""powerPs"": ""75.0000"", ""capacityTax"": null, ""fuelType"": ""Essence"", ""bodyType"": ""Berline bicorps trois ou cinq portes"", ""numberOfCylinders"": 4, ""capacityLt"": ""1.2000"", ""capacityTech"": ""1149.0000"", ""engineCodes"": ""D4F 712"", ""engId"": 16186}",RAPID-11053505
31ef0b5b-96ca-4de9-81c8-fd4f8e85433f,108072,RENAULT,"CLIO II (BB_, CB_)",2001,2016,"1.2 16V (BB05, BB0W, BB11, BB27, BB2T, BB2U, BB2V, CB05,...",16104,Berline bicorps trois ou cinq portes,Essence,55,75,1149,2026-08-08 22:47:30,,,,,,4,,"{""vehicleId"": 16104, ""manufacturerName"": ""RENAULT"", ""modelName"": ""CLIO II (BB_, CB_)"", ""typeEngineName"": ""1.2 16V (BB05, BB0W, BB11, BB27, BB2T, BB2U, BB2V, CB05,..."", ""constructionIntervalStart"": ""2001-06-01"", ""constructionIntervalEnd"": ""2016-08-01"", ""powerKw"": ""55.0000"", ""powerPs"": ""75.0000"", ""capacityTax"": null, ""fuelType"": ""Essence"", ""bodyType"": ""Berline bicorps trois ou cinq portes"", ""numberOfCylinders"": 4, ""capacityLt"": ""1.2000"", ""capacityTech"": ""1149.0000"", ""engineCodes"": ""D4F 712"", ""engId"": 16186}",RAPID-62773408
31f33c7c-1c23-42a3-84d6-c38fddb3aa50,108302,RENAULT,"CLIO II (BB_, CB_)",2001,2016,"1.2 16V (BB05, BB0W, BB11, BB27, BB2T, BB2U, BB2V, CB05,...",16104,Berline bicorps trois ou cinq portes,Essence,55,75,1149,2026-08-08 22:47:30,,,,,,4,,"{""vehicleId"": 16104, ""manufacturerName"": ""RENAULT"", ""modelName"": ""CLIO II (BB_, CB_)"", ""typeEngineName"": ""1.2 16V (BB05, BB0W, BB11, BB27, BB2T, BB2U, BB2V, CB05,..."", ""constructionIntervalStart"": ""2001-06-01"", ""constructionIntervalEnd"": ""2016-08-01"", ""powerKw"": ""55.0000"", ""powerPs"": ""75.0000"", ""capacityTax"": null, ""fuelType"": ""Essence"", ""bodyType"": ""Berline bicorps trois ou cinq portes"", ""numberOfCylinders"": 4, ""capacityLt"": ""1.2000"", ""capacityTech"": ""1149.0000"", ""engineCodes"": ""D4F 712"", ""engId"": 16186}",RAPID-4612548
32801c7d-0d05-498a-87b3-dd5f05e0ecba,108605,RENAULT,"CLIO II (BB_, CB_)",2001,2016,"1.2 16V (BB05, BB0W, BB11, BB27, BB2T, BB2U, BB2V, CB05,...",16104,Berline bicorps trois ou cinq portes,Essence,55,75,1149,2026-08-08 22:47:30,,,,,,4,,"{""vehicleId"": 16104, ""manufacturerName"": ""RENAULT"", ""modelName"": ""CLIO II (BB_, CB_)"", ""typeEngineName"": ""1.2 16V (BB05, BB0W, BB11, BB27, BB2T, BB2U, BB2V, CB05,..."", ""constructionIntervalStart"": ""2001-06-01"", ""constructionIntervalEnd"": ""2016-08-01"", ""powerKw"": ""55.0000"", ""powerPs"": ""75.0000"", ""capacityTax"": null, ""fuelType"": ""Essence"", ""bodyType"": ""Berline bicorps trois ou cinq portes"", ""numberOfCylinders"": 4, ""capacityLt"": ""1.2000"", ""capacityTech"": ""1149.0000"", ""engineCodes"": ""D4F 712"", ""engId"": 16186}",RAPID-3031850
329ce6be-bfbc-4c0b-8940-aa069007dff8,108578,RENAULT,"CLIO II (BB_, CB_)",2001,2016,"1.2 16V (BB05, BB0W, BB11, BB27, BB2T, BB2U, BB2V, CB05,...",16104,Berline bicorps trois ou cinq portes,Essence,55,75,1149,2026-08-08 22:47:30,,,,,,4,,"{""vehicleId"": 16104, ""manufacturerName"": ""RENAULT"", ""modelName"": ""CLIO II (BB_, CB_)"", ""typeEngineName"": ""1.2 16V (BB05, BB0W, BB11, BB27, BB2T, BB2U, BB2V, CB05,..."", ""constructionIntervalStart"": ""2001-06-01"", ""constructionIntervalEnd"": ""2016-08-01"", ""powerKw"": ""55.0000"", ""powerPs"": ""75.0000"", ""capacityTax"": null, ""fuelType"": ""Essence"", ""bodyType"": ""Berline bicorps trois ou cinq portes"", ""numberOfCylinders"": 4, ""capacityLt"": ""1.2000"", ""capacityTech"": ""1149.0000"", ""engineCodes"": ""D4F 712"", ""engId"": 16186}",RAPID-107725
3372036e-03a4-4e5b-9fff-1949768163e2,108482,RENAULT,"CLIO II (BB_, CB_)",2001,2016,"1.2 16V (BB05, BB0W, BB11, BB27, BB2T, BB2U, BB2V, CB05,...",16104,Berline bicorps trois ou cinq portes,Essence,55,75,1149,2026-08-08 22:47:30,,,,,,4,,"{""vehicleId"": 16104, ""manufacturerName"": ""RENAULT"", ""modelName"": ""CLIO II (BB_, CB_)"", ""typeEngineName"": ""1.2 16V (BB05, BB0W, BB11, BB27, BB2T, BB2U, BB2V, CB05,..."", ""constructionIntervalStart"": ""2001-06-01"", ""constructionIntervalEnd"": ""2016-08-01"", ""powerKw"": ""55.0000"", ""powerPs"": ""75.0000"", ""capacityTax"": null, ""fuelType"": ""Essence"", ""bodyType"": ""Berline bicorps trois ou cinq portes"", ""numberOfCylinders"": 4, ""capacityLt"": ""1.2000"", ""capacityTech"": ""1149.0000"", ""engineCodes"": ""D4F 712"", ""engId"": 16186}",RAPID-9049163
3382038d-bf17-4b1f-8e6b-263ebacaf397,108599,RENAULT,"CLIO II (BB_, CB_)",2001,2016,"1.2 16V (BB05, BB0W, BB11, BB27, BB2T, BB2U, BB2V, CB05,...",16104,Berline bicorps trois ou cinq portes,Essence,55,75,1149,2026-08-08 22:47:30,,,,,,4,,"{""vehicleId"": 16104, ""manufacturerName"": ""RENAULT"", ""modelName"": ""CLIO II (BB_, CB_)"", ""typeEngineName"": ""1.2 16V (BB05, BB0W, BB11, BB27, BB2T, BB2U, BB2V, CB05,..."", ""constructionIntervalStart"": ""2001-06-01"", ""constructionIntervalEnd"": ""2016-08-01"", ""powerKw"": ""55.0000"", ""powerPs"": ""75.0000"", ""capacityTax"": null, ""fuelType"": ""Essence"", ""bodyType"": ""Berline bicorps trois ou cinq portes"", ""numberOfCylinders"": 4, ""capacityLt"": ""1.2000"", ""capacityTech"": ""1149.0000"", ""engineCodes"": ""D4F 712"", ""engId"": 16186}",RAPID-3032922
33f6b3ba-fb2b-49bf-936d-2ff4f17d8de8,108446,RENAULT,"CLIO II (BB_, CB_)",2001,2016,"1.2 16V (BB05, BB0W, BB11, BB27, BB2T, BB2U, BB2V, CB05,...",16104,Berline bicorps trois ou cinq portes,Essence,55,75,1149,2026-08-08 22:47:30,,,,,,4,,"{""vehicleId"": 16104, ""manufacturerName"": ""RENAULT"", ""modelName"": ""CLIO II (BB_, CB_)"", ""typeEngineName"": ""1.2 16V (BB05, BB0W, BB11, BB27, BB2T, BB2U, BB2V, CB05,..."", ""constructionIntervalStart"": ""2001-06-01"", ""constructionIntervalEnd"": ""2016-08-01"", ""powerKw"": ""55.0000"", ""powerPs"": ""75.0000"", ""capacityTax"": null, ""fuelType"": ""Essence"", ""bodyType"": ""Berline bicorps trois ou cinq portes"", ""numberOfCylinders"": 4, ""capacityLt"": ""1.2000"", ""capacityTech"": ""1149.0000"", ""engineCodes"": ""D4F 712"", ""engId"": 16186}",RAPID-5414452
340df87a-1e7b-4828-b715-5e868d8758d2,108531,RENAULT,"CLIO II (BB_, CB_)",2001,2016,"1.2 16V (BB05, BB0W, BB11, BB27, BB2T, BB2U, BB2V, CB05,...",16104,Berline bicorps trois ou cinq portes,Essence,55,75,1149,2026-08-08 22:47:30,,,,,,4,,"{""vehicleId"": 16104, ""manufacturerName"": ""RENAULT"", ""modelName"": ""CLIO II (BB_, CB_)"", ""typeEngineName"": ""1.2 16V (BB05, BB0W, BB11, BB27, BB2T, BB2U, BB2V, CB05,..."", ""constructionIntervalStart"": ""2001-06-01"", ""constructionIntervalEnd"": ""2016-08-01"", ""powerKw"": ""55.0000"", ""powerPs"": ""75.0000"", ""capacityTax"": null, ""fuelType"": ""Essence"", ""bodyType"": ""Berline bicorps trois ou cinq portes"", ""numberOfCylinders"": 4, ""capacityLt"": ""1.2000"", ""capacityTech"": ""1149.0000"", ""engineCodes"": ""D4F 712"", ""engId"": 16186}",RAPID-19999450
340f7aaf-aa6f-4f54-b125-9abba05fbe9e,108454,RENAULT,"CLIO II (BB_, CB_)",2001,2016,"1.2 16V (BB05, BB0W, BB11, BB27, BB2T, BB2U, BB2V, CB05,...",16104,Berline bicorps trois ou cinq portes,Essence,55,75,1149,2026-08-08 22:47:30,,,,,,4,,"{""vehicleId"": 16104, ""manufacturerName"": ""RENAULT"", ""modelName"": ""CLIO II (BB_, CB_)"", ""typeEngineName"": ""1.2 16V (BB05, BB0W, BB11, BB27, BB2T, BB2U, BB2V, CB05,..."", ""constructionIntervalStart"": ""2001-06-01"", ""constructionIntervalEnd"": ""2016-08-01"", ""powerKw"": ""55.0000"", ""powerPs"": ""75.0000"", ""capacityTax"": null, ""fuelType"": ""Essence"", ""bodyType"": ""Berline bicorps trois ou cinq portes"", ""numberOfCylinders"": 4, ""capacityLt"": ""1.2000"", ""capacityTech"": ""1149.0000"", ""engineCodes"": ""D4F 712"", ""engId"": 16186}",RAPID-126460
348b23e6-6c17-4239-945b-09771d0973d3,108410,RENAULT,"CLIO II (BB_, CB_)",2001,2016,"1.2 16V (BB05, BB0W, BB11, BB27, BB2T, BB2U, BB2V, CB05,...",16104,Berline bicorps trois ou cinq portes,Essence,55,75,1149,2026-08-08 22:47:30,,,,,,4,,"{""vehicleId"": 16104, ""manufacturerName"": ""RENAULT"", ""modelName"": ""CLIO II (BB_, CB_)"", ""typeEngineName"": ""1.2 16V (BB05, BB0W, BB11, BB27, BB2T, BB2U, BB2V, CB05,..."", ""constructionIntervalStart"": ""2001-06-01"", ""constructionIntervalEnd"": ""2016-08-01"", ""powerKw"": ""55.0000"", ""powerPs"": ""75.0000"", ""capacityTax"": null, ""fuelType"": ""Essence"", ""bodyType"": ""Berline bicorps trois ou cinq portes"", ""numberOfCylinders"": 4, ""capacityLt"": ""1.2000"", ""capacityTech"": ""1149.0000"", ""engineCodes"": ""D4F 712"", ""engId"": 16186}",RAPID-81019283
34cb81b1-5245-45bb-83d0-c04f2bd7db9b,108780,RENAULT,"CLIO II (BB_, CB_)",2001,2016,"1.2 16V (BB05, BB0W, BB11, BB27, BB2T, BB2U, BB2V, CB05,...",16104,Berline bicorps trois ou cinq portes,Essence,55,75,1149,2026-08-08 22:47:30,,,,,,4,,"{""vehicleId"": 16104, ""manufacturerName"": ""RENAULT"", ""modelName"": ""CLIO II (BB_, CB_)"", ""typeEngineName"": ""1.2 16V (BB05, BB0W, BB11, BB27, BB2T, BB2U, BB2V, CB05,..."", ""constructionIntervalStart"": ""2001-06-01"", ""constructionIntervalEnd"": ""2016-08-01"", ""powerKw"": ""55.0000"", ""powerPs"": ""75.0000"", ""capacityTax"": null, ""fuelType"": ""Essence"", ""bodyType"": ""Berline bicorps trois ou cinq portes"", ""numberOfCylinders"": 4, ""capacityLt"": ""1.2000"", ""capacityTech"": ""1149.0000"", ""engineCodes"": ""D4F 712"", ""engId"": 16186}",RAPID-2478300
35a336b8-14a5-4c92-a348-770ba1d4e9ca,108314,RENAULT,"CLIO II (BB_, CB_)",2001,2016,"1.2 16V (BB05, BB0W, BB11, BB27, BB2T, BB2U, BB2V, CB05,...",16104,Berline bicorps trois ou cinq portes,Essence,55,75,1149,2026-08-08 22:47:30,,,,,,4,,"{""vehicleId"": 16104, ""manufacturerName"": ""RENAULT"", ""modelName"": ""CLIO II (BB_, CB_)"", ""typeEngineName"": ""1.2 16V (BB05, BB0W, BB11, BB27, BB2T, BB2U, BB2V, CB05,..."", ""constructionIntervalStart"": ""2001-06-01"", ""constructionIntervalEnd"": ""2016-08-01"", ""powerKw"": ""55.0000"", ""powerPs"": ""75.0000"", ""capacityTax"": null, ""fuelType"": ""Essence"", ""bodyType"": ""Berline bicorps trois ou cinq portes"", ""numberOfCylinders"": 4, ""capacityLt"": ""1.2000"", ""capacityTech"": ""1149.0000"", ""engineCodes"": ""D4F 712"", ""engId"": 16186}",RAPID-6401220
35d3bded-c4df-47e3-b62f-e69405813deb,108611,RENAULT,"CLIO II (BB_, CB_)",2001,2016,"1.2 16V (BB05, BB0W, BB11, BB27, BB2T, BB2U, BB2V, CB05,...",16104,Berline bicorps trois ou cinq portes,Essence,55,75,1149,2026-08-08 22:47:30,,,,,,4,,"{""vehicleId"": 16104, ""manufacturerName"": ""RENAULT"", ""modelName"": ""CLIO II (BB_, CB_)"", ""typeEngineName"": ""1.2 16V (BB05, BB0W, BB11, BB27, BB2T, BB2U, BB2V, CB05,..."", ""constructionIntervalStart"": ""2001-06-01"", ""constructionIntervalEnd"": ""2016-08-01"", ""powerKw"": ""55.0000"", ""powerPs"": ""75.0000"", ""capacityTax"": null, ""fuelType"": ""Essence"", ""bodyType"": ""Berline bicorps trois ou cinq portes"", ""numberOfCylinders"": 4, ""capacityLt"": ""1.2000"", ""capacityTech"": ""1149.0000"", ""engineCodes"": ""D4F 712"", ""engId"": 16186}",RAPID-14304281
3611c147-6190-4d56-8e8a-0c3dc4c0f538,108285,RENAULT,"CLIO II (BB_, CB_)",2001,2016,"1.2 16V (BB05, BB0W, BB11, BB27, BB2T, BB2U, BB2V, CB05,...",16104,Berline bicorps trois ou cinq portes,Essence,55,75,1149,2026-08-08 22:47:30,,,,,,4,,"{""vehicleId"": 16104, ""manufacturerName"": ""RENAULT"", ""modelName"": ""CLIO II (BB_, CB_)"", ""typeEngineName"": ""1.2 16V (BB05, BB0W, BB11, BB27, BB2T, BB2U, BB2V, CB05,..."", ""constructionIntervalStart"": ""2001-06-01"", ""constructionIntervalEnd"": ""2016-08-01"", ""powerKw"": ""55.0000"", ""powerPs"": ""75.0000"", ""capacityTax"": null, ""fuelType"": ""Essence"", ""bodyType"": ""Berline bicorps trois ou cinq portes"", ""numberOfCylinders"": 4, ""capacityLt"": ""1.2000"", ""capacityTech"": ""1149.0000"", ""engineCodes"": ""D4F 712"", ""engId"": 16186}",RAPID-2513192
3622d61f-4477-4404-b0f1-7226db1f75dc,108549,RENAULT,"CLIO II (BB_, CB_)",2001,2016,"1.2 16V (BB05, BB0W, BB11, BB27, BB2T, BB2U, BB2V, CB05,...",16104,Berline bicorps trois ou cinq portes,Essence,55,75,1149,2026-08-08 22:47:30,,,,,,4,,"{""vehicleId"": 16104, ""manufacturerName"": ""RENAULT"", ""modelName"": ""CLIO II (BB_, CB_)"", ""typeEngineName"": ""1.2 16V (BB05, BB0W, BB11, BB27, BB2T, BB2U, BB2V, CB05,..."", ""constructionIntervalStart"": ""2001-06-01"", ""constructionIntervalEnd"": ""2016-08-01"", ""powerKw"": ""55.0000"", ""powerPs"": ""75.0000"", ""capacityTax"": null, ""fuelType"": ""Essence"", ""bodyType"": ""Berline bicorps trois ou cinq portes"", ""numberOfCylinders"": 4, ""capacityLt"": ""1.2000"", ""capacityTech"": ""1149.0000"", ""engineCodes"": ""D4F 712"", ""engId"": 16186}",RAPID-7961211
3669daab-c056-4681-b2a0-118d1883e936,108174,RENAULT,"CLIO II (BB_, CB_)",2001,2016,"1.2 16V (BB05, BB0W, BB11, BB27, BB2T, BB2U, BB2V, CB05,...",16104,Berline bicorps trois ou cinq portes,Essence,55,75,1149,2026-08-08 22:47:30,,,,,,4,,"{""vehicleId"": 16104, ""manufacturerName"": ""RENAULT"", ""modelName"": ""CLIO II (BB_, CB_)"", ""typeEngineName"": ""1.2 16V (BB05, BB0W, BB11, BB27, BB2T, BB2U, BB2V, CB05,..."", ""constructionIntervalStart"": ""2001-06-01"", ""constructionIntervalEnd"": ""2016-08-01"", ""powerKw"": ""55.0000"", ""powerPs"": ""75.0000"", ""capacityTax"": null, ""fuelType"": ""Essence"", ""bodyType"": ""Berline bicorps trois ou cinq portes"", ""numberOfCylinders"": 4, ""capacityLt"": ""1.2000"", ""capacityTech"": ""1149.0000"", ""engineCodes"": ""D4F 712"", ""engId"": 16186}",RAPID-8956998
36a10593-4cb5-4b68-b018-7be938d6914a,108771,RENAULT,"CLIO II (BB_, CB_)",2001,2016,"1.2 16V (BB05, BB0W, BB11, BB27, BB2T, BB2U, BB2V, CB05,...",16104,Berline bicorps trois ou cinq portes,Essence,55,75,1149,2026-08-08 22:47:30,,,,,,4,,"{""vehicleId"": 16104, ""manufacturerName"": ""RENAULT"", ""modelName"": ""CLIO II (BB_, CB_)"", ""typeEngineName"": ""1.2 16V (BB05, BB0W, BB11, BB27, BB2T, BB2U, BB2V, CB05,..."", ""constructionIntervalStart"": ""2001-06-01"", ""constructionIntervalEnd"": ""2016-08-01"", ""powerKw"": ""55.0000"", ""powerPs"": ""75.0000"", ""capacityTax"": null, ""fuelType"": ""Essence"", ""bodyType"": ""Berline bicorps trois ou cinq portes"", ""numberOfCylinders"": 4, ""capacityLt"": ""1.2000"", ""capacityTech"": ""1149.0000"", ""engineCodes"": ""D4F 712"", ""engId"": 16186}",RAPID-2478009
36c27e91-7b86-4a5d-bc16-6be3ddb7f7b8,108090,RENAULT,"CLIO II (BB_, CB_)",2001,2016,"1.2 16V (BB05, BB0W, BB11, BB27, BB2T, BB2U, BB2V, CB05,...",16104,Berline bicorps trois ou cinq portes,Essence,55,75,1149,2026-08-08 22:47:30,,,,,,4,,"{""vehicleId"": 16104, ""manufacturerName"": ""RENAULT"", ""modelName"": ""CLIO II (BB_, CB_)"", ""typeEngineName"": ""1.2 16V (BB05, BB0W, BB11, BB27, BB2T, BB2U, BB2V, CB05,..."", ""constructionIntervalStart"": ""2001-06-01"", ""constructionIntervalEnd"": ""2016-08-01"", ""powerKw"": ""55.0000"", ""powerPs"": ""75.0000"", ""capacityTax"": null, ""fuelType"": ""Essence"", ""bodyType"": ""Berline bicorps trois ou cinq portes"", ""numberOfCylinders"": 4, ""capacityLt"": ""1.2000"", ""capacityTech"": ""1149.0000"", ""engineCodes"": ""D4F 712"", ""engId"": 16186}",RAPID-7903156
36ccd588-c08f-462f-9d54-260af76eca61,108604,RENAULT,"CLIO II (BB_, CB_)",2001,2016,"1.2 16V (BB05, BB0W, BB11, BB27, BB2T, BB2U, BB2V, CB05,...",16104,Berline bicorps trois ou cinq portes,Essence,55,75,1149,2026-08-08 22:47:30,,,,,,4,,"{""vehicleId"": 16104, ""manufacturerName"": ""RENAULT"", ""modelName"": ""CLIO II (BB_, CB_)"", ""typeEngineName"": ""1.2 16V (BB05, BB0W, BB11, BB27, BB2T, BB2U, BB2V, CB05,..."", ""constructionIntervalStart"": ""2001-06-01"", ""constructionIntervalEnd"": ""2016-08-01"", ""powerKw"": ""55.0000"", ""powerPs"": ""75.0000"", ""capacityTax"": null, ""fuelType"": ""Essence"", ""bodyType"": ""Berline bicorps trois ou cinq portes"", ""numberOfCylinders"": 4, ""capacityLt"": ""1.2000"", ""capacityTech"": ""1149.0000"", ""engineCodes"": ""D4F 712"", ""engId"": 16186}",RAPID-3032946
377acabc-f7e5-4d4a-9cd3-6d02cdebc488,108717,RENAULT,"CLIO II (BB_, CB_)",2001,2016,"1.2 16V (BB05, BB0W, BB11, BB27, BB2T, BB2U, BB2V, CB05,...",16104,Berline bicorps trois ou cinq portes,Essence,55,75,1149,2026-08-08 22:47:30,,,,,,4,,"{""vehicleId"": 16104, ""manufacturerName"": ""RENAULT"", ""modelName"": ""CLIO II (BB_, CB_)"", ""typeEngineName"": ""1.2 16V (BB05, BB0W, BB11, BB27, BB2T, BB2U, BB2V, CB05,..."", ""constructionIntervalStart"": ""2001-06-01"", ""constructionIntervalEnd"": ""2016-08-01"", ""powerKw"": ""55.0000"", ""powerPs"": ""75.0000"", ""capacityTax"": null, ""fuelType"": ""Essence"", ""bodyType"": ""Berline bicorps trois ou cinq portes"", ""numberOfCylinders"": 4, ""capacityLt"": ""1.2000"", ""capacityTech"": ""1149.0000"", ""engineCodes"": ""D4F 712"", ""engId"": 16186}",RAPID-8218363
37ae6f2a-2487-4a00-a93a-aaf135e3a301,108211,RENAULT,"CLIO II (BB_, CB_)",2001,2016,"1.2 16V (BB05, BB0W, BB11, BB27, BB2T, BB2U, BB2V, CB05,...",16104,Berline bicorps trois ou cinq portes,Essence,55,75,1149,2026-08-08 22:47:30,,,,,,4,,"{""vehicleId"": 16104, ""manufacturerName"": ""RENAULT"", ""modelName"": ""CLIO II (BB_, CB_)"", ""typeEngineName"": ""1.2 16V (BB05, BB0W, BB11, BB27, BB2T, BB2U, BB2V, CB05,..."", ""constructionIntervalStart"": ""2001-06-01"", ""constructionIntervalEnd"": ""2016-08-01"", ""powerKw"": ""55.0000"", ""powerPs"": ""75.0000"", ""capacityTax"": null, ""fuelType"": ""Essence"", ""bodyType"": ""Berline bicorps trois ou cinq portes"", ""numberOfCylinders"": 4, ""capacityLt"": ""1.2000"", ""capacityTech"": ""1149.0000"", ""engineCodes"": ""D4F 712"", ""engId"": 16186}",RAPID-9686801
37b3bcfb-c41c-4a72-b961-1000c85b2a83,108506,RENAULT,"CLIO II (BB_, CB_)",2001,2016,"1.2 16V (BB05, BB0W, BB11, BB27, BB2T, BB2U, BB2V, CB05,...",16104,Berline bicorps trois ou cinq portes,Essence,55,75,1149,2026-08-08 22:47:30,,,,,,4,,"{""vehicleId"": 16104, ""manufacturerName"": ""RENAULT"", ""modelName"": ""CLIO II (BB_, CB_)"", ""typeEngineName"": ""1.2 16V (BB05, BB0W, BB11, BB27, BB2T, BB2U, BB2V, CB05,..."", ""constructionIntervalStart"": ""2001-06-01"", ""constructionIntervalEnd"": ""2016-08-01"", ""powerKw"": ""55.0000"", ""powerPs"": ""75.0000"", ""capacityTax"": null, ""fuelType"": ""Essence"", ""bodyType"": ""Berline bicorps trois ou cinq portes"", ""numberOfCylinders"": 4, ""capacityLt"": ""1.2000"", ""capacityTech"": ""1149.0000"", ""engineCodes"": ""D4F 712"", ""engId"": 16186}",RAPID-12181971
37b84f62-b4f2-4496-a91d-e296690b186c,108236,RENAULT,"CLIO II (BB_, CB_)",2001,2016,"1.2 16V (BB05, BB0W, BB11, BB27, BB2T, BB2U, BB2V, CB05,...",16104,Berline bicorps trois ou cinq portes,Essence,55,75,1149,2026-08-08 22:47:30,,,,,,4,,"{""vehicleId"": 16104, ""manufacturerName"": ""RENAULT"", ""modelName"": ""CLIO II (BB_, CB_)"", ""typeEngineName"": ""1.2 16V (BB05, BB0W, BB11, BB27, BB2T, BB2U, BB2V, CB05,..."", ""constructionIntervalStart"": ""2001-06-01"", ""constructionIntervalEnd"": ""2016-08-01"", ""powerKw"": ""55.0000"", ""powerPs"": ""75.0000"", ""capacityTax"": null, ""fuelType"": ""Essence"", ""bodyType"": ""Berline bicorps trois ou cinq portes"", ""numberOfCylinders"": 4, ""capacityLt"": ""1.2000"", ""capacityTech"": ""1149.0000"", ""engineCodes"": ""D4F 712"", ""engId"": 16186}",RAPID-6142307
37e8b338-ce2b-463a-b22e-50c5b4ba3899,108080,RENAULT,"CLIO II (BB_, CB_)",2001,2016,"1.2 16V (BB05, BB0W, BB11, BB27, BB2T, BB2U, BB2V, CB05,...",16104,Berline bicorps trois ou cinq portes,Essence,55,75,1149,2026-08-08 22:47:30,,,,,,4,,"{""vehicleId"": 16104, ""manufacturerName"": ""RENAULT"", ""modelName"": ""CLIO II (BB_, CB_)"", ""typeEngineName"": ""1.2 16V (BB05, BB0W, BB11, BB27, BB2T, BB2U, BB2V, CB05,..."", ""constructionIntervalStart"": ""2001-06-01"", ""constructionIntervalEnd"": ""2016-08-01"", ""powerKw"": ""55.0000"", ""powerPs"": ""75.0000"", ""capacityTax"": null, ""fuelType"": ""Essence"", ""bodyType"": ""Berline bicorps trois ou cinq portes"", ""numberOfCylinders"": 4, ""capacityLt"": ""1.2000"", ""capacityTech"": ""1149.0000"", ""engineCodes"": ""D4F 712"", ""engId"": 16186}",RAPID-16032286
37f3daf1-ef88-43d4-bffc-3aa29ba4c152,108406,RENAULT,"CLIO II (BB_, CB_)",2001,2016,"1.2 16V (BB05, BB0W, BB11, BB27, BB2T, BB2U, BB2V, CB05,...",16104,Berline bicorps trois ou cinq portes,Essence,55,75,1149,2026-08-08 22:47:30,,,,,,4,,"{""vehicleId"": 16104, ""manufacturerName"": ""RENAULT"", ""modelName"": ""CLIO II (BB_, CB_)"", ""typeEngineName"": ""1.2 16V (BB05, BB0W, BB11, BB27, BB2T, BB2U, BB2V, CB05,..."", ""constructionIntervalStart"": ""2001-06-01"", ""constructionIntervalEnd"": ""2016-08-01"", ""powerKw"": ""55.0000"", ""powerPs"": ""75.0000"", ""capacityTax"": null, ""fuelType"": ""Essence"", ""bodyType"": ""Berline bicorps trois ou cinq portes"", ""numberOfCylinders"": 4, ""capacityLt"": ""1.2000"", ""capacityTech"": ""1149.0000"", ""engineCodes"": ""D4F 712"", ""engId"": 16186}",RAPID-84830164
38445848-ad12-4d31-9688-16b710a8e326,108592,RENAULT,"CLIO II (BB_, CB_)",2001,2016,"1.2 16V (BB05, BB0W, BB11, BB27, BB2T, BB2U, BB2V, CB05,...",16104,Berline bicorps trois ou cinq portes,Essence,55,75,1149,2026-08-08 22:47:30,,,,,,4,,"{""vehicleId"": 16104, ""manufacturerName"": ""RENAULT"", ""modelName"": ""CLIO II (BB_, CB_)"", ""typeEngineName"": ""1.2 16V (BB05, BB0W, BB11, BB27, BB2T, BB2U, BB2V, CB05,..."", ""constructionIntervalStart"": ""2001-06-01"", ""constructionIntervalEnd"": ""2016-08-01"", ""powerKw"": ""55.0000"", ""powerPs"": ""75.0000"", ""capacityTax"": null, ""fuelType"": ""Essence"", ""bodyType"": ""Berline bicorps trois ou cinq portes"", ""numberOfCylinders"": 4, ""capacityLt"": ""1.2000"", ""capacityTech"": ""1149.0000"", ""engineCodes"": ""D4F 712"", ""engId"": 16186}",RAPID-3032538
38fd0d33-b687-49c5-ba91-a88058a62b72,108476,RENAULT,"CLIO II (BB_, CB_)",2001,2016,"1.2 16V (BB05, BB0W, BB11, BB27, BB2T, BB2U, BB2V, CB05,...",16104,Berline bicorps trois ou cinq portes,Essence,55,75,1149,2026-08-08 22:47:30,,,,,,4,,"{""vehicleId"": 16104, ""manufacturerName"": ""RENAULT"", ""modelName"": ""CLIO II (BB_, CB_)"", ""typeEngineName"": ""1.2 16V (BB05, BB0W, BB11, BB27, BB2T, BB2U, BB2V, CB05,..."", ""constructionIntervalStart"": ""2001-06-01"", ""constructionIntervalEnd"": ""2016-08-01"", ""powerKw"": ""55.0000"", ""powerPs"": ""75.0000"", ""capacityTax"": null, ""fuelType"": ""Essence"", ""bodyType"": ""Berline bicorps trois ou cinq portes"", ""numberOfCylinders"": 4, ""capacityLt"": ""1.2000"", ""capacityTech"": ""1149.0000"", ""engineCodes"": ""D4F 712"", ""engId"": 16186}",RAPID-9192200
3964ec77-ed03-411b-bf26-dd97d879c1b5,108163,RENAULT,"CLIO II (BB_, CB_)",2001,2016,"1.2 16V (BB05, BB0W, BB11, BB27, BB2T, BB2U, BB2V, CB05,...",16104,Berline bicorps trois ou cinq portes,Essence,55,75,1149,2026-08-08 22:47:30,,,,,,4,,"{""vehicleId"": 16104, ""manufacturerName"": ""RENAULT"", ""modelName"": ""CLIO II (BB_, CB_)"", ""typeEngineName"": ""1.2 16V (BB05, BB0W, BB11, BB27, BB2T, BB2U, BB2V, CB05,..."", ""constructionIntervalStart"": ""2001-06-01"", ""constructionIntervalEnd"": ""2016-08-01"", ""powerKw"": ""55.0000"", ""powerPs"": ""75.0000"", ""capacityTax"": null, ""fuelType"": ""Essence"", ""bodyType"": ""Berline bicorps trois ou cinq portes"", ""numberOfCylinders"": 4, ""capacityLt"": ""1.2000"", ""capacityTech"": ""1149.0000"", ""engineCodes"": ""D4F 712"", ""engId"": 16186}",RAPID-48306027
3995d306-f479-4367-891c-a35f0794ad21,108234,RENAULT,"CLIO II (BB_, CB_)",2001,2016,"1.2 16V (BB05, BB0W, BB11, BB27, BB2T, BB2U, BB2V, CB05,...",16104,Berline bicorps trois ou cinq portes,Essence,55,75,1149,2026-08-08 22:47:30,,,,,,4,,"{""vehicleId"": 16104, ""manufacturerName"": ""RENAULT"", ""modelName"": ""CLIO II (BB_, CB_)"", ""typeEngineName"": ""1.2 16V (BB05, BB0W, BB11, BB27, BB2T, BB2U, BB2V, CB05,..."", ""constructionIntervalStart"": ""2001-06-01"", ""constructionIntervalEnd"": ""2016-08-01"", ""powerKw"": ""55.0000"", ""powerPs"": ""75.0000"", ""capacityTax"": null, ""fuelType"": ""Essence"", ""bodyType"": ""Berline bicorps trois ou cinq portes"", ""numberOfCylinders"": 4, ""capacityLt"": ""1.2000"", ""capacityTech"": ""1149.0000"", ""engineCodes"": ""D4F 712"", ""engId"": 16186}",RAPID-6142304
39c41ee4-563e-42a5-905d-a032d93fd150,108170,RENAULT,"CLIO II (BB_, CB_)",2001,2016,"1.2 16V (BB05, BB0W, BB11, BB27, BB2T, BB2U, BB2V, CB05,...",16104,Berline bicorps trois ou cinq portes,Essence,55,75,1149,2026-08-08 22:47:30,,,,,,4,,"{""vehicleId"": 16104, ""manufacturerName"": ""RENAULT"", ""modelName"": ""CLIO II (BB_, CB_)"", ""typeEngineName"": ""1.2 16V (BB05, BB0W, BB11, BB27, BB2T, BB2U, BB2V, CB05,..."", ""constructionIntervalStart"": ""2001-06-01"", ""constructionIntervalEnd"": ""2016-08-01"", ""powerKw"": ""55.0000"", ""powerPs"": ""75.0000"", ""capacityTax"": null, ""fuelType"": ""Essence"", ""bodyType"": ""Berline bicorps trois ou cinq portes"", ""numberOfCylinders"": 4, ""capacityLt"": ""1.2000"", ""capacityTech"": ""1149.0000"", ""engineCodes"": ""D4F 712"", ""engId"": 16186}",RAPID-21653491
3a48d316-fcfd-4f92-a9aa-fc59f759ea08,108227,RENAULT,"CLIO II (BB_, CB_)",2001,2016,"1.2 16V (BB05, BB0W, BB11, BB27, BB2T, BB2U, BB2V, CB05,...",16104,Berline bicorps trois ou cinq portes,Essence,55,75,1149,2026-08-08 22:47:30,,,,,,4,,"{""vehicleId"": 16104, ""manufacturerName"": ""RENAULT"", ""modelName"": ""CLIO II (BB_, CB_)"", ""typeEngineName"": ""1.2 16V (BB05, BB0W, BB11, BB27, BB2T, BB2U, BB2V, CB05,..."", ""constructionIntervalStart"": ""2001-06-01"", ""constructionIntervalEnd"": ""2016-08-01"", ""powerKw"": ""55.0000"", ""powerPs"": ""75.0000"", ""capacityTax"": null, ""fuelType"": ""Essence"", ""bodyType"": ""Berline bicorps trois ou cinq portes"", ""numberOfCylinders"": 4, ""capacityLt"": ""1.2000"", ""capacityTech"": ""1149.0000"", ""engineCodes"": ""D4F 712"", ""engId"": 16186}",RAPID-6141607
3acee4e2-4608-4f69-9491-9bff273ad18f,108433,RENAULT,"CLIO II (BB_, CB_)",2001,2016,"1.2 16V (BB05, BB0W, BB11, BB27, BB2T, BB2U, BB2V, CB05,...",16104,Berline bicorps trois ou cinq portes,Essence,55,75,1149,2026-08-08 22:47:30,,,,,,4,,"{""vehicleId"": 16104, ""manufacturerName"": ""RENAULT"", ""modelName"": ""CLIO II (BB_, CB_)"", ""typeEngineName"": ""1.2 16V (BB05, BB0W, BB11, BB27, BB2T, BB2U, BB2V, CB05,..."", ""constructionIntervalStart"": ""2001-06-01"", ""constructionIntervalEnd"": ""2016-08-01"", ""powerKw"": ""55.0000"", ""powerPs"": ""75.0000"", ""capacityTax"": null, ""fuelType"": ""Essence"", ""bodyType"": ""Berline bicorps trois ou cinq portes"", ""numberOfCylinders"": 4, ""capacityLt"": ""1.2000"", ""capacityTech"": ""1149.0000"", ""engineCodes"": ""D4F 712"", ""engId"": 16186}",RAPID-5414541
3b4debf6-f84b-425d-bfc2-ca6180ac80a2,108298,RENAULT,"CLIO II (BB_, CB_)",2001,2016,"1.2 16V (BB05, BB0W, BB11, BB27, BB2T, BB2U, BB2V, CB05,...",16104,Berline bicorps trois ou cinq portes,Essence,55,75,1149,2026-08-08 22:47:30,,,,,,4,,"{""vehicleId"": 16104, ""manufacturerName"": ""RENAULT"", ""modelName"": ""CLIO II (BB_, CB_)"", ""typeEngineName"": ""1.2 16V (BB05, BB0W, BB11, BB27, BB2T, BB2U, BB2V, CB05,..."", ""constructionIntervalStart"": ""2001-06-01"", ""constructionIntervalEnd"": ""2016-08-01"", ""powerKw"": ""55.0000"", ""powerPs"": ""75.0000"", ""capacityTax"": null, ""fuelType"": ""Essence"", ""bodyType"": ""Berline bicorps trois ou cinq portes"", ""numberOfCylinders"": 4, ""capacityLt"": ""1.2000"", ""capacityTech"": ""1149.0000"", ""engineCodes"": ""D4F 712"", ""engId"": 16186}",RAPID-4612472
3b7e047d-f83d-4144-9234-78d46f508fac,108840,RENAULT,"CLIO II (BB_, CB_)",2001,2016,"1.2 16V (BB05, BB0W, BB11, BB27, BB2T, BB2U, BB2V, CB05,...",16104,Berline bicorps trois ou cinq portes,Essence,55,75,1149,2026-08-08 22:47:30,,,,,,4,,"{""vehicleId"": 16104, ""manufacturerName"": ""RENAULT"", ""modelName"": ""CLIO II (BB_, CB_)"", ""typeEngineName"": ""1.2 16V (BB05, BB0W, BB11, BB27, BB2T, BB2U, BB2V, CB05,..."", ""constructionIntervalStart"": ""2001-06-01"", ""constructionIntervalEnd"": ""2016-08-01"", ""powerKw"": ""55.0000"", ""powerPs"": ""75.0000"", ""capacityTax"": null, ""fuelType"": ""Essence"", ""bodyType"": ""Berline bicorps trois ou cinq portes"", ""numberOfCylinders"": 4, ""capacityLt"": ""1.2000"", ""capacityTech"": ""1149.0000"", ""engineCodes"": ""D4F 712"", ""engId"": 16186}",RAPID-1833434
3bbab279-46e6-4ec0-a6c4-f07834563384,108326,RENAULT,"CLIO II (BB_, CB_)",2001,2016,"1.2 16V (BB05, BB0W, BB11, BB27, BB2T, BB2U, BB2V, CB05,...",16104,Berline bicorps trois ou cinq portes,Essence,55,75,1149,2026-08-08 22:47:30,,,,,,4,,"{""vehicleId"": 16104, ""manufacturerName"": ""RENAULT"", ""modelName"": ""CLIO II (BB_, CB_)"", ""typeEngineName"": ""1.2 16V (BB05, BB0W, BB11, BB27, BB2T, BB2U, BB2V, CB05,..."", ""constructionIntervalStart"": ""2001-06-01"", ""constructionIntervalEnd"": ""2016-08-01"", ""powerKw"": ""55.0000"", ""powerPs"": ""75.0000"", ""capacityTax"": null, ""fuelType"": ""Essence"", ""bodyType"": ""Berline bicorps trois ou cinq portes"", ""numberOfCylinders"": 4, ""capacityLt"": ""1.2000"", ""capacityTech"": ""1149.0000"", ""engineCodes"": ""D4F 712"", ""engId"": 16186}",RAPID-2394371
3be39d18-fd20-497a-8377-ea949fb786ce,108522,RENAULT,"CLIO II (BB_, CB_)",2001,2016,"1.2 16V (BB05, BB0W, BB11, BB27, BB2T, BB2U, BB2V, CB05,...",16104,Berline bicorps trois ou cinq portes,Essence,55,75,1149,2026-08-08 22:47:30,,,,,,4,,"{""vehicleId"": 16104, ""manufacturerName"": ""RENAULT"", ""modelName"": ""CLIO II (BB_, CB_)"", ""typeEngineName"": ""1.2 16V (BB05, BB0W, BB11, BB27, BB2T, BB2U, BB2V, CB05,..."", ""constructionIntervalStart"": ""2001-06-01"", ""constructionIntervalEnd"": ""2016-08-01"", ""powerKw"": ""55.0000"", ""powerPs"": ""75.0000"", ""capacityTax"": null, ""fuelType"": ""Essence"", ""bodyType"": ""Berline bicorps trois ou cinq portes"", ""numberOfCylinders"": 4, ""capacityLt"": ""1.2000"", ""capacityTech"": ""1149.0000"", ""engineCodes"": ""D4F 712"", ""engId"": 16186}",RAPID-7747677
3be49afc-bdae-4cef-bfa9-e8870263ffde,108182,RENAULT,"CLIO II (BB_, CB_)",2001,2016,"1.2 16V (BB05, BB0W, BB11, BB27, BB2T, BB2U, BB2V, CB05,...",16104,Berline bicorps trois ou cinq portes,Essence,55,75,1149,2026-08-08 22:47:30,,,,,,4,,"{""vehicleId"": 16104, ""manufacturerName"": ""RENAULT"", ""modelName"": ""CLIO II (BB_, CB_)"", ""typeEngineName"": ""1.2 16V (BB05, BB0W, BB11, BB27, BB2T, BB2U, BB2V, CB05,..."", ""constructionIntervalStart"": ""2001-06-01"", ""constructionIntervalEnd"": ""2016-08-01"", ""powerKw"": ""55.0000"", ""powerPs"": ""75.0000"", ""capacityTax"": null, ""fuelType"": ""Essence"", ""bodyType"": ""Berline bicorps trois ou cinq portes"", ""numberOfCylinders"": 4, ""capacityLt"": ""1.2000"", ""capacityTech"": ""1149.0000"", ""engineCodes"": ""D4F 712"", ""engId"": 16186}",RAPID-57690956
3c4c0b9b-d948-4515-a32c-f14096c35d16,108465,RENAULT,"CLIO II (BB_, CB_)",2001,2016,"1.2 16V (BB05, BB0W, BB11, BB27, BB2T, BB2U, BB2V, CB05,...",16104,Berline bicorps trois ou cinq portes,Essence,55,75,1149,2026-08-08 22:47:30,,,,,,4,,"{""vehicleId"": 16104, ""manufacturerName"": ""RENAULT"", ""modelName"": ""CLIO II (BB_, CB_)"", ""typeEngineName"": ""1.2 16V (BB05, BB0W, BB11, BB27, BB2T, BB2U, BB2V, CB05,..."", ""constructionIntervalStart"": ""2001-06-01"", ""constructionIntervalEnd"": ""2016-08-01"", ""powerKw"": ""55.0000"", ""powerPs"": ""75.0000"", ""capacityTax"": null, ""fuelType"": ""Essence"", ""bodyType"": ""Berline bicorps trois ou cinq portes"", ""numberOfCylinders"": 4, ""capacityLt"": ""1.2000"", ""capacityTech"": ""1149.0000"", ""engineCodes"": ""D4F 712"", ""engId"": 16186}",RAPID-15168701
3c50a89b-3259-4837-bb6d-8d3c714b632f,108798,RENAULT,"CLIO II (BB_, CB_)",2001,2016,"1.2 16V (BB05, BB0W, BB11, BB27, BB2T, BB2U, BB2V, CB05,...",16104,Berline bicorps trois ou cinq portes,Essence,55,75,1149,2026-08-08 22:47:30,,,,,,4,,"{""vehicleId"": 16104, ""manufacturerName"": ""RENAULT"", ""modelName"": ""CLIO II (BB_, CB_)"", ""typeEngineName"": ""1.2 16V (BB05, BB0W, BB11, BB27, BB2T, BB2U, BB2V, CB05,..."", ""constructionIntervalStart"": ""2001-06-01"", ""constructionIntervalEnd"": ""2016-08-01"", ""powerKw"": ""55.0000"", ""powerPs"": ""75.0000"", ""capacityTax"": null, ""fuelType"": ""Essence"", ""bodyType"": ""Berline bicorps trois ou cinq portes"", ""numberOfCylinders"": 4, ""capacityLt"": ""1.2000"", ""capacityTech"": ""1149.0000"", ""engineCodes"": ""D4F 712"", ""engId"": 16186}",RAPID-91790776
3c6ce66a-f2ba-4e5a-8cb4-ff6169afe6b3,108017,AUDI,80 B4 Saloon (8C2),1991,1994,1.9 TD,1392,Saloon,Diesel,,,,2026-08-06 14:24:09,,,,,,,,,RAPID-78851769
3c70210e-bc31-48aa-8886-414d6ac226f7,108535,RENAULT,"CLIO II (BB_, CB_)",2001,2016,"1.2 16V (BB05, BB0W, BB11, BB27, BB2T, BB2U, BB2V, CB05,...",16104,Berline bicorps trois ou cinq portes,Essence,55,75,1149,2026-08-08 22:47:30,,,,,,4,,"{""vehicleId"": 16104, ""manufacturerName"": ""RENAULT"", ""modelName"": ""CLIO II (BB_, CB_)"", ""typeEngineName"": ""1.2 16V (BB05, BB0W, BB11, BB27, BB2T, BB2U, BB2V, CB05,..."", ""constructionIntervalStart"": ""2001-06-01"", ""constructionIntervalEnd"": ""2016-08-01"", ""powerKw"": ""55.0000"", ""powerPs"": ""75.0000"", ""capacityTax"": null, ""fuelType"": ""Essence"", ""bodyType"": ""Berline bicorps trois ou cinq portes"", ""numberOfCylinders"": 4, ""capacityLt"": ""1.2000"", ""capacityTech"": ""1149.0000"", ""engineCodes"": ""D4F 712"", ""engId"": 16186}",RAPID-2717447
3caa63f5-d254-4509-ac42-3033c1e93065,108092,RENAULT,"CLIO II (BB_, CB_)",2001,2016,"1.2 16V (BB05, BB0W, BB11, BB27, BB2T, BB2U, BB2V, CB05,...",16104,Berline bicorps trois ou cinq portes,Essence,55,75,1149,2026-08-08 22:47:30,,,,,,4,,"{""vehicleId"": 16104, ""manufacturerName"": ""RENAULT"", ""modelName"": ""CLIO II (BB_, CB_)"", ""typeEngineName"": ""1.2 16V (BB05, BB0W, BB11, BB27, BB2T, BB2U, BB2V, CB05,..."", ""constructionIntervalStart"": ""2001-06-01"", ""constructionIntervalEnd"": ""2016-08-01"", ""powerKw"": ""55.0000"", ""powerPs"": ""75.0000"", ""capacityTax"": null, ""fuelType"": ""Essence"", ""bodyType"": ""Berline bicorps trois ou cinq portes"", ""numberOfCylinders"": 4, ""capacityLt"": ""1.2000"", ""capacityTech"": ""1149.0000"", ""engineCodes"": ""D4F 712"", ""engId"": 16186}",RAPID-34216686
3cc237d4-0ca6-4831-809b-feaa82555fbe,108375,RENAULT,"CLIO II (BB_, CB_)",2001,2016,"1.2 16V (BB05, BB0W, BB11, BB27, BB2T, BB2U, BB2V, CB05,...",16104,Berline bicorps trois ou cinq portes,Essence,55,75,1149,2026-08-08 22:47:30,,,,,,4,,"{""vehicleId"": 16104, ""manufacturerName"": ""RENAULT"", ""modelName"": ""CLIO II (BB_, CB_)"", ""typeEngineName"": ""1.2 16V (BB05, BB0W, BB11, BB27, BB2T, BB2U, BB2V, CB05,..."", ""constructionIntervalStart"": ""2001-06-01"", ""constructionIntervalEnd"": ""2016-08-01"", ""powerKw"": ""55.0000"", ""powerPs"": ""75.0000"", ""capacityTax"": null, ""fuelType"": ""Essence"", ""bodyType"": ""Berline bicorps trois ou cinq portes"", ""numberOfCylinders"": 4, ""capacityLt"": ""1.2000"", ""capacityTech"": ""1149.0000"", ""engineCodes"": ""D4F 712"", ""engId"": 16186}",RAPID-8904852
3d5df82d-9681-4f94-9c30-2fe6e4aa1f95,108373,RENAULT,"CLIO II (BB_, CB_)",2001,2016,"1.2 16V (BB05, BB0W, BB11, BB27, BB2T, BB2U, BB2V, CB05,...",16104,Berline bicorps trois ou cinq portes,Essence,55,75,1149,2026-08-08 22:47:30,,,,,,4,,"{""vehicleId"": 16104, ""manufacturerName"": ""RENAULT"", ""modelName"": ""CLIO II (BB_, CB_)"", ""typeEngineName"": ""1.2 16V (BB05, BB0W, BB11, BB27, BB2T, BB2U, BB2V, CB05,..."", ""constructionIntervalStart"": ""2001-06-01"", ""constructionIntervalEnd"": ""2016-08-01"", ""powerKw"": ""55.0000"", ""powerPs"": ""75.0000"", ""capacityTax"": null, ""fuelType"": ""Essence"", ""bodyType"": ""Berline bicorps trois ou cinq portes"", ""numberOfCylinders"": 4, ""capacityLt"": ""1.2000"", ""capacityTech"": ""1149.0000"", ""engineCodes"": ""D4F 712"", ""engId"": 16186}",RAPID-6870791
3d859dc3-d0ea-4b0e-ae94-92cbb89e7aa0,108626,RENAULT,"CLIO II (BB_, CB_)",2001,2016,"1.2 16V (BB05, BB0W, BB11, BB27, BB2T, BB2U, BB2V, CB05,...",16104,Berline bicorps trois ou cinq portes,Essence,55,75,1149,2026-08-08 22:47:30,,,,,,4,,"{""vehicleId"": 16104, ""manufacturerName"": ""RENAULT"", ""modelName"": ""CLIO II (BB_, CB_)"", ""typeEngineName"": ""1.2 16V (BB05, BB0W, BB11, BB27, BB2T, BB2U, BB2V, CB05,..."", ""constructionIntervalStart"": ""2001-06-01"", ""constructionIntervalEnd"": ""2016-08-01"", ""powerKw"": ""55.0000"", ""powerPs"": ""75.0000"", ""capacityTax"": null, ""fuelType"": ""Essence"", ""bodyType"": ""Berline bicorps trois ou cinq portes"", ""numberOfCylinders"": 4, ""capacityLt"": ""1.2000"", ""capacityTech"": ""1149.0000"", ""engineCodes"": ""D4F 712"", ""engId"": 16186}",RAPID-3611907
3d9c325e-9ab6-480a-8e2c-5b5b51b445f7,108427,RENAULT,"CLIO II (BB_, CB_)",2001,2016,"1.2 16V (BB05, BB0W, BB11, BB27, BB2T, BB2U, BB2V, CB05,...",16104,Berline bicorps trois ou cinq portes,Essence,55,75,1149,2026-08-08 22:47:30,,,,,,4,,"{""vehicleId"": 16104, ""manufacturerName"": ""RENAULT"", ""modelName"": ""CLIO II (BB_, CB_)"", ""typeEngineName"": ""1.2 16V (BB05, BB0W, BB11, BB27, BB2T, BB2U, BB2V, CB05,..."", ""constructionIntervalStart"": ""2001-06-01"", ""constructionIntervalEnd"": ""2016-08-01"", ""powerKw"": ""55.0000"", ""powerPs"": ""75.0000"", ""capacityTax"": null, ""fuelType"": ""Essence"", ""bodyType"": ""Berline bicorps trois ou cinq portes"", ""numberOfCylinders"": 4, ""capacityLt"": ""1.2000"", ""capacityTech"": ""1149.0000"", ""engineCodes"": ""D4F 712"", ""engId"": 16186}",RAPID-5414490
3da05836-b0a9-4431-bcfb-d0068539c08e,108792,RENAULT,"CLIO II (BB_, CB_)",2001,2016,"1.2 16V (BB05, BB0W, BB11, BB27, BB2T, BB2U, BB2V, CB05,...",16104,Berline bicorps trois ou cinq portes,Essence,55,75,1149,2026-08-08 22:47:30,,,,,,4,,"{""vehicleId"": 16104, ""manufacturerName"": ""RENAULT"", ""modelName"": ""CLIO II (BB_, CB_)"", ""typeEngineName"": ""1.2 16V (BB05, BB0W, BB11, BB27, BB2T, BB2U, BB2V, CB05,..."", ""constructionIntervalStart"": ""2001-06-01"", ""constructionIntervalEnd"": ""2016-08-01"", ""powerKw"": ""55.0000"", ""powerPs"": ""75.0000"", ""capacityTax"": null, ""fuelType"": ""Essence"", ""bodyType"": ""Berline bicorps trois ou cinq portes"", ""numberOfCylinders"": 4, ""capacityLt"": ""1.2000"", ""capacityTech"": ""1149.0000"", ""engineCodes"": ""D4F 712"", ""engId"": 16186}",RAPID-6046670
3e071ccd-d538-4ddd-9795-08f2650705bd,108369,RENAULT,"CLIO II (BB_, CB_)",2001,2016,"1.2 16V (BB05, BB0W, BB11, BB27, BB2T, BB2U, BB2V, CB05,...",16104,Berline bicorps trois ou cinq portes,Essence,55,75,1149,2026-08-08 22:47:30,,,,,,4,,"{""vehicleId"": 16104, ""manufacturerName"": ""RENAULT"", ""modelName"": ""CLIO II (BB_, CB_)"", ""typeEngineName"": ""1.2 16V (BB05, BB0W, BB11, BB27, BB2T, BB2U, BB2V, CB05,..."", ""constructionIntervalStart"": ""2001-06-01"", ""constructionIntervalEnd"": ""2016-08-01"", ""powerKw"": ""55.0000"", ""powerPs"": ""75.0000"", ""capacityTax"": null, ""fuelType"": ""Essence"", ""bodyType"": ""Berline bicorps trois ou cinq portes"", ""numberOfCylinders"": 4, ""capacityLt"": ""1.2000"", ""capacityTech"": ""1149.0000"", ""engineCodes"": ""D4F 712"", ""engId"": 16186}",RAPID-4170450
3e4b3518-6094-43c3-bb37-52c97bdf1551,108324,RENAULT,"CLIO II (BB_, CB_)",2001,2016,"1.2 16V (BB05, BB0W, BB11, BB27, BB2T, BB2U, BB2V, CB05,...",16104,Berline bicorps trois ou cinq portes,Essence,55,75,1149,2026-08-08 22:47:30,,,,,,4,,"{""vehicleId"": 16104, ""manufacturerName"": ""RENAULT"", ""modelName"": ""CLIO II (BB_, CB_)"", ""typeEngineName"": ""1.2 16V (BB05, BB0W, BB11, BB27, BB2T, BB2U, BB2V, CB05,..."", ""constructionIntervalStart"": ""2001-06-01"", ""constructionIntervalEnd"": ""2016-08-01"", ""powerKw"": ""55.0000"", ""powerPs"": ""75.0000"", ""capacityTax"": null, ""fuelType"": ""Essence"", ""bodyType"": ""Berline bicorps trois ou cinq portes"", ""numberOfCylinders"": 4, ""capacityLt"": ""1.2000"", ""capacityTech"": ""1149.0000"", ""engineCodes"": ""D4F 712"", ""engId"": 16186}",RAPID-2394553
3e4ff94d-fae6-4349-af59-a7c9f6ea1feb,108451,RENAULT,"CLIO II (BB_, CB_)",2001,2016,"1.2 16V (BB05, BB0W, BB11, BB27, BB2T, BB2U, BB2V, CB05,...",16104,Berline bicorps trois ou cinq portes,Essence,55,75,1149,2026-08-08 22:47:30,,,,,,4,,"{""vehicleId"": 16104, ""manufacturerName"": ""RENAULT"", ""modelName"": ""CLIO II (BB_, CB_)"", ""typeEngineName"": ""1.2 16V (BB05, BB0W, BB11, BB27, BB2T, BB2U, BB2V, CB05,..."", ""constructionIntervalStart"": ""2001-06-01"", ""constructionIntervalEnd"": ""2016-08-01"", ""powerKw"": ""55.0000"", ""powerPs"": ""75.0000"", ""capacityTax"": null, ""fuelType"": ""Essence"", ""bodyType"": ""Berline bicorps trois ou cinq portes"", ""numberOfCylinders"": 4, ""capacityLt"": ""1.2000"", ""capacityTech"": ""1149.0000"", ""engineCodes"": ""D4F 712"", ""engId"": 16186}",RAPID-24685577
3e97746f-7b93-4654-9472-d1469642190e,108209,RENAULT,"CLIO II (BB_, CB_)",2001,2016,"1.2 16V (BB05, BB0W, BB11, BB27, BB2T, BB2U, BB2V, CB05,...",16104,Berline bicorps trois ou cinq portes,Essence,55,75,1149,2026-08-08 22:47:30,,,,,,4,,"{""vehicleId"": 16104, ""manufacturerName"": ""RENAULT"", ""modelName"": ""CLIO II (BB_, CB_)"", ""typeEngineName"": ""1.2 16V (BB05, BB0W, BB11, BB27, BB2T, BB2U, BB2V, CB05,..."", ""constructionIntervalStart"": ""2001-06-01"", ""constructionIntervalEnd"": ""2016-08-01"", ""powerKw"": ""55.0000"", ""powerPs"": ""75.0000"", ""capacityTax"": null, ""fuelType"": ""Essence"", ""bodyType"": ""Berline bicorps trois ou cinq portes"", ""numberOfCylinders"": 4, ""capacityLt"": ""1.2000"", ""capacityTech"": ""1149.0000"", ""engineCodes"": ""D4F 712"", ""engId"": 16186}",RAPID-9686804
3f284454-ec41-4c89-a3d3-2d4c2d8c9d6f,108070,RENAULT,"CLIO II (BB_, CB_)",2001,2016,"1.2 16V (BB05, BB0W, BB11, BB27, BB2T, BB2U, BB2V, CB05,...",16104,Berline bicorps trois ou cinq portes,Essence,55,75,1149,2026-08-08 22:47:30,,,,,,4,,"{""vehicleId"": 16104, ""manufacturerName"": ""RENAULT"", ""modelName"": ""CLIO II (BB_, CB_)"", ""typeEngineName"": ""1.2 16V (BB05, BB0W, BB11, BB27, BB2T, BB2U, BB2V, CB05,..."", ""constructionIntervalStart"": ""2001-06-01"", ""constructionIntervalEnd"": ""2016-08-01"", ""powerKw"": ""55.0000"", ""powerPs"": ""75.0000"", ""capacityTax"": null, ""fuelType"": ""Essence"", ""bodyType"": ""Berline bicorps trois ou cinq portes"", ""numberOfCylinders"": 4, ""capacityLt"": ""1.2000"", ""capacityTech"": ""1149.0000"", ""engineCodes"": ""D4F 712"", ""engId"": 16186}",RAPID-737115
3f3c0efb-5b13-4398-a672-bcd3c78b3a9b,108712,RENAULT,"CLIO II (BB_, CB_)",2001,2016,"1.2 16V (BB05, BB0W, BB11, BB27, BB2T, BB2U, BB2V, CB05,...",16104,Berline bicorps trois ou cinq portes,Essence,55,75,1149,2026-08-08 22:47:30,,,,,,4,,"{""vehicleId"": 16104, ""manufacturerName"": ""RENAULT"", ""modelName"": ""CLIO II (BB_, CB_)"", ""typeEngineName"": ""1.2 16V (BB05, BB0W, BB11, BB27, BB2T, BB2U, BB2V, CB05,..."", ""constructionIntervalStart"": ""2001-06-01"", ""constructionIntervalEnd"": ""2016-08-01"", ""powerKw"": ""55.0000"", ""powerPs"": ""75.0000"", ""capacityTax"": null, ""fuelType"": ""Essence"", ""bodyType"": ""Berline bicorps trois ou cinq portes"", ""numberOfCylinders"": 4, ""capacityLt"": ""1.2000"", ""capacityTech"": ""1149.0000"", ""engineCodes"": ""D4F 712"", ""engId"": 16186}",RAPID-2301140
3f8957be-3631-40ac-af62-d125b5f746b0,108310,RENAULT,"CLIO II (BB_, CB_)",2001,2016,"1.2 16V (BB05, BB0W, BB11, BB27, BB2T, BB2U, BB2V, CB05,...",16104,Berline bicorps trois ou cinq portes,Essence,55,75,1149,2026-08-08 22:47:30,,,,,,4,,"{""vehicleId"": 16104, ""manufacturerName"": ""RENAULT"", ""modelName"": ""CLIO II (BB_, CB_)"", ""typeEngineName"": ""1.2 16V (BB05, BB0W, BB11, BB27, BB2T, BB2U, BB2V, CB05,..."", ""constructionIntervalStart"": ""2001-06-01"", ""constructionIntervalEnd"": ""2016-08-01"", ""powerKw"": ""55.0000"", ""powerPs"": ""75.0000"", ""capacityTax"": null, ""fuelType"": ""Essence"", ""bodyType"": ""Berline bicorps trois ou cinq portes"", ""numberOfCylinders"": 4, ""capacityLt"": ""1.2000"", ""capacityTech"": ""1149.0000"", ""engineCodes"": ""D4F 712"", ""engId"": 16186}",RAPID-6278787
3fdb692d-31eb-4bed-896e-2e11f50abfee,108660,RENAULT,"CLIO II (BB_, CB_)",2001,2016,"1.2 16V (BB05, BB0W, BB11, BB27, BB2T, BB2U, BB2V, CB05,...",16104,Berline bicorps trois ou cinq portes,Essence,55,75,1149,2026-08-08 22:47:30,,,,,,4,,"{""vehicleId"": 16104, ""manufacturerName"": ""RENAULT"", ""modelName"": ""CLIO II (BB_, CB_)"", ""typeEngineName"": ""1.2 16V (BB05, BB0W, BB11, BB27, BB2T, BB2U, BB2V, CB05,..."", ""constructionIntervalStart"": ""2001-06-01"", ""constructionIntervalEnd"": ""2016-08-01"", ""powerKw"": ""55.0000"", ""powerPs"": ""75.0000"", ""capacityTax"": null, ""fuelType"": ""Essence"", ""bodyType"": ""Berline bicorps trois ou cinq portes"", ""numberOfCylinders"": 4, ""capacityLt"": ""1.2000"", ""capacityTech"": ""1149.0000"", ""engineCodes"": ""D4F 712"", ""engId"": 16186}",RAPID-9665021
3ffb6536-84a8-4f82-9621-7aa886c6a8cf,108687,RENAULT,"CLIO II (BB_, CB_)",2001,2016,"1.2 16V (BB05, BB0W, BB11, BB27, BB2T, BB2U, BB2V, CB05,...",16104,Berline bicorps trois ou cinq portes,Essence,55,75,1149,2026-08-08 22:47:30,,,,,,4,,"{""vehicleId"": 16104, ""manufacturerName"": ""RENAULT"", ""modelName"": ""CLIO II (BB_, CB_)"", ""typeEngineName"": ""1.2 16V (BB05, BB0W, BB11, BB27, BB2T, BB2U, BB2V, CB05,..."", ""constructionIntervalStart"": ""2001-06-01"", ""constructionIntervalEnd"": ""2016-08-01"", ""powerKw"": ""55.0000"", ""powerPs"": ""75.0000"", ""capacityTax"": null, ""fuelType"": ""Essence"", ""bodyType"": ""Berline bicorps trois ou cinq portes"", ""numberOfCylinders"": 4, ""capacityLt"": ""1.2000"", ""capacityTech"": ""1149.0000"", ""engineCodes"": ""D4F 712"", ""engId"": 16186}",RAPID-9495945
40154bc4-f62a-482c-b4cb-8a790c960c5c,108318,RENAULT,"CLIO II (BB_, CB_)",2001,2016,"1.2 16V (BB05, BB0W, BB11, BB27, BB2T, BB2U, BB2V, CB05,...",16104,Berline bicorps trois ou cinq portes,Essence,55,75,1149,2026-08-08 22:47:30,,,,,,4,,"{""vehicleId"": 16104, ""manufacturerName"": ""RENAULT"", ""modelName"": ""CLIO II (BB_, CB_)"", ""typeEngineName"": ""1.2 16V (BB05, BB0W, BB11, BB27, BB2T, BB2U, BB2V, CB05,..."", ""constructionIntervalStart"": ""2001-06-01"", ""constructionIntervalEnd"": ""2016-08-01"", ""powerKw"": ""55.0000"", ""powerPs"": ""75.0000"", ""capacityTax"": null, ""fuelType"": ""Essence"", ""bodyType"": ""Berline bicorps trois ou cinq portes"", ""numberOfCylinders"": 4, ""capacityLt"": ""1.2000"", ""capacityTech"": ""1149.0000"", ""engineCodes"": ""D4F 712"", ""engId"": 16186}",RAPID-2394479
403fc51e-8e0c-4446-9d29-e07a6e9dad7b,108033,AUDI,80 B4 Saloon (8C2),1991,1994,1.9 TD,1392,Saloon,Diesel,,,,2026-08-06 14:24:09,,,,,,,,,RAPID-78030852
4124fbb6-378f-4935-a5d8-9a7c3fb0cb4c,108618,RENAULT,"CLIO II (BB_, CB_)",2001,2016,"1.2 16V (BB05, BB0W, BB11, BB27, BB2T, BB2U, BB2V, CB05,...",16104,Berline bicorps trois ou cinq portes,Essence,55,75,1149,2026-08-08 22:47:30,,,,,,4,,"{""vehicleId"": 16104, ""manufacturerName"": ""RENAULT"", ""modelName"": ""CLIO II (BB_, CB_)"", ""typeEngineName"": ""1.2 16V (BB05, BB0W, BB11, BB27, BB2T, BB2U, BB2V, CB05,..."", ""constructionIntervalStart"": ""2001-06-01"", ""constructionIntervalEnd"": ""2016-08-01"", ""powerKw"": ""55.0000"", ""powerPs"": ""75.0000"", ""capacityTax"": null, ""fuelType"": ""Essence"", ""bodyType"": ""Berline bicorps trois ou cinq portes"", ""numberOfCylinders"": 4, ""capacityLt"": ""1.2000"", ""capacityTech"": ""1149.0000"", ""engineCodes"": ""D4F 712"", ""engId"": 16186}",RAPID-337077
41796fc9-3698-4de1-a3d5-20b39e8750e2,108288,RENAULT,"CLIO II (BB_, CB_)",2001,2016,"1.2 16V (BB05, BB0W, BB11, BB27, BB2T, BB2U, BB2V, CB05,...",16104,Berline bicorps trois ou cinq portes,Essence,55,75,1149,2026-08-08 22:47:30,,,,,,4,,"{""vehicleId"": 16104, ""manufacturerName"": ""RENAULT"", ""modelName"": ""CLIO II (BB_, CB_)"", ""typeEngineName"": ""1.2 16V (BB05, BB0W, BB11, BB27, BB2T, BB2U, BB2V, CB05,..."", ""constructionIntervalStart"": ""2001-06-01"", ""constructionIntervalEnd"": ""2016-08-01"", ""powerKw"": ""55.0000"", ""powerPs"": ""75.0000"", ""capacityTax"": null, ""fuelType"": ""Essence"", ""bodyType"": ""Berline bicorps trois ou cinq portes"", ""numberOfCylinders"": 4, ""capacityLt"": ""1.2000"", ""capacityTech"": ""1149.0000"", ""engineCodes"": ""D4F 712"", ""engId"": 16186}",RAPID-4612423
41962333-19d2-45f1-bfa3-b604ffa7f595,108748,RENAULT,"CLIO II (BB_, CB_)",2001,2016,"1.2 16V (BB05, BB0W, BB11, BB27, BB2T, BB2U, BB2V, CB05,...",16104,Berline bicorps trois ou cinq portes,Essence,55,75,1149,2026-08-08 22:47:30,,,,,,4,,"{""vehicleId"": 16104, ""manufacturerName"": ""RENAULT"", ""modelName"": ""CLIO II (BB_, CB_)"", ""typeEngineName"": ""1.2 16V (BB05, BB0W, BB11, BB27, BB2T, BB2U, BB2V, CB05,..."", ""constructionIntervalStart"": ""2001-06-01"", ""constructionIntervalEnd"": ""2016-08-01"", ""powerKw"": ""55.0000"", ""powerPs"": ""75.0000"", ""capacityTax"": null, ""fuelType"": ""Essence"", ""bodyType"": ""Berline bicorps trois ou cinq portes"", ""numberOfCylinders"": 4, ""capacityLt"": ""1.2000"", ""capacityTech"": ""1149.0000"", ""engineCodes"": ""D4F 712"", ""engId"": 16186}",RAPID-13775283
41c7282f-03a9-472e-a972-edb8b8a6d815,108758,RENAULT,"CLIO II (BB_, CB_)",2001,2016,"1.2 16V (BB05, BB0W, BB11, BB27, BB2T, BB2U, BB2V, CB05,...",16104,Berline bicorps trois ou cinq portes,Essence,55,75,1149,2026-08-08 22:47:30,,,,,,4,,"{""vehicleId"": 16104, ""manufacturerName"": ""RENAULT"", ""modelName"": ""CLIO II (BB_, CB_)"", ""typeEngineName"": ""1.2 16V (BB05, BB0W, BB11, BB27, BB2T, BB2U, BB2V, CB05,..."", ""constructionIntervalStart"": ""2001-06-01"", ""constructionIntervalEnd"": ""2016-08-01"", ""powerKw"": ""55.0000"", ""powerPs"": ""75.0000"", ""capacityTax"": null, ""fuelType"": ""Essence"", ""bodyType"": ""Berline bicorps trois ou cinq portes"", ""numberOfCylinders"": 4, ""capacityLt"": ""1.2000"", ""capacityTech"": ""1149.0000"", ""engineCodes"": ""D4F 712"", ""engId"": 16186}",RAPID-8671352
41fa92bf-66df-422f-9a59-a8dc8d03093c,108073,RENAULT,"CLIO II (BB_, CB_)",2001,2016,"1.2 16V (BB05, BB0W, BB11, BB27, BB2T, BB2U, BB2V, CB05,...",16104,Berline bicorps trois ou cinq portes,Essence,55,75,1149,2026-08-08 22:47:30,,,,,,4,,"{""vehicleId"": 16104, ""manufacturerName"": ""RENAULT"", ""modelName"": ""CLIO II (BB_, CB_)"", ""typeEngineName"": ""1.2 16V (BB05, BB0W, BB11, BB27, BB2T, BB2U, BB2V, CB05,..."", ""constructionIntervalStart"": ""2001-06-01"", ""constructionIntervalEnd"": ""2016-08-01"", ""powerKw"": ""55.0000"", ""powerPs"": ""75.0000"", ""capacityTax"": null, ""fuelType"": ""Essence"", ""bodyType"": ""Berline bicorps trois ou cinq portes"", ""numberOfCylinders"": 4, ""capacityLt"": ""1.2000"", ""capacityTech"": ""1149.0000"", ""engineCodes"": ""D4F 712"", ""engId"": 16186}",RAPID-6730562
425d52af-619e-4183-b6f4-cc4ae5b2d7c3,108481,RENAULT,"CLIO II (BB_, CB_)",2001,2016,"1.2 16V (BB05, BB0W, BB11, BB27, BB2T, BB2U, BB2V, CB05,...",16104,Berline bicorps trois ou cinq portes,Essence,55,75,1149,2026-08-08 22:47:30,,,,,,4,,"{""vehicleId"": 16104, ""manufacturerName"": ""RENAULT"", ""modelName"": ""CLIO II (BB_, CB_)"", ""typeEngineName"": ""1.2 16V (BB05, BB0W, BB11, BB27, BB2T, BB2U, BB2V, CB05,..."", ""constructionIntervalStart"": ""2001-06-01"", ""constructionIntervalEnd"": ""2016-08-01"", ""powerKw"": ""55.0000"", ""powerPs"": ""75.0000"", ""capacityTax"": null, ""fuelType"": ""Essence"", ""bodyType"": ""Berline bicorps trois ou cinq portes"", ""numberOfCylinders"": 4, ""capacityLt"": ""1.2000"", ""capacityTech"": ""1149.0000"", ""engineCodes"": ""D4F 712"", ""engId"": 16186}",RAPID-9048806
427b7397-1729-4639-8f56-588c6475920f,108737,RENAULT,"CLIO II (BB_, CB_)",2001,2016,"1.2 16V (BB05, BB0W, BB11, BB27, BB2T, BB2U, BB2V, CB05,...",16104,Berline bicorps trois ou cinq portes,Essence,55,75,1149,2026-08-08 22:47:30,,,,,,4,,"{""vehicleId"": 16104, ""manufacturerName"": ""RENAULT"", ""modelName"": ""CLIO II (BB_, CB_)"", ""typeEngineName"": ""1.2 16V (BB05, BB0W, BB11, BB27, BB2T, BB2U, BB2V, CB05,..."", ""constructionIntervalStart"": ""2001-06-01"", ""constructionIntervalEnd"": ""2016-08-01"", ""powerKw"": ""55.0000"", ""powerPs"": ""75.0000"", ""capacityTax"": null, ""fuelType"": ""Essence"", ""bodyType"": ""Berline bicorps trois ou cinq portes"", ""numberOfCylinders"": 4, ""capacityLt"": ""1.2000"", ""capacityTech"": ""1149.0000"", ""engineCodes"": ""D4F 712"", ""engId"": 16186}",RAPID-22709013
43dfe863-36fc-4908-b71d-6258ffe86819,108187,RENAULT,"CLIO II (BB_, CB_)",2001,2016,"1.2 16V (BB05, BB0W, BB11, BB27, BB2T, BB2U, BB2V, CB05,...",16104,Berline bicorps trois ou cinq portes,Essence,55,75,1149,2026-08-08 22:47:30,,,,,,4,,"{""vehicleId"": 16104, ""manufacturerName"": ""RENAULT"", ""modelName"": ""CLIO II (BB_, CB_)"", ""typeEngineName"": ""1.2 16V (BB05, BB0W, BB11, BB27, BB2T, BB2U, BB2V, CB05,..."", ""constructionIntervalStart"": ""2001-06-01"", ""constructionIntervalEnd"": ""2016-08-01"", ""powerKw"": ""55.0000"", ""powerPs"": ""75.0000"", ""capacityTax"": null, ""fuelType"": ""Essence"", ""bodyType"": ""Berline bicorps trois ou cinq portes"", ""numberOfCylinders"": 4, ""capacityLt"": ""1.2000"", ""capacityTech"": ""1149.0000"", ""engineCodes"": ""D4F 712"", ""engId"": 16186}",RAPID-9680214
43e407f4-5df1-498f-9ab8-3c516f248f65,108213,RENAULT,"CLIO II (BB_, CB_)",2001,2016,"1.2 16V (BB05, BB0W, BB11, BB27, BB2T, BB2U, BB2V, CB05,...",16104,Berline bicorps trois ou cinq portes,Essence,55,75,1149,2026-08-08 22:47:30,,,,,,4,,"{""vehicleId"": 16104, ""manufacturerName"": ""RENAULT"", ""modelName"": ""CLIO II (BB_, CB_)"", ""typeEngineName"": ""1.2 16V (BB05, BB0W, BB11, BB27, BB2T, BB2U, BB2V, CB05,..."", ""constructionIntervalStart"": ""2001-06-01"", ""constructionIntervalEnd"": ""2016-08-01"", ""powerKw"": ""55.0000"", ""powerPs"": ""75.0000"", ""capacityTax"": null, ""fuelType"": ""Essence"", ""bodyType"": ""Berline bicorps trois ou cinq portes"", ""numberOfCylinders"": 4, ""capacityLt"": ""1.2000"", ""capacityTech"": ""1149.0000"", ""engineCodes"": ""D4F 712"", ""engId"": 16186}",RAPID-5596839
44b27b86-f761-4f4a-a093-0ce45eff8edb,108364,RENAULT,"CLIO II (BB_, CB_)",2001,2016,"1.2 16V (BB05, BB0W, BB11, BB27, BB2T, BB2U, BB2V, CB05,...",16104,Berline bicorps trois ou cinq portes,Essence,55,75,1149,2026-08-08 22:47:30,,,,,,4,,"{""vehicleId"": 16104, ""manufacturerName"": ""RENAULT"", ""modelName"": ""CLIO II (BB_, CB_)"", ""typeEngineName"": ""1.2 16V (BB05, BB0W, BB11, BB27, BB2T, BB2U, BB2V, CB05,..."", ""constructionIntervalStart"": ""2001-06-01"", ""constructionIntervalEnd"": ""2016-08-01"", ""powerKw"": ""55.0000"", ""powerPs"": ""75.0000"", ""capacityTax"": null, ""fuelType"": ""Essence"", ""bodyType"": ""Berline bicorps trois ou cinq portes"", ""numberOfCylinders"": 4, ""capacityLt"": ""1.2000"", ""capacityTech"": ""1149.0000"", ""engineCodes"": ""D4F 712"", ""engId"": 16186}",RAPID-3381130
44c70b77-af7f-430a-b506-c09ba6848157,108091,RENAULT,"CLIO II (BB_, CB_)",2001,2016,"1.2 16V (BB05, BB0W, BB11, BB27, BB2T, BB2U, BB2V, CB05,...",16104,Berline bicorps trois ou cinq portes,Essence,55,75,1149,2026-08-08 22:47:30,,,,,,4,,"{""vehicleId"": 16104, ""manufacturerName"": ""RENAULT"", ""modelName"": ""CLIO II (BB_, CB_)"", ""typeEngineName"": ""1.2 16V (BB05, BB0W, BB11, BB27, BB2T, BB2U, BB2V, CB05,..."", ""constructionIntervalStart"": ""2001-06-01"", ""constructionIntervalEnd"": ""2016-08-01"", ""powerKw"": ""55.0000"", ""powerPs"": ""75.0000"", ""capacityTax"": null, ""fuelType"": ""Essence"", ""bodyType"": ""Berline bicorps trois ou cinq portes"", ""numberOfCylinders"": 4, ""capacityLt"": ""1.2000"", ""capacityTech"": ""1149.0000"", ""engineCodes"": ""D4F 712"", ""engId"": 16186}",RAPID-7903153
450bdc7f-5423-46ee-8cba-b01f2cb007bd,108468,RENAULT,"CLIO II (BB_, CB_)",2001,2016,"1.2 16V (BB05, BB0W, BB11, BB27, BB2T, BB2U, BB2V, CB05,...",16104,Berline bicorps trois ou cinq portes,Essence,55,75,1149,2026-08-08 22:47:30,,,,,,4,,"{""vehicleId"": 16104, ""manufacturerName"": ""RENAULT"", ""modelName"": ""CLIO II (BB_, CB_)"", ""typeEngineName"": ""1.2 16V (BB05, BB0W, BB11, BB27, BB2T, BB2U, BB2V, CB05,..."", ""constructionIntervalStart"": ""2001-06-01"", ""constructionIntervalEnd"": ""2016-08-01"", ""powerKw"": ""55.0000"", ""powerPs"": ""75.0000"", ""capacityTax"": null, ""fuelType"": ""Essence"", ""bodyType"": ""Berline bicorps trois ou cinq portes"", ""numberOfCylinders"": 4, ""capacityLt"": ""1.2000"", ""capacityTech"": ""1149.0000"", ""engineCodes"": ""D4F 712"", ""engId"": 16186}",RAPID-81840235
45b1bc70-33c8-4cf2-a2e3-2a25c21530b3,108581,RENAULT,"CLIO II (BB_, CB_)",2001,2016,"1.2 16V (BB05, BB0W, BB11, BB27, BB2T, BB2U, BB2V, CB05,...",16104,Berline bicorps trois ou cinq portes,Essence,55,75,1149,2026-08-08 22:47:30,,,,,,4,,"{""vehicleId"": 16104, ""manufacturerName"": ""RENAULT"", ""modelName"": ""CLIO II (BB_, CB_)"", ""typeEngineName"": ""1.2 16V (BB05, BB0W, BB11, BB27, BB2T, BB2U, BB2V, CB05,..."", ""constructionIntervalStart"": ""2001-06-01"", ""constructionIntervalEnd"": ""2016-08-01"", ""powerKw"": ""55.0000"", ""powerPs"": ""75.0000"", ""capacityTax"": null, ""fuelType"": ""Essence"", ""bodyType"": ""Berline bicorps trois ou cinq portes"", ""numberOfCylinders"": 4, ""capacityLt"": ""1.2000"", ""capacityTech"": ""1149.0000"", ""engineCodes"": ""D4F 712"", ""engId"": 16186}",RAPID-31260780
45cfed7d-a8e3-45a1-9742-0004325602f8,108124,RENAULT,"CLIO II (BB_, CB_)",2001,2016,"1.2 16V (BB05, BB0W, BB11, BB27, BB2T, BB2U, BB2V, CB05,...",16104,Berline bicorps trois ou cinq portes,Essence,55,75,1149,2026-08-08 22:47:30,,,,,,4,,"{""vehicleId"": 16104, ""manufacturerName"": ""RENAULT"", ""modelName"": ""CLIO II (BB_, CB_)"", ""typeEngineName"": ""1.2 16V (BB05, BB0W, BB11, BB27, BB2T, BB2U, BB2V, CB05,..."", ""constructionIntervalStart"": ""2001-06-01"", ""constructionIntervalEnd"": ""2016-08-01"", ""powerKw"": ""55.0000"", ""powerPs"": ""75.0000"", ""capacityTax"": null, ""fuelType"": ""Essence"", ""bodyType"": ""Berline bicorps trois ou cinq portes"", ""numberOfCylinders"": 4, ""capacityLt"": ""1.2000"", ""capacityTech"": ""1149.0000"", ""engineCodes"": ""D4F 712"", ""engId"": 16186}",RAPID-7910534
46b80040-6c09-4bf7-8a06-dd6c2e1cc388,108128,RENAULT,"CLIO II (BB_, CB_)",2001,2016,"1.2 16V (BB05, BB0W, BB11, BB27, BB2T, BB2U, BB2V, CB05,...",16104,Berline bicorps trois ou cinq portes,Essence,55,75,1149,2026-08-08 22:47:30,,,,,,4,,"{""vehicleId"": 16104, ""manufacturerName"": ""RENAULT"", ""modelName"": ""CLIO II (BB_, CB_)"", ""typeEngineName"": ""1.2 16V (BB05, BB0W, BB11, BB27, BB2T, BB2U, BB2V, CB05,..."", ""constructionIntervalStart"": ""2001-06-01"", ""constructionIntervalEnd"": ""2016-08-01"", ""powerKw"": ""55.0000"", ""powerPs"": ""75.0000"", ""capacityTax"": null, ""fuelType"": ""Essence"", ""bodyType"": ""Berline bicorps trois ou cinq portes"", ""numberOfCylinders"": 4, ""capacityLt"": ""1.2000"", ""capacityTech"": ""1149.0000"", ""engineCodes"": ""D4F 712"", ""engId"": 16186}",RAPID-6848014
46c67556-4df7-4dec-84ed-68b00b12349d,108790,RENAULT,"CLIO II (BB_, CB_)",2001,2016,"1.2 16V (BB05, BB0W, BB11, BB27, BB2T, BB2U, BB2V, CB05,...",16104,Berline bicorps trois ou cinq portes,Essence,55,75,1149,2026-08-08 22:47:30,,,,,,4,,"{""vehicleId"": 16104, ""manufacturerName"": ""RENAULT"", ""modelName"": ""CLIO II (BB_, CB_)"", ""typeEngineName"": ""1.2 16V (BB05, BB0W, BB11, BB27, BB2T, BB2U, BB2V, CB05,..."", ""constructionIntervalStart"": ""2001-06-01"", ""constructionIntervalEnd"": ""2016-08-01"", ""powerKw"": ""55.0000"", ""powerPs"": ""75.0000"", ""capacityTax"": null, ""fuelType"": ""Essence"", ""bodyType"": ""Berline bicorps trois ou cinq portes"", ""numberOfCylinders"": 4, ""capacityLt"": ""1.2000"", ""capacityTech"": ""1149.0000"", ""engineCodes"": ""D4F 712"", ""engId"": 16186}",RAPID-2571715
46ff7343-1bc6-4059-8edd-104ffbc25915,108691,RENAULT,"CLIO II (BB_, CB_)",2001,2016,"1.2 16V (BB05, BB0W, BB11, BB27, BB2T, BB2U, BB2V, CB05,...",16104,Berline bicorps trois ou cinq portes,Essence,55,75,1149,2026-08-08 22:47:30,,,,,,4,,"{""vehicleId"": 16104, ""manufacturerName"": ""RENAULT"", ""modelName"": ""CLIO II (BB_, CB_)"", ""typeEngineName"": ""1.2 16V (BB05, BB0W, BB11, BB27, BB2T, BB2U, BB2V, CB05,..."", ""constructionIntervalStart"": ""2001-06-01"", ""constructionIntervalEnd"": ""2016-08-01"", ""powerKw"": ""55.0000"", ""powerPs"": ""75.0000"", ""capacityTax"": null, ""fuelType"": ""Essence"", ""bodyType"": ""Berline bicorps trois ou cinq portes"", ""numberOfCylinders"": 4, ""capacityLt"": ""1.2000"", ""capacityTech"": ""1149.0000"", ""engineCodes"": ""D4F 712"", ""engId"": 16186}",RAPID-6867274
472d657c-6709-4b5f-a311-30642110fea6,108667,RENAULT,"CLIO II (BB_, CB_)",2001,2016,"1.2 16V (BB05, BB0W, BB11, BB27, BB2T, BB2U, BB2V, CB05,...",16104,Berline bicorps trois ou cinq portes,Essence,55,75,1149,2026-08-08 22:47:30,,,,,,4,,"{""vehicleId"": 16104, ""manufacturerName"": ""RENAULT"", ""modelName"": ""CLIO II (BB_, CB_)"", ""typeEngineName"": ""1.2 16V (BB05, BB0W, BB11, BB27, BB2T, BB2U, BB2V, CB05,..."", ""constructionIntervalStart"": ""2001-06-01"", ""constructionIntervalEnd"": ""2016-08-01"", ""powerKw"": ""55.0000"", ""powerPs"": ""75.0000"", ""capacityTax"": null, ""fuelType"": ""Essence"", ""bodyType"": ""Berline bicorps trois ou cinq portes"", ""numberOfCylinders"": 4, ""capacityLt"": ""1.2000"", ""capacityTech"": ""1149.0000"", ""engineCodes"": ""D4F 712"", ""engId"": 16186}",RAPID-4937887
474d6508-2e17-45d7-8963-90ccb95e5a80,108287,RENAULT,"CLIO II (BB_, CB_)",2001,2016,"1.2 16V (BB05, BB0W, BB11, BB27, BB2T, BB2U, BB2V, CB05,...",16104,Berline bicorps trois ou cinq portes,Essence,55,75,1149,2026-08-08 22:47:30,,,,,,4,,"{""vehicleId"": 16104, ""manufacturerName"": ""RENAULT"", ""modelName"": ""CLIO II (BB_, CB_)"", ""typeEngineName"": ""1.2 16V (BB05, BB0W, BB11, BB27, BB2T, BB2U, BB2V, CB05,..."", ""constructionIntervalStart"": ""2001-06-01"", ""constructionIntervalEnd"": ""2016-08-01"", ""powerKw"": ""55.0000"", ""powerPs"": ""75.0000"", ""capacityTax"": null, ""fuelType"": ""Essence"", ""bodyType"": ""Berline bicorps trois ou cinq portes"", ""numberOfCylinders"": 4, ""capacityLt"": ""1.2000"", ""capacityTech"": ""1149.0000"", ""engineCodes"": ""D4F 712"", ""engId"": 16186}",RAPID-6118150
477cf13b-c300-4fe5-b305-d11772c88e4c,108753,RENAULT,"CLIO II (BB_, CB_)",2001,2016,"1.2 16V (BB05, BB0W, BB11, BB27, BB2T, BB2U, BB2V, CB05,...",16104,Berline bicorps trois ou cinq portes,Essence,55,75,1149,2026-08-08 22:47:30,,,,,,4,,"{""vehicleId"": 16104, ""manufacturerName"": ""RENAULT"", ""modelName"": ""CLIO II (BB_, CB_)"", ""typeEngineName"": ""1.2 16V (BB05, BB0W, BB11, BB27, BB2T, BB2U, BB2V, CB05,..."", ""constructionIntervalStart"": ""2001-06-01"", ""constructionIntervalEnd"": ""2016-08-01"", ""powerKw"": ""55.0000"", ""powerPs"": ""75.0000"", ""capacityTax"": null, ""fuelType"": ""Essence"", ""bodyType"": ""Berline bicorps trois ou cinq portes"", ""numberOfCylinders"": 4, ""capacityLt"": ""1.2000"", ""capacityTech"": ""1149.0000"", ""engineCodes"": ""D4F 712"", ""engId"": 16186}",RAPID-1776617
479cae9d-1b73-4968-8c6b-dadfc652fc59,108591,RENAULT,"CLIO II (BB_, CB_)",2001,2016,"1.2 16V (BB05, BB0W, BB11, BB27, BB2T, BB2U, BB2V, CB05,...",16104,Berline bicorps trois ou cinq portes,Essence,55,75,1149,2026-08-08 22:47:30,,,,,,4,,"{""vehicleId"": 16104, ""manufacturerName"": ""RENAULT"", ""modelName"": ""CLIO II (BB_, CB_)"", ""typeEngineName"": ""1.2 16V (BB05, BB0W, BB11, BB27, BB2T, BB2U, BB2V, CB05,..."", ""constructionIntervalStart"": ""2001-06-01"", ""constructionIntervalEnd"": ""2016-08-01"", ""powerKw"": ""55.0000"", ""powerPs"": ""75.0000"", ""capacityTax"": null, ""fuelType"": ""Essence"", ""bodyType"": ""Berline bicorps trois ou cinq portes"", ""numberOfCylinders"": 4, ""capacityLt"": ""1.2000"", ""capacityTech"": ""1149.0000"", ""engineCodes"": ""D4F 712"", ""engId"": 16186}",RAPID-3032673
480251d2-46ad-4d11-be19-5d9d72a21dc6,108133,RENAULT,"CLIO II (BB_, CB_)",2001,2016,"1.2 16V (BB05, BB0W, BB11, BB27, BB2T, BB2U, BB2V, CB05,...",16104,Berline bicorps trois ou cinq portes,Essence,55,75,1149,2026-08-08 22:47:30,,,,,,4,,"{""vehicleId"": 16104, ""manufacturerName"": ""RENAULT"", ""modelName"": ""CLIO II (BB_, CB_)"", ""typeEngineName"": ""1.2 16V (BB05, BB0W, BB11, BB27, BB2T, BB2U, BB2V, CB05,..."", ""constructionIntervalStart"": ""2001-06-01"", ""constructionIntervalEnd"": ""2016-08-01"", ""powerKw"": ""55.0000"", ""powerPs"": ""75.0000"", ""capacityTax"": null, ""fuelType"": ""Essence"", ""bodyType"": ""Berline bicorps trois ou cinq portes"", ""numberOfCylinders"": 4, ""capacityLt"": ""1.2000"", ""capacityTech"": ""1149.0000"", ""engineCodes"": ""D4F 712"", ""engId"": 16186}",RAPID-5872823
4811754a-2617-4f74-97b4-98e8bc2cfb9a,108489,RENAULT,"CLIO II (BB_, CB_)",2001,2016,"1.2 16V (BB05, BB0W, BB11, BB27, BB2T, BB2U, BB2V, CB05,...",16104,Berline bicorps trois ou cinq portes,Essence,55,75,1149,2026-08-08 22:47:30,,,,,,4,,"{""vehicleId"": 16104, ""manufacturerName"": ""RENAULT"", ""modelName"": ""CLIO II (BB_, CB_)"", ""typeEngineName"": ""1.2 16V (BB05, BB0W, BB11, BB27, BB2T, BB2U, BB2V, CB05,..."", ""constructionIntervalStart"": ""2001-06-01"", ""constructionIntervalEnd"": ""2016-08-01"", ""powerKw"": ""55.0000"", ""powerPs"": ""75.0000"", ""capacityTax"": null, ""fuelType"": ""Essence"", ""bodyType"": ""Berline bicorps trois ou cinq portes"", ""numberOfCylinders"": 4, ""capacityLt"": ""1.2000"", ""capacityTech"": ""1149.0000"", ""engineCodes"": ""D4F 712"", ""engId"": 16186}",RAPID-30801463
48915d0b-77e3-4423-be9c-55b58412a5b3,108201,RENAULT,"CLIO II (BB_, CB_)",2001,2016,"1.2 16V (BB05, BB0W, BB11, BB27, BB2T, BB2U, BB2V, CB05,...",16104,Berline bicorps trois ou cinq portes,Essence,55,75,1149,2026-08-08 22:47:30,,,,,,4,,"{""vehicleId"": 16104, ""manufacturerName"": ""RENAULT"", ""modelName"": ""CLIO II (BB_, CB_)"", ""typeEngineName"": ""1.2 16V (BB05, BB0W, BB11, BB27, BB2T, BB2U, BB2V, CB05,..."", ""constructionIntervalStart"": ""2001-06-01"", ""constructionIntervalEnd"": ""2016-08-01"", ""powerKw"": ""55.0000"", ""powerPs"": ""75.0000"", ""capacityTax"": null, ""fuelType"": ""Essence"", ""bodyType"": ""Berline bicorps trois ou cinq portes"", ""numberOfCylinders"": 4, ""capacityLt"": ""1.2000"", ""capacityTech"": ""1149.0000"", ""engineCodes"": ""D4F 712"", ""engId"": 16186}",RAPID-27873809
48d4751a-6f0d-42c4-9de2-96190ad51492,108055,RENAULT,"CLIO II (BB_, CB_)",2001,2016,"1.2 16V (BB05, BB0W, BB11, BB27, BB2T, BB2U, BB2V, CB05,...",16104,Berline bicorps trois ou cinq portes,Essence,55,75,1149,2026-08-08 22:47:30,,,,,,4,,"{""vehicleId"": 16104, ""manufacturerName"": ""RENAULT"", ""modelName"": ""CLIO II (BB_, CB_)"", ""typeEngineName"": ""1.2 16V (BB05, BB0W, BB11, BB27, BB2T, BB2U, BB2V, CB05,..."", ""constructionIntervalStart"": ""2001-06-01"", ""constructionIntervalEnd"": ""2016-08-01"", ""powerKw"": ""55.0000"", ""powerPs"": ""75.0000"", ""capacityTax"": null, ""fuelType"": ""Essence"", ""bodyType"": ""Berline bicorps trois ou cinq portes"", ""numberOfCylinders"": 4, ""capacityLt"": ""1.2000"", ""capacityTech"": ""1149.0000"", ""engineCodes"": ""D4F 712"", ""engId"": 16186}",RAPID-4182072
48d9c88b-c77e-4967-ae47-84dd56e1764c,108239,RENAULT,"CLIO II (BB_, CB_)",2001,2016,"1.2 16V (BB05, BB0W, BB11, BB27, BB2T, BB2U, BB2V, CB05,...",16104,Berline bicorps trois ou cinq portes,Essence,55,75,1149,2026-08-08 22:47:30,,,,,,4,,"{""vehicleId"": 16104, ""manufacturerName"": ""RENAULT"", ""modelName"": ""CLIO II (BB_, CB_)"", ""typeEngineName"": ""1.2 16V (BB05, BB0W, BB11, BB27, BB2T, BB2U, BB2V, CB05,..."", ""constructionIntervalStart"": ""2001-06-01"", ""constructionIntervalEnd"": ""2016-08-01"", ""powerKw"": ""55.0000"", ""powerPs"": ""75.0000"", ""capacityTax"": null, ""fuelType"": ""Essence"", ""bodyType"": ""Berline bicorps trois ou cinq portes"", ""numberOfCylinders"": 4, ""capacityLt"": ""1.2000"", ""capacityTech"": ""1149.0000"", ""engineCodes"": ""D4F 712"", ""engId"": 16186}",RAPID-6142337
48e36cc2-82fc-40f6-98c2-0c8c48895881,108215,RENAULT,"CLIO II (BB_, CB_)",2001,2016,"1.2 16V (BB05, BB0W, BB11, BB27, BB2T, BB2U, BB2V, CB05,...",16104,Berline bicorps trois ou cinq portes,Essence,55,75,1149,2026-08-08 22:47:30,,,,,,4,,"{""vehicleId"": 16104, ""manufacturerName"": ""RENAULT"", ""modelName"": ""CLIO II (BB_, CB_)"", ""typeEngineName"": ""1.2 16V (BB05, BB0W, BB11, BB27, BB2T, BB2U, BB2V, CB05,..."", ""constructionIntervalStart"": ""2001-06-01"", ""constructionIntervalEnd"": ""2016-08-01"", ""powerKw"": ""55.0000"", ""powerPs"": ""75.0000"", ""capacityTax"": null, ""fuelType"": ""Essence"", ""bodyType"": ""Berline bicorps trois ou cinq portes"", ""numberOfCylinders"": 4, ""capacityLt"": ""1.2000"", ""capacityTech"": ""1149.0000"", ""engineCodes"": ""D4F 712"", ""engId"": 16186}",RAPID-5596882
48e5ae2b-22a8-427d-ac05-7c449646b740,108570,RENAULT,"CLIO II (BB_, CB_)",2001,2016,"1.2 16V (BB05, BB0W, BB11, BB27, BB2T, BB2U, BB2V, CB05,...",16104,Berline bicorps trois ou cinq portes,Essence,55,75,1149,2026-08-08 22:47:30,,,,,,4,,"{""vehicleId"": 16104, ""manufacturerName"": ""RENAULT"", ""modelName"": ""CLIO II (BB_, CB_)"", ""typeEngineName"": ""1.2 16V (BB05, BB0W, BB11, BB27, BB2T, BB2U, BB2V, CB05,..."", ""constructionIntervalStart"": ""2001-06-01"", ""constructionIntervalEnd"": ""2016-08-01"", ""powerKw"": ""55.0000"", ""powerPs"": ""75.0000"", ""capacityTax"": null, ""fuelType"": ""Essence"", ""bodyType"": ""Berline bicorps trois ou cinq portes"", ""numberOfCylinders"": 4, ""capacityLt"": ""1.2000"", ""capacityTech"": ""1149.0000"", ""engineCodes"": ""D4F 712"", ""engId"": 16186}",RAPID-12378013
496cad26-9568-435d-b91a-b18df91b65e2,108135,RENAULT,"CLIO II (BB_, CB_)",2001,2016,"1.2 16V (BB05, BB0W, BB11, BB27, BB2T, BB2U, BB2V, CB05,...",16104,Berline bicorps trois ou cinq portes,Essence,55,75,1149,2026-08-08 22:47:30,,,,,,4,,"{""vehicleId"": 16104, ""manufacturerName"": ""RENAULT"", ""modelName"": ""CLIO II (BB_, CB_)"", ""typeEngineName"": ""1.2 16V (BB05, BB0W, BB11, BB27, BB2T, BB2U, BB2V, CB05,..."", ""constructionIntervalStart"": ""2001-06-01"", ""constructionIntervalEnd"": ""2016-08-01"", ""powerKw"": ""55.0000"", ""powerPs"": ""75.0000"", ""capacityTax"": null, ""fuelType"": ""Essence"", ""bodyType"": ""Berline bicorps trois ou cinq portes"", ""numberOfCylinders"": 4, ""capacityLt"": ""1.2000"", ""capacityTech"": ""1149.0000"", ""engineCodes"": ""D4F 712"", ""engId"": 16186}",RAPID-870642
49853e56-aa2d-47a6-8133-507f575a1965,108698,RENAULT,"CLIO II (BB_, CB_)",2001,2016,"1.2 16V (BB05, BB0W, BB11, BB27, BB2T, BB2U, BB2V, CB05,...",16104,Berline bicorps trois ou cinq portes,Essence,55,75,1149,2026-08-08 22:47:30,,,,,,4,,"{""vehicleId"": 16104, ""manufacturerName"": ""RENAULT"", ""modelName"": ""CLIO II (BB_, CB_)"", ""typeEngineName"": ""1.2 16V (BB05, BB0W, BB11, BB27, BB2T, BB2U, BB2V, CB05,..."", ""constructionIntervalStart"": ""2001-06-01"", ""constructionIntervalEnd"": ""2016-08-01"", ""powerKw"": ""55.0000"", ""powerPs"": ""75.0000"", ""capacityTax"": null, ""fuelType"": ""Essence"", ""bodyType"": ""Berline bicorps trois ou cinq portes"", ""numberOfCylinders"": 4, ""capacityLt"": ""1.2000"", ""capacityTech"": ""1149.0000"", ""engineCodes"": ""D4F 712"", ""engId"": 16186}",RAPID-9686302
49b2155c-6c07-482c-b40d-a004239a5f2b,108425,RENAULT,"CLIO II (BB_, CB_)",2001,2016,"1.2 16V (BB05, BB0W, BB11, BB27, BB2T, BB2U, BB2V, CB05,...",16104,Berline bicorps trois ou cinq portes,Essence,55,75,1149,2026-08-08 22:47:30,,,,,,4,,"{""vehicleId"": 16104, ""manufacturerName"": ""RENAULT"", ""modelName"": ""CLIO II (BB_, CB_)"", ""typeEngineName"": ""1.2 16V (BB05, BB0W, BB11, BB27, BB2T, BB2U, BB2V, CB05,..."", ""constructionIntervalStart"": ""2001-06-01"", ""constructionIntervalEnd"": ""2016-08-01"", ""powerKw"": ""55.0000"", ""powerPs"": ""75.0000"", ""capacityTax"": null, ""fuelType"": ""Essence"", ""bodyType"": ""Berline bicorps trois ou cinq portes"", ""numberOfCylinders"": 4, ""capacityLt"": ""1.2000"", ""capacityTech"": ""1149.0000"", ""engineCodes"": ""D4F 712"", ""engId"": 16186}",RAPID-5414517
4a0f9f31-eb90-404a-b950-3977a76aa7a4,108800,RENAULT,"CLIO II (BB_, CB_)",2001,2016,"1.2 16V (BB05, BB0W, BB11, BB27, BB2T, BB2U, BB2V, CB05,...",16104,Berline bicorps trois ou cinq portes,Essence,55,75,1149,2026-08-08 22:47:30,,,,,,4,,"{""vehicleId"": 16104, ""manufacturerName"": ""RENAULT"", ""modelName"": ""CLIO II (BB_, CB_)"", ""typeEngineName"": ""1.2 16V (BB05, BB0W, BB11, BB27, BB2T, BB2U, BB2V, CB05,..."", ""constructionIntervalStart"": ""2001-06-01"", ""constructionIntervalEnd"": ""2016-08-01"", ""powerKw"": ""55.0000"", ""powerPs"": ""75.0000"", ""capacityTax"": null, ""fuelType"": ""Essence"", ""bodyType"": ""Berline bicorps trois ou cinq portes"", ""numberOfCylinders"": 4, ""capacityLt"": ""1.2000"", ""capacityTech"": ""1149.0000"", ""engineCodes"": ""D4F 712"", ""engId"": 16186}",RAPID-89818080
4a5213d8-8306-4173-92ae-6bb4ecaedc89,108510,RENAULT,"CLIO II (BB_, CB_)",2001,2016,"1.2 16V (BB05, BB0W, BB11, BB27, BB2T, BB2U, BB2V, CB05,...",16104,Berline bicorps trois ou cinq portes,Essence,55,75,1149,2026-08-08 22:47:30,,,,,,4,,"{""vehicleId"": 16104, ""manufacturerName"": ""RENAULT"", ""modelName"": ""CLIO II (BB_, CB_)"", ""typeEngineName"": ""1.2 16V (BB05, BB0W, BB11, BB27, BB2T, BB2U, BB2V, CB05,..."", ""constructionIntervalStart"": ""2001-06-01"", ""constructionIntervalEnd"": ""2016-08-01"", ""powerKw"": ""55.0000"", ""powerPs"": ""75.0000"", ""capacityTax"": null, ""fuelType"": ""Essence"", ""bodyType"": ""Berline bicorps trois ou cinq portes"", ""numberOfCylinders"": 4, ""capacityLt"": ""1.2000"", ""capacityTech"": ""1149.0000"", ""engineCodes"": ""D4F 712"", ""engId"": 16186}",RAPID-9693154
4a5964b6-8fc0-4aa9-a5a0-be3ca20adbd0,108817,RENAULT,"CLIO II (BB_, CB_)",2001,2016,"1.2 16V (BB05, BB0W, BB11, BB27, BB2T, BB2U, BB2V, CB05,...",16104,Berline bicorps trois ou cinq portes,Essence,55,75,1149,2026-08-08 22:47:30,,,,,,4,,"{""vehicleId"": 16104, ""manufacturerName"": ""RENAULT"", ""modelName"": ""CLIO II (BB_, CB_)"", ""typeEngineName"": ""1.2 16V (BB05, BB0W, BB11, BB27, BB2T, BB2U, BB2V, CB05,..."", ""constructionIntervalStart"": ""2001-06-01"", ""constructionIntervalEnd"": ""2016-08-01"", ""powerKw"": ""55.0000"", ""powerPs"": ""75.0000"", ""capacityTax"": null, ""fuelType"": ""Essence"", ""bodyType"": ""Berline bicorps trois ou cinq portes"", ""numberOfCylinders"": 4, ""capacityLt"": ""1.2000"", ""capacityTech"": ""1149.0000"", ""engineCodes"": ""D4F 712"", ""engId"": 16186}",RAPID-9110181
4a9efe4b-611c-47ab-9026-ce31979999bb,108730,RENAULT,"CLIO II (BB_, CB_)",2001,2016,"1.2 16V (BB05, BB0W, BB11, BB27, BB2T, BB2U, BB2V, CB05,...",16104,Berline bicorps trois ou cinq portes,Essence,55,75,1149,2026-08-08 22:47:30,,,,,,4,,"{""vehicleId"": 16104, ""manufacturerName"": ""RENAULT"", ""modelName"": ""CLIO II (BB_, CB_)"", ""typeEngineName"": ""1.2 16V (BB05, BB0W, BB11, BB27, BB2T, BB2U, BB2V, CB05,..."", ""constructionIntervalStart"": ""2001-06-01"", ""constructionIntervalEnd"": ""2016-08-01"", ""powerKw"": ""55.0000"", ""powerPs"": ""75.0000"", ""capacityTax"": null, ""fuelType"": ""Essence"", ""bodyType"": ""Berline bicorps trois ou cinq portes"", ""numberOfCylinders"": 4, ""capacityLt"": ""1.2000"", ""capacityTech"": ""1149.0000"", ""engineCodes"": ""D4F 712"", ""engId"": 16186}",RAPID-7650086
4ad1b6b7-6ab1-44c4-98f5-aff7772d8e43,108755,RENAULT,"CLIO II (BB_, CB_)",2001,2016,"1.2 16V (BB05, BB0W, BB11, BB27, BB2T, BB2U, BB2V, CB05,...",16104,Berline bicorps trois ou cinq portes,Essence,55,75,1149,2026-08-08 22:47:30,,,,,,4,,"{""vehicleId"": 16104, ""manufacturerName"": ""RENAULT"", ""modelName"": ""CLIO II (BB_, CB_)"", ""typeEngineName"": ""1.2 16V (BB05, BB0W, BB11, BB27, BB2T, BB2U, BB2V, CB05,..."", ""constructionIntervalStart"": ""2001-06-01"", ""constructionIntervalEnd"": ""2016-08-01"", ""powerKw"": ""55.0000"", ""powerPs"": ""75.0000"", ""capacityTax"": null, ""fuelType"": ""Essence"", ""bodyType"": ""Berline bicorps trois ou cinq portes"", ""numberOfCylinders"": 4, ""capacityLt"": ""1.2000"", ""capacityTech"": ""1149.0000"", ""engineCodes"": ""D4F 712"", ""engId"": 16186}",RAPID-1776605
4b09cdcd-c170-40de-a23d-3f232874c021,108519,RENAULT,"CLIO II (BB_, CB_)",2001,2016,"1.2 16V (BB05, BB0W, BB11, BB27, BB2T, BB2U, BB2V, CB05,...",16104,Berline bicorps trois ou cinq portes,Essence,55,75,1149,2026-08-08 22:47:30,,,,,,4,,"{""vehicleId"": 16104, ""manufacturerName"": ""RENAULT"", ""modelName"": ""CLIO II (BB_, CB_)"", ""typeEngineName"": ""1.2 16V (BB05, BB0W, BB11, BB27, BB2T, BB2U, BB2V, CB05,..."", ""constructionIntervalStart"": ""2001-06-01"", ""constructionIntervalEnd"": ""2016-08-01"", ""powerKw"": ""55.0000"", ""powerPs"": ""75.0000"", ""capacityTax"": null, ""fuelType"": ""Essence"", ""bodyType"": ""Berline bicorps trois ou cinq portes"", ""numberOfCylinders"": 4, ""capacityLt"": ""1.2000"", ""capacityTech"": ""1149.0000"", ""engineCodes"": ""D4F 712"", ""engId"": 16186}",RAPID-7747565
4b8bf0cb-10d9-446f-acda-4d9ac657a4e1,108760,RENAULT,"CLIO II (BB_, CB_)",2001,2016,"1.2 16V (BB05, BB0W, BB11, BB27, BB2T, BB2U, BB2V, CB05,...",16104,Berline bicorps trois ou cinq portes,Essence,55,75,1149,2026-08-08 22:47:30,,,,,,4,,"{""vehicleId"": 16104, ""manufacturerName"": ""RENAULT"", ""modelName"": ""CLIO II (BB_, CB_)"", ""typeEngineName"": ""1.2 16V (BB05, BB0W, BB11, BB27, BB2T, BB2U, BB2V, CB05,..."", ""constructionIntervalStart"": ""2001-06-01"", ""constructionIntervalEnd"": ""2016-08-01"", ""powerKw"": ""55.0000"", ""powerPs"": ""75.0000"", ""capacityTax"": null, ""fuelType"": ""Essence"", ""bodyType"": ""Berline bicorps trois ou cinq portes"", ""numberOfCylinders"": 4, ""capacityLt"": ""1.2000"", ""capacityTech"": ""1149.0000"", ""engineCodes"": ""D4F 712"", ""engId"": 16186}",RAPID-8694120
4be6c5fc-16b1-45b5-a332-7855f7013652,108089,RENAULT,"CLIO II (BB_, CB_)",2001,2016,"1.2 16V (BB05, BB0W, BB11, BB27, BB2T, BB2U, BB2V, CB05,...",16104,Berline bicorps trois ou cinq portes,Essence,55,75,1149,2026-08-08 22:47:30,,,,,,4,,"{""vehicleId"": 16104, ""manufacturerName"": ""RENAULT"", ""modelName"": ""CLIO II (BB_, CB_)"", ""typeEngineName"": ""1.2 16V (BB05, BB0W, BB11, BB27, BB2T, BB2U, BB2V, CB05,..."", ""constructionIntervalStart"": ""2001-06-01"", ""constructionIntervalEnd"": ""2016-08-01"", ""powerKw"": ""55.0000"", ""powerPs"": ""75.0000"", ""capacityTax"": null, ""fuelType"": ""Essence"", ""bodyType"": ""Berline bicorps trois ou cinq portes"", ""numberOfCylinders"": 4, ""capacityLt"": ""1.2000"", ""capacityTech"": ""1149.0000"", ""engineCodes"": ""D4F 712"", ""engId"": 16186}",RAPID-7903157
4c0471fc-a80f-4648-bc63-75531fc79598,108077,RENAULT,"CLIO II (BB_, CB_)",2001,2016,"1.2 16V (BB05, BB0W, BB11, BB27, BB2T, BB2U, BB2V, CB05,...",16104,Berline bicorps trois ou cinq portes,Essence,55,75,1149,2026-08-08 22:47:30,,,,,,4,,"{""vehicleId"": 16104, ""manufacturerName"": ""RENAULT"", ""modelName"": ""CLIO II (BB_, CB_)"", ""typeEngineName"": ""1.2 16V (BB05, BB0W, BB11, BB27, BB2T, BB2U, BB2V, CB05,..."", ""constructionIntervalStart"": ""2001-06-01"", ""constructionIntervalEnd"": ""2016-08-01"", ""powerKw"": ""55.0000"", ""powerPs"": ""75.0000"", ""capacityTax"": null, ""fuelType"": ""Essence"", ""bodyType"": ""Berline bicorps trois ou cinq portes"", ""numberOfCylinders"": 4, ""capacityLt"": ""1.2000"", ""capacityTech"": ""1149.0000"", ""engineCodes"": ""D4F 712"", ""engId"": 16186}",RAPID-19475374
4c2ff8c2-2e93-42a8-91dc-c509e3330661,108086,RENAULT,"CLIO II (BB_, CB_)",2001,2016,"1.2 16V (BB05, BB0W, BB11, BB27, BB2T, BB2U, BB2V, CB05,...",16104,Berline bicorps trois ou cinq portes,Essence,55,75,1149,2026-08-08 22:47:30,,,,,,4,,"{""vehicleId"": 16104, ""manufacturerName"": ""RENAULT"", ""modelName"": ""CLIO II (BB_, CB_)"", ""typeEngineName"": ""1.2 16V (BB05, BB0W, BB11, BB27, BB2T, BB2U, BB2V, CB05,..."", ""constructionIntervalStart"": ""2001-06-01"", ""constructionIntervalEnd"": ""2016-08-01"", ""powerKw"": ""55.0000"", ""powerPs"": ""75.0000"", ""capacityTax"": null, ""fuelType"": ""Essence"", ""bodyType"": ""Berline bicorps trois ou cinq portes"", ""numberOfCylinders"": 4, ""capacityLt"": ""1.2000"", ""capacityTech"": ""1149.0000"", ""engineCodes"": ""D4F 712"", ""engId"": 16186}",RAPID-5065833
4cc05e61-dfc6-4601-88b0-c1a82e5a90f5,108068,RENAULT,"CLIO II (BB_, CB_)",2001,2016,"1.2 16V (BB05, BB0W, BB11, BB27, BB2T, BB2U, BB2V, CB05,...",16104,Berline bicorps trois ou cinq portes,Essence,55,75,1149,2026-08-08 22:47:30,,,,,,4,,"{""vehicleId"": 16104, ""manufacturerName"": ""RENAULT"", ""modelName"": ""CLIO II (BB_, CB_)"", ""typeEngineName"": ""1.2 16V (BB05, BB0W, BB11, BB27, BB2T, BB2U, BB2V, CB05,..."", ""constructionIntervalStart"": ""2001-06-01"", ""constructionIntervalEnd"": ""2016-08-01"", ""powerKw"": ""55.0000"", ""powerPs"": ""75.0000"", ""capacityTax"": null, ""fuelType"": ""Essence"", ""bodyType"": ""Berline bicorps trois ou cinq portes"", ""numberOfCylinders"": 4, ""capacityLt"": ""1.2000"", ""capacityTech"": ""1149.0000"", ""engineCodes"": ""D4F 712"", ""engId"": 16186}",RAPID-737250
4d15742d-43ec-4969-abd3-4a493f0750b3,108392,RENAULT,"CLIO II (BB_, CB_)",2001,2016,"1.2 16V (BB05, BB0W, BB11, BB27, BB2T, BB2U, BB2V, CB05,...",16104,Berline bicorps trois ou cinq portes,Essence,55,75,1149,2026-08-08 22:47:30,,,,,,4,,"{""vehicleId"": 16104, ""manufacturerName"": ""RENAULT"", ""modelName"": ""CLIO II (BB_, CB_)"", ""typeEngineName"": ""1.2 16V (BB05, BB0W, BB11, BB27, BB2T, BB2U, BB2V, CB05,..."", ""constructionIntervalStart"": ""2001-06-01"", ""constructionIntervalEnd"": ""2016-08-01"", ""powerKw"": ""55.0000"", ""powerPs"": ""75.0000"", ""capacityTax"": null, ""fuelType"": ""Essence"", ""bodyType"": ""Berline bicorps trois ou cinq portes"", ""numberOfCylinders"": 4, ""capacityLt"": ""1.2000"", ""capacityTech"": ""1149.0000"", ""engineCodes"": ""D4F 712"", ""engId"": 16186}",RAPID-9686218
4d396b38-1305-4862-81a4-38430c0794f1,108390,RENAULT,"CLIO II (BB_, CB_)",2001,2016,"1.2 16V (BB05, BB0W, BB11, BB27, BB2T, BB2U, BB2V, CB05,...",16104,Berline bicorps trois ou cinq portes,Essence,55,75,1149,2026-08-08 22:47:30,,,,,,4,,"{""vehicleId"": 16104, ""manufacturerName"": ""RENAULT"", ""modelName"": ""CLIO II (BB_, CB_)"", ""typeEngineName"": ""1.2 16V (BB05, BB0W, BB11, BB27, BB2T, BB2U, BB2V, CB05,..."", ""constructionIntervalStart"": ""2001-06-01"", ""constructionIntervalEnd"": ""2016-08-01"", ""powerKw"": ""55.0000"", ""powerPs"": ""75.0000"", ""capacityTax"": null, ""fuelType"": ""Essence"", ""bodyType"": ""Berline bicorps trois ou cinq portes"", ""numberOfCylinders"": 4, ""capacityLt"": ""1.2000"", ""capacityTech"": ""1149.0000"", ""engineCodes"": ""D4F 712"", ""engId"": 16186}",RAPID-7150610
4d60a02c-685b-462a-89f9-74b4d340b6ed,108423,RENAULT,"CLIO II (BB_, CB_)",2001,2016,"1.2 16V (BB05, BB0W, BB11, BB27, BB2T, BB2U, BB2V, CB05,...",16104,Berline bicorps trois ou cinq portes,Essence,55,75,1149,2026-08-08 22:47:30,,,,,,4,,"{""vehicleId"": 16104, ""manufacturerName"": ""RENAULT"", ""modelName"": ""CLIO II (BB_, CB_)"", ""typeEngineName"": ""1.2 16V (BB05, BB0W, BB11, BB27, BB2T, BB2U, BB2V, CB05,..."", ""constructionIntervalStart"": ""2001-06-01"", ""constructionIntervalEnd"": ""2016-08-01"", ""powerKw"": ""55.0000"", ""powerPs"": ""75.0000"", ""capacityTax"": null, ""fuelType"": ""Essence"", ""bodyType"": ""Berline bicorps trois ou cinq portes"", ""numberOfCylinders"": 4, ""capacityLt"": ""1.2000"", ""capacityTech"": ""1149.0000"", ""engineCodes"": ""D4F 712"", ""engId"": 16186}",RAPID-20207617
4d725bbd-8975-4b08-8b07-8abe1be25ec8,108627,RENAULT,"CLIO II (BB_, CB_)",2001,2016,"1.2 16V (BB05, BB0W, BB11, BB27, BB2T, BB2U, BB2V, CB05,...",16104,Berline bicorps trois ou cinq portes,Essence,55,75,1149,2026-08-08 22:47:30,,,,,,4,,"{""vehicleId"": 16104, ""manufacturerName"": ""RENAULT"", ""modelName"": ""CLIO II (BB_, CB_)"", ""typeEngineName"": ""1.2 16V (BB05, BB0W, BB11, BB27, BB2T, BB2U, BB2V, CB05,..."", ""constructionIntervalStart"": ""2001-06-01"", ""constructionIntervalEnd"": ""2016-08-01"", ""powerKw"": ""55.0000"", ""powerPs"": ""75.0000"", ""capacityTax"": null, ""fuelType"": ""Essence"", ""bodyType"": ""Berline bicorps trois ou cinq portes"", ""numberOfCylinders"": 4, ""capacityLt"": ""1.2000"", ""capacityTech"": ""1149.0000"", ""engineCodes"": ""D4F 712"", ""engId"": 16186}",RAPID-3612015
4d8adb17-09a1-4760-a540-ec27433cba3b,108479,RENAULT,"CLIO II (BB_, CB_)",2001,2016,"1.2 16V (BB05, BB0W, BB11, BB27, BB2T, BB2U, BB2V, CB05,...",16104,Berline bicorps trois ou cinq portes,Essence,55,75,1149,2026-08-08 22:47:30,,,,,,4,,"{""vehicleId"": 16104, ""manufacturerName"": ""RENAULT"", ""modelName"": ""CLIO II (BB_, CB_)"", ""typeEngineName"": ""1.2 16V (BB05, BB0W, BB11, BB27, BB2T, BB2U, BB2V, CB05,..."", ""constructionIntervalStart"": ""2001-06-01"", ""constructionIntervalEnd"": ""2016-08-01"", ""powerKw"": ""55.0000"", ""powerPs"": ""75.0000"", ""capacityTax"": null, ""fuelType"": ""Essence"", ""bodyType"": ""Berline bicorps trois ou cinq portes"", ""numberOfCylinders"": 4, ""capacityLt"": ""1.2000"", ""capacityTech"": ""1149.0000"", ""engineCodes"": ""D4F 712"", ""engId"": 16186}",RAPID-56626481
4dc1eacd-73a6-46c8-9643-fc84ca87131b,108016,AUDI,80 B4 Saloon (8C2),1991,1994,1.9 TD,1392,Saloon,Diesel,,,,2026-08-06 14:24:09,,,,,,,,,RAPID-84960792
4de3c0c5-5de1-4217-9598-acc8fac76cdb,108839,RENAULT,"CLIO II (BB_, CB_)",2001,2016,"1.2 16V (BB05, BB0W, BB11, BB27, BB2T, BB2U, BB2V, CB05,...",16104,Berline bicorps trois ou cinq portes,Essence,55,75,1149,2026-08-08 22:47:30,,,,,,4,,"{""vehicleId"": 16104, ""manufacturerName"": ""RENAULT"", ""modelName"": ""CLIO II (BB_, CB_)"", ""typeEngineName"": ""1.2 16V (BB05, BB0W, BB11, BB27, BB2T, BB2U, BB2V, CB05,..."", ""constructionIntervalStart"": ""2001-06-01"", ""constructionIntervalEnd"": ""2016-08-01"", ""powerKw"": ""55.0000"", ""powerPs"": ""75.0000"", ""capacityTax"": null, ""fuelType"": ""Essence"", ""bodyType"": ""Berline bicorps trois ou cinq portes"", ""numberOfCylinders"": 4, ""capacityLt"": ""1.2000"", ""capacityTech"": ""1149.0000"", ""engineCodes"": ""D4F 712"", ""engId"": 16186}",RAPID-869438
4e20812b-b036-4e30-9240-264bb91ce021,108728,RENAULT,"CLIO II (BB_, CB_)",2001,2016,"1.2 16V (BB05, BB0W, BB11, BB27, BB2T, BB2U, BB2V, CB05,...",16104,Berline bicorps trois ou cinq portes,Essence,55,75,1149,2026-08-08 22:47:30,,,,,,4,,"{""vehicleId"": 16104, ""manufacturerName"": ""RENAULT"", ""modelName"": ""CLIO II (BB_, CB_)"", ""typeEngineName"": ""1.2 16V (BB05, BB0W, BB11, BB27, BB2T, BB2U, BB2V, CB05,..."", ""constructionIntervalStart"": ""2001-06-01"", ""constructionIntervalEnd"": ""2016-08-01"", ""powerKw"": ""55.0000"", ""powerPs"": ""75.0000"", ""capacityTax"": null, ""fuelType"": ""Essence"", ""bodyType"": ""Berline bicorps trois ou cinq portes"", ""numberOfCylinders"": 4, ""capacityLt"": ""1.2000"", ""capacityTech"": ""1149.0000"", ""engineCodes"": ""D4F 712"", ""engId"": 16186}",RAPID-7650058
4e249a3f-55f2-43bc-9c97-0ed0a20485e7,108353,RENAULT,"CLIO II (BB_, CB_)",2001,2016,"1.2 16V (BB05, BB0W, BB11, BB27, BB2T, BB2U, BB2V, CB05,...",16104,Berline bicorps trois ou cinq portes,Essence,55,75,1149,2026-08-08 22:47:30,,,,,,4,,"{""vehicleId"": 16104, ""manufacturerName"": ""RENAULT"", ""modelName"": ""CLIO II (BB_, CB_)"", ""typeEngineName"": ""1.2 16V (BB05, BB0W, BB11, BB27, BB2T, BB2U, BB2V, CB05,..."", ""constructionIntervalStart"": ""2001-06-01"", ""constructionIntervalEnd"": ""2016-08-01"", ""powerKw"": ""55.0000"", ""powerPs"": ""75.0000"", ""capacityTax"": null, ""fuelType"": ""Essence"", ""bodyType"": ""Berline bicorps trois ou cinq portes"", ""numberOfCylinders"": 4, ""capacityLt"": ""1.2000"", ""capacityTech"": ""1149.0000"", ""engineCodes"": ""D4F 712"", ""engId"": 16186}",RAPID-6678274
4e6be392-3389-4e85-9f14-e494373315c9,108102,RENAULT,"CLIO II (BB_, CB_)",2001,2016,"1.2 16V (BB05, BB0W, BB11, BB27, BB2T, BB2U, BB2V, CB05,...",16104,Berline bicorps trois ou cinq portes,Essence,55,75,1149,2026-08-08 22:47:30,,,,,,4,,"{""vehicleId"": 16104, ""manufacturerName"": ""RENAULT"", ""modelName"": ""CLIO II (BB_, CB_)"", ""typeEngineName"": ""1.2 16V (BB05, BB0W, BB11, BB27, BB2T, BB2U, BB2V, CB05,..."", ""constructionIntervalStart"": ""2001-06-01"", ""constructionIntervalEnd"": ""2016-08-01"", ""powerKw"": ""55.0000"", ""powerPs"": ""75.0000"", ""capacityTax"": null, ""fuelType"": ""Essence"", ""bodyType"": ""Berline bicorps trois ou cinq portes"", ""numberOfCylinders"": 4, ""capacityLt"": ""1.2000"", ""capacityTech"": ""1149.0000"", ""engineCodes"": ""D4F 712"", ""engId"": 16186}",RAPID-9496013
4f02b0e8-0846-440d-afc6-967f1eb267ba,108496,RENAULT,"CLIO II (BB_, CB_)",2001,2016,"1.2 16V (BB05, BB0W, BB11, BB27, BB2T, BB2U, BB2V, CB05,...",16104,Berline bicorps trois ou cinq portes,Essence,55,75,1149,2026-08-08 22:47:30,,,,,,4,,"{""vehicleId"": 16104, ""manufacturerName"": ""RENAULT"", ""modelName"": ""CLIO II (BB_, CB_)"", ""typeEngineName"": ""1.2 16V (BB05, BB0W, BB11, BB27, BB2T, BB2U, BB2V, CB05,..."", ""constructionIntervalStart"": ""2001-06-01"", ""constructionIntervalEnd"": ""2016-08-01"", ""powerKw"": ""55.0000"", ""powerPs"": ""75.0000"", ""capacityTax"": null, ""fuelType"": ""Essence"", ""bodyType"": ""Berline bicorps trois ou cinq portes"", ""numberOfCylinders"": 4, ""capacityLt"": ""1.2000"", ""capacityTech"": ""1149.0000"", ""engineCodes"": ""D4F 712"", ""engId"": 16186}",RAPID-2339405
4fb17819-cc76-43df-ba66-e013e01a9a18,108317,RENAULT,"CLIO II (BB_, CB_)",2001,2016,"1.2 16V (BB05, BB0W, BB11, BB27, BB2T, BB2U, BB2V, CB05,...",16104,Berline bicorps trois ou cinq portes,Essence,55,75,1149,2026-08-08 22:47:30,,,,,,4,,"{""vehicleId"": 16104, ""manufacturerName"": ""RENAULT"", ""modelName"": ""CLIO II (BB_, CB_)"", ""typeEngineName"": ""1.2 16V (BB05, BB0W, BB11, BB27, BB2T, BB2U, BB2V, CB05,..."", ""constructionIntervalStart"": ""2001-06-01"", ""constructionIntervalEnd"": ""2016-08-01"", ""powerKw"": ""55.0000"", ""powerPs"": ""75.0000"", ""capacityTax"": null, ""fuelType"": ""Essence"", ""bodyType"": ""Berline bicorps trois ou cinq portes"", ""numberOfCylinders"": 4, ""capacityLt"": ""1.2000"", ""capacityTech"": ""1149.0000"", ""engineCodes"": ""D4F 712"", ""engId"": 16186}",RAPID-2394531
4ff7b672-a9f6-46a6-8962-1fc283586f96,108744,RENAULT,"CLIO II (BB_, CB_)",2001,2016,"1.2 16V (BB05, BB0W, BB11, BB27, BB2T, BB2U, BB2V, CB05,...",16104,Berline bicorps trois ou cinq portes,Essence,55,75,1149,2026-08-08 22:47:30,,,,,,4,,"{""vehicleId"": 16104, ""manufacturerName"": ""RENAULT"", ""modelName"": ""CLIO II (BB_, CB_)"", ""typeEngineName"": ""1.2 16V (BB05, BB0W, BB11, BB27, BB2T, BB2U, BB2V, CB05,..."", ""constructionIntervalStart"": ""2001-06-01"", ""constructionIntervalEnd"": ""2016-08-01"", ""powerKw"": ""55.0000"", ""powerPs"": ""75.0000"", ""capacityTax"": null, ""fuelType"": ""Essence"", ""bodyType"": ""Berline bicorps trois ou cinq portes"", ""numberOfCylinders"": 4, ""capacityLt"": ""1.2000"", ""capacityTech"": ""1149.0000"", ""engineCodes"": ""D4F 712"", ""engId"": 16186}",RAPID-8526922
51b7ccd7-69eb-47de-98c4-9e65cc82c1c4,108733,RENAULT,"CLIO II (BB_, CB_)",2001,2016,"1.2 16V (BB05, BB0W, BB11, BB27, BB2T, BB2U, BB2V, CB05,...",16104,Berline bicorps trois ou cinq portes,Essence,55,75,1149,2026-08-08 22:47:30,,,,,,4,,"{""vehicleId"": 16104, ""manufacturerName"": ""RENAULT"", ""modelName"": ""CLIO II (BB_, CB_)"", ""typeEngineName"": ""1.2 16V (BB05, BB0W, BB11, BB27, BB2T, BB2U, BB2V, CB05,..."", ""constructionIntervalStart"": ""2001-06-01"", ""constructionIntervalEnd"": ""2016-08-01"", ""powerKw"": ""55.0000"", ""powerPs"": ""75.0000"", ""capacityTax"": null, ""fuelType"": ""Essence"", ""bodyType"": ""Berline bicorps trois ou cinq portes"", ""numberOfCylinders"": 4, ""capacityLt"": ""1.2000"", ""capacityTech"": ""1149.0000"", ""engineCodes"": ""D4F 712"", ""engId"": 16186}",RAPID-8416358
520a1047-8149-4c4c-b511-67c9f2d80260,108409,RENAULT,"CLIO II (BB_, CB_)",2001,2016,"1.2 16V (BB05, BB0W, BB11, BB27, BB2T, BB2U, BB2V, CB05,...",16104,Berline bicorps trois ou cinq portes,Essence,55,75,1149,2026-08-08 22:47:30,,,,,,4,,"{""vehicleId"": 16104, ""manufacturerName"": ""RENAULT"", ""modelName"": ""CLIO II (BB_, CB_)"", ""typeEngineName"": ""1.2 16V (BB05, BB0W, BB11, BB27, BB2T, BB2U, BB2V, CB05,..."", ""constructionIntervalStart"": ""2001-06-01"", ""constructionIntervalEnd"": ""2016-08-01"", ""powerKw"": ""55.0000"", ""powerPs"": ""75.0000"", ""capacityTax"": null, ""fuelType"": ""Essence"", ""bodyType"": ""Berline bicorps trois ou cinq portes"", ""numberOfCylinders"": 4, ""capacityLt"": ""1.2000"", ""capacityTech"": ""1149.0000"", ""engineCodes"": ""D4F 712"", ""engId"": 16186}",RAPID-74715677
523f784f-fbff-41f8-8ace-28054798523f,108788,RENAULT,"CLIO II (BB_, CB_)",2001,2016,"1.2 16V (BB05, BB0W, BB11, BB27, BB2T, BB2U, BB2V, CB05,...",16104,Berline bicorps trois ou cinq portes,Essence,55,75,1149,2026-08-08 22:47:30,,,,,,4,,"{""vehicleId"": 16104, ""manufacturerName"": ""RENAULT"", ""modelName"": ""CLIO II (BB_, CB_)"", ""typeEngineName"": ""1.2 16V (BB05, BB0W, BB11, BB27, BB2T, BB2U, BB2V, CB05,..."", ""constructionIntervalStart"": ""2001-06-01"", ""constructionIntervalEnd"": ""2016-08-01"", ""powerKw"": ""55.0000"", ""powerPs"": ""75.0000"", ""capacityTax"": null, ""fuelType"": ""Essence"", ""bodyType"": ""Berline bicorps trois ou cinq portes"", ""numberOfCylinders"": 4, ""capacityLt"": ""1.2000"", ""capacityTech"": ""1149.0000"", ""engineCodes"": ""D4F 712"", ""engId"": 16186}",RAPID-2477990
531f064a-1277-4547-b825-df63afcb735c,108816,RENAULT,"CLIO II (BB_, CB_)",2001,2016,"1.2 16V (BB05, BB0W, BB11, BB27, BB2T, BB2U, BB2V, CB05,...",16104,Berline bicorps trois ou cinq portes,Essence,55,75,1149,2026-08-08 22:47:30,,,,,,4,,"{""vehicleId"": 16104, ""manufacturerName"": ""RENAULT"", ""modelName"": ""CLIO II (BB_, CB_)"", ""typeEngineName"": ""1.2 16V (BB05, BB0W, BB11, BB27, BB2T, BB2U, BB2V, CB05,..."", ""constructionIntervalStart"": ""2001-06-01"", ""constructionIntervalEnd"": ""2016-08-01"", ""powerKw"": ""55.0000"", ""powerPs"": ""75.0000"", ""capacityTax"": null, ""fuelType"": ""Essence"", ""bodyType"": ""Berline bicorps trois ou cinq portes"", ""numberOfCylinders"": 4, ""capacityLt"": ""1.2000"", ""capacityTech"": ""1149.0000"", ""engineCodes"": ""D4F 712"", ""engId"": 16186}",RAPID-9110152
53528961-d01a-4740-8d90-b111b4d86fa8,108261,RENAULT,"CLIO II (BB_, CB_)",2001,2016,"1.2 16V (BB05, BB0W, BB11, BB27, BB2T, BB2U, BB2V, CB05,...",16104,Berline bicorps trois ou cinq portes,Essence,55,75,1149,2026-08-08 22:47:30,,,,,,4,,"{""vehicleId"": 16104, ""manufacturerName"": ""RENAULT"", ""modelName"": ""CLIO II (BB_, CB_)"", ""typeEngineName"": ""1.2 16V (BB05, BB0W, BB11, BB27, BB2T, BB2U, BB2V, CB05,..."", ""constructionIntervalStart"": ""2001-06-01"", ""constructionIntervalEnd"": ""2016-08-01"", ""powerKw"": ""55.0000"", ""powerPs"": ""75.0000"", ""capacityTax"": null, ""fuelType"": ""Essence"", ""bodyType"": ""Berline bicorps trois ou cinq portes"", ""numberOfCylinders"": 4, ""capacityLt"": ""1.2000"", ""capacityTech"": ""1149.0000"", ""engineCodes"": ""D4F 712"", ""engId"": 16186}",RAPID-2512716
5470e86b-8fe8-475b-83b2-1a2efea41244,108097,RENAULT,"CLIO II (BB_, CB_)",2001,2016,"1.2 16V (BB05, BB0W, BB11, BB27, BB2T, BB2U, BB2V, CB05,...",16104,Berline bicorps trois ou cinq portes,Essence,55,75,1149,2026-08-08 22:47:30,,,,,,4,,"{""vehicleId"": 16104, ""manufacturerName"": ""RENAULT"", ""modelName"": ""CLIO II (BB_, CB_)"", ""typeEngineName"": ""1.2 16V (BB05, BB0W, BB11, BB27, BB2T, BB2U, BB2V, CB05,..."", ""constructionIntervalStart"": ""2001-06-01"", ""constructionIntervalEnd"": ""2016-08-01"", ""powerKw"": ""55.0000"", ""powerPs"": ""75.0000"", ""capacityTax"": null, ""fuelType"": ""Essence"", ""bodyType"": ""Berline bicorps trois ou cinq portes"", ""numberOfCylinders"": 4, ""capacityLt"": ""1.2000"", ""capacityTech"": ""1149.0000"", ""engineCodes"": ""D4F 712"", ""engId"": 16186}",RAPID-1575143
54dd415a-ce97-4cad-924f-71a98c29b056,108066,RENAULT,"CLIO II (BB_, CB_)",2001,2016,"1.2 16V (BB05, BB0W, BB11, BB27, BB2T, BB2U, BB2V, CB05,...",16104,Berline bicorps trois ou cinq portes,Essence,55,75,1149,2026-08-08 22:47:30,,,,,,4,,"{""vehicleId"": 16104, ""manufacturerName"": ""RENAULT"", ""modelName"": ""CLIO II (BB_, CB_)"", ""typeEngineName"": ""1.2 16V (BB05, BB0W, BB11, BB27, BB2T, BB2U, BB2V, CB05,..."", ""constructionIntervalStart"": ""2001-06-01"", ""constructionIntervalEnd"": ""2016-08-01"", ""powerKw"": ""55.0000"", ""powerPs"": ""75.0000"", ""capacityTax"": null, ""fuelType"": ""Essence"", ""bodyType"": ""Berline bicorps trois ou cinq portes"", ""numberOfCylinders"": 4, ""capacityLt"": ""1.2000"", ""capacityTech"": ""1149.0000"", ""engineCodes"": ""D4F 712"", ""engId"": 16186}",RAPID-737375
555c696c-7091-4878-969a-f9defe75bb31,108380,RENAULT,"CLIO II (BB_, CB_)",2001,2016,"1.2 16V (BB05, BB0W, BB11, BB27, BB2T, BB2U, BB2V, CB05,...",16104,Berline bicorps trois ou cinq portes,Essence,55,75,1149,2026-08-08 22:47:30,,,,,,4,,"{""vehicleId"": 16104, ""manufacturerName"": ""RENAULT"", ""modelName"": ""CLIO II (BB_, CB_)"", ""typeEngineName"": ""1.2 16V (BB05, BB0W, BB11, BB27, BB2T, BB2U, BB2V, CB05,..."", ""constructionIntervalStart"": ""2001-06-01"", ""constructionIntervalEnd"": ""2016-08-01"", ""powerKw"": ""55.0000"", ""powerPs"": ""75.0000"", ""capacityTax"": null, ""fuelType"": ""Essence"", ""bodyType"": ""Berline bicorps trois ou cinq portes"", ""numberOfCylinders"": 4, ""capacityLt"": ""1.2000"", ""capacityTech"": ""1149.0000"", ""engineCodes"": ""D4F 712"", ""engId"": 16186}",RAPID-1506359
556d4e93-ae4f-485a-9b41-8d7d656e4095,108255,RENAULT,"CLIO II (BB_, CB_)",2001,2016,"1.2 16V (BB05, BB0W, BB11, BB27, BB2T, BB2U, BB2V, CB05,...",16104,Berline bicorps trois ou cinq portes,Essence,55,75,1149,2026-08-08 22:47:30,,,,,,4,,"{""vehicleId"": 16104, ""manufacturerName"": ""RENAULT"", ""modelName"": ""CLIO II (BB_, CB_)"", ""typeEngineName"": ""1.2 16V (BB05, BB0W, BB11, BB27, BB2T, BB2U, BB2V, CB05,..."", ""constructionIntervalStart"": ""2001-06-01"", ""constructionIntervalEnd"": ""2016-08-01"", ""powerKw"": ""55.0000"", ""powerPs"": ""75.0000"", ""capacityTax"": null, ""fuelType"": ""Essence"", ""bodyType"": ""Berline bicorps trois ou cinq portes"", ""numberOfCylinders"": 4, ""capacityLt"": ""1.2000"", ""capacityTech"": ""1149.0000"", ""engineCodes"": ""D4F 712"", ""engId"": 16186}",RAPID-2512559
56258b44-32ae-49ec-b2ea-30ea19490048,108607,RENAULT,"CLIO II (BB_, CB_)",2001,2016,"1.2 16V (BB05, BB0W, BB11, BB27, BB2T, BB2U, BB2V, CB05,...",16104,Berline bicorps trois ou cinq portes,Essence,55,75,1149,2026-08-08 22:47:30,,,,,,4,,"{""vehicleId"": 16104, ""manufacturerName"": ""RENAULT"", ""modelName"": ""CLIO II (BB_, CB_)"", ""typeEngineName"": ""1.2 16V (BB05, BB0W, BB11, BB27, BB2T, BB2U, BB2V, CB05,..."", ""constructionIntervalStart"": ""2001-06-01"", ""constructionIntervalEnd"": ""2016-08-01"", ""powerKw"": ""55.0000"", ""powerPs"": ""75.0000"", ""capacityTax"": null, ""fuelType"": ""Essence"", ""bodyType"": ""Berline bicorps trois ou cinq portes"", ""numberOfCylinders"": 4, ""capacityLt"": ""1.2000"", ""capacityTech"": ""1149.0000"", ""engineCodes"": ""D4F 712"", ""engId"": 16186}",RAPID-3032095
5682e90b-f7ca-463c-bb24-4094cde53fbf,108289,RENAULT,"CLIO II (BB_, CB_)",2001,2016,"1.2 16V (BB05, BB0W, BB11, BB27, BB2T, BB2U, BB2V, CB05,...",16104,Berline bicorps trois ou cinq portes,Essence,55,75,1149,2026-08-08 22:47:30,,,,,,4,,"{""vehicleId"": 16104, ""manufacturerName"": ""RENAULT"", ""modelName"": ""CLIO II (BB_, CB_)"", ""typeEngineName"": ""1.2 16V (BB05, BB0W, BB11, BB27, BB2T, BB2U, BB2V, CB05,..."", ""constructionIntervalStart"": ""2001-06-01"", ""constructionIntervalEnd"": ""2016-08-01"", ""powerKw"": ""55.0000"", ""powerPs"": ""75.0000"", ""capacityTax"": null, ""fuelType"": ""Essence"", ""bodyType"": ""Berline bicorps trois ou cinq portes"", ""numberOfCylinders"": 4, ""capacityLt"": ""1.2000"", ""capacityTech"": ""1149.0000"", ""engineCodes"": ""D4F 712"", ""engId"": 16186}",RAPID-4612420
5713b19c-d480-4974-9985-a3a951ea8947,108200,RENAULT,"CLIO II (BB_, CB_)",2001,2016,"1.2 16V (BB05, BB0W, BB11, BB27, BB2T, BB2U, BB2V, CB05,...",16104,Berline bicorps trois ou cinq portes,Essence,55,75,1149,2026-08-08 22:47:30,,,,,,4,,"{""vehicleId"": 16104, ""manufacturerName"": ""RENAULT"", ""modelName"": ""CLIO II (BB_, CB_)"", ""typeEngineName"": ""1.2 16V (BB05, BB0W, BB11, BB27, BB2T, BB2U, BB2V, CB05,..."", ""constructionIntervalStart"": ""2001-06-01"", ""constructionIntervalEnd"": ""2016-08-01"", ""powerKw"": ""55.0000"", ""powerPs"": ""75.0000"", ""capacityTax"": null, ""fuelType"": ""Essence"", ""bodyType"": ""Berline bicorps trois ou cinq portes"", ""numberOfCylinders"": 4, ""capacityLt"": ""1.2000"", ""capacityTech"": ""1149.0000"", ""engineCodes"": ""D4F 712"", ""engId"": 16186}",RAPID-5776090
5747664b-3475-4010-b45d-29acacb95477,108428,RENAULT,"CLIO II (BB_, CB_)",2001,2016,"1.2 16V (BB05, BB0W, BB11, BB27, BB2T, BB2U, BB2V, CB05,...",16104,Berline bicorps trois ou cinq portes,Essence,55,75,1149,2026-08-08 22:47:30,,,,,,4,,"{""vehicleId"": 16104, ""manufacturerName"": ""RENAULT"", ""modelName"": ""CLIO II (BB_, CB_)"", ""typeEngineName"": ""1.2 16V (BB05, BB0W, BB11, BB27, BB2T, BB2U, BB2V, CB05,..."", ""constructionIntervalStart"": ""2001-06-01"", ""constructionIntervalEnd"": ""2016-08-01"", ""powerKw"": ""55.0000"", ""powerPs"": ""75.0000"", ""capacityTax"": null, ""fuelType"": ""Essence"", ""bodyType"": ""Berline bicorps trois ou cinq portes"", ""numberOfCylinders"": 4, ""capacityLt"": ""1.2000"", ""capacityTech"": ""1149.0000"", ""engineCodes"": ""D4F 712"", ""engId"": 16186}",RAPID-5414488
57bc2014-2cf2-4f4f-a810-84edbe8dbae4,108620,RENAULT,"CLIO II (BB_, CB_)",2001,2016,"1.2 16V (BB05, BB0W, BB11, BB27, BB2T, BB2U, BB2V, CB05,...",16104,Berline bicorps trois ou cinq portes,Essence,55,75,1149,2026-08-08 22:47:30,,,,,,4,,"{""vehicleId"": 16104, ""manufacturerName"": ""RENAULT"", ""modelName"": ""CLIO II (BB_, CB_)"", ""typeEngineName"": ""1.2 16V (BB05, BB0W, BB11, BB27, BB2T, BB2U, BB2V, CB05,..."", ""constructionIntervalStart"": ""2001-06-01"", ""constructionIntervalEnd"": ""2016-08-01"", ""powerKw"": ""55.0000"", ""powerPs"": ""75.0000"", ""capacityTax"": null, ""fuelType"": ""Essence"", ""bodyType"": ""Berline bicorps trois ou cinq portes"", ""numberOfCylinders"": 4, ""capacityLt"": ""1.2000"", ""capacityTech"": ""1149.0000"", ""engineCodes"": ""D4F 712"", ""engId"": 16186}",RAPID-6762350
57e65e21-b425-423c-bf8f-10155d7f7576,108129,RENAULT,"CLIO II (BB_, CB_)",2001,2016,"1.2 16V (BB05, BB0W, BB11, BB27, BB2T, BB2U, BB2V, CB05,...",16104,Berline bicorps trois ou cinq portes,Essence,55,75,1149,2026-08-08 22:47:30,,,,,,4,,"{""vehicleId"": 16104, ""manufacturerName"": ""RENAULT"", ""modelName"": ""CLIO II (BB_, CB_)"", ""typeEngineName"": ""1.2 16V (BB05, BB0W, BB11, BB27, BB2T, BB2U, BB2V, CB05,..."", ""constructionIntervalStart"": ""2001-06-01"", ""constructionIntervalEnd"": ""2016-08-01"", ""powerKw"": ""55.0000"", ""powerPs"": ""75.0000"", ""capacityTax"": null, ""fuelType"": ""Essence"", ""bodyType"": ""Berline bicorps trois ou cinq portes"", ""numberOfCylinders"": 4, ""capacityLt"": ""1.2000"", ""capacityTech"": ""1149.0000"", ""engineCodes"": ""D4F 712"", ""engId"": 16186}",RAPID-6848021
57ecf8bb-50ae-4be8-a7d5-2c0a017ba161,108038,AUDI,80 B4 Saloon (8C2),1991,1994,1.9 TD,1392,Saloon,Diesel,,,,2026-08-06 14:24:09,,,,,,,,,RAPID-76620330
57f2fe28-9afb-4278-8055-9b640fa17e98,108275,RENAULT,"CLIO II (BB_, CB_)",2001,2016,"1.2 16V (BB05, BB0W, BB11, BB27, BB2T, BB2U, BB2V, CB05,...",16104,Berline bicorps trois ou cinq portes,Essence,55,75,1149,2026-08-08 22:47:30,,,,,,4,,"{""vehicleId"": 16104, ""manufacturerName"": ""RENAULT"", ""modelName"": ""CLIO II (BB_, CB_)"", ""typeEngineName"": ""1.2 16V (BB05, BB0W, BB11, BB27, BB2T, BB2U, BB2V, CB05,..."", ""constructionIntervalStart"": ""2001-06-01"", ""constructionIntervalEnd"": ""2016-08-01"", ""powerKw"": ""55.0000"", ""powerPs"": ""75.0000"", ""capacityTax"": null, ""fuelType"": ""Essence"", ""bodyType"": ""Berline bicorps trois ou cinq portes"", ""numberOfCylinders"": 4, ""capacityLt"": ""1.2000"", ""capacityTech"": ""1149.0000"", ""engineCodes"": ""D4F 712"", ""engId"": 16186}",RAPID-2513704
587c1f80-4fe5-4ea0-bb47-7f254dc4dad6,108475,RENAULT,"CLIO II (BB_, CB_)",2001,2016,"1.2 16V (BB05, BB0W, BB11, BB27, BB2T, BB2U, BB2V, CB05,...",16104,Berline bicorps trois ou cinq portes,Essence,55,75,1149,2026-08-08 22:47:30,,,,,,4,,"{""vehicleId"": 16104, ""manufacturerName"": ""RENAULT"", ""modelName"": ""CLIO II (BB_, CB_)"", ""typeEngineName"": ""1.2 16V (BB05, BB0W, BB11, BB27, BB2T, BB2U, BB2V, CB05,..."", ""constructionIntervalStart"": ""2001-06-01"", ""constructionIntervalEnd"": ""2016-08-01"", ""powerKw"": ""55.0000"", ""powerPs"": ""75.0000"", ""capacityTax"": null, ""fuelType"": ""Essence"", ""bodyType"": ""Berline bicorps trois ou cinq portes"", ""numberOfCylinders"": 4, ""capacityLt"": ""1.2000"", ""capacityTech"": ""1149.0000"", ""engineCodes"": ""D4F 712"", ""engId"": 16186}",RAPID-9192194
58efecfe-58b9-4a34-8bbb-3aca377bbaa7,108253,RENAULT,"CLIO II (BB_, CB_)",2001,2016,"1.2 16V (BB05, BB0W, BB11, BB27, BB2T, BB2U, BB2V, CB05,...",16104,Berline bicorps trois ou cinq portes,Essence,55,75,1149,2026-08-08 22:47:30,,,,,,4,,"{""vehicleId"": 16104, ""manufacturerName"": ""RENAULT"", ""modelName"": ""CLIO II (BB_, CB_)"", ""typeEngineName"": ""1.2 16V (BB05, BB0W, BB11, BB27, BB2T, BB2U, BB2V, CB05,..."", ""constructionIntervalStart"": ""2001-06-01"", ""constructionIntervalEnd"": ""2016-08-01"", ""powerKw"": ""55.0000"", ""powerPs"": ""75.0000"", ""capacityTax"": null, ""fuelType"": ""Essence"", ""bodyType"": ""Berline bicorps trois ou cinq portes"", ""numberOfCylinders"": 4, ""capacityLt"": ""1.2000"", ""capacityTech"": ""1149.0000"", ""engineCodes"": ""D4F 712"", ""engId"": 16186}",RAPID-2512524
591736c2-2882-41c5-a7fa-3b0714ec01af,108503,RENAULT,"CLIO II (BB_, CB_)",2001,2016,"1.2 16V (BB05, BB0W, BB11, BB27, BB2T, BB2U, BB2V, CB05,...",16104,Berline bicorps trois ou cinq portes,Essence,55,75,1149,2026-08-08 22:47:30,,,,,,4,,"{""vehicleId"": 16104, ""manufacturerName"": ""RENAULT"", ""modelName"": ""CLIO II (BB_, CB_)"", ""typeEngineName"": ""1.2 16V (BB05, BB0W, BB11, BB27, BB2T, BB2U, BB2V, CB05,..."", ""constructionIntervalStart"": ""2001-06-01"", ""constructionIntervalEnd"": ""2016-08-01"", ""powerKw"": ""55.0000"", ""powerPs"": ""75.0000"", ""capacityTax"": null, ""fuelType"": ""Essence"", ""bodyType"": ""Berline bicorps trois ou cinq portes"", ""numberOfCylinders"": 4, ""capacityLt"": ""1.2000"", ""capacityTech"": ""1149.0000"", ""engineCodes"": ""D4F 712"", ""engId"": 16186}",RAPID-2429022
59743f34-04c0-40b8-ba60-af3cd08dda5e,108350,RENAULT,"CLIO II (BB_, CB_)",2001,2016,"1.2 16V (BB05, BB0W, BB11, BB27, BB2T, BB2U, BB2V, CB05,...",16104,Berline bicorps trois ou cinq portes,Essence,55,75,1149,2026-08-08 22:47:30,,,,,,4,,"{""vehicleId"": 16104, ""manufacturerName"": ""RENAULT"", ""modelName"": ""CLIO II (BB_, CB_)"", ""typeEngineName"": ""1.2 16V (BB05, BB0W, BB11, BB27, BB2T, BB2U, BB2V, CB05,..."", ""constructionIntervalStart"": ""2001-06-01"", ""constructionIntervalEnd"": ""2016-08-01"", ""powerKw"": ""55.0000"", ""powerPs"": ""75.0000"", ""capacityTax"": null, ""fuelType"": ""Essence"", ""bodyType"": ""Berline bicorps trois ou cinq portes"", ""numberOfCylinders"": 4, ""capacityLt"": ""1.2000"", ""capacityTech"": ""1149.0000"", ""engineCodes"": ""D4F 712"", ""engId"": 16186}",RAPID-8317596
59e94a20-9871-486d-bf43-946789aa9536,108037,AUDI,80 B4 Saloon (8C2),1991,1994,1.9 TD,1392,Saloon,Diesel,,,,2026-08-06 14:24:09,,,,,,,,,RAPID-73304207
5b344cfc-74a0-4187-9b73-a87f5f69b291,108114,RENAULT,"CLIO II (BB_, CB_)",2001,2016,"1.2 16V (BB05, BB0W, BB11, BB27, BB2T, BB2U, BB2V, CB05,...",16104,Berline bicorps trois ou cinq portes,Essence,55,75,1149,2026-08-08 22:47:30,,,,,,4,,"{""vehicleId"": 16104, ""manufacturerName"": ""RENAULT"", ""modelName"": ""CLIO II (BB_, CB_)"", ""typeEngineName"": ""1.2 16V (BB05, BB0W, BB11, BB27, BB2T, BB2U, BB2V, CB05,..."", ""constructionIntervalStart"": ""2001-06-01"", ""constructionIntervalEnd"": ""2016-08-01"", ""powerKw"": ""55.0000"", ""powerPs"": ""75.0000"", ""capacityTax"": null, ""fuelType"": ""Essence"", ""bodyType"": ""Berline bicorps trois ou cinq portes"", ""numberOfCylinders"": 4, ""capacityLt"": ""1.2000"", ""capacityTech"": ""1149.0000"", ""engineCodes"": ""D4F 712"", ""engId"": 16186}",RAPID-6027674
5b848197-2891-4abb-b636-5d12ca416009,108351,RENAULT,"CLIO II (BB_, CB_)",2001,2016,"1.2 16V (BB05, BB0W, BB11, BB27, BB2T, BB2U, BB2V, CB05,...",16104,Berline bicorps trois ou cinq portes,Essence,55,75,1149,2026-08-08 22:47:30,,,,,,4,,"{""vehicleId"": 16104, ""manufacturerName"": ""RENAULT"", ""modelName"": ""CLIO II (BB_, CB_)"", ""typeEngineName"": ""1.2 16V (BB05, BB0W, BB11, BB27, BB2T, BB2U, BB2V, CB05,..."", ""constructionIntervalStart"": ""2001-06-01"", ""constructionIntervalEnd"": ""2016-08-01"", ""powerKw"": ""55.0000"", ""powerPs"": ""75.0000"", ""capacityTax"": null, ""fuelType"": ""Essence"", ""bodyType"": ""Berline bicorps trois ou cinq portes"", ""numberOfCylinders"": 4, ""capacityLt"": ""1.2000"", ""capacityTech"": ""1149.0000"", ""engineCodes"": ""D4F 712"", ""engId"": 16186}",RAPID-6678475
5bbe381f-01e8-4415-9b7f-a665ed53b40b,108491,RENAULT,"CLIO II (BB_, CB_)",2001,2016,"1.2 16V (BB05, BB0W, BB11, BB27, BB2T, BB2U, BB2V, CB05,...",16104,Berline bicorps trois ou cinq portes,Essence,55,75,1149,2026-08-08 22:47:30,,,,,,4,,"{""vehicleId"": 16104, ""manufacturerName"": ""RENAULT"", ""modelName"": ""CLIO II (BB_, CB_)"", ""typeEngineName"": ""1.2 16V (BB05, BB0W, BB11, BB27, BB2T, BB2U, BB2V, CB05,..."", ""constructionIntervalStart"": ""2001-06-01"", ""constructionIntervalEnd"": ""2016-08-01"", ""powerKw"": ""55.0000"", ""powerPs"": ""75.0000"", ""capacityTax"": null, ""fuelType"": ""Essence"", ""bodyType"": ""Berline bicorps trois ou cinq portes"", ""numberOfCylinders"": 4, ""capacityLt"": ""1.2000"", ""capacityTech"": ""1149.0000"", ""engineCodes"": ""D4F 712"", ""engId"": 16186}",RAPID-2328534
5c295a0f-096f-4cd4-8928-4eeea3cba956,108565,RENAULT,"CLIO II (BB_, CB_)",2001,2016,"1.2 16V (BB05, BB0W, BB11, BB27, BB2T, BB2U, BB2V, CB05,...",16104,Berline bicorps trois ou cinq portes,Essence,55,75,1149,2026-08-08 22:47:30,,,,,,4,,"{""vehicleId"": 16104, ""manufacturerName"": ""RENAULT"", ""modelName"": ""CLIO II (BB_, CB_)"", ""typeEngineName"": ""1.2 16V (BB05, BB0W, BB11, BB27, BB2T, BB2U, BB2V, CB05,..."", ""constructionIntervalStart"": ""2001-06-01"", ""constructionIntervalEnd"": ""2016-08-01"", ""powerKw"": ""55.0000"", ""powerPs"": ""75.0000"", ""capacityTax"": null, ""fuelType"": ""Essence"", ""bodyType"": ""Berline bicorps trois ou cinq portes"", ""numberOfCylinders"": 4, ""capacityLt"": ""1.2000"", ""capacityTech"": ""1149.0000"", ""engineCodes"": ""D4F 712"", ""engId"": 16186}",RAPID-107504
5c751da0-2696-4741-b5a2-4df763753a78,108248,RENAULT,"CLIO II (BB_, CB_)",2001,2016,"1.2 16V (BB05, BB0W, BB11, BB27, BB2T, BB2U, BB2V, CB05,...",16104,Berline bicorps trois ou cinq portes,Essence,55,75,1149,2026-08-08 22:47:30,,,,,,4,,"{""vehicleId"": 16104, ""manufacturerName"": ""RENAULT"", ""modelName"": ""CLIO II (BB_, CB_)"", ""typeEngineName"": ""1.2 16V (BB05, BB0W, BB11, BB27, BB2T, BB2U, BB2V, CB05,..."", ""constructionIntervalStart"": ""2001-06-01"", ""constructionIntervalEnd"": ""2016-08-01"", ""powerKw"": ""55.0000"", ""powerPs"": ""75.0000"", ""capacityTax"": null, ""fuelType"": ""Essence"", ""bodyType"": ""Berline bicorps trois ou cinq portes"", ""numberOfCylinders"": 4, ""capacityLt"": ""1.2000"", ""capacityTech"": ""1149.0000"", ""engineCodes"": ""D4F 712"", ""engId"": 16186}",RAPID-2512436
5c98f5fb-4d89-4756-ae97-640af22768cb,108158,RENAULT,"CLIO II (BB_, CB_)",2001,2016,"1.2 16V (BB05, BB0W, BB11, BB27, BB2T, BB2U, BB2V, CB05,...",16104,Berline bicorps trois ou cinq portes,Essence,55,75,1149,2026-08-08 22:47:30,,,,,,4,,"{""vehicleId"": 16104, ""manufacturerName"": ""RENAULT"", ""modelName"": ""CLIO II (BB_, CB_)"", ""typeEngineName"": ""1.2 16V (BB05, BB0W, BB11, BB27, BB2T, BB2U, BB2V, CB05,..."", ""constructionIntervalStart"": ""2001-06-01"", ""constructionIntervalEnd"": ""2016-08-01"", ""powerKw"": ""55.0000"", ""powerPs"": ""75.0000"", ""capacityTax"": null, ""fuelType"": ""Essence"", ""bodyType"": ""Berline bicorps trois ou cinq portes"", ""numberOfCylinders"": 4, ""capacityLt"": ""1.2000"", ""capacityTech"": ""1149.0000"", ""engineCodes"": ""D4F 712"", ""engId"": 16186}",RAPID-56232635
5dc1ef7f-a8ae-42de-bf08-b533b11c7585,108344,RENAULT,"CLIO II (BB_, CB_)",2001,2016,"1.2 16V (BB05, BB0W, BB11, BB27, BB2T, BB2U, BB2V, CB05,...",16104,Berline bicorps trois ou cinq portes,Essence,55,75,1149,2026-08-08 22:47:30,,,,,,4,,"{""vehicleId"": 16104, ""manufacturerName"": ""RENAULT"", ""modelName"": ""CLIO II (BB_, CB_)"", ""typeEngineName"": ""1.2 16V (BB05, BB0W, BB11, BB27, BB2T, BB2U, BB2V, CB05,..."", ""constructionIntervalStart"": ""2001-06-01"", ""constructionIntervalEnd"": ""2016-08-01"", ""powerKw"": ""55.0000"", ""powerPs"": ""75.0000"", ""capacityTax"": null, ""fuelType"": ""Essence"", ""bodyType"": ""Berline bicorps trois ou cinq portes"", ""numberOfCylinders"": 4, ""capacityLt"": ""1.2000"", ""capacityTech"": ""1149.0000"", ""engineCodes"": ""D4F 712"", ""engId"": 16186}",RAPID-19142957
5e91d1d2-994c-45d3-996b-fe9480eca9a2,108047,AUDI,80 B4 Saloon (8C2),1991,1994,1.9 TD,1392,Saloon,Diesel,,,,2026-08-06 14:24:09,,,,,,,,,RAPID-5836942
5ea4515f-f878-472c-bcd8-125aa506626e,108334,RENAULT,"CLIO II (BB_, CB_)",2001,2016,"1.2 16V (BB05, BB0W, BB11, BB27, BB2T, BB2U, BB2V, CB05,...",16104,Berline bicorps trois ou cinq portes,Essence,55,75,1149,2026-08-08 22:47:30,,,,,,4,,"{""vehicleId"": 16104, ""manufacturerName"": ""RENAULT"", ""modelName"": ""CLIO II (BB_, CB_)"", ""typeEngineName"": ""1.2 16V (BB05, BB0W, BB11, BB27, BB2T, BB2U, BB2V, CB05,..."", ""constructionIntervalStart"": ""2001-06-01"", ""constructionIntervalEnd"": ""2016-08-01"", ""powerKw"": ""55.0000"", ""powerPs"": ""75.0000"", ""capacityTax"": null, ""fuelType"": ""Essence"", ""bodyType"": ""Berline bicorps trois ou cinq portes"", ""numberOfCylinders"": 4, ""capacityLt"": ""1.2000"", ""capacityTech"": ""1149.0000"", ""engineCodes"": ""D4F 712"", ""engId"": 16186}",RAPID-9638631
5ea4a967-5c04-4f43-b618-40c27dc769e4,108382,RENAULT,"CLIO II (BB_, CB_)",2001,2016,"1.2 16V (BB05, BB0W, BB11, BB27, BB2T, BB2U, BB2V, CB05,...",16104,Berline bicorps trois ou cinq portes,Essence,55,75,1149,2026-08-08 22:47:30,,,,,,4,,"{""vehicleId"": 16104, ""manufacturerName"": ""RENAULT"", ""modelName"": ""CLIO II (BB_, CB_)"", ""typeEngineName"": ""1.2 16V (BB05, BB0W, BB11, BB27, BB2T, BB2U, BB2V, CB05,..."", ""constructionIntervalStart"": ""2001-06-01"", ""constructionIntervalEnd"": ""2016-08-01"", ""powerKw"": ""55.0000"", ""powerPs"": ""75.0000"", ""capacityTax"": null, ""fuelType"": ""Essence"", ""bodyType"": ""Berline bicorps trois ou cinq portes"", ""numberOfCylinders"": 4, ""capacityLt"": ""1.2000"", ""capacityTech"": ""1149.0000"", ""engineCodes"": ""D4F 712"", ""engId"": 16186}",RAPID-1506362
5eab979f-d56c-4116-8480-9a26a78709f0,108436,RENAULT,"CLIO II (BB_, CB_)",2001,2016,"1.2 16V (BB05, BB0W, BB11, BB27, BB2T, BB2U, BB2V, CB05,...",16104,Berline bicorps trois ou cinq portes,Essence,55,75,1149,2026-08-08 22:47:30,,,,,,4,,"{""vehicleId"": 16104, ""manufacturerName"": ""RENAULT"", ""modelName"": ""CLIO II (BB_, CB_)"", ""typeEngineName"": ""1.2 16V (BB05, BB0W, BB11, BB27, BB2T, BB2U, BB2V, CB05,..."", ""constructionIntervalStart"": ""2001-06-01"", ""constructionIntervalEnd"": ""2016-08-01"", ""powerKw"": ""55.0000"", ""powerPs"": ""75.0000"", ""capacityTax"": null, ""fuelType"": ""Essence"", ""bodyType"": ""Berline bicorps trois ou cinq portes"", ""numberOfCylinders"": 4, ""capacityLt"": ""1.2000"", ""capacityTech"": ""1149.0000"", ""engineCodes"": ""D4F 712"", ""engId"": 16186}",RAPID-23535217
5ed6157e-e2e4-4253-8f2e-13346667838a,108542,RENAULT,"CLIO II (BB_, CB_)",2001,2016,"1.2 16V (BB05, BB0W, BB11, BB27, BB2T, BB2U, BB2V, CB05,...",16104,Berline bicorps trois ou cinq portes,Essence,55,75,1149,2026-08-08 22:47:30,,,,,,4,,"{""vehicleId"": 16104, ""manufacturerName"": ""RENAULT"", ""modelName"": ""CLIO II (BB_, CB_)"", ""typeEngineName"": ""1.2 16V (BB05, BB0W, BB11, BB27, BB2T, BB2U, BB2V, CB05,..."", ""constructionIntervalStart"": ""2001-06-01"", ""constructionIntervalEnd"": ""2016-08-01"", ""powerKw"": ""55.0000"", ""powerPs"": ""75.0000"", ""capacityTax"": null, ""fuelType"": ""Essence"", ""bodyType"": ""Berline bicorps trois ou cinq portes"", ""numberOfCylinders"": 4, ""capacityLt"": ""1.2000"", ""capacityTech"": ""1149.0000"", ""engineCodes"": ""D4F 712"", ""engId"": 16186}",RAPID-2722212
5ef51723-f6b5-4fc7-85ad-97faaa1ebf5e,108447,RENAULT,"CLIO II (BB_, CB_)",2001,2016,"1.2 16V (BB05, BB0W, BB11, BB27, BB2T, BB2U, BB2V, CB05,...",16104,Berline bicorps trois ou cinq portes,Essence,55,75,1149,2026-08-08 22:47:30,,,,,,4,,"{""vehicleId"": 16104, ""manufacturerName"": ""RENAULT"", ""modelName"": ""CLIO II (BB_, CB_)"", ""typeEngineName"": ""1.2 16V (BB05, BB0W, BB11, BB27, BB2T, BB2U, BB2V, CB05,..."", ""constructionIntervalStart"": ""2001-06-01"", ""constructionIntervalEnd"": ""2016-08-01"", ""powerKw"": ""55.0000"", ""powerPs"": ""75.0000"", ""capacityTax"": null, ""fuelType"": ""Essence"", ""bodyType"": ""Berline bicorps trois ou cinq portes"", ""numberOfCylinders"": 4, ""capacityLt"": ""1.2000"", ""capacityTech"": ""1149.0000"", ""engineCodes"": ""D4F 712"", ""engId"": 16186}",RAPID-16225763
6019bc32-c35a-4cdb-9086-793c1a83cdae,108787,RENAULT,"CLIO II (BB_, CB_)",2001,2016,"1.2 16V (BB05, BB0W, BB11, BB27, BB2T, BB2U, BB2V, CB05,...",16104,Berline bicorps trois ou cinq portes,Essence,55,75,1149,2026-08-08 22:47:30,,,,,,4,,"{""vehicleId"": 16104, ""manufacturerName"": ""RENAULT"", ""modelName"": ""CLIO II (BB_, CB_)"", ""typeEngineName"": ""1.2 16V (BB05, BB0W, BB11, BB27, BB2T, BB2U, BB2V, CB05,..."", ""constructionIntervalStart"": ""2001-06-01"", ""constructionIntervalEnd"": ""2016-08-01"", ""powerKw"": ""55.0000"", ""powerPs"": ""75.0000"", ""capacityTax"": null, ""fuelType"": ""Essence"", ""bodyType"": ""Berline bicorps trois ou cinq portes"", ""numberOfCylinders"": 4, ""capacityLt"": ""1.2000"", ""capacityTech"": ""1149.0000"", ""engineCodes"": ""D4F 712"", ""engId"": 16186}",RAPID-2477976
60d0660f-6cb8-4eed-9d95-9ea5c73a8b24,108541,RENAULT,"CLIO II (BB_, CB_)",2001,2016,"1.2 16V (BB05, BB0W, BB11, BB27, BB2T, BB2U, BB2V, CB05,...",16104,Berline bicorps trois ou cinq portes,Essence,55,75,1149,2026-08-08 22:47:30,,,,,,4,,"{""vehicleId"": 16104, ""manufacturerName"": ""RENAULT"", ""modelName"": ""CLIO II (BB_, CB_)"", ""typeEngineName"": ""1.2 16V (BB05, BB0W, BB11, BB27, BB2T, BB2U, BB2V, CB05,..."", ""constructionIntervalStart"": ""2001-06-01"", ""constructionIntervalEnd"": ""2016-08-01"", ""powerKw"": ""55.0000"", ""powerPs"": ""75.0000"", ""capacityTax"": null, ""fuelType"": ""Essence"", ""bodyType"": ""Berline bicorps trois ou cinq portes"", ""numberOfCylinders"": 4, ""capacityLt"": ""1.2000"", ""capacityTech"": ""1149.0000"", ""engineCodes"": ""D4F 712"", ""engId"": 16186}",RAPID-2722181
60edda35-9b01-4338-a4d4-d208d3dd6c6a,108613,RENAULT,"CLIO II (BB_, CB_)",2001,2016,"1.2 16V (BB05, BB0W, BB11, BB27, BB2T, BB2U, BB2V, CB05,...",16104,Berline bicorps trois ou cinq portes,Essence,55,75,1149,2026-08-08 22:47:30,,,,,,4,,"{""vehicleId"": 16104, ""manufacturerName"": ""RENAULT"", ""modelName"": ""CLIO II (BB_, CB_)"", ""typeEngineName"": ""1.2 16V (BB05, BB0W, BB11, BB27, BB2T, BB2U, BB2V, CB05,..."", ""constructionIntervalStart"": ""2001-06-01"", ""constructionIntervalEnd"": ""2016-08-01"", ""powerKw"": ""55.0000"", ""powerPs"": ""75.0000"", ""capacityTax"": null, ""fuelType"": ""Essence"", ""bodyType"": ""Berline bicorps trois ou cinq portes"", ""numberOfCylinders"": 4, ""capacityLt"": ""1.2000"", ""capacityTech"": ""1149.0000"", ""engineCodes"": ""D4F 712"", ""engId"": 16186}",RAPID-4268174
61307ae2-d88d-4293-8ec5-302170b2abc8,108424,RENAULT,"CLIO II (BB_, CB_)",2001,2016,"1.2 16V (BB05, BB0W, BB11, BB27, BB2T, BB2U, BB2V, CB05,...",16104,Berline bicorps trois ou cinq portes,Essence,55,75,1149,2026-08-08 22:47:30,,,,,,4,,"{""vehicleId"": 16104, ""manufacturerName"": ""RENAULT"", ""modelName"": ""CLIO II (BB_, CB_)"", ""typeEngineName"": ""1.2 16V (BB05, BB0W, BB11, BB27, BB2T, BB2U, BB2V, CB05,..."", ""constructionIntervalStart"": ""2001-06-01"", ""constructionIntervalEnd"": ""2016-08-01"", ""powerKw"": ""55.0000"", ""powerPs"": ""75.0000"", ""capacityTax"": null, ""fuelType"": ""Essence"", ""bodyType"": ""Berline bicorps trois ou cinq portes"", ""numberOfCylinders"": 4, ""capacityLt"": ""1.2000"", ""capacityTech"": ""1149.0000"", ""engineCodes"": ""D4F 712"", ""engId"": 16186}",RAPID-1438553
615e22df-490d-4f43-90ee-f09dd974822e,108742,RENAULT,"CLIO II (BB_, CB_)",2001,2016,"1.2 16V (BB05, BB0W, BB11, BB27, BB2T, BB2U, BB2V, CB05,...",16104,Berline bicorps trois ou cinq portes,Essence,55,75,1149,2026-08-08 22:47:30,,,,,,4,,"{""vehicleId"": 16104, ""manufacturerName"": ""RENAULT"", ""modelName"": ""CLIO II (BB_, CB_)"", ""typeEngineName"": ""1.2 16V (BB05, BB0W, BB11, BB27, BB2T, BB2U, BB2V, CB05,..."", ""constructionIntervalStart"": ""2001-06-01"", ""constructionIntervalEnd"": ""2016-08-01"", ""powerKw"": ""55.0000"", ""powerPs"": ""75.0000"", ""capacityTax"": null, ""fuelType"": ""Essence"", ""bodyType"": ""Berline bicorps trois ou cinq portes"", ""numberOfCylinders"": 4, ""capacityLt"": ""1.2000"", ""capacityTech"": ""1149.0000"", ""engineCodes"": ""D4F 712"", ""engId"": 16186}",RAPID-8524529
615e9205-48fb-4919-aca9-522ab7339d74,108812,RENAULT,"CLIO II (BB_, CB_)",2001,2016,"1.2 16V (BB05, BB0W, BB11, BB27, BB2T, BB2U, BB2V, CB05,...",16104,Berline bicorps trois ou cinq portes,Essence,55,75,1149,2026-08-08 22:47:30,,,,,,4,,"{""vehicleId"": 16104, ""manufacturerName"": ""RENAULT"", ""modelName"": ""CLIO II (BB_, CB_)"", ""typeEngineName"": ""1.2 16V (BB05, BB0W, BB11, BB27, BB2T, BB2U, BB2V, CB05,..."", ""constructionIntervalStart"": ""2001-06-01"", ""constructionIntervalEnd"": ""2016-08-01"", ""powerKw"": ""55.0000"", ""powerPs"": ""75.0000"", ""capacityTax"": null, ""fuelType"": ""Essence"", ""bodyType"": ""Berline bicorps trois ou cinq portes"", ""numberOfCylinders"": 4, ""capacityLt"": ""1.2000"", ""capacityTech"": ""1149.0000"", ""engineCodes"": ""D4F 712"", ""engId"": 16186}",RAPID-9110110
6199a488-31fb-4a7a-927b-6cb3313a36ab,108639,RENAULT,"CLIO II (BB_, CB_)",2001,2016,"1.2 16V (BB05, BB0W, BB11, BB27, BB2T, BB2U, BB2V, CB05,...",16104,Berline bicorps trois ou cinq portes,Essence,55,75,1149,2026-08-08 22:47:30,,,,,,4,,"{""vehicleId"": 16104, ""manufacturerName"": ""RENAULT"", ""modelName"": ""CLIO II (BB_, CB_)"", ""typeEngineName"": ""1.2 16V (BB05, BB0W, BB11, BB27, BB2T, BB2U, BB2V, CB05,..."", ""constructionIntervalStart"": ""2001-06-01"", ""constructionIntervalEnd"": ""2016-08-01"", ""powerKw"": ""55.0000"", ""powerPs"": ""75.0000"", ""capacityTax"": null, ""fuelType"": ""Essence"", ""bodyType"": ""Berline bicorps trois ou cinq portes"", ""numberOfCylinders"": 4, ""capacityLt"": ""1.2000"", ""capacityTech"": ""1149.0000"", ""engineCodes"": ""D4F 712"", ""engId"": 16186}",RAPID-6467363
61b1a11b-994c-4b13-a3f7-4a8fcb88ac16,108084,RENAULT,"CLIO II (BB_, CB_)",2001,2016,"1.2 16V (BB05, BB0W, BB11, BB27, BB2T, BB2U, BB2V, CB05,...",16104,Berline bicorps trois ou cinq portes,Essence,55,75,1149,2026-08-08 22:47:30,,,,,,4,,"{""vehicleId"": 16104, ""manufacturerName"": ""RENAULT"", ""modelName"": ""CLIO II (BB_, CB_)"", ""typeEngineName"": ""1.2 16V (BB05, BB0W, BB11, BB27, BB2T, BB2U, BB2V, CB05,..."", ""constructionIntervalStart"": ""2001-06-01"", ""constructionIntervalEnd"": ""2016-08-01"", ""powerKw"": ""55.0000"", ""powerPs"": ""75.0000"", ""capacityTax"": null, ""fuelType"": ""Essence"", ""bodyType"": ""Berline bicorps trois ou cinq portes"", ""numberOfCylinders"": 4, ""capacityLt"": ""1.2000"", ""capacityTech"": ""1149.0000"", ""engineCodes"": ""D4F 712"", ""engId"": 16186}",RAPID-5094458
61f5b23b-b1b9-4889-9d6b-0a70fc2caa8e,108532,RENAULT,"CLIO II (BB_, CB_)",2001,2016,"1.2 16V (BB05, BB0W, BB11, BB27, BB2T, BB2U, BB2V, CB05,...",16104,Berline bicorps trois ou cinq portes,Essence,55,75,1149,2026-08-08 22:47:30,,,,,,4,,"{""vehicleId"": 16104, ""manufacturerName"": ""RENAULT"", ""modelName"": ""CLIO II (BB_, CB_)"", ""typeEngineName"": ""1.2 16V (BB05, BB0W, BB11, BB27, BB2T, BB2U, BB2V, CB05,..."", ""constructionIntervalStart"": ""2001-06-01"", ""constructionIntervalEnd"": ""2016-08-01"", ""powerKw"": ""55.0000"", ""powerPs"": ""75.0000"", ""capacityTax"": null, ""fuelType"": ""Essence"", ""bodyType"": ""Berline bicorps trois ou cinq portes"", ""numberOfCylinders"": 4, ""capacityLt"": ""1.2000"", ""capacityTech"": ""1149.0000"", ""engineCodes"": ""D4F 712"", ""engId"": 16186}",RAPID-2717419
6274ac8b-7393-4847-ace1-4da4f1264f42,108602,RENAULT,"CLIO II (BB_, CB_)",2001,2016,"1.2 16V (BB05, BB0W, BB11, BB27, BB2T, BB2U, BB2V, CB05,...",16104,Berline bicorps trois ou cinq portes,Essence,55,75,1149,2026-08-08 22:47:30,,,,,,4,,"{""vehicleId"": 16104, ""manufacturerName"": ""RENAULT"", ""modelName"": ""CLIO II (BB_, CB_)"", ""typeEngineName"": ""1.2 16V (BB05, BB0W, BB11, BB27, BB2T, BB2U, BB2V, CB05,..."", ""constructionIntervalStart"": ""2001-06-01"", ""constructionIntervalEnd"": ""2016-08-01"", ""powerKw"": ""55.0000"", ""powerPs"": ""75.0000"", ""capacityTax"": null, ""fuelType"": ""Essence"", ""bodyType"": ""Berline bicorps trois ou cinq portes"", ""numberOfCylinders"": 4, ""capacityLt"": ""1.2000"", ""capacityTech"": ""1149.0000"", ""engineCodes"": ""D4F 712"", ""engId"": 16186}",RAPID-3032871
63705f13-2900-4a04-a970-6077e3c50d96,108664,RENAULT,"CLIO II (BB_, CB_)",2001,2016,"1.2 16V (BB05, BB0W, BB11, BB27, BB2T, BB2U, BB2V, CB05,...",16104,Berline bicorps trois ou cinq portes,Essence,55,75,1149,2026-08-08 22:47:30,,,,,,4,,"{""vehicleId"": 16104, ""manufacturerName"": ""RENAULT"", ""modelName"": ""CLIO II (BB_, CB_)"", ""typeEngineName"": ""1.2 16V (BB05, BB0W, BB11, BB27, BB2T, BB2U, BB2V, CB05,..."", ""constructionIntervalStart"": ""2001-06-01"", ""constructionIntervalEnd"": ""2016-08-01"", ""powerKw"": ""55.0000"", ""powerPs"": ""75.0000"", ""capacityTax"": null, ""fuelType"": ""Essence"", ""bodyType"": ""Berline bicorps trois ou cinq portes"", ""numberOfCylinders"": 4, ""capacityLt"": ""1.2000"", ""capacityTech"": ""1149.0000"", ""engineCodes"": ""D4F 712"", ""engId"": 16186}",RAPID-9665046
639e11be-d700-4b33-8420-a7c48270fec9,108153,RENAULT,"CLIO II (BB_, CB_)",2001,2016,"1.2 16V (BB05, BB0W, BB11, BB27, BB2T, BB2U, BB2V, CB05,...",16104,Berline bicorps trois ou cinq portes,Essence,55,75,1149,2026-08-08 22:47:30,,,,,,4,,"{""vehicleId"": 16104, ""manufacturerName"": ""RENAULT"", ""modelName"": ""CLIO II (BB_, CB_)"", ""typeEngineName"": ""1.2 16V (BB05, BB0W, BB11, BB27, BB2T, BB2U, BB2V, CB05,..."", ""constructionIntervalStart"": ""2001-06-01"", ""constructionIntervalEnd"": ""2016-08-01"", ""powerKw"": ""55.0000"", ""powerPs"": ""75.0000"", ""capacityTax"": null, ""fuelType"": ""Essence"", ""bodyType"": ""Berline bicorps trois ou cinq portes"", ""numberOfCylinders"": 4, ""capacityLt"": ""1.2000"", ""capacityTech"": ""1149.0000"", ""engineCodes"": ""D4F 712"", ""engId"": 16186}",RAPID-3712914
63efb251-8475-4575-b03c-8abe0366e083,108656,RENAULT,"CLIO II (BB_, CB_)",2001,2016,"1.2 16V (BB05, BB0W, BB11, BB27, BB2T, BB2U, BB2V, CB05,...",16104,Berline bicorps trois ou cinq portes,Essence,55,75,1149,2026-08-08 22:47:30,,,,,,4,,"{""vehicleId"": 16104, ""manufacturerName"": ""RENAULT"", ""modelName"": ""CLIO II (BB_, CB_)"", ""typeEngineName"": ""1.2 16V (BB05, BB0W, BB11, BB27, BB2T, BB2U, BB2V, CB05,..."", ""constructionIntervalStart"": ""2001-06-01"", ""constructionIntervalEnd"": ""2016-08-01"", ""powerKw"": ""55.0000"", ""powerPs"": ""75.0000"", ""capacityTax"": null, ""fuelType"": ""Essence"", ""bodyType"": ""Berline bicorps trois ou cinq portes"", ""numberOfCylinders"": 4, ""capacityLt"": ""1.2000"", ""capacityTech"": ""1149.0000"", ""engineCodes"": ""D4F 712"", ""engId"": 16186}",RAPID-6467385
64abe3a1-d44c-4f38-a7d0-f7b4e036264a,108012,AUDI,80 B4 Saloon (8C2),1991,1994,1.9 TD,1392,Saloon,Diesel,,,,2026-08-06 14:24:09,,,,,,,,,RAPID-2744110
64e509fb-ca1d-4ae8-8878-563d8016f5fe,108307,RENAULT,"CLIO II (BB_, CB_)",2001,2016,"1.2 16V (BB05, BB0W, BB11, BB27, BB2T, BB2U, BB2V, CB05,...",16104,Berline bicorps trois ou cinq portes,Essence,55,75,1149,2026-08-08 22:47:30,,,,,,4,,"{""vehicleId"": 16104, ""manufacturerName"": ""RENAULT"", ""modelName"": ""CLIO II (BB_, CB_)"", ""typeEngineName"": ""1.2 16V (BB05, BB0W, BB11, BB27, BB2T, BB2U, BB2V, CB05,..."", ""constructionIntervalStart"": ""2001-06-01"", ""constructionIntervalEnd"": ""2016-08-01"", ""powerKw"": ""55.0000"", ""powerPs"": ""75.0000"", ""capacityTax"": null, ""fuelType"": ""Essence"", ""bodyType"": ""Berline bicorps trois ou cinq portes"", ""numberOfCylinders"": 4, ""capacityLt"": ""1.2000"", ""capacityTech"": ""1149.0000"", ""engineCodes"": ""D4F 712"", ""engId"": 16186}",RAPID-4529989
651565d1-5275-46f0-8324-058ab63f2d7a,108574,RENAULT,"CLIO II (BB_, CB_)",2001,2016,"1.2 16V (BB05, BB0W, BB11, BB27, BB2T, BB2U, BB2V, CB05,...",16104,Berline bicorps trois ou cinq portes,Essence,55,75,1149,2026-08-08 22:47:30,,,,,,4,,"{""vehicleId"": 16104, ""manufacturerName"": ""RENAULT"", ""modelName"": ""CLIO II (BB_, CB_)"", ""typeEngineName"": ""1.2 16V (BB05, BB0W, BB11, BB27, BB2T, BB2U, BB2V, CB05,..."", ""constructionIntervalStart"": ""2001-06-01"", ""constructionIntervalEnd"": ""2016-08-01"", ""powerKw"": ""55.0000"", ""powerPs"": ""75.0000"", ""capacityTax"": null, ""fuelType"": ""Essence"", ""bodyType"": ""Berline bicorps trois ou cinq portes"", ""numberOfCylinders"": 4, ""capacityLt"": ""1.2000"", ""capacityTech"": ""1149.0000"", ""engineCodes"": ""D4F 712"", ""engId"": 16186}",RAPID-107723
65348379-d56e-47df-a767-41c299078076,108256,RENAULT,"CLIO II (BB_, CB_)",2001,2016,"1.2 16V (BB05, BB0W, BB11, BB27, BB2T, BB2U, BB2V, CB05,...",16104,Berline bicorps trois ou cinq portes,Essence,55,75,1149,2026-08-08 22:47:30,,,,,,4,,"{""vehicleId"": 16104, ""manufacturerName"": ""RENAULT"", ""modelName"": ""CLIO II (BB_, CB_)"", ""typeEngineName"": ""1.2 16V (BB05, BB0W, BB11, BB27, BB2T, BB2U, BB2V, CB05,..."", ""constructionIntervalStart"": ""2001-06-01"", ""constructionIntervalEnd"": ""2016-08-01"", ""powerKw"": ""55.0000"", ""powerPs"": ""75.0000"", ""capacityTax"": null, ""fuelType"": ""Essence"", ""bodyType"": ""Berline bicorps trois ou cinq portes"", ""numberOfCylinders"": 4, ""capacityLt"": ""1.2000"", ""capacityTech"": ""1149.0000"", ""engineCodes"": ""D4F 712"", ""engId"": 16186}",RAPID-2512619
653a468c-29d1-471d-8f88-33b5269fc9dd,108621,RENAULT,"CLIO II (BB_, CB_)",2001,2016,"1.2 16V (BB05, BB0W, BB11, BB27, BB2T, BB2U, BB2V, CB05,...",16104,Berline bicorps trois ou cinq portes,Essence,55,75,1149,2026-08-08 22:47:30,,,,,,4,,"{""vehicleId"": 16104, ""manufacturerName"": ""RENAULT"", ""modelName"": ""CLIO II (BB_, CB_)"", ""typeEngineName"": ""1.2 16V (BB05, BB0W, BB11, BB27, BB2T, BB2U, BB2V, CB05,..."", ""constructionIntervalStart"": ""2001-06-01"", ""constructionIntervalEnd"": ""2016-08-01"", ""powerKw"": ""55.0000"", ""powerPs"": ""75.0000"", ""capacityTax"": null, ""fuelType"": ""Essence"", ""bodyType"": ""Berline bicorps trois ou cinq portes"", ""numberOfCylinders"": 4, ""capacityLt"": ""1.2000"", ""capacityTech"": ""1149.0000"", ""engineCodes"": ""D4F 712"", ""engId"": 16186}",RAPID-6762347
65505392-390c-419d-9288-7f7d519376a7,108635,RENAULT,"CLIO II (BB_, CB_)",2001,2016,"1.2 16V (BB05, BB0W, BB11, BB27, BB2T, BB2U, BB2V, CB05,...",16104,Berline bicorps trois ou cinq portes,Essence,55,75,1149,2026-08-08 22:47:30,,,,,,4,,"{""vehicleId"": 16104, ""manufacturerName"": ""RENAULT"", ""modelName"": ""CLIO II (BB_, CB_)"", ""typeEngineName"": ""1.2 16V (BB05, BB0W, BB11, BB27, BB2T, BB2U, BB2V, CB05,..."", ""constructionIntervalStart"": ""2001-06-01"", ""constructionIntervalEnd"": ""2016-08-01"", ""powerKw"": ""55.0000"", ""powerPs"": ""75.0000"", ""capacityTax"": null, ""fuelType"": ""Essence"", ""bodyType"": ""Berline bicorps trois ou cinq portes"", ""numberOfCylinders"": 4, ""capacityLt"": ""1.2000"", ""capacityTech"": ""1149.0000"", ""engineCodes"": ""D4F 712"", ""engId"": 16186}",RAPID-6467383
657f7ab1-6f15-4564-8127-832a5960f5c8,108657,RENAULT,"CLIO II (BB_, CB_)",2001,2016,"1.2 16V (BB05, BB0W, BB11, BB27, BB2T, BB2U, BB2V, CB05,...",16104,Berline bicorps trois ou cinq portes,Essence,55,75,1149,2026-08-08 22:47:30,,,,,,4,,"{""vehicleId"": 16104, ""manufacturerName"": ""RENAULT"", ""modelName"": ""CLIO II (BB_, CB_)"", ""typeEngineName"": ""1.2 16V (BB05, BB0W, BB11, BB27, BB2T, BB2U, BB2V, CB05,..."", ""constructionIntervalStart"": ""2001-06-01"", ""constructionIntervalEnd"": ""2016-08-01"", ""powerKw"": ""55.0000"", ""powerPs"": ""75.0000"", ""capacityTax"": null, ""fuelType"": ""Essence"", ""bodyType"": ""Berline bicorps trois ou cinq portes"", ""numberOfCylinders"": 4, ""capacityLt"": ""1.2000"", ""capacityTech"": ""1149.0000"", ""engineCodes"": ""D4F 712"", ""engId"": 16186}",RAPID-6469463
65be629c-c4d8-4cb8-9985-14efcdc0728f,108115,RENAULT,"CLIO II (BB_, CB_)",2001,2016,"1.2 16V (BB05, BB0W, BB11, BB27, BB2T, BB2U, BB2V, CB05,...",16104,Berline bicorps trois ou cinq portes,Essence,55,75,1149,2026-08-08 22:47:30,,,,,,4,,"{""vehicleId"": 16104, ""manufacturerName"": ""RENAULT"", ""modelName"": ""CLIO II (BB_, CB_)"", ""typeEngineName"": ""1.2 16V (BB05, BB0W, BB11, BB27, BB2T, BB2U, BB2V, CB05,..."", ""constructionIntervalStart"": ""2001-06-01"", ""constructionIntervalEnd"": ""2016-08-01"", ""powerKw"": ""55.0000"", ""powerPs"": ""75.0000"", ""capacityTax"": null, ""fuelType"": ""Essence"", ""bodyType"": ""Berline bicorps trois ou cinq portes"", ""numberOfCylinders"": 4, ""capacityLt"": ""1.2000"", ""capacityTech"": ""1149.0000"", ""engineCodes"": ""D4F 712"", ""engId"": 16186}",RAPID-2277452
66f18d07-8725-40a5-96d2-97e16b473a3e,108193,RENAULT,"CLIO II (BB_, CB_)",2001,2016,"1.2 16V (BB05, BB0W, BB11, BB27, BB2T, BB2U, BB2V, CB05,...",16104,Berline bicorps trois ou cinq portes,Essence,55,75,1149,2026-08-08 22:47:30,,,,,,4,,"{""vehicleId"": 16104, ""manufacturerName"": ""RENAULT"", ""modelName"": ""CLIO II (BB_, CB_)"", ""typeEngineName"": ""1.2 16V (BB05, BB0W, BB11, BB27, BB2T, BB2U, BB2V, CB05,..."", ""constructionIntervalStart"": ""2001-06-01"", ""constructionIntervalEnd"": ""2016-08-01"", ""powerKw"": ""55.0000"", ""powerPs"": ""75.0000"", ""capacityTax"": null, ""fuelType"": ""Essence"", ""bodyType"": ""Berline bicorps trois ou cinq portes"", ""numberOfCylinders"": 4, ""capacityLt"": ""1.2000"", ""capacityTech"": ""1149.0000"", ""engineCodes"": ""D4F 712"", ""engId"": 16186}",RAPID-5789133
66ff2d38-5b48-4dc3-92d7-96c8bfc6db04,108057,RENAULT,"CLIO II (BB_, CB_)",2001,2016,"1.2 16V (BB05, BB0W, BB11, BB27, BB2T, BB2U, BB2V, CB05,...",16104,Berline bicorps trois ou cinq portes,Essence,55,75,1149,2026-08-08 22:47:30,,,,,,4,,"{""vehicleId"": 16104, ""manufacturerName"": ""RENAULT"", ""modelName"": ""CLIO II (BB_, CB_)"", ""typeEngineName"": ""1.2 16V (BB05, BB0W, BB11, BB27, BB2T, BB2U, BB2V, CB05,..."", ""constructionIntervalStart"": ""2001-06-01"", ""constructionIntervalEnd"": ""2016-08-01"", ""powerKw"": ""55.0000"", ""powerPs"": ""75.0000"", ""capacityTax"": null, ""fuelType"": ""Essence"", ""bodyType"": ""Berline bicorps trois ou cinq portes"", ""numberOfCylinders"": 4, ""capacityLt"": ""1.2000"", ""capacityTech"": ""1149.0000"", ""engineCodes"": ""D4F 712"", ""engId"": 16186}",RAPID-4181915
670dcab5-fb95-424f-8f38-b51e06be5984,108312,RENAULT,"CLIO II (BB_, CB_)",2001,2016,"1.2 16V (BB05, BB0W, BB11, BB27, BB2T, BB2U, BB2V, CB05,...",16104,Berline bicorps trois ou cinq portes,Essence,55,75,1149,2026-08-08 22:47:30,,,,,,4,,"{""vehicleId"": 16104, ""manufacturerName"": ""RENAULT"", ""modelName"": ""CLIO II (BB_, CB_)"", ""typeEngineName"": ""1.2 16V (BB05, BB0W, BB11, BB27, BB2T, BB2U, BB2V, CB05,..."", ""constructionIntervalStart"": ""2001-06-01"", ""constructionIntervalEnd"": ""2016-08-01"", ""powerKw"": ""55.0000"", ""powerPs"": ""75.0000"", ""capacityTax"": null, ""fuelType"": ""Essence"", ""bodyType"": ""Berline bicorps trois ou cinq portes"", ""numberOfCylinders"": 4, ""capacityLt"": ""1.2000"", ""capacityTech"": ""1149.0000"", ""engineCodes"": ""D4F 712"", ""engId"": 16186}",RAPID-6298700
67402557-d253-4a0f-8e16-ca49984efb75,108493,RENAULT,"CLIO II (BB_, CB_)",2001,2016,"1.2 16V (BB05, BB0W, BB11, BB27, BB2T, BB2U, BB2V, CB05,...",16104,Berline bicorps trois ou cinq portes,Essence,55,75,1149,2026-08-08 22:47:30,,,,,,4,,"{""vehicleId"": 16104, ""manufacturerName"": ""RENAULT"", ""modelName"": ""CLIO II (BB_, CB_)"", ""typeEngineName"": ""1.2 16V (BB05, BB0W, BB11, BB27, BB2T, BB2U, BB2V, CB05,..."", ""constructionIntervalStart"": ""2001-06-01"", ""constructionIntervalEnd"": ""2016-08-01"", ""powerKw"": ""55.0000"", ""powerPs"": ""75.0000"", ""capacityTax"": null, ""fuelType"": ""Essence"", ""bodyType"": ""Berline bicorps trois ou cinq portes"", ""numberOfCylinders"": 4, ""capacityLt"": ""1.2000"", ""capacityTech"": ""1149.0000"", ""engineCodes"": ""D4F 712"", ""engId"": 16186}",RAPID-2338172
67533926-7ca8-4cf5-a4c0-db98f355b1ea,108096,RENAULT,"CLIO II (BB_, CB_)",2001,2016,"1.2 16V (BB05, BB0W, BB11, BB27, BB2T, BB2U, BB2V, CB05,...",16104,Berline bicorps trois ou cinq portes,Essence,55,75,1149,2026-08-08 22:47:30,,,,,,4,,"{""vehicleId"": 16104, ""manufacturerName"": ""RENAULT"", ""modelName"": ""CLIO II (BB_, CB_)"", ""typeEngineName"": ""1.2 16V (BB05, BB0W, BB11, BB27, BB2T, BB2U, BB2V, CB05,..."", ""constructionIntervalStart"": ""2001-06-01"", ""constructionIntervalEnd"": ""2016-08-01"", ""powerKw"": ""55.0000"", ""powerPs"": ""75.0000"", ""capacityTax"": null, ""fuelType"": ""Essence"", ""bodyType"": ""Berline bicorps trois ou cinq portes"", ""numberOfCylinders"": 4, ""capacityLt"": ""1.2000"", ""capacityTech"": ""1149.0000"", ""engineCodes"": ""D4F 712"", ""engId"": 16186}",RAPID-29519970
679c8351-cc27-4a80-90aa-80e121749b76,108844,RENAULT,"CLIO II (BB_, CB_)",2001,2016,"1.2 16V (BB05, BB0W, BB11, BB27, BB2T, BB2U, BB2V, CB05,...",16104,Berline bicorps trois ou cinq portes,Essence,55,75,1149,2026-08-08 22:47:30,,,,,,4,,"{""vehicleId"": 16104, ""manufacturerName"": ""RENAULT"", ""modelName"": ""CLIO II (BB_, CB_)"", ""typeEngineName"": ""1.2 16V (BB05, BB0W, BB11, BB27, BB2T, BB2U, BB2V, CB05,..."", ""constructionIntervalStart"": ""2001-06-01"", ""constructionIntervalEnd"": ""2016-08-01"", ""powerKw"": ""55.0000"", ""powerPs"": ""75.0000"", ""capacityTax"": null, ""fuelType"": ""Essence"", ""bodyType"": ""Berline bicorps trois ou cinq portes"", ""numberOfCylinders"": 4, ""capacityLt"": ""1.2000"", ""capacityTech"": ""1149.0000"", ""engineCodes"": ""D4F 712"", ""engId"": 16186}",RAPID-1854377
68604531-a260-4726-a914-87331f04f533,108547,RENAULT,"CLIO II (BB_, CB_)",2001,2016,"1.2 16V (BB05, BB0W, BB11, BB27, BB2T, BB2U, BB2V, CB05,...",16104,Berline bicorps trois ou cinq portes,Essence,55,75,1149,2026-08-08 22:47:30,,,,,,4,,"{""vehicleId"": 16104, ""manufacturerName"": ""RENAULT"", ""modelName"": ""CLIO II (BB_, CB_)"", ""typeEngineName"": ""1.2 16V (BB05, BB0W, BB11, BB27, BB2T, BB2U, BB2V, CB05,..."", ""constructionIntervalStart"": ""2001-06-01"", ""constructionIntervalEnd"": ""2016-08-01"", ""powerKw"": ""55.0000"", ""powerPs"": ""75.0000"", ""capacityTax"": null, ""fuelType"": ""Essence"", ""bodyType"": ""Berline bicorps trois ou cinq portes"", ""numberOfCylinders"": 4, ""capacityLt"": ""1.2000"", ""capacityTech"": ""1149.0000"", ""engineCodes"": ""D4F 712"", ""engId"": 16186}",RAPID-12716604
69263479-fb67-47de-bdc1-6978720bb467,108383,RENAULT,"CLIO II (BB_, CB_)",2001,2016,"1.2 16V (BB05, BB0W, BB11, BB27, BB2T, BB2U, BB2V, CB05,...",16104,Berline bicorps trois ou cinq portes,Essence,55,75,1149,2026-08-08 22:47:30,,,,,,4,,"{""vehicleId"": 16104, ""manufacturerName"": ""RENAULT"", ""modelName"": ""CLIO II (BB_, CB_)"", ""typeEngineName"": ""1.2 16V (BB05, BB0W, BB11, BB27, BB2T, BB2U, BB2V, CB05,..."", ""constructionIntervalStart"": ""2001-06-01"", ""constructionIntervalEnd"": ""2016-08-01"", ""powerKw"": ""55.0000"", ""powerPs"": ""75.0000"", ""capacityTax"": null, ""fuelType"": ""Essence"", ""bodyType"": ""Berline bicorps trois ou cinq portes"", ""numberOfCylinders"": 4, ""capacityLt"": ""1.2000"", ""capacityTech"": ""1149.0000"", ""engineCodes"": ""D4F 712"", ""engId"": 16186}",RAPID-1506335
693c1117-6cd3-4df1-87fe-6b79473b6580,108108,RENAULT,"CLIO II (BB_, CB_)",2001,2016,"1.2 16V (BB05, BB0W, BB11, BB27, BB2T, BB2U, BB2V, CB05,...",16104,Berline bicorps trois ou cinq portes,Essence,55,75,1149,2026-08-08 22:47:30,,,,,,4,,"{""vehicleId"": 16104, ""manufacturerName"": ""RENAULT"", ""modelName"": ""CLIO II (BB_, CB_)"", ""typeEngineName"": ""1.2 16V (BB05, BB0W, BB11, BB27, BB2T, BB2U, BB2V, CB05,..."", ""constructionIntervalStart"": ""2001-06-01"", ""constructionIntervalEnd"": ""2016-08-01"", ""powerKw"": ""55.0000"", ""powerPs"": ""75.0000"", ""capacityTax"": null, ""fuelType"": ""Essence"", ""bodyType"": ""Berline bicorps trois ou cinq portes"", ""numberOfCylinders"": 4, ""capacityLt"": ""1.2000"", ""capacityTech"": ""1149.0000"", ""engineCodes"": ""D4F 712"", ""engId"": 16186}",RAPID-12375902
69964e77-19c1-4627-a7ac-ebaaaeca9c85,108580,RENAULT,"CLIO II (BB_, CB_)",2001,2016,"1.2 16V (BB05, BB0W, BB11, BB27, BB2T, BB2U, BB2V, CB05,...",16104,Berline bicorps trois ou cinq portes,Essence,55,75,1149,2026-08-08 22:47:30,,,,,,4,,"{""vehicleId"": 16104, ""manufacturerName"": ""RENAULT"", ""modelName"": ""CLIO II (BB_, CB_)"", ""typeEngineName"": ""1.2 16V (BB05, BB0W, BB11, BB27, BB2T, BB2U, BB2V, CB05,..."", ""constructionIntervalStart"": ""2001-06-01"", ""constructionIntervalEnd"": ""2016-08-01"", ""powerKw"": ""55.0000"", ""powerPs"": ""75.0000"", ""capacityTax"": null, ""fuelType"": ""Essence"", ""bodyType"": ""Berline bicorps trois ou cinq portes"", ""numberOfCylinders"": 4, ""capacityLt"": ""1.2000"", ""capacityTech"": ""1149.0000"", ""engineCodes"": ""D4F 712"", ""engId"": 16186}",RAPID-80953906
69ed3c14-81d1-42e0-be50-2950b494552e,108208,RENAULT,"CLIO II (BB_, CB_)",2001,2016,"1.2 16V (BB05, BB0W, BB11, BB27, BB2T, BB2U, BB2V, CB05,...",16104,Berline bicorps trois ou cinq portes,Essence,55,75,1149,2026-08-08 22:47:30,,,,,,4,,"{""vehicleId"": 16104, ""manufacturerName"": ""RENAULT"", ""modelName"": ""CLIO II (BB_, CB_)"", ""typeEngineName"": ""1.2 16V (BB05, BB0W, BB11, BB27, BB2T, BB2U, BB2V, CB05,..."", ""constructionIntervalStart"": ""2001-06-01"", ""constructionIntervalEnd"": ""2016-08-01"", ""powerKw"": ""55.0000"", ""powerPs"": ""75.0000"", ""capacityTax"": null, ""fuelType"": ""Essence"", ""bodyType"": ""Berline bicorps trois ou cinq portes"", ""numberOfCylinders"": 4, ""capacityLt"": ""1.2000"", ""capacityTech"": ""1149.0000"", ""engineCodes"": ""D4F 712"", ""engId"": 16186}",RAPID-9686382
6aee09cf-bb46-4ddc-b8b0-19f3aa0a8992,108764,RENAULT,"CLIO II (BB_, CB_)",2001,2016,"1.2 16V (BB05, BB0W, BB11, BB27, BB2T, BB2U, BB2V, CB05,...",16104,Berline bicorps trois ou cinq portes,Essence,55,75,1149,2026-08-08 22:47:30,,,,,,4,,"{""vehicleId"": 16104, ""manufacturerName"": ""RENAULT"", ""modelName"": ""CLIO II (BB_, CB_)"", ""typeEngineName"": ""1.2 16V (BB05, BB0W, BB11, BB27, BB2T, BB2U, BB2V, CB05,..."", ""constructionIntervalStart"": ""2001-06-01"", ""constructionIntervalEnd"": ""2016-08-01"", ""powerKw"": ""55.0000"", ""powerPs"": ""75.0000"", ""capacityTax"": null, ""fuelType"": ""Essence"", ""bodyType"": ""Berline bicorps trois ou cinq portes"", ""numberOfCylinders"": 4, ""capacityLt"": ""1.2000"", ""capacityTech"": ""1149.0000"", ""engineCodes"": ""D4F 712"", ""engId"": 16186}",RAPID-3286750
6b19dbfb-e90e-489d-8763-aaca6767b480,108824,RENAULT,"CLIO II (BB_, CB_)",2001,2016,"1.2 16V (BB05, BB0W, BB11, BB27, BB2T, BB2U, BB2V, CB05,...",16104,Berline bicorps trois ou cinq portes,Essence,55,75,1149,2026-08-08 22:47:30,,,,,,4,,"{""vehicleId"": 16104, ""manufacturerName"": ""RENAULT"", ""modelName"": ""CLIO II (BB_, CB_)"", ""typeEngineName"": ""1.2 16V (BB05, BB0W, BB11, BB27, BB2T, BB2U, BB2V, CB05,..."", ""constructionIntervalStart"": ""2001-06-01"", ""constructionIntervalEnd"": ""2016-08-01"", ""powerKw"": ""55.0000"", ""powerPs"": ""75.0000"", ""capacityTax"": null, ""fuelType"": ""Essence"", ""bodyType"": ""Berline bicorps trois ou cinq portes"", ""numberOfCylinders"": 4, ""capacityLt"": ""1.2000"", ""capacityTech"": ""1149.0000"", ""engineCodes"": ""D4F 712"", ""engId"": 16186}",RAPID-9108863
6b996cf7-5cef-49d5-968a-989b49c765ed,108743,RENAULT,"CLIO II (BB_, CB_)",2001,2016,"1.2 16V (BB05, BB0W, BB11, BB27, BB2T, BB2U, BB2V, CB05,...",16104,Berline bicorps trois ou cinq portes,Essence,55,75,1149,2026-08-08 22:47:30,,,,,,4,,"{""vehicleId"": 16104, ""manufacturerName"": ""RENAULT"", ""modelName"": ""CLIO II (BB_, CB_)"", ""typeEngineName"": ""1.2 16V (BB05, BB0W, BB11, BB27, BB2T, BB2U, BB2V, CB05,..."", ""constructionIntervalStart"": ""2001-06-01"", ""constructionIntervalEnd"": ""2016-08-01"", ""powerKw"": ""55.0000"", ""powerPs"": ""75.0000"", ""capacityTax"": null, ""fuelType"": ""Essence"", ""bodyType"": ""Berline bicorps trois ou cinq portes"", ""numberOfCylinders"": 4, ""capacityLt"": ""1.2000"", ""capacityTech"": ""1149.0000"", ""engineCodes"": ""D4F 712"", ""engId"": 16186}",RAPID-8526925
6bdc0f16-efe5-45c2-850b-d7781c66c8c4,108218,RENAULT,"CLIO II (BB_, CB_)",2001,2016,"1.2 16V (BB05, BB0W, BB11, BB27, BB2T, BB2U, BB2V, CB05,...",16104,Berline bicorps trois ou cinq portes,Essence,55,75,1149,2026-08-08 22:47:30,,,,,,4,,"{""vehicleId"": 16104, ""manufacturerName"": ""RENAULT"", ""modelName"": ""CLIO II (BB_, CB_)"", ""typeEngineName"": ""1.2 16V (BB05, BB0W, BB11, BB27, BB2T, BB2U, BB2V, CB05,..."", ""constructionIntervalStart"": ""2001-06-01"", ""constructionIntervalEnd"": ""2016-08-01"", ""powerKw"": ""55.0000"", ""powerPs"": ""75.0000"", ""capacityTax"": null, ""fuelType"": ""Essence"", ""bodyType"": ""Berline bicorps trois ou cinq portes"", ""numberOfCylinders"": 4, ""capacityLt"": ""1.2000"", ""capacityTech"": ""1149.0000"", ""engineCodes"": ""D4F 712"", ""engId"": 16186}",RAPID-5596842
6c59e7cf-fe02-46e1-bd53-d7630c4972bb,108794,RENAULT,"CLIO II (BB_, CB_)",2001,2016,"1.2 16V (BB05, BB0W, BB11, BB27, BB2T, BB2U, BB2V, CB05,...",16104,Berline bicorps trois ou cinq portes,Essence,55,75,1149,2026-08-08 22:47:30,,,,,,4,,"{""vehicleId"": 16104, ""manufacturerName"": ""RENAULT"", ""modelName"": ""CLIO II (BB_, CB_)"", ""typeEngineName"": ""1.2 16V (BB05, BB0W, BB11, BB27, BB2T, BB2U, BB2V, CB05,..."", ""constructionIntervalStart"": ""2001-06-01"", ""constructionIntervalEnd"": ""2016-08-01"", ""powerKw"": ""55.0000"", ""powerPs"": ""75.0000"", ""capacityTax"": null, ""fuelType"": ""Essence"", ""bodyType"": ""Berline bicorps trois ou cinq portes"", ""numberOfCylinders"": 4, ""capacityLt"": ""1.2000"", ""capacityTech"": ""1149.0000"", ""engineCodes"": ""D4F 712"", ""engId"": 16186}",RAPID-6046685
6c5fe33f-f3c2-41be-b674-10d384fad941,108358,RENAULT,"CLIO II (BB_, CB_)",2001,2016,"1.2 16V (BB05, BB0W, BB11, BB27, BB2T, BB2U, BB2V, CB05,...",16104,Berline bicorps trois ou cinq portes,Essence,55,75,1149,2026-08-08 22:47:30,,,,,,4,,"{""vehicleId"": 16104, ""manufacturerName"": ""RENAULT"", ""modelName"": ""CLIO II (BB_, CB_)"", ""typeEngineName"": ""1.2 16V (BB05, BB0W, BB11, BB27, BB2T, BB2U, BB2V, CB05,..."", ""constructionIntervalStart"": ""2001-06-01"", ""constructionIntervalEnd"": ""2016-08-01"", ""powerKw"": ""55.0000"", ""powerPs"": ""75.0000"", ""capacityTax"": null, ""fuelType"": ""Essence"", ""bodyType"": ""Berline bicorps trois ou cinq portes"", ""numberOfCylinders"": 4, ""capacityLt"": ""1.2000"", ""capacityTech"": ""1149.0000"", ""engineCodes"": ""D4F 712"", ""engId"": 16186}",RAPID-2560074
6cb086ab-c118-4f1d-941c-74f8f8061060,108396,RENAULT,"CLIO II (BB_, CB_)",2001,2016,"1.2 16V (BB05, BB0W, BB11, BB27, BB2T, BB2U, BB2V, CB05,...",16104,Berline bicorps trois ou cinq portes,Essence,55,75,1149,2026-08-08 22:47:30,,,,,,4,,"{""vehicleId"": 16104, ""manufacturerName"": ""RENAULT"", ""modelName"": ""CLIO II (BB_, CB_)"", ""typeEngineName"": ""1.2 16V (BB05, BB0W, BB11, BB27, BB2T, BB2U, BB2V, CB05,..."", ""constructionIntervalStart"": ""2001-06-01"", ""constructionIntervalEnd"": ""2016-08-01"", ""powerKw"": ""55.0000"", ""powerPs"": ""75.0000"", ""capacityTax"": null, ""fuelType"": ""Essence"", ""bodyType"": ""Berline bicorps trois ou cinq portes"", ""numberOfCylinders"": 4, ""capacityLt"": ""1.2000"", ""capacityTech"": ""1149.0000"", ""engineCodes"": ""D4F 712"", ""engId"": 16186}",RAPID-9686225
6ccb7260-d0f9-42a0-966e-7a273ae57bfa,108450,RENAULT,"CLIO II (BB_, CB_)",2001,2016,"1.2 16V (BB05, BB0W, BB11, BB27, BB2T, BB2U, BB2V, CB05,...",16104,Berline bicorps trois ou cinq portes,Essence,55,75,1149,2026-08-08 22:47:30,,,,,,4,,"{""vehicleId"": 16104, ""manufacturerName"": ""RENAULT"", ""modelName"": ""CLIO II (BB_, CB_)"", ""typeEngineName"": ""1.2 16V (BB05, BB0W, BB11, BB27, BB2T, BB2U, BB2V, CB05,..."", ""constructionIntervalStart"": ""2001-06-01"", ""constructionIntervalEnd"": ""2016-08-01"", ""powerKw"": ""55.0000"", ""powerPs"": ""75.0000"", ""capacityTax"": null, ""fuelType"": ""Essence"", ""bodyType"": ""Berline bicorps trois ou cinq portes"", ""numberOfCylinders"": 4, ""capacityLt"": ""1.2000"", ""capacityTech"": ""1149.0000"", ""engineCodes"": ""D4F 712"", ""engId"": 16186}",RAPID-5414439
6cd4ea3a-0d20-452e-b2d0-7f99ef532b89,108283,RENAULT,"CLIO II (BB_, CB_)",2001,2016,"1.2 16V (BB05, BB0W, BB11, BB27, BB2T, BB2U, BB2V, CB05,...",16104,Berline bicorps trois ou cinq portes,Essence,55,75,1149,2026-08-08 22:47:30,,,,,,4,,"{""vehicleId"": 16104, ""manufacturerName"": ""RENAULT"", ""modelName"": ""CLIO II (BB_, CB_)"", ""typeEngineName"": ""1.2 16V (BB05, BB0W, BB11, BB27, BB2T, BB2U, BB2V, CB05,..."", ""constructionIntervalStart"": ""2001-06-01"", ""constructionIntervalEnd"": ""2016-08-01"", ""powerKw"": ""55.0000"", ""powerPs"": ""75.0000"", ""capacityTax"": null, ""fuelType"": ""Essence"", ""bodyType"": ""Berline bicorps trois ou cinq portes"", ""numberOfCylinders"": 4, ""capacityLt"": ""1.2000"", ""capacityTech"": ""1149.0000"", ""engineCodes"": ""D4F 712"", ""engId"": 16186}",RAPID-2513860
6ce68f3c-8863-46a4-a0de-513b4d3eefa1,108703,RENAULT,"CLIO II (BB_, CB_)",2001,2016,"1.2 16V (BB05, BB0W, BB11, BB27, BB2T, BB2U, BB2V, CB05,...",16104,Berline bicorps trois ou cinq portes,Essence,55,75,1149,2026-08-08 22:47:30,,,,,,4,,"{""vehicleId"": 16104, ""manufacturerName"": ""RENAULT"", ""modelName"": ""CLIO II (BB_, CB_)"", ""typeEngineName"": ""1.2 16V (BB05, BB0W, BB11, BB27, BB2T, BB2U, BB2V, CB05,..."", ""constructionIntervalStart"": ""2001-06-01"", ""constructionIntervalEnd"": ""2016-08-01"", ""powerKw"": ""55.0000"", ""powerPs"": ""75.0000"", ""capacityTax"": null, ""fuelType"": ""Essence"", ""bodyType"": ""Berline bicorps trois ou cinq portes"", ""numberOfCylinders"": 4, ""capacityLt"": ""1.2000"", ""capacityTech"": ""1149.0000"", ""engineCodes"": ""D4F 712"", ""engId"": 16186}",RAPID-9686790
6d205891-5b52-4f8f-bb50-dec7797ebd5f,108544,RENAULT,"CLIO II (BB_, CB_)",2001,2016,"1.2 16V (BB05, BB0W, BB11, BB27, BB2T, BB2U, BB2V, CB05,...",16104,Berline bicorps trois ou cinq portes,Essence,55,75,1149,2026-08-08 22:47:30,,,,,,4,,"{""vehicleId"": 16104, ""manufacturerName"": ""RENAULT"", ""modelName"": ""CLIO II (BB_, CB_)"", ""typeEngineName"": ""1.2 16V (BB05, BB0W, BB11, BB27, BB2T, BB2U, BB2V, CB05,..."", ""constructionIntervalStart"": ""2001-06-01"", ""constructionIntervalEnd"": ""2016-08-01"", ""powerKw"": ""55.0000"", ""powerPs"": ""75.0000"", ""capacityTax"": null, ""fuelType"": ""Essence"", ""bodyType"": ""Berline bicorps trois ou cinq portes"", ""numberOfCylinders"": 4, ""capacityLt"": ""1.2000"", ""capacityTech"": ""1149.0000"", ""engineCodes"": ""D4F 712"", ""engId"": 16186}",RAPID-2724975
6d550bb0-9580-4467-bec2-6c3b2a5a229c,108513,RENAULT,"CLIO II (BB_, CB_)",2001,2016,"1.2 16V (BB05, BB0W, BB11, BB27, BB2T, BB2U, BB2V, CB05,...",16104,Berline bicorps trois ou cinq portes,Essence,55,75,1149,2026-08-08 22:47:30,,,,,,4,,"{""vehicleId"": 16104, ""manufacturerName"": ""RENAULT"", ""modelName"": ""CLIO II (BB_, CB_)"", ""typeEngineName"": ""1.2 16V (BB05, BB0W, BB11, BB27, BB2T, BB2U, BB2V, CB05,..."", ""constructionIntervalStart"": ""2001-06-01"", ""constructionIntervalEnd"": ""2016-08-01"", ""powerKw"": ""55.0000"", ""powerPs"": ""75.0000"", ""capacityTax"": null, ""fuelType"": ""Essence"", ""bodyType"": ""Berline bicorps trois ou cinq portes"", ""numberOfCylinders"": 4, ""capacityLt"": ""1.2000"", ""capacityTech"": ""1149.0000"", ""engineCodes"": ""D4F 712"", ""engId"": 16186}",RAPID-9693161
6d578748-c4f8-4e4c-8246-86f048bd9d92,108217,RENAULT,"CLIO II (BB_, CB_)",2001,2016,"1.2 16V (BB05, BB0W, BB11, BB27, BB2T, BB2U, BB2V, CB05,...",16104,Berline bicorps trois ou cinq portes,Essence,55,75,1149,2026-08-08 22:47:30,,,,,,4,,"{""vehicleId"": 16104, ""manufacturerName"": ""RENAULT"", ""modelName"": ""CLIO II (BB_, CB_)"", ""typeEngineName"": ""1.2 16V (BB05, BB0W, BB11, BB27, BB2T, BB2U, BB2V, CB05,..."", ""constructionIntervalStart"": ""2001-06-01"", ""constructionIntervalEnd"": ""2016-08-01"", ""powerKw"": ""55.0000"", ""powerPs"": ""75.0000"", ""capacityTax"": null, ""fuelType"": ""Essence"", ""bodyType"": ""Berline bicorps trois ou cinq portes"", ""numberOfCylinders"": 4, ""capacityLt"": ""1.2000"", ""capacityTech"": ""1149.0000"", ""engineCodes"": ""D4F 712"", ""engId"": 16186}",RAPID-5596879
6d7c349a-40e7-4e54-9510-91430ed2cab7,108291,RENAULT,"CLIO II (BB_, CB_)",2001,2016,"1.2 16V (BB05, BB0W, BB11, BB27, BB2T, BB2U, BB2V, CB05,...",16104,Berline bicorps trois ou cinq portes,Essence,55,75,1149,2026-08-08 22:47:30,,,,,,4,,"{""vehicleId"": 16104, ""manufacturerName"": ""RENAULT"", ""modelName"": ""CLIO II (BB_, CB_)"", ""typeEngineName"": ""1.2 16V (BB05, BB0W, BB11, BB27, BB2T, BB2U, BB2V, CB05,..."", ""constructionIntervalStart"": ""2001-06-01"", ""constructionIntervalEnd"": ""2016-08-01"", ""powerKw"": ""55.0000"", ""powerPs"": ""75.0000"", ""capacityTax"": null, ""fuelType"": ""Essence"", ""bodyType"": ""Berline bicorps trois ou cinq portes"", ""numberOfCylinders"": 4, ""capacityLt"": ""1.2000"", ""capacityTech"": ""1149.0000"", ""engineCodes"": ""D4F 712"", ""engId"": 16186}",RAPID-4612402
6e7eb4bc-33a1-4373-be90-bec51f31f6a3,108258,RENAULT,"CLIO II (BB_, CB_)",2001,2016,"1.2 16V (BB05, BB0W, BB11, BB27, BB2T, BB2U, BB2V, CB05,...",16104,Berline bicorps trois ou cinq portes,Essence,55,75,1149,2026-08-08 22:47:30,,,,,,4,,"{""vehicleId"": 16104, ""manufacturerName"": ""RENAULT"", ""modelName"": ""CLIO II (BB_, CB_)"", ""typeEngineName"": ""1.2 16V (BB05, BB0W, BB11, BB27, BB2T, BB2U, BB2V, CB05,..."", ""constructionIntervalStart"": ""2001-06-01"", ""constructionIntervalEnd"": ""2016-08-01"", ""powerKw"": ""55.0000"", ""powerPs"": ""75.0000"", ""capacityTax"": null, ""fuelType"": ""Essence"", ""bodyType"": ""Berline bicorps trois ou cinq portes"", ""numberOfCylinders"": 4, ""capacityLt"": ""1.2000"", ""capacityTech"": ""1149.0000"", ""engineCodes"": ""D4F 712"", ""engId"": 16186}",RAPID-2512847
6e8b2810-f329-4d0b-92be-4887d92aedf3,108689,RENAULT,"CLIO II (BB_, CB_)",2001,2016,"1.2 16V (BB05, BB0W, BB11, BB27, BB2T, BB2U, BB2V, CB05,...",16104,Berline bicorps trois ou cinq portes,Essence,55,75,1149,2026-08-08 22:47:30,,,,,,4,,"{""vehicleId"": 16104, ""manufacturerName"": ""RENAULT"", ""modelName"": ""CLIO II (BB_, CB_)"", ""typeEngineName"": ""1.2 16V (BB05, BB0W, BB11, BB27, BB2T, BB2U, BB2V, CB05,..."", ""constructionIntervalStart"": ""2001-06-01"", ""constructionIntervalEnd"": ""2016-08-01"", ""powerKw"": ""55.0000"", ""powerPs"": ""75.0000"", ""capacityTax"": null, ""fuelType"": ""Essence"", ""bodyType"": ""Berline bicorps trois ou cinq portes"", ""numberOfCylinders"": 4, ""capacityLt"": ""1.2000"", ""capacityTech"": ""1149.0000"", ""engineCodes"": ""D4F 712"", ""engId"": 16186}",RAPID-2340684
6eb4f1de-7918-4d79-bedc-c9e915f42e5f,108731,RENAULT,"CLIO II (BB_, CB_)",2001,2016,"1.2 16V (BB05, BB0W, BB11, BB27, BB2T, BB2U, BB2V, CB05,...",16104,Berline bicorps trois ou cinq portes,Essence,55,75,1149,2026-08-08 22:47:30,,,,,,4,,"{""vehicleId"": 16104, ""manufacturerName"": ""RENAULT"", ""modelName"": ""CLIO II (BB_, CB_)"", ""typeEngineName"": ""1.2 16V (BB05, BB0W, BB11, BB27, BB2T, BB2U, BB2V, CB05,..."", ""constructionIntervalStart"": ""2001-06-01"", ""constructionIntervalEnd"": ""2016-08-01"", ""powerKw"": ""55.0000"", ""powerPs"": ""75.0000"", ""capacityTax"": null, ""fuelType"": ""Essence"", ""bodyType"": ""Berline bicorps trois ou cinq portes"", ""numberOfCylinders"": 4, ""capacityLt"": ""1.2000"", ""capacityTech"": ""1149.0000"", ""engineCodes"": ""D4F 712"", ""engId"": 16186}",RAPID-7650061
6eb8d08b-f3d4-42a1-8293-cb91f8590df6,108485,RENAULT,"CLIO II (BB_, CB_)",2001,2016,"1.2 16V (BB05, BB0W, BB11, BB27, BB2T, BB2U, BB2V, CB05,...",16104,Berline bicorps trois ou cinq portes,Essence,55,75,1149,2026-08-08 22:47:30,,,,,,4,,"{""vehicleId"": 16104, ""manufacturerName"": ""RENAULT"", ""modelName"": ""CLIO II (BB_, CB_)"", ""typeEngineName"": ""1.2 16V (BB05, BB0W, BB11, BB27, BB2T, BB2U, BB2V, CB05,..."", ""constructionIntervalStart"": ""2001-06-01"", ""constructionIntervalEnd"": ""2016-08-01"", ""powerKw"": ""55.0000"", ""powerPs"": ""75.0000"", ""capacityTax"": null, ""fuelType"": ""Essence"", ""bodyType"": ""Berline bicorps trois ou cinq portes"", ""numberOfCylinders"": 4, ""capacityLt"": ""1.2000"", ""capacityTech"": ""1149.0000"", ""engineCodes"": ""D4F 712"", ""engId"": 16186}",RAPID-9049146
6f0aced4-6282-4801-8cb9-8737ab6317d5,108355,RENAULT,"CLIO II (BB_, CB_)",2001,2016,"1.2 16V (BB05, BB0W, BB11, BB27, BB2T, BB2U, BB2V, CB05,...",16104,Berline bicorps trois ou cinq portes,Essence,55,75,1149,2026-08-08 22:47:30,,,,,,4,,"{""vehicleId"": 16104, ""manufacturerName"": ""RENAULT"", ""modelName"": ""CLIO II (BB_, CB_)"", ""typeEngineName"": ""1.2 16V (BB05, BB0W, BB11, BB27, BB2T, BB2U, BB2V, CB05,..."", ""constructionIntervalStart"": ""2001-06-01"", ""constructionIntervalEnd"": ""2016-08-01"", ""powerKw"": ""55.0000"", ""powerPs"": ""75.0000"", ""capacityTax"": null, ""fuelType"": ""Essence"", ""bodyType"": ""Berline bicorps trois ou cinq portes"", ""numberOfCylinders"": 4, ""capacityLt"": ""1.2000"", ""capacityTech"": ""1149.0000"", ""engineCodes"": ""D4F 712"", ""engId"": 16186}",RAPID-8352975
6f94ccf3-9a70-4a92-9fb7-f7dbf350f4c1,108680,RENAULT,"CLIO II (BB_, CB_)",2001,2016,"1.2 16V (BB05, BB0W, BB11, BB27, BB2T, BB2U, BB2V, CB05,...",16104,Berline bicorps trois ou cinq portes,Essence,55,75,1149,2026-08-08 22:47:30,,,,,,4,,"{""vehicleId"": 16104, ""manufacturerName"": ""RENAULT"", ""modelName"": ""CLIO II (BB_, CB_)"", ""typeEngineName"": ""1.2 16V (BB05, BB0W, BB11, BB27, BB2T, BB2U, BB2V, CB05,..."", ""constructionIntervalStart"": ""2001-06-01"", ""constructionIntervalEnd"": ""2016-08-01"", ""powerKw"": ""55.0000"", ""powerPs"": ""75.0000"", ""capacityTax"": null, ""fuelType"": ""Essence"", ""bodyType"": ""Berline bicorps trois ou cinq portes"", ""numberOfCylinders"": 4, ""capacityLt"": ""1.2000"", ""capacityTech"": ""1149.0000"", ""engineCodes"": ""D4F 712"", ""engId"": 16186}",RAPID-28960479
6fb34883-25db-4881-935d-d45b8ca8cda0,108814,RENAULT,"CLIO II (BB_, CB_)",2001,2016,"1.2 16V (BB05, BB0W, BB11, BB27, BB2T, BB2U, BB2V, CB05,...",16104,Berline bicorps trois ou cinq portes,Essence,55,75,1149,2026-08-08 22:47:30,,,,,,4,,"{""vehicleId"": 16104, ""manufacturerName"": ""RENAULT"", ""modelName"": ""CLIO II (BB_, CB_)"", ""typeEngineName"": ""1.2 16V (BB05, BB0W, BB11, BB27, BB2T, BB2U, BB2V, CB05,..."", ""constructionIntervalStart"": ""2001-06-01"", ""constructionIntervalEnd"": ""2016-08-01"", ""powerKw"": ""55.0000"", ""powerPs"": ""75.0000"", ""capacityTax"": null, ""fuelType"": ""Essence"", ""bodyType"": ""Berline bicorps trois ou cinq portes"", ""numberOfCylinders"": 4, ""capacityLt"": ""1.2000"", ""capacityTech"": ""1149.0000"", ""engineCodes"": ""D4F 712"", ""engId"": 16186}",RAPID-9110143
703bdc44-5ab7-4648-9865-a0b5da904b2a,108113,RENAULT,"CLIO II (BB_, CB_)",2001,2016,"1.2 16V (BB05, BB0W, BB11, BB27, BB2T, BB2U, BB2V, CB05,...",16104,Berline bicorps trois ou cinq portes,Essence,55,75,1149,2026-08-08 22:47:30,,,,,,4,,"{""vehicleId"": 16104, ""manufacturerName"": ""RENAULT"", ""modelName"": ""CLIO II (BB_, CB_)"", ""typeEngineName"": ""1.2 16V (BB05, BB0W, BB11, BB27, BB2T, BB2U, BB2V, CB05,..."", ""constructionIntervalStart"": ""2001-06-01"", ""constructionIntervalEnd"": ""2016-08-01"", ""powerKw"": ""55.0000"", ""powerPs"": ""75.0000"", ""capacityTax"": null, ""fuelType"": ""Essence"", ""bodyType"": ""Berline bicorps trois ou cinq portes"", ""numberOfCylinders"": 4, ""capacityLt"": ""1.2000"", ""capacityTech"": ""1149.0000"", ""engineCodes"": ""D4F 712"", ""engId"": 16186}",RAPID-6027678
705bfdb9-cece-4dc8-ae49-3ea4495b496c,108231,RENAULT,"CLIO II (BB_, CB_)",2001,2016,"1.2 16V (BB05, BB0W, BB11, BB27, BB2T, BB2U, BB2V, CB05,...",16104,Berline bicorps trois ou cinq portes,Essence,55,75,1149,2026-08-08 22:47:30,,,,,,4,,"{""vehicleId"": 16104, ""manufacturerName"": ""RENAULT"", ""modelName"": ""CLIO II (BB_, CB_)"", ""typeEngineName"": ""1.2 16V (BB05, BB0W, BB11, BB27, BB2T, BB2U, BB2V, CB05,..."", ""constructionIntervalStart"": ""2001-06-01"", ""constructionIntervalEnd"": ""2016-08-01"", ""powerKw"": ""55.0000"", ""powerPs"": ""75.0000"", ""capacityTax"": null, ""fuelType"": ""Essence"", ""bodyType"": ""Berline bicorps trois ou cinq portes"", ""numberOfCylinders"": 4, ""capacityLt"": ""1.2000"", ""capacityTech"": ""1149.0000"", ""engineCodes"": ""D4F 712"", ""engId"": 16186}",RAPID-6142305
70c01762-beb7-475d-9963-2287b075e604,108837,RENAULT,"CLIO II (BB_, CB_)",2001,2016,"1.2 16V (BB05, BB0W, BB11, BB27, BB2T, BB2U, BB2V, CB05,...",16104,Berline bicorps trois ou cinq portes,Essence,55,75,1149,2026-08-08 22:47:30,,,,,,4,,"{""vehicleId"": 16104, ""manufacturerName"": ""RENAULT"", ""modelName"": ""CLIO II (BB_, CB_)"", ""typeEngineName"": ""1.2 16V (BB05, BB0W, BB11, BB27, BB2T, BB2U, BB2V, CB05,..."", ""constructionIntervalStart"": ""2001-06-01"", ""constructionIntervalEnd"": ""2016-08-01"", ""powerKw"": ""55.0000"", ""powerPs"": ""75.0000"", ""capacityTax"": null, ""fuelType"": ""Essence"", ""bodyType"": ""Berline bicorps trois ou cinq portes"", ""numberOfCylinders"": 4, ""capacityLt"": ""1.2000"", ""capacityTech"": ""1149.0000"", ""engineCodes"": ""D4F 712"", ""engId"": 16186}",RAPID-869493
7183ddaa-e0a6-41ba-b807-66f8d5fda0c9,108069,RENAULT,"CLIO II (BB_, CB_)",2001,2016,"1.2 16V (BB05, BB0W, BB11, BB27, BB2T, BB2U, BB2V, CB05,...",16104,Berline bicorps trois ou cinq portes,Essence,55,75,1149,2026-08-08 22:47:30,,,,,,4,,"{""vehicleId"": 16104, ""manufacturerName"": ""RENAULT"", ""modelName"": ""CLIO II (BB_, CB_)"", ""typeEngineName"": ""1.2 16V (BB05, BB0W, BB11, BB27, BB2T, BB2U, BB2V, CB05,..."", ""constructionIntervalStart"": ""2001-06-01"", ""constructionIntervalEnd"": ""2016-08-01"", ""powerKw"": ""55.0000"", ""powerPs"": ""75.0000"", ""capacityTax"": null, ""fuelType"": ""Essence"", ""bodyType"": ""Berline bicorps trois ou cinq portes"", ""numberOfCylinders"": 4, ""capacityLt"": ""1.2000"", ""capacityTech"": ""1149.0000"", ""engineCodes"": ""D4F 712"", ""engId"": 16186}",RAPID-737152
719797ef-8404-4d45-ba5d-2aac127f64ab,108076,RENAULT,"CLIO II (BB_, CB_)",2001,2016,"1.2 16V (BB05, BB0W, BB11, BB27, BB2T, BB2U, BB2V, CB05,...",16104,Berline bicorps trois ou cinq portes,Essence,55,75,1149,2026-08-08 22:47:30,,,,,,4,,"{""vehicleId"": 16104, ""manufacturerName"": ""RENAULT"", ""modelName"": ""CLIO II (BB_, CB_)"", ""typeEngineName"": ""1.2 16V (BB05, BB0W, BB11, BB27, BB2T, BB2U, BB2V, CB05,..."", ""constructionIntervalStart"": ""2001-06-01"", ""constructionIntervalEnd"": ""2016-08-01"", ""powerKw"": ""55.0000"", ""powerPs"": ""75.0000"", ""capacityTax"": null, ""fuelType"": ""Essence"", ""bodyType"": ""Berline bicorps trois ou cinq portes"", ""numberOfCylinders"": 4, ""capacityLt"": ""1.2000"", ""capacityTech"": ""1149.0000"", ""engineCodes"": ""D4F 712"", ""engId"": 16186}",RAPID-21724128
71a589af-b3db-4af9-839e-32213d66e096,108492,RENAULT,"CLIO II (BB_, CB_)",2001,2016,"1.2 16V (BB05, BB0W, BB11, BB27, BB2T, BB2U, BB2V, CB05,...",16104,Berline bicorps trois ou cinq portes,Essence,55,75,1149,2026-08-08 22:47:30,,,,,,4,,"{""vehicleId"": 16104, ""manufacturerName"": ""RENAULT"", ""modelName"": ""CLIO II (BB_, CB_)"", ""typeEngineName"": ""1.2 16V (BB05, BB0W, BB11, BB27, BB2T, BB2U, BB2V, CB05,..."", ""constructionIntervalStart"": ""2001-06-01"", ""constructionIntervalEnd"": ""2016-08-01"", ""powerKw"": ""55.0000"", ""powerPs"": ""75.0000"", ""capacityTax"": null, ""fuelType"": ""Essence"", ""bodyType"": ""Berline bicorps trois ou cinq portes"", ""numberOfCylinders"": 4, ""capacityLt"": ""1.2000"", ""capacityTech"": ""1149.0000"", ""engineCodes"": ""D4F 712"", ""engId"": 16186}",RAPID-2330002
728a7c04-c4ec-474c-a3e1-1d60405ee522,108027,AUDI,80 B4 Saloon (8C2),1991,1994,1.9 TD,1392,Saloon,Diesel,,,,2026-08-06 14:24:09,,,,,,,,,RAPID-73043312
729aa8a2-3f82-42e8-89fa-da5491a59983,108692,RENAULT,"CLIO II (BB_, CB_)",2001,2016,"1.2 16V (BB05, BB0W, BB11, BB27, BB2T, BB2U, BB2V, CB05,...",16104,Berline bicorps trois ou cinq portes,Essence,55,75,1149,2026-08-08 22:47:30,,,,,,4,,"{""vehicleId"": 16104, ""manufacturerName"": ""RENAULT"", ""modelName"": ""CLIO II (BB_, CB_)"", ""typeEngineName"": ""1.2 16V (BB05, BB0W, BB11, BB27, BB2T, BB2U, BB2V, CB05,..."", ""constructionIntervalStart"": ""2001-06-01"", ""constructionIntervalEnd"": ""2016-08-01"", ""powerKw"": ""55.0000"", ""powerPs"": ""75.0000"", ""capacityTax"": null, ""fuelType"": ""Essence"", ""bodyType"": ""Berline bicorps trois ou cinq portes"", ""numberOfCylinders"": 4, ""capacityLt"": ""1.2000"", ""capacityTech"": ""1149.0000"", ""engineCodes"": ""D4F 712"", ""engId"": 16186}",RAPID-3299641
73526e70-cb78-4f36-a259-cfb2100c2828,108316,RENAULT,"CLIO II (BB_, CB_)",2001,2016,"1.2 16V (BB05, BB0W, BB11, BB27, BB2T, BB2U, BB2V, CB05,...",16104,Berline bicorps trois ou cinq portes,Essence,55,75,1149,2026-08-08 22:47:30,,,,,,4,,"{""vehicleId"": 16104, ""manufacturerName"": ""RENAULT"", ""modelName"": ""CLIO II (BB_, CB_)"", ""typeEngineName"": ""1.2 16V (BB05, BB0W, BB11, BB27, BB2T, BB2U, BB2V, CB05,..."", ""constructionIntervalStart"": ""2001-06-01"", ""constructionIntervalEnd"": ""2016-08-01"", ""powerKw"": ""55.0000"", ""powerPs"": ""75.0000"", ""capacityTax"": null, ""fuelType"": ""Essence"", ""bodyType"": ""Berline bicorps trois ou cinq portes"", ""numberOfCylinders"": 4, ""capacityLt"": ""1.2000"", ""capacityTech"": ""1149.0000"", ""engineCodes"": ""D4F 712"", ""engId"": 16186}",RAPID-2394533
73d46145-5a26-4a0d-8109-a1f5ab527bf5,108681,RENAULT,"CLIO II (BB_, CB_)",2001,2016,"1.2 16V (BB05, BB0W, BB11, BB27, BB2T, BB2U, BB2V, CB05,...",16104,Berline bicorps trois ou cinq portes,Essence,55,75,1149,2026-08-08 22:47:30,,,,,,4,,"{""vehicleId"": 16104, ""manufacturerName"": ""RENAULT"", ""modelName"": ""CLIO II (BB_, CB_)"", ""typeEngineName"": ""1.2 16V (BB05, BB0W, BB11, BB27, BB2T, BB2U, BB2V, CB05,..."", ""constructionIntervalStart"": ""2001-06-01"", ""constructionIntervalEnd"": ""2016-08-01"", ""powerKw"": ""55.0000"", ""powerPs"": ""75.0000"", ""capacityTax"": null, ""fuelType"": ""Essence"", ""bodyType"": ""Berline bicorps trois ou cinq portes"", ""numberOfCylinders"": 4, ""capacityLt"": ""1.2000"", ""capacityTech"": ""1149.0000"", ""engineCodes"": ""D4F 712"", ""engId"": 16186}",RAPID-33234189
73e4b74a-d01e-462a-aa45-b30b86af1ba3,108767,RENAULT,"CLIO II (BB_, CB_)",2001,2016,"1.2 16V (BB05, BB0W, BB11, BB27, BB2T, BB2U, BB2V, CB05,...",16104,Berline bicorps trois ou cinq portes,Essence,55,75,1149,2026-08-08 22:47:30,,,,,,4,,"{""vehicleId"": 16104, ""manufacturerName"": ""RENAULT"", ""modelName"": ""CLIO II (BB_, CB_)"", ""typeEngineName"": ""1.2 16V (BB05, BB0W, BB11, BB27, BB2T, BB2U, BB2V, CB05,..."", ""constructionIntervalStart"": ""2001-06-01"", ""constructionIntervalEnd"": ""2016-08-01"", ""powerKw"": ""55.0000"", ""powerPs"": ""75.0000"", ""capacityTax"": null, ""fuelType"": ""Essence"", ""bodyType"": ""Berline bicorps trois ou cinq portes"", ""numberOfCylinders"": 4, ""capacityLt"": ""1.2000"", ""capacityTech"": ""1149.0000"", ""engineCodes"": ""D4F 712"", ""engId"": 16186}",RAPID-2478004
742bc15d-fac8-49c9-81c1-24f04298ddb1,108534,RENAULT,"CLIO II (BB_, CB_)",2001,2016,"1.2 16V (BB05, BB0W, BB11, BB27, BB2T, BB2U, BB2V, CB05,...",16104,Berline bicorps trois ou cinq portes,Essence,55,75,1149,2026-08-08 22:47:30,,,,,,4,,"{""vehicleId"": 16104, ""manufacturerName"": ""RENAULT"", ""modelName"": ""CLIO II (BB_, CB_)"", ""typeEngineName"": ""1.2 16V (BB05, BB0W, BB11, BB27, BB2T, BB2U, BB2V, CB05,..."", ""constructionIntervalStart"": ""2001-06-01"", ""constructionIntervalEnd"": ""2016-08-01"", ""powerKw"": ""55.0000"", ""powerPs"": ""75.0000"", ""capacityTax"": null, ""fuelType"": ""Essence"", ""bodyType"": ""Berline bicorps trois ou cinq portes"", ""numberOfCylinders"": 4, ""capacityLt"": ""1.2000"", ""capacityTech"": ""1149.0000"", ""engineCodes"": ""D4F 712"", ""engId"": 16186}",RAPID-2717444
743209f3-b755-49e0-8a89-3944bcd1fc17,108245,RENAULT,"CLIO II (BB_, CB_)",2001,2016,"1.2 16V (BB05, BB0W, BB11, BB27, BB2T, BB2U, BB2V, CB05,...",16104,Berline bicorps trois ou cinq portes,Essence,55,75,1149,2026-08-08 22:47:30,,,,,,4,,"{""vehicleId"": 16104, ""manufacturerName"": ""RENAULT"", ""modelName"": ""CLIO II (BB_, CB_)"", ""typeEngineName"": ""1.2 16V (BB05, BB0W, BB11, BB27, BB2T, BB2U, BB2V, CB05,..."", ""constructionIntervalStart"": ""2001-06-01"", ""constructionIntervalEnd"": ""2016-08-01"", ""powerKw"": ""55.0000"", ""powerPs"": ""75.0000"", ""capacityTax"": null, ""fuelType"": ""Essence"", ""bodyType"": ""Berline bicorps trois ou cinq portes"", ""numberOfCylinders"": 4, ""capacityLt"": ""1.2000"", ""capacityTech"": ""1149.0000"", ""engineCodes"": ""D4F 712"", ""engId"": 16186}",RAPID-6142333
75968c07-833f-4c21-8ecb-98bb7db107d8,108164,RENAULT,"CLIO II (BB_, CB_)",2001,2016,"1.2 16V (BB05, BB0W, BB11, BB27, BB2T, BB2U, BB2V, CB05,...",16104,Berline bicorps trois ou cinq portes,Essence,55,75,1149,2026-08-08 22:47:30,,,,,,4,,"{""vehicleId"": 16104, ""manufacturerName"": ""RENAULT"", ""modelName"": ""CLIO II (BB_, CB_)"", ""typeEngineName"": ""1.2 16V (BB05, BB0W, BB11, BB27, BB2T, BB2U, BB2V, CB05,..."", ""constructionIntervalStart"": ""2001-06-01"", ""constructionIntervalEnd"": ""2016-08-01"", ""powerKw"": ""55.0000"", ""powerPs"": ""75.0000"", ""capacityTax"": null, ""fuelType"": ""Essence"", ""bodyType"": ""Berline bicorps trois ou cinq portes"", ""numberOfCylinders"": 4, ""capacityLt"": ""1.2000"", ""capacityTech"": ""1149.0000"", ""engineCodes"": ""D4F 712"", ""engId"": 16186}",RAPID-50712759
766ac4d7-b81a-46ad-b192-c4c087ee4f7b,108593,RENAULT,"CLIO II (BB_, CB_)",2001,2016,"1.2 16V (BB05, BB0W, BB11, BB27, BB2T, BB2U, BB2V, CB05,...",16104,Berline bicorps trois ou cinq portes,Essence,55,75,1149,2026-08-08 22:47:30,,,,,,4,,"{""vehicleId"": 16104, ""manufacturerName"": ""RENAULT"", ""modelName"": ""CLIO II (BB_, CB_)"", ""typeEngineName"": ""1.2 16V (BB05, BB0W, BB11, BB27, BB2T, BB2U, BB2V, CB05,..."", ""constructionIntervalStart"": ""2001-06-01"", ""constructionIntervalEnd"": ""2016-08-01"", ""powerKw"": ""55.0000"", ""powerPs"": ""75.0000"", ""capacityTax"": null, ""fuelType"": ""Essence"", ""bodyType"": ""Berline bicorps trois ou cinq portes"", ""numberOfCylinders"": 4, ""capacityLt"": ""1.2000"", ""capacityTech"": ""1149.0000"", ""engineCodes"": ""D4F 712"", ""engId"": 16186}",RAPID-3032541
76b5f1be-8c5c-48df-8fcf-26af45ab25a0,108555,RENAULT,"CLIO II (BB_, CB_)",2001,2016,"1.2 16V (BB05, BB0W, BB11, BB27, BB2T, BB2U, BB2V, CB05,...",16104,Berline bicorps trois ou cinq portes,Essence,55,75,1149,2026-08-08 22:47:30,,,,,,4,,"{""vehicleId"": 16104, ""manufacturerName"": ""RENAULT"", ""modelName"": ""CLIO II (BB_, CB_)"", ""typeEngineName"": ""1.2 16V (BB05, BB0W, BB11, BB27, BB2T, BB2U, BB2V, CB05,..."", ""constructionIntervalStart"": ""2001-06-01"", ""constructionIntervalEnd"": ""2016-08-01"", ""powerKw"": ""55.0000"", ""powerPs"": ""75.0000"", ""capacityTax"": null, ""fuelType"": ""Essence"", ""bodyType"": ""Berline bicorps trois ou cinq portes"", ""numberOfCylinders"": 4, ""capacityLt"": ""1.2000"", ""capacityTech"": ""1149.0000"", ""engineCodes"": ""D4F 712"", ""engId"": 16186}",RAPID-15686500
7712cd55-9b79-40b9-bba8-2220e8d50703,108509,RENAULT,"CLIO II (BB_, CB_)",2001,2016,"1.2 16V (BB05, BB0W, BB11, BB27, BB2T, BB2U, BB2V, CB05,...",16104,Berline bicorps trois ou cinq portes,Essence,55,75,1149,2026-08-08 22:47:30,,,,,,4,,"{""vehicleId"": 16104, ""manufacturerName"": ""RENAULT"", ""modelName"": ""CLIO II (BB_, CB_)"", ""typeEngineName"": ""1.2 16V (BB05, BB0W, BB11, BB27, BB2T, BB2U, BB2V, CB05,..."", ""constructionIntervalStart"": ""2001-06-01"", ""constructionIntervalEnd"": ""2016-08-01"", ""powerKw"": ""55.0000"", ""powerPs"": ""75.0000"", ""capacityTax"": null, ""fuelType"": ""Essence"", ""bodyType"": ""Berline bicorps trois ou cinq portes"", ""numberOfCylinders"": 4, ""capacityLt"": ""1.2000"", ""capacityTech"": ""1149.0000"", ""engineCodes"": ""D4F 712"", ""engId"": 16186}",RAPID-16896468
77353394-3346-4998-a124-9e68a4cedbee,108054,RENAULT,"CLIO II (BB_, CB_)",2001,2016,"1.2 16V (BB05, BB0W, BB11, BB27, BB2T, BB2U, BB2V, CB05,...",16104,Berline bicorps trois ou cinq portes,Essence,55,75,1149,2026-08-08 22:47:30,,,,,,4,,"{""vehicleId"": 16104, ""manufacturerName"": ""RENAULT"", ""modelName"": ""CLIO II (BB_, CB_)"", ""typeEngineName"": ""1.2 16V (BB05, BB0W, BB11, BB27, BB2T, BB2U, BB2V, CB05,..."", ""constructionIntervalStart"": ""2001-06-01"", ""constructionIntervalEnd"": ""2016-08-01"", ""powerKw"": ""55.0000"", ""powerPs"": ""75.0000"", ""capacityTax"": null, ""fuelType"": ""Essence"", ""bodyType"": ""Berline bicorps trois ou cinq portes"", ""numberOfCylinders"": 4, ""capacityLt"": ""1.2000"", ""capacityTech"": ""1149.0000"", ""engineCodes"": ""D4F 712"", ""engId"": 16186}",RAPID-4181904
7740ad27-e1a6-4735-832a-a84d3561a7bb,108300,RENAULT,"CLIO II (BB_, CB_)",2001,2016,"1.2 16V (BB05, BB0W, BB11, BB27, BB2T, BB2U, BB2V, CB05,...",16104,Berline bicorps trois ou cinq portes,Essence,55,75,1149,2026-08-08 22:47:30,,,,,,4,,"{""vehicleId"": 16104, ""manufacturerName"": ""RENAULT"", ""modelName"": ""CLIO II (BB_, CB_)"", ""typeEngineName"": ""1.2 16V (BB05, BB0W, BB11, BB27, BB2T, BB2U, BB2V, CB05,..."", ""constructionIntervalStart"": ""2001-06-01"", ""constructionIntervalEnd"": ""2016-08-01"", ""powerKw"": ""55.0000"", ""powerPs"": ""75.0000"", ""capacityTax"": null, ""fuelType"": ""Essence"", ""bodyType"": ""Berline bicorps trois ou cinq portes"", ""numberOfCylinders"": 4, ""capacityLt"": ""1.2000"", ""capacityTech"": ""1149.0000"", ""engineCodes"": ""D4F 712"", ""engId"": 16186}",RAPID-4612496
777beb52-af87-4238-977f-8ecd412a8405,108685,RENAULT,"CLIO II (BB_, CB_)",2001,2016,"1.2 16V (BB05, BB0W, BB11, BB27, BB2T, BB2U, BB2V, CB05,...",16104,Berline bicorps trois ou cinq portes,Essence,55,75,1149,2026-08-08 22:47:30,,,,,,4,,"{""vehicleId"": 16104, ""manufacturerName"": ""RENAULT"", ""modelName"": ""CLIO II (BB_, CB_)"", ""typeEngineName"": ""1.2 16V (BB05, BB0W, BB11, BB27, BB2T, BB2U, BB2V, CB05,..."", ""constructionIntervalStart"": ""2001-06-01"", ""constructionIntervalEnd"": ""2016-08-01"", ""powerKw"": ""55.0000"", ""powerPs"": ""75.0000"", ""capacityTax"": null, ""fuelType"": ""Essence"", ""bodyType"": ""Berline bicorps trois ou cinq portes"", ""numberOfCylinders"": 4, ""capacityLt"": ""1.2000"", ""capacityTech"": ""1149.0000"", ""engineCodes"": ""D4F 712"", ""engId"": 16186}",RAPID-9495952
77839bb0-e657-4ea5-8036-eef79987143e,108567,RENAULT,"CLIO II (BB_, CB_)",2001,2016,"1.2 16V (BB05, BB0W, BB11, BB27, BB2T, BB2U, BB2V, CB05,...",16104,Berline bicorps trois ou cinq portes,Essence,55,75,1149,2026-08-08 22:47:30,,,,,,4,,"{""vehicleId"": 16104, ""manufacturerName"": ""RENAULT"", ""modelName"": ""CLIO II (BB_, CB_)"", ""typeEngineName"": ""1.2 16V (BB05, BB0W, BB11, BB27, BB2T, BB2U, BB2V, CB05,..."", ""constructionIntervalStart"": ""2001-06-01"", ""constructionIntervalEnd"": ""2016-08-01"", ""powerKw"": ""55.0000"", ""powerPs"": ""75.0000"", ""capacityTax"": null, ""fuelType"": ""Essence"", ""bodyType"": ""Berline bicorps trois ou cinq portes"", ""numberOfCylinders"": 4, ""capacityLt"": ""1.2000"", ""capacityTech"": ""1149.0000"", ""engineCodes"": ""D4F 712"", ""engId"": 16186}",RAPID-20724847
778d8901-7df2-4f91-b6aa-d71b5fb8bf2c,108759,RENAULT,"CLIO II (BB_, CB_)",2001,2016,"1.2 16V (BB05, BB0W, BB11, BB27, BB2T, BB2U, BB2V, CB05,...",16104,Berline bicorps trois ou cinq portes,Essence,55,75,1149,2026-08-08 22:47:30,,,,,,4,,"{""vehicleId"": 16104, ""manufacturerName"": ""RENAULT"", ""modelName"": ""CLIO II (BB_, CB_)"", ""typeEngineName"": ""1.2 16V (BB05, BB0W, BB11, BB27, BB2T, BB2U, BB2V, CB05,..."", ""constructionIntervalStart"": ""2001-06-01"", ""constructionIntervalEnd"": ""2016-08-01"", ""powerKw"": ""55.0000"", ""powerPs"": ""75.0000"", ""capacityTax"": null, ""fuelType"": ""Essence"", ""bodyType"": ""Berline bicorps trois ou cinq portes"", ""numberOfCylinders"": 4, ""capacityLt"": ""1.2000"", ""capacityTech"": ""1149.0000"", ""engineCodes"": ""D4F 712"", ""engId"": 16186}",RAPID-8685467
778dccac-e9a6-4315-960e-71e3c59e6cb4,108666,RENAULT,"CLIO II (BB_, CB_)",2001,2016,"1.2 16V (BB05, BB0W, BB11, BB27, BB2T, BB2U, BB2V, CB05,...",16104,Berline bicorps trois ou cinq portes,Essence,55,75,1149,2026-08-08 22:47:30,,,,,,4,,"{""vehicleId"": 16104, ""manufacturerName"": ""RENAULT"", ""modelName"": ""CLIO II (BB_, CB_)"", ""typeEngineName"": ""1.2 16V (BB05, BB0W, BB11, BB27, BB2T, BB2U, BB2V, CB05,..."", ""constructionIntervalStart"": ""2001-06-01"", ""constructionIntervalEnd"": ""2016-08-01"", ""powerKw"": ""55.0000"", ""powerPs"": ""75.0000"", ""capacityTax"": null, ""fuelType"": ""Essence"", ""bodyType"": ""Berline bicorps trois ou cinq portes"", ""numberOfCylinders"": 4, ""capacityLt"": ""1.2000"", ""capacityTech"": ""1149.0000"", ""engineCodes"": ""D4F 712"", ""engId"": 16186}",RAPID-9665050
77abdf36-8eaa-441d-bbc7-3ac0d937a10e,108577,RENAULT,"CLIO II (BB_, CB_)",2001,2016,"1.2 16V (BB05, BB0W, BB11, BB27, BB2T, BB2U, BB2V, CB05,...",16104,Berline bicorps trois ou cinq portes,Essence,55,75,1149,2026-08-08 22:47:30,,,,,,4,,"{""vehicleId"": 16104, ""manufacturerName"": ""RENAULT"", ""modelName"": ""CLIO II (BB_, CB_)"", ""typeEngineName"": ""1.2 16V (BB05, BB0W, BB11, BB27, BB2T, BB2U, BB2V, CB05,..."", ""constructionIntervalStart"": ""2001-06-01"", ""constructionIntervalEnd"": ""2016-08-01"", ""powerKw"": ""55.0000"", ""powerPs"": ""75.0000"", ""capacityTax"": null, ""fuelType"": ""Essence"", ""bodyType"": ""Berline bicorps trois ou cinq portes"", ""numberOfCylinders"": 4, ""capacityLt"": ""1.2000"", ""capacityTech"": ""1149.0000"", ""engineCodes"": ""D4F 712"", ""engId"": 16186}",RAPID-107726
780e1049-a8d9-4f98-a5fa-117e8984bf5c,108778,RENAULT,"CLIO II (BB_, CB_)",2001,2016,"1.2 16V (BB05, BB0W, BB11, BB27, BB2T, BB2U, BB2V, CB05,...",16104,Berline bicorps trois ou cinq portes,Essence,55,75,1149,2026-08-08 22:47:30,,,,,,4,,"{""vehicleId"": 16104, ""manufacturerName"": ""RENAULT"", ""modelName"": ""CLIO II (BB_, CB_)"", ""typeEngineName"": ""1.2 16V (BB05, BB0W, BB11, BB27, BB2T, BB2U, BB2V, CB05,..."", ""constructionIntervalStart"": ""2001-06-01"", ""constructionIntervalEnd"": ""2016-08-01"", ""powerKw"": ""55.0000"", ""powerPs"": ""75.0000"", ""capacityTax"": null, ""fuelType"": ""Essence"", ""bodyType"": ""Berline bicorps trois ou cinq portes"", ""numberOfCylinders"": 4, ""capacityLt"": ""1.2000"", ""capacityTech"": ""1149.0000"", ""engineCodes"": ""D4F 712"", ""engId"": 16186}",RAPID-2478206
78122bb2-f363-40f3-9768-5119f22d88d9,108363,RENAULT,"CLIO II (BB_, CB_)",2001,2016,"1.2 16V (BB05, BB0W, BB11, BB27, BB2T, BB2U, BB2V, CB05,...",16104,Berline bicorps trois ou cinq portes,Essence,55,75,1149,2026-08-08 22:47:30,,,,,,4,,"{""vehicleId"": 16104, ""manufacturerName"": ""RENAULT"", ""modelName"": ""CLIO II (BB_, CB_)"", ""typeEngineName"": ""1.2 16V (BB05, BB0W, BB11, BB27, BB2T, BB2U, BB2V, CB05,..."", ""constructionIntervalStart"": ""2001-06-01"", ""constructionIntervalEnd"": ""2016-08-01"", ""powerKw"": ""55.0000"", ""powerPs"": ""75.0000"", ""capacityTax"": null, ""fuelType"": ""Essence"", ""bodyType"": ""Berline bicorps trois ou cinq portes"", ""numberOfCylinders"": 4, ""capacityLt"": ""1.2000"", ""capacityTech"": ""1149.0000"", ""engineCodes"": ""D4F 712"", ""engId"": 16186}",RAPID-3381217
787be5bc-43c0-4958-a90f-c08d4358d231,108586,RENAULT,"CLIO II (BB_, CB_)",2001,2016,"1.2 16V (BB05, BB0W, BB11, BB27, BB2T, BB2U, BB2V, CB05,...",16104,Berline bicorps trois ou cinq portes,Essence,55,75,1149,2026-08-08 22:47:30,,,,,,4,,"{""vehicleId"": 16104, ""manufacturerName"": ""RENAULT"", ""modelName"": ""CLIO II (BB_, CB_)"", ""typeEngineName"": ""1.2 16V (BB05, BB0W, BB11, BB27, BB2T, BB2U, BB2V, CB05,..."", ""constructionIntervalStart"": ""2001-06-01"", ""constructionIntervalEnd"": ""2016-08-01"", ""powerKw"": ""55.0000"", ""powerPs"": ""75.0000"", ""capacityTax"": null, ""fuelType"": ""Essence"", ""bodyType"": ""Berline bicorps trois ou cinq portes"", ""numberOfCylinders"": 4, ""capacityLt"": ""1.2000"", ""capacityTech"": ""1149.0000"", ""engineCodes"": ""D4F 712"", ""engId"": 16186}",RAPID-3031819
7a09c788-01c6-4bab-9742-3d74dce916a5,108561,RENAULT,"CLIO II (BB_, CB_)",2001,2016,"1.2 16V (BB05, BB0W, BB11, BB27, BB2T, BB2U, BB2V, CB05,...",16104,Berline bicorps trois ou cinq portes,Essence,55,75,1149,2026-08-08 22:47:30,,,,,,4,,"{""vehicleId"": 16104, ""manufacturerName"": ""RENAULT"", ""modelName"": ""CLIO II (BB_, CB_)"", ""typeEngineName"": ""1.2 16V (BB05, BB0W, BB11, BB27, BB2T, BB2U, BB2V, CB05,..."", ""constructionIntervalStart"": ""2001-06-01"", ""constructionIntervalEnd"": ""2016-08-01"", ""powerKw"": ""55.0000"", ""powerPs"": ""75.0000"", ""capacityTax"": null, ""fuelType"": ""Essence"", ""bodyType"": ""Berline bicorps trois ou cinq portes"", ""numberOfCylinders"": 4, ""capacityLt"": ""1.2000"", ""capacityTech"": ""1149.0000"", ""engineCodes"": ""D4F 712"", ""engId"": 16186}",RAPID-10397886
7a32c1d3-8d07-477b-af05-75a1ca9e25bf,108214,RENAULT,"CLIO II (BB_, CB_)",2001,2016,"1.2 16V (BB05, BB0W, BB11, BB27, BB2T, BB2U, BB2V, CB05,...",16104,Berline bicorps trois ou cinq portes,Essence,55,75,1149,2026-08-08 22:47:30,,,,,,4,,"{""vehicleId"": 16104, ""manufacturerName"": ""RENAULT"", ""modelName"": ""CLIO II (BB_, CB_)"", ""typeEngineName"": ""1.2 16V (BB05, BB0W, BB11, BB27, BB2T, BB2U, BB2V, CB05,..."", ""constructionIntervalStart"": ""2001-06-01"", ""constructionIntervalEnd"": ""2016-08-01"", ""powerKw"": ""55.0000"", ""powerPs"": ""75.0000"", ""capacityTax"": null, ""fuelType"": ""Essence"", ""bodyType"": ""Berline bicorps trois ou cinq portes"", ""numberOfCylinders"": 4, ""capacityLt"": ""1.2000"", ""capacityTech"": ""1149.0000"", ""engineCodes"": ""D4F 712"", ""engId"": 16186}",RAPID-5596880
7a3e0abe-aa3b-47e2-9901-4789d283c41d,108321,RENAULT,"CLIO II (BB_, CB_)",2001,2016,"1.2 16V (BB05, BB0W, BB11, BB27, BB2T, BB2U, BB2V, CB05,...",16104,Berline bicorps trois ou cinq portes,Essence,55,75,1149,2026-08-08 22:47:30,,,,,,4,,"{""vehicleId"": 16104, ""manufacturerName"": ""RENAULT"", ""modelName"": ""CLIO II (BB_, CB_)"", ""typeEngineName"": ""1.2 16V (BB05, BB0W, BB11, BB27, BB2T, BB2U, BB2V, CB05,..."", ""constructionIntervalStart"": ""2001-06-01"", ""constructionIntervalEnd"": ""2016-08-01"", ""powerKw"": ""55.0000"", ""powerPs"": ""75.0000"", ""capacityTax"": null, ""fuelType"": ""Essence"", ""bodyType"": ""Berline bicorps trois ou cinq portes"", ""numberOfCylinders"": 4, ""capacityLt"": ""1.2000"", ""capacityTech"": ""1149.0000"", ""engineCodes"": ""D4F 712"", ""engId"": 16186}",RAPID-15624439
7b942a04-0b6b-4df7-86d8-30983e9e3e74,108710,RENAULT,"CLIO II (BB_, CB_)",2001,2016,"1.2 16V (BB05, BB0W, BB11, BB27, BB2T, BB2U, BB2V, CB05,...",16104,Berline bicorps trois ou cinq portes,Essence,55,75,1149,2026-08-08 22:47:30,,,,,,4,,"{""vehicleId"": 16104, ""manufacturerName"": ""RENAULT"", ""modelName"": ""CLIO II (BB_, CB_)"", ""typeEngineName"": ""1.2 16V (BB05, BB0W, BB11, BB27, BB2T, BB2U, BB2V, CB05,..."", ""constructionIntervalStart"": ""2001-06-01"", ""constructionIntervalEnd"": ""2016-08-01"", ""powerKw"": ""55.0000"", ""powerPs"": ""75.0000"", ""capacityTax"": null, ""fuelType"": ""Essence"", ""bodyType"": ""Berline bicorps trois ou cinq portes"", ""numberOfCylinders"": 4, ""capacityLt"": ""1.2000"", ""capacityTech"": ""1149.0000"", ""engineCodes"": ""D4F 712"", ""engId"": 16186}",RAPID-2238050
7b9e0586-38f7-4521-ac1e-21514170f764,108416,RENAULT,"CLIO II (BB_, CB_)",2001,2016,"1.2 16V (BB05, BB0W, BB11, BB27, BB2T, BB2U, BB2V, CB05,...",16104,Berline bicorps trois ou cinq portes,Essence,55,75,1149,2026-08-08 22:47:30,,,,,,4,,"{""vehicleId"": 16104, ""manufacturerName"": ""RENAULT"", ""modelName"": ""CLIO II (BB_, CB_)"", ""typeEngineName"": ""1.2 16V (BB05, BB0W, BB11, BB27, BB2T, BB2U, BB2V, CB05,..."", ""constructionIntervalStart"": ""2001-06-01"", ""constructionIntervalEnd"": ""2016-08-01"", ""powerKw"": ""55.0000"", ""powerPs"": ""75.0000"", ""capacityTax"": null, ""fuelType"": ""Essence"", ""bodyType"": ""Berline bicorps trois ou cinq portes"", ""numberOfCylinders"": 4, ""capacityLt"": ""1.2000"", ""capacityTech"": ""1149.0000"", ""engineCodes"": ""D4F 712"", ""engId"": 16186}",RAPID-168645
7bcff18b-7b7a-40e5-ac84-c8cfe208ac45,108083,RENAULT,"CLIO II (BB_, CB_)",2001,2016,"1.2 16V (BB05, BB0W, BB11, BB27, BB2T, BB2U, BB2V, CB05,...",16104,Berline bicorps trois ou cinq portes,Essence,55,75,1149,2026-08-08 22:47:30,,,,,,4,,"{""vehicleId"": 16104, ""manufacturerName"": ""RENAULT"", ""modelName"": ""CLIO II (BB_, CB_)"", ""typeEngineName"": ""1.2 16V (BB05, BB0W, BB11, BB27, BB2T, BB2U, BB2V, CB05,..."", ""constructionIntervalStart"": ""2001-06-01"", ""constructionIntervalEnd"": ""2016-08-01"", ""powerKw"": ""55.0000"", ""powerPs"": ""75.0000"", ""capacityTax"": null, ""fuelType"": ""Essence"", ""bodyType"": ""Berline bicorps trois ou cinq portes"", ""numberOfCylinders"": 4, ""capacityLt"": ""1.2000"", ""capacityTech"": ""1149.0000"", ""engineCodes"": ""D4F 712"", ""engId"": 16186}",RAPID-5094460
7bdb8e85-fe3c-4598-92e0-50ffd01a5bd1,108517,RENAULT,"CLIO II (BB_, CB_)",2001,2016,"1.2 16V (BB05, BB0W, BB11, BB27, BB2T, BB2U, BB2V, CB05,...",16104,Berline bicorps trois ou cinq portes,Essence,55,75,1149,2026-08-08 22:47:30,,,,,,4,,"{""vehicleId"": 16104, ""manufacturerName"": ""RENAULT"", ""modelName"": ""CLIO II (BB_, CB_)"", ""typeEngineName"": ""1.2 16V (BB05, BB0W, BB11, BB27, BB2T, BB2U, BB2V, CB05,..."", ""constructionIntervalStart"": ""2001-06-01"", ""constructionIntervalEnd"": ""2016-08-01"", ""powerKw"": ""55.0000"", ""powerPs"": ""75.0000"", ""capacityTax"": null, ""fuelType"": ""Essence"", ""bodyType"": ""Berline bicorps trois ou cinq portes"", ""numberOfCylinders"": 4, ""capacityLt"": ""1.2000"", ""capacityTech"": ""1149.0000"", ""engineCodes"": ""D4F 712"", ""engId"": 16186}",RAPID-7746009
7cf9607f-acca-4986-a1bf-994f8acc1a43,108486,RENAULT,"CLIO II (BB_, CB_)",2001,2016,"1.2 16V (BB05, BB0W, BB11, BB27, BB2T, BB2U, BB2V, CB05,...",16104,Berline bicorps trois ou cinq portes,Essence,55,75,1149,2026-08-08 22:47:30,,,,,,4,,"{""vehicleId"": 16104, ""manufacturerName"": ""RENAULT"", ""modelName"": ""CLIO II (BB_, CB_)"", ""typeEngineName"": ""1.2 16V (BB05, BB0W, BB11, BB27, BB2T, BB2U, BB2V, CB05,..."", ""constructionIntervalStart"": ""2001-06-01"", ""constructionIntervalEnd"": ""2016-08-01"", ""powerKw"": ""55.0000"", ""powerPs"": ""75.0000"", ""capacityTax"": null, ""fuelType"": ""Essence"", ""bodyType"": ""Berline bicorps trois ou cinq portes"", ""numberOfCylinders"": 4, ""capacityLt"": ""1.2000"", ""capacityTech"": ""1149.0000"", ""engineCodes"": ""D4F 712"", ""engId"": 16186}",RAPID-9049157
7d56eefb-68ee-43a6-aed5-357d537cd438,108579,RENAULT,"CLIO II (BB_, CB_)",2001,2016,"1.2 16V (BB05, BB0W, BB11, BB27, BB2T, BB2U, BB2V, CB05,...",16104,Berline bicorps trois ou cinq portes,Essence,55,75,1149,2026-08-08 22:47:30,,,,,,4,,"{""vehicleId"": 16104, ""manufacturerName"": ""RENAULT"", ""modelName"": ""CLIO II (BB_, CB_)"", ""typeEngineName"": ""1.2 16V (BB05, BB0W, BB11, BB27, BB2T, BB2U, BB2V, CB05,..."", ""constructionIntervalStart"": ""2001-06-01"", ""constructionIntervalEnd"": ""2016-08-01"", ""powerKw"": ""55.0000"", ""powerPs"": ""75.0000"", ""capacityTax"": null, ""fuelType"": ""Essence"", ""bodyType"": ""Berline bicorps trois ou cinq portes"", ""numberOfCylinders"": 4, ""capacityLt"": ""1.2000"", ""capacityTech"": ""1149.0000"", ""engineCodes"": ""D4F 712"", ""engId"": 16186}",RAPID-80626971
7da7f818-31e2-4714-8778-bd04c6098ff2,108235,RENAULT,"CLIO II (BB_, CB_)",2001,2016,"1.2 16V (BB05, BB0W, BB11, BB27, BB2T, BB2U, BB2V, CB05,...",16104,Berline bicorps trois ou cinq portes,Essence,55,75,1149,2026-08-08 22:47:30,,,,,,4,,"{""vehicleId"": 16104, ""manufacturerName"": ""RENAULT"", ""modelName"": ""CLIO II (BB_, CB_)"", ""typeEngineName"": ""1.2 16V (BB05, BB0W, BB11, BB27, BB2T, BB2U, BB2V, CB05,..."", ""constructionIntervalStart"": ""2001-06-01"", ""constructionIntervalEnd"": ""2016-08-01"", ""powerKw"": ""55.0000"", ""powerPs"": ""75.0000"", ""capacityTax"": null, ""fuelType"": ""Essence"", ""bodyType"": ""Berline bicorps trois ou cinq portes"", ""numberOfCylinders"": 4, ""capacityLt"": ""1.2000"", ""capacityTech"": ""1149.0000"", ""engineCodes"": ""D4F 712"", ""engId"": 16186}",RAPID-6142072
7e791ff1-27d1-45c3-ab72-c4fc9d40e86e,108518,RENAULT,"CLIO II (BB_, CB_)",2001,2016,"1.2 16V (BB05, BB0W, BB11, BB27, BB2T, BB2U, BB2V, CB05,...",16104,Berline bicorps trois ou cinq portes,Essence,55,75,1149,2026-08-08 22:47:30,,,,,,4,,"{""vehicleId"": 16104, ""manufacturerName"": ""RENAULT"", ""modelName"": ""CLIO II (BB_, CB_)"", ""typeEngineName"": ""1.2 16V (BB05, BB0W, BB11, BB27, BB2T, BB2U, BB2V, CB05,..."", ""constructionIntervalStart"": ""2001-06-01"", ""constructionIntervalEnd"": ""2016-08-01"", ""powerKw"": ""55.0000"", ""powerPs"": ""75.0000"", ""capacityTax"": null, ""fuelType"": ""Essence"", ""bodyType"": ""Berline bicorps trois ou cinq portes"", ""numberOfCylinders"": 4, ""capacityLt"": ""1.2000"", ""capacityTech"": ""1149.0000"", ""engineCodes"": ""D4F 712"", ""engId"": 16186}",RAPID-7745759
7e9aaf79-a9b8-4c38-a0bc-20b36d6ad24d,108779,RENAULT,"CLIO II (BB_, CB_)",2001,2016,"1.2 16V (BB05, BB0W, BB11, BB27, BB2T, BB2U, BB2V, CB05,...",16104,Berline bicorps trois ou cinq portes,Essence,55,75,1149,2026-08-08 22:47:30,,,,,,4,,"{""vehicleId"": 16104, ""manufacturerName"": ""RENAULT"", ""modelName"": ""CLIO II (BB_, CB_)"", ""typeEngineName"": ""1.2 16V (BB05, BB0W, BB11, BB27, BB2T, BB2U, BB2V, CB05,..."", ""constructionIntervalStart"": ""2001-06-01"", ""constructionIntervalEnd"": ""2016-08-01"", ""powerKw"": ""55.0000"", ""powerPs"": ""75.0000"", ""capacityTax"": null, ""fuelType"": ""Essence"", ""bodyType"": ""Berline bicorps trois ou cinq portes"", ""numberOfCylinders"": 4, ""capacityLt"": ""1.2000"", ""capacityTech"": ""1149.0000"", ""engineCodes"": ""D4F 712"", ""engId"": 16186}",RAPID-2478227
7eebf451-0e4d-40ab-a572-ae7d6db9afc7,108668,RENAULT,"CLIO II (BB_, CB_)",2001,2016,"1.2 16V (BB05, BB0W, BB11, BB27, BB2T, BB2U, BB2V, CB05,...",16104,Berline bicorps trois ou cinq portes,Essence,55,75,1149,2026-08-08 22:47:30,,,,,,4,,"{""vehicleId"": 16104, ""manufacturerName"": ""RENAULT"", ""modelName"": ""CLIO II (BB_, CB_)"", ""typeEngineName"": ""1.2 16V (BB05, BB0W, BB11, BB27, BB2T, BB2U, BB2V, CB05,..."", ""constructionIntervalStart"": ""2001-06-01"", ""constructionIntervalEnd"": ""2016-08-01"", ""powerKw"": ""55.0000"", ""powerPs"": ""75.0000"", ""capacityTax"": null, ""fuelType"": ""Essence"", ""bodyType"": ""Berline bicorps trois ou cinq portes"", ""numberOfCylinders"": 4, ""capacityLt"": ""1.2000"", ""capacityTech"": ""1149.0000"", ""engineCodes"": ""D4F 712"", ""engId"": 16186}",RAPID-4937878
7f30af56-e26b-424a-a714-14e219f75013,108226,RENAULT,"CLIO II (BB_, CB_)",2001,2016,"1.2 16V (BB05, BB0W, BB11, BB27, BB2T, BB2U, BB2V, CB05,...",16104,Berline bicorps trois ou cinq portes,Essence,55,75,1149,2026-08-08 22:47:30,,,,,,4,,"{""vehicleId"": 16104, ""manufacturerName"": ""RENAULT"", ""modelName"": ""CLIO II (BB_, CB_)"", ""typeEngineName"": ""1.2 16V (BB05, BB0W, BB11, BB27, BB2T, BB2U, BB2V, CB05,..."", ""constructionIntervalStart"": ""2001-06-01"", ""constructionIntervalEnd"": ""2016-08-01"", ""powerKw"": ""55.0000"", ""powerPs"": ""75.0000"", ""capacityTax"": null, ""fuelType"": ""Essence"", ""bodyType"": ""Berline bicorps trois ou cinq portes"", ""numberOfCylinders"": 4, ""capacityLt"": ""1.2000"", ""capacityTech"": ""1149.0000"", ""engineCodes"": ""D4F 712"", ""engId"": 16186}",RAPID-6142069
7f5ea488-afa4-433c-894e-b3ae1b122c1d,108546,RENAULT,"CLIO II (BB_, CB_)",2001,2016,"1.2 16V (BB05, BB0W, BB11, BB27, BB2T, BB2U, BB2V, CB05,...",16104,Berline bicorps trois ou cinq portes,Essence,55,75,1149,2026-08-08 22:47:30,,,,,,4,,"{""vehicleId"": 16104, ""manufacturerName"": ""RENAULT"", ""modelName"": ""CLIO II (BB_, CB_)"", ""typeEngineName"": ""1.2 16V (BB05, BB0W, BB11, BB27, BB2T, BB2U, BB2V, CB05,..."", ""constructionIntervalStart"": ""2001-06-01"", ""constructionIntervalEnd"": ""2016-08-01"", ""powerKw"": ""55.0000"", ""powerPs"": ""75.0000"", ""capacityTax"": null, ""fuelType"": ""Essence"", ""bodyType"": ""Berline bicorps trois ou cinq portes"", ""numberOfCylinders"": 4, ""capacityLt"": ""1.2000"", ""capacityTech"": ""1149.0000"", ""engineCodes"": ""D4F 712"", ""engId"": 16186}",RAPID-437629
7f7e7e00-53f0-4739-9248-cded2cab6603,108606,RENAULT,"CLIO II (BB_, CB_)",2001,2016,"1.2 16V (BB05, BB0W, BB11, BB27, BB2T, BB2U, BB2V, CB05,...",16104,Berline bicorps trois ou cinq portes,Essence,55,75,1149,2026-08-08 22:47:30,,,,,,4,,"{""vehicleId"": 16104, ""manufacturerName"": ""RENAULT"", ""modelName"": ""CLIO II (BB_, CB_)"", ""typeEngineName"": ""1.2 16V (BB05, BB0W, BB11, BB27, BB2T, BB2U, BB2V, CB05,..."", ""constructionIntervalStart"": ""2001-06-01"", ""constructionIntervalEnd"": ""2016-08-01"", ""powerKw"": ""55.0000"", ""powerPs"": ""75.0000"", ""capacityTax"": null, ""fuelType"": ""Essence"", ""bodyType"": ""Berline bicorps trois ou cinq portes"", ""numberOfCylinders"": 4, ""capacityLt"": ""1.2000"", ""capacityTech"": ""1149.0000"", ""engineCodes"": ""D4F 712"", ""engId"": 16186}",RAPID-3031899
7f9551da-1f42-463d-8d3b-60441a2a8141,108484,RENAULT,"CLIO II (BB_, CB_)",2001,2016,"1.2 16V (BB05, BB0W, BB11, BB27, BB2T, BB2U, BB2V, CB05,...",16104,Berline bicorps trois ou cinq portes,Essence,55,75,1149,2026-08-08 22:47:30,,,,,,4,,"{""vehicleId"": 16104, ""manufacturerName"": ""RENAULT"", ""modelName"": ""CLIO II (BB_, CB_)"", ""typeEngineName"": ""1.2 16V (BB05, BB0W, BB11, BB27, BB2T, BB2U, BB2V, CB05,..."", ""constructionIntervalStart"": ""2001-06-01"", ""constructionIntervalEnd"": ""2016-08-01"", ""powerKw"": ""55.0000"", ""powerPs"": ""75.0000"", ""capacityTax"": null, ""fuelType"": ""Essence"", ""bodyType"": ""Berline bicorps trois ou cinq portes"", ""numberOfCylinders"": 4, ""capacityLt"": ""1.2000"", ""capacityTech"": ""1149.0000"", ""engineCodes"": ""D4F 712"", ""engId"": 16186}",RAPID-9049145
7f9e212c-bd1f-4245-9817-1e9e9384f25f,108833,RENAULT,"CLIO II (BB_, CB_)",2001,2016,"1.2 16V (BB05, BB0W, BB11, BB27, BB2T, BB2U, BB2V, CB05,...",16104,Berline bicorps trois ou cinq portes,Essence,55,75,1149,2026-08-08 22:47:30,,,,,,4,,"{""vehicleId"": 16104, ""manufacturerName"": ""RENAULT"", ""modelName"": ""CLIO II (BB_, CB_)"", ""typeEngineName"": ""1.2 16V (BB05, BB0W, BB11, BB27, BB2T, BB2U, BB2V, CB05,..."", ""constructionIntervalStart"": ""2001-06-01"", ""constructionIntervalEnd"": ""2016-08-01"", ""powerKw"": ""55.0000"", ""powerPs"": ""75.0000"", ""capacityTax"": null, ""fuelType"": ""Essence"", ""bodyType"": ""Berline bicorps trois ou cinq portes"", ""numberOfCylinders"": 4, ""capacityLt"": ""1.2000"", ""capacityTech"": ""1149.0000"", ""engineCodes"": ""D4F 712"", ""engId"": 16186}",RAPID-9326886
7fae9326-09ed-4b09-8f83-a89f5d118d23,108267,RENAULT,"CLIO II (BB_, CB_)",2001,2016,"1.2 16V (BB05, BB0W, BB11, BB27, BB2T, BB2U, BB2V, CB05,...",16104,Berline bicorps trois ou cinq portes,Essence,55,75,1149,2026-08-08 22:47:30,,,,,,4,,"{""vehicleId"": 16104, ""manufacturerName"": ""RENAULT"", ""modelName"": ""CLIO II (BB_, CB_)"", ""typeEngineName"": ""1.2 16V (BB05, BB0W, BB11, BB27, BB2T, BB2U, BB2V, CB05,..."", ""constructionIntervalStart"": ""2001-06-01"", ""constructionIntervalEnd"": ""2016-08-01"", ""powerKw"": ""55.0000"", ""powerPs"": ""75.0000"", ""capacityTax"": null, ""fuelType"": ""Essence"", ""bodyType"": ""Berline bicorps trois ou cinq portes"", ""numberOfCylinders"": 4, ""capacityLt"": ""1.2000"", ""capacityTech"": ""1149.0000"", ""engineCodes"": ""D4F 712"", ""engId"": 16186}",RAPID-2513002
800d3d7e-9bf0-49d9-8c39-5b973baab07c,108851,RENAULT,"CLIO II (BB_, CB_)",2001,2016,"1.2 16V (BB05, BB0W, BB11, BB27, BB2T, BB2U, BB2V, CB05,...",16104,Berline bicorps trois ou cinq portes,Essence,55,75,1149,2026-08-08 22:47:30,,,,,,4,,"{""vehicleId"": 16104, ""manufacturerName"": ""RENAULT"", ""modelName"": ""CLIO II (BB_, CB_)"", ""typeEngineName"": ""1.2 16V (BB05, BB0W, BB11, BB27, BB2T, BB2U, BB2V, CB05,..."", ""constructionIntervalStart"": ""2001-06-01"", ""constructionIntervalEnd"": ""2016-08-01"", ""powerKw"": ""55.0000"", ""powerPs"": ""75.0000"", ""capacityTax"": null, ""fuelType"": ""Essence"", ""bodyType"": ""Berline bicorps trois ou cinq portes"", ""numberOfCylinders"": 4, ""capacityLt"": ""1.2000"", ""capacityTech"": ""1149.0000"", ""engineCodes"": ""D4F 712"", ""engId"": 16186}",RAPID-835977
8038d6c7-1c31-4be1-ad31-4e06c1714c3e,108776,RENAULT,"CLIO II (BB_, CB_)",2001,2016,"1.2 16V (BB05, BB0W, BB11, BB27, BB2T, BB2U, BB2V, CB05,...",16104,Berline bicorps trois ou cinq portes,Essence,55,75,1149,2026-08-08 22:47:30,,,,,,4,,"{""vehicleId"": 16104, ""manufacturerName"": ""RENAULT"", ""modelName"": ""CLIO II (BB_, CB_)"", ""typeEngineName"": ""1.2 16V (BB05, BB0W, BB11, BB27, BB2T, BB2U, BB2V, CB05,..."", ""constructionIntervalStart"": ""2001-06-01"", ""constructionIntervalEnd"": ""2016-08-01"", ""powerKw"": ""55.0000"", ""powerPs"": ""75.0000"", ""capacityTax"": null, ""fuelType"": ""Essence"", ""bodyType"": ""Berline bicorps trois ou cinq portes"", ""numberOfCylinders"": 4, ""capacityLt"": ""1.2000"", ""capacityTech"": ""1149.0000"", ""engineCodes"": ""D4F 712"", ""engId"": 16186}",RAPID-2478199
80507914-9771-4052-a79f-6f2b4a379ed4,108384,RENAULT,"CLIO II (BB_, CB_)",2001,2016,"1.2 16V (BB05, BB0W, BB11, BB27, BB2T, BB2U, BB2V, CB05,...",16104,Berline bicorps trois ou cinq portes,Essence,55,75,1149,2026-08-08 22:47:30,,,,,,4,,"{""vehicleId"": 16104, ""manufacturerName"": ""RENAULT"", ""modelName"": ""CLIO II (BB_, CB_)"", ""typeEngineName"": ""1.2 16V (BB05, BB0W, BB11, BB27, BB2T, BB2U, BB2V, CB05,..."", ""constructionIntervalStart"": ""2001-06-01"", ""constructionIntervalEnd"": ""2016-08-01"", ""powerKw"": ""55.0000"", ""powerPs"": ""75.0000"", ""capacityTax"": null, ""fuelType"": ""Essence"", ""bodyType"": ""Berline bicorps trois ou cinq portes"", ""numberOfCylinders"": 4, ""capacityLt"": ""1.2000"", ""capacityTech"": ""1149.0000"", ""engineCodes"": ""D4F 712"", ""engId"": 16186}",RAPID-1515198
8052db18-71e2-45a2-8610-4f1836c7d144,108270,RENAULT,"CLIO II (BB_, CB_)",2001,2016,"1.2 16V (BB05, BB0W, BB11, BB27, BB2T, BB2U, BB2V, CB05,...",16104,Berline bicorps trois ou cinq portes,Essence,55,75,1149,2026-08-08 22:47:30,,,,,,4,,"{""vehicleId"": 16104, ""manufacturerName"": ""RENAULT"", ""modelName"": ""CLIO II (BB_, CB_)"", ""typeEngineName"": ""1.2 16V (BB05, BB0W, BB11, BB27, BB2T, BB2U, BB2V, CB05,..."", ""constructionIntervalStart"": ""2001-06-01"", ""constructionIntervalEnd"": ""2016-08-01"", ""powerKw"": ""55.0000"", ""powerPs"": ""75.0000"", ""capacityTax"": null, ""fuelType"": ""Essence"", ""bodyType"": ""Berline bicorps trois ou cinq portes"", ""numberOfCylinders"": 4, ""capacityLt"": ""1.2000"", ""capacityTech"": ""1149.0000"", ""engineCodes"": ""D4F 712"", ""engId"": 16186}",RAPID-2513127
80e255d5-77b4-4030-9d45-2b7e54bab340,108648,RENAULT,"CLIO II (BB_, CB_)",2001,2016,"1.2 16V (BB05, BB0W, BB11, BB27, BB2T, BB2U, BB2V, CB05,...",16104,Berline bicorps trois ou cinq portes,Essence,55,75,1149,2026-08-08 22:47:30,,,,,,4,,"{""vehicleId"": 16104, ""manufacturerName"": ""RENAULT"", ""modelName"": ""CLIO II (BB_, CB_)"", ""typeEngineName"": ""1.2 16V (BB05, BB0W, BB11, BB27, BB2T, BB2U, BB2V, CB05,..."", ""constructionIntervalStart"": ""2001-06-01"", ""constructionIntervalEnd"": ""2016-08-01"", ""powerKw"": ""55.0000"", ""powerPs"": ""75.0000"", ""capacityTax"": null, ""fuelType"": ""Essence"", ""bodyType"": ""Berline bicorps trois ou cinq portes"", ""numberOfCylinders"": 4, ""capacityLt"": ""1.2000"", ""capacityTech"": ""1149.0000"", ""engineCodes"": ""D4F 712"", ""engId"": 16186}",RAPID-6468476
80e9639d-e972-4ea7-9e5d-f5785d3bf24b,108106,RENAULT,"CLIO II (BB_, CB_)",2001,2016,"1.2 16V (BB05, BB0W, BB11, BB27, BB2T, BB2U, BB2V, CB05,...",16104,Berline bicorps trois ou cinq portes,Essence,55,75,1149,2026-08-08 22:47:30,,,,,,4,,"{""vehicleId"": 16104, ""manufacturerName"": ""RENAULT"", ""modelName"": ""CLIO II (BB_, CB_)"", ""typeEngineName"": ""1.2 16V (BB05, BB0W, BB11, BB27, BB2T, BB2U, BB2V, CB05,..."", ""constructionIntervalStart"": ""2001-06-01"", ""constructionIntervalEnd"": ""2016-08-01"", ""powerKw"": ""55.0000"", ""powerPs"": ""75.0000"", ""capacityTax"": null, ""fuelType"": ""Essence"", ""bodyType"": ""Berline bicorps trois ou cinq portes"", ""numberOfCylinders"": 4, ""capacityLt"": ""1.2000"", ""capacityTech"": ""1149.0000"", ""engineCodes"": ""D4F 712"", ""engId"": 16186}",RAPID-8658489
80f221c8-a012-4141-9931-83048f3cedb8,108821,RENAULT,"CLIO II (BB_, CB_)",2001,2016,"1.2 16V (BB05, BB0W, BB11, BB27, BB2T, BB2U, BB2V, CB05,...",16104,Berline bicorps trois ou cinq portes,Essence,55,75,1149,2026-08-08 22:47:30,,,,,,4,,"{""vehicleId"": 16104, ""manufacturerName"": ""RENAULT"", ""modelName"": ""CLIO II (BB_, CB_)"", ""typeEngineName"": ""1.2 16V (BB05, BB0W, BB11, BB27, BB2T, BB2U, BB2V, CB05,..."", ""constructionIntervalStart"": ""2001-06-01"", ""constructionIntervalEnd"": ""2016-08-01"", ""powerKw"": ""55.0000"", ""powerPs"": ""75.0000"", ""capacityTax"": null, ""fuelType"": ""Essence"", ""bodyType"": ""Berline bicorps trois ou cinq portes"", ""numberOfCylinders"": 4, ""capacityLt"": ""1.2000"", ""capacityTech"": ""1149.0000"", ""engineCodes"": ""D4F 712"", ""engId"": 16186}",RAPID-9110205
81938833-29fb-44cb-8dcf-569baf447519,108230,RENAULT,"CLIO II (BB_, CB_)",2001,2016,"1.2 16V (BB05, BB0W, BB11, BB27, BB2T, BB2U, BB2V, CB05,...",16104,Berline bicorps trois ou cinq portes,Essence,55,75,1149,2026-08-08 22:47:30,,,,,,4,,"{""vehicleId"": 16104, ""manufacturerName"": ""RENAULT"", ""modelName"": ""CLIO II (BB_, CB_)"", ""typeEngineName"": ""1.2 16V (BB05, BB0W, BB11, BB27, BB2T, BB2U, BB2V, CB05,..."", ""constructionIntervalStart"": ""2001-06-01"", ""constructionIntervalEnd"": ""2016-08-01"", ""powerKw"": ""55.0000"", ""powerPs"": ""75.0000"", ""capacityTax"": null, ""fuelType"": ""Essence"", ""bodyType"": ""Berline bicorps trois ou cinq portes"", ""numberOfCylinders"": 4, ""capacityLt"": ""1.2000"", ""capacityTech"": ""1149.0000"", ""engineCodes"": ""D4F 712"", ""engId"": 16186}",RAPID-6142070
81bd9797-13c4-4f78-8a1b-98ef6130b691,108695,RENAULT,"CLIO II (BB_, CB_)",2001,2016,"1.2 16V (BB05, BB0W, BB11, BB27, BB2T, BB2U, BB2V, CB05,...",16104,Berline bicorps trois ou cinq portes,Essence,55,75,1149,2026-08-08 22:47:30,,,,,,4,,"{""vehicleId"": 16104, ""manufacturerName"": ""RENAULT"", ""modelName"": ""CLIO II (BB_, CB_)"", ""typeEngineName"": ""1.2 16V (BB05, BB0W, BB11, BB27, BB2T, BB2U, BB2V, CB05,..."", ""constructionIntervalStart"": ""2001-06-01"", ""constructionIntervalEnd"": ""2016-08-01"", ""powerKw"": ""55.0000"", ""powerPs"": ""75.0000"", ""capacityTax"": null, ""fuelType"": ""Essence"", ""bodyType"": ""Berline bicorps trois ou cinq portes"", ""numberOfCylinders"": 4, ""capacityLt"": ""1.2000"", ""capacityTech"": ""1149.0000"", ""engineCodes"": ""D4F 712"", ""engId"": 16186}",RAPID-1961490
820c8242-d5be-461a-91aa-161459f3007c,108718,RENAULT,"CLIO II (BB_, CB_)",2001,2016,"1.2 16V (BB05, BB0W, BB11, BB27, BB2T, BB2U, BB2V, CB05,...",16104,Berline bicorps trois ou cinq portes,Essence,55,75,1149,2026-08-08 22:47:30,,,,,,4,,"{""vehicleId"": 16104, ""manufacturerName"": ""RENAULT"", ""modelName"": ""CLIO II (BB_, CB_)"", ""typeEngineName"": ""1.2 16V (BB05, BB0W, BB11, BB27, BB2T, BB2U, BB2V, CB05,..."", ""constructionIntervalStart"": ""2001-06-01"", ""constructionIntervalEnd"": ""2016-08-01"", ""powerKw"": ""55.0000"", ""powerPs"": ""75.0000"", ""capacityTax"": null, ""fuelType"": ""Essence"", ""bodyType"": ""Berline bicorps trois ou cinq portes"", ""numberOfCylinders"": 4, ""capacityLt"": ""1.2000"", ""capacityTech"": ""1149.0000"", ""engineCodes"": ""D4F 712"", ""engId"": 16186}",RAPID-10363049
8223ea94-1034-4a91-a960-453355d52d85,108295,RENAULT,"CLIO II (BB_, CB_)",2001,2016,"1.2 16V (BB05, BB0W, BB11, BB27, BB2T, BB2U, BB2V, CB05,...",16104,Berline bicorps trois ou cinq portes,Essence,55,75,1149,2026-08-08 22:47:30,,,,,,4,,"{""vehicleId"": 16104, ""manufacturerName"": ""RENAULT"", ""modelName"": ""CLIO II (BB_, CB_)"", ""typeEngineName"": ""1.2 16V (BB05, BB0W, BB11, BB27, BB2T, BB2U, BB2V, CB05,..."", ""constructionIntervalStart"": ""2001-06-01"", ""constructionIntervalEnd"": ""2016-08-01"", ""powerKw"": ""55.0000"", ""powerPs"": ""75.0000"", ""capacityTax"": null, ""fuelType"": ""Essence"", ""bodyType"": ""Berline bicorps trois ou cinq portes"", ""numberOfCylinders"": 4, ""capacityLt"": ""1.2000"", ""capacityTech"": ""1149.0000"", ""engineCodes"": ""D4F 712"", ""engId"": 16186}",RAPID-4612442
82a52d30-7a13-45b5-939c-b1b9ce0f60fb,108563,RENAULT,"CLIO II (BB_, CB_)",2001,2016,"1.2 16V (BB05, BB0W, BB11, BB27, BB2T, BB2U, BB2V, CB05,...",16104,Berline bicorps trois ou cinq portes,Essence,55,75,1149,2026-08-08 22:47:30,,,,,,4,,"{""vehicleId"": 16104, ""manufacturerName"": ""RENAULT"", ""modelName"": ""CLIO II (BB_, CB_)"", ""typeEngineName"": ""1.2 16V (BB05, BB0W, BB11, BB27, BB2T, BB2U, BB2V, CB05,..."", ""constructionIntervalStart"": ""2001-06-01"", ""constructionIntervalEnd"": ""2016-08-01"", ""powerKw"": ""55.0000"", ""powerPs"": ""75.0000"", ""capacityTax"": null, ""fuelType"": ""Essence"", ""bodyType"": ""Berline bicorps trois ou cinq portes"", ""numberOfCylinders"": 4, ""capacityLt"": ""1.2000"", ""capacityTech"": ""1149.0000"", ""engineCodes"": ""D4F 712"", ""engId"": 16186}",RAPID-3728931
82f5db7e-ed18-48ae-8c6b-b6956737b20a,108628,RENAULT,"CLIO II (BB_, CB_)",2001,2016,"1.2 16V (BB05, BB0W, BB11, BB27, BB2T, BB2U, BB2V, CB05,...",16104,Berline bicorps trois ou cinq portes,Essence,55,75,1149,2026-08-08 22:47:30,,,,,,4,,"{""vehicleId"": 16104, ""manufacturerName"": ""RENAULT"", ""modelName"": ""CLIO II (BB_, CB_)"", ""typeEngineName"": ""1.2 16V (BB05, BB0W, BB11, BB27, BB2T, BB2U, BB2V, CB05,..."", ""constructionIntervalStart"": ""2001-06-01"", ""constructionIntervalEnd"": ""2016-08-01"", ""powerKw"": ""55.0000"", ""powerPs"": ""75.0000"", ""capacityTax"": null, ""fuelType"": ""Essence"", ""bodyType"": ""Berline bicorps trois ou cinq portes"", ""numberOfCylinders"": 4, ""capacityLt"": ""1.2000"", ""capacityTech"": ""1149.0000"", ""engineCodes"": ""D4F 712"", ""engId"": 16186}",RAPID-9217199
82fa2f5a-fa4b-49c3-a264-73ab35299fb8,108349,RENAULT,"CLIO II (BB_, CB_)",2001,2016,"1.2 16V (BB05, BB0W, BB11, BB27, BB2T, BB2U, BB2V, CB05,...",16104,Berline bicorps trois ou cinq portes,Essence,55,75,1149,2026-08-08 22:47:30,,,,,,4,,"{""vehicleId"": 16104, ""manufacturerName"": ""RENAULT"", ""modelName"": ""CLIO II (BB_, CB_)"", ""typeEngineName"": ""1.2 16V (BB05, BB0W, BB11, BB27, BB2T, BB2U, BB2V, CB05,..."", ""constructionIntervalStart"": ""2001-06-01"", ""constructionIntervalEnd"": ""2016-08-01"", ""powerKw"": ""55.0000"", ""powerPs"": ""75.0000"", ""capacityTax"": null, ""fuelType"": ""Essence"", ""bodyType"": ""Berline bicorps trois ou cinq portes"", ""numberOfCylinders"": 4, ""capacityLt"": ""1.2000"", ""capacityTech"": ""1149.0000"", ""engineCodes"": ""D4F 712"", ""engId"": 16186}",RAPID-8317600
8343960b-37e4-4d36-b2ee-3a986c5551ca,108074,RENAULT,"CLIO II (BB_, CB_)",2001,2016,"1.2 16V (BB05, BB0W, BB11, BB27, BB2T, BB2U, BB2V, CB05,...",16104,Berline bicorps trois ou cinq portes,Essence,55,75,1149,2026-08-08 22:47:30,,,,,,4,,"{""vehicleId"": 16104, ""manufacturerName"": ""RENAULT"", ""modelName"": ""CLIO II (BB_, CB_)"", ""typeEngineName"": ""1.2 16V (BB05, BB0W, BB11, BB27, BB2T, BB2U, BB2V, CB05,..."", ""constructionIntervalStart"": ""2001-06-01"", ""constructionIntervalEnd"": ""2016-08-01"", ""powerKw"": ""55.0000"", ""powerPs"": ""75.0000"", ""capacityTax"": null, ""fuelType"": ""Essence"", ""bodyType"": ""Berline bicorps trois ou cinq portes"", ""numberOfCylinders"": 4, ""capacityLt"": ""1.2000"", ""capacityTech"": ""1149.0000"", ""engineCodes"": ""D4F 712"", ""engId"": 16186}",RAPID-6730560
834a9841-9b63-4f3c-ad32-daa5a4367c98,108470,RENAULT,"CLIO II (BB_, CB_)",2001,2016,"1.2 16V (BB05, BB0W, BB11, BB27, BB2T, BB2U, BB2V, CB05,...",16104,Berline bicorps trois ou cinq portes,Essence,55,75,1149,2026-08-08 22:47:30,,,,,,4,,"{""vehicleId"": 16104, ""manufacturerName"": ""RENAULT"", ""modelName"": ""CLIO II (BB_, CB_)"", ""typeEngineName"": ""1.2 16V (BB05, BB0W, BB11, BB27, BB2T, BB2U, BB2V, CB05,..."", ""constructionIntervalStart"": ""2001-06-01"", ""constructionIntervalEnd"": ""2016-08-01"", ""powerKw"": ""55.0000"", ""powerPs"": ""75.0000"", ""capacityTax"": null, ""fuelType"": ""Essence"", ""bodyType"": ""Berline bicorps trois ou cinq portes"", ""numberOfCylinders"": 4, ""capacityLt"": ""1.2000"", ""capacityTech"": ""1149.0000"", ""engineCodes"": ""D4F 712"", ""engId"": 16186}",RAPID-16027780
83a3cf78-298f-4480-b660-8b99805c467e,108203,RENAULT,"CLIO II (BB_, CB_)",2001,2016,"1.2 16V (BB05, BB0W, BB11, BB27, BB2T, BB2U, BB2V, CB05,...",16104,Berline bicorps trois ou cinq portes,Essence,55,75,1149,2026-08-08 22:47:30,,,,,,4,,"{""vehicleId"": 16104, ""manufacturerName"": ""RENAULT"", ""modelName"": ""CLIO II (BB_, CB_)"", ""typeEngineName"": ""1.2 16V (BB05, BB0W, BB11, BB27, BB2T, BB2U, BB2V, CB05,..."", ""constructionIntervalStart"": ""2001-06-01"", ""constructionIntervalEnd"": ""2016-08-01"", ""powerKw"": ""55.0000"", ""powerPs"": ""75.0000"", ""capacityTax"": null, ""fuelType"": ""Essence"", ""bodyType"": ""Berline bicorps trois ou cinq portes"", ""numberOfCylinders"": 4, ""capacityLt"": ""1.2000"", ""capacityTech"": ""1149.0000"", ""engineCodes"": ""D4F 712"", ""engId"": 16186}",RAPID-9686269
83d9316b-b440-4e86-97cf-03643335c544,108178,RENAULT,"CLIO II (BB_, CB_)",2001,2016,"1.2 16V (BB05, BB0W, BB11, BB27, BB2T, BB2U, BB2V, CB05,...",16104,Berline bicorps trois ou cinq portes,Essence,55,75,1149,2026-08-08 22:47:30,,,,,,4,,"{""vehicleId"": 16104, ""manufacturerName"": ""RENAULT"", ""modelName"": ""CLIO II (BB_, CB_)"", ""typeEngineName"": ""1.2 16V (BB05, BB0W, BB11, BB27, BB2T, BB2U, BB2V, CB05,..."", ""constructionIntervalStart"": ""2001-06-01"", ""constructionIntervalEnd"": ""2016-08-01"", ""powerKw"": ""55.0000"", ""powerPs"": ""75.0000"", ""capacityTax"": null, ""fuelType"": ""Essence"", ""bodyType"": ""Berline bicorps trois ou cinq portes"", ""numberOfCylinders"": 4, ""capacityLt"": ""1.2000"", ""capacityTech"": ""1149.0000"", ""engineCodes"": ""D4F 712"", ""engId"": 16186}",RAPID-8956980
85089f46-ede1-47c2-a493-b59e7fe6ca18,108229,RENAULT,"CLIO II (BB_, CB_)",2001,2016,"1.2 16V (BB05, BB0W, BB11, BB27, BB2T, BB2U, BB2V, CB05,...",16104,Berline bicorps trois ou cinq portes,Essence,55,75,1149,2026-08-08 22:47:30,,,,,,4,,"{""vehicleId"": 16104, ""manufacturerName"": ""RENAULT"", ""modelName"": ""CLIO II (BB_, CB_)"", ""typeEngineName"": ""1.2 16V (BB05, BB0W, BB11, BB27, BB2T, BB2U, BB2V, CB05,..."", ""constructionIntervalStart"": ""2001-06-01"", ""constructionIntervalEnd"": ""2016-08-01"", ""powerKw"": ""55.0000"", ""powerPs"": ""75.0000"", ""capacityTax"": null, ""fuelType"": ""Essence"", ""bodyType"": ""Berline bicorps trois ou cinq portes"", ""numberOfCylinders"": 4, ""capacityLt"": ""1.2000"", ""capacityTech"": ""1149.0000"", ""engineCodes"": ""D4F 712"", ""engId"": 16186}",RAPID-6141606
855d2e86-4574-4c56-95e7-ba5d5a9c0175,108337,RENAULT,"CLIO II (BB_, CB_)",2001,2016,"1.2 16V (BB05, BB0W, BB11, BB27, BB2T, BB2U, BB2V, CB05,...",16104,Berline bicorps trois ou cinq portes,Essence,55,75,1149,2026-08-08 22:47:30,,,,,,4,,"{""vehicleId"": 16104, ""manufacturerName"": ""RENAULT"", ""modelName"": ""CLIO II (BB_, CB_)"", ""typeEngineName"": ""1.2 16V (BB05, BB0W, BB11, BB27, BB2T, BB2U, BB2V, CB05,..."", ""constructionIntervalStart"": ""2001-06-01"", ""constructionIntervalEnd"": ""2016-08-01"", ""powerKw"": ""55.0000"", ""powerPs"": ""75.0000"", ""capacityTax"": null, ""fuelType"": ""Essence"", ""bodyType"": ""Berline bicorps trois ou cinq portes"", ""numberOfCylinders"": 4, ""capacityLt"": ""1.2000"", ""capacityTech"": ""1149.0000"", ""engineCodes"": ""D4F 712"", ""engId"": 16186}",RAPID-9642243
861a32eb-1a27-4300-8d56-efedeb637806,108684,RENAULT,"CLIO II (BB_, CB_)",2001,2016,"1.2 16V (BB05, BB0W, BB11, BB27, BB2T, BB2U, BB2V, CB05,...",16104,Berline bicorps trois ou cinq portes,Essence,55,75,1149,2026-08-08 22:47:30,,,,,,4,,"{""vehicleId"": 16104, ""manufacturerName"": ""RENAULT"", ""modelName"": ""CLIO II (BB_, CB_)"", ""typeEngineName"": ""1.2 16V (BB05, BB0W, BB11, BB27, BB2T, BB2U, BB2V, CB05,..."", ""constructionIntervalStart"": ""2001-06-01"", ""constructionIntervalEnd"": ""2016-08-01"", ""powerKw"": ""55.0000"", ""powerPs"": ""75.0000"", ""capacityTax"": null, ""fuelType"": ""Essence"", ""bodyType"": ""Berline bicorps trois ou cinq portes"", ""numberOfCylinders"": 4, ""capacityLt"": ""1.2000"", ""capacityTech"": ""1149.0000"", ""engineCodes"": ""D4F 712"", ""engId"": 16186}",RAPID-9495946
86591dea-49ac-4369-a35c-7f769578b18f,108720,RENAULT,"CLIO II (BB_, CB_)",2001,2016,"1.2 16V (BB05, BB0W, BB11, BB27, BB2T, BB2U, BB2V, CB05,...",16104,Berline bicorps trois ou cinq portes,Essence,55,75,1149,2026-08-08 22:47:30,,,,,,4,,"{""vehicleId"": 16104, ""manufacturerName"": ""RENAULT"", ""modelName"": ""CLIO II (BB_, CB_)"", ""typeEngineName"": ""1.2 16V (BB05, BB0W, BB11, BB27, BB2T, BB2U, BB2V, CB05,..."", ""constructionIntervalStart"": ""2001-06-01"", ""constructionIntervalEnd"": ""2016-08-01"", ""powerKw"": ""55.0000"", ""powerPs"": ""75.0000"", ""capacityTax"": null, ""fuelType"": ""Essence"", ""bodyType"": ""Berline bicorps trois ou cinq portes"", ""numberOfCylinders"": 4, ""capacityLt"": ""1.2000"", ""capacityTech"": ""1149.0000"", ""engineCodes"": ""D4F 712"", ""engId"": 16186}",RAPID-10367122
866cab96-c81a-47a6-8f53-13de1c141681,108063,RENAULT,"CLIO II (BB_, CB_)",2001,2016,"1.2 16V (BB05, BB0W, BB11, BB27, BB2T, BB2U, BB2V, CB05,...",16104,Berline bicorps trois ou cinq portes,Essence,55,75,1149,2026-08-08 22:47:30,,,,,,4,,"{""vehicleId"": 16104, ""manufacturerName"": ""RENAULT"", ""modelName"": ""CLIO II (BB_, CB_)"", ""typeEngineName"": ""1.2 16V (BB05, BB0W, BB11, BB27, BB2T, BB2U, BB2V, CB05,..."", ""constructionIntervalStart"": ""2001-06-01"", ""constructionIntervalEnd"": ""2016-08-01"", ""powerKw"": ""55.0000"", ""powerPs"": ""75.0000"", ""capacityTax"": null, ""fuelType"": ""Essence"", ""bodyType"": ""Berline bicorps trois ou cinq portes"", ""numberOfCylinders"": 4, ""capacityLt"": ""1.2000"", ""capacityTech"": ""1149.0000"", ""engineCodes"": ""D4F 712"", ""engId"": 16186}",RAPID-41676174
86e2f355-6f27-46ff-a194-f78c62a60f3f,108046,AUDI,80 B4 Saloon (8C2),1991,1994,1.9 TD,1392,Saloon,Diesel,,,,2026-08-06 14:24:09,,,,,,,,,RAPID-2971369
86edd820-5a65-495a-b015-82e9cf76fd29,108820,RENAULT,"CLIO II (BB_, CB_)",2001,2016,"1.2 16V (BB05, BB0W, BB11, BB27, BB2T, BB2U, BB2V, CB05,...",16104,Berline bicorps trois ou cinq portes,Essence,55,75,1149,2026-08-08 22:47:30,,,,,,4,,"{""vehicleId"": 16104, ""manufacturerName"": ""RENAULT"", ""modelName"": ""CLIO II (BB_, CB_)"", ""typeEngineName"": ""1.2 16V (BB05, BB0W, BB11, BB27, BB2T, BB2U, BB2V, CB05,..."", ""constructionIntervalStart"": ""2001-06-01"", ""constructionIntervalEnd"": ""2016-08-01"", ""powerKw"": ""55.0000"", ""powerPs"": ""75.0000"", ""capacityTax"": null, ""fuelType"": ""Essence"", ""bodyType"": ""Berline bicorps trois ou cinq portes"", ""numberOfCylinders"": 4, ""capacityLt"": ""1.2000"", ""capacityTech"": ""1149.0000"", ""engineCodes"": ""D4F 712"", ""engId"": 16186}",RAPID-9110284
871904fc-cfa2-40e8-846a-5e4d52e3b78e,108263,RENAULT,"CLIO II (BB_, CB_)",2001,2016,"1.2 16V (BB05, BB0W, BB11, BB27, BB2T, BB2U, BB2V, CB05,...",16104,Berline bicorps trois ou cinq portes,Essence,55,75,1149,2026-08-08 22:47:30,,,,,,4,,"{""vehicleId"": 16104, ""manufacturerName"": ""RENAULT"", ""modelName"": ""CLIO II (BB_, CB_)"", ""typeEngineName"": ""1.2 16V (BB05, BB0W, BB11, BB27, BB2T, BB2U, BB2V, CB05,..."", ""constructionIntervalStart"": ""2001-06-01"", ""constructionIntervalEnd"": ""2016-08-01"", ""powerKw"": ""55.0000"", ""powerPs"": ""75.0000"", ""capacityTax"": null, ""fuelType"": ""Essence"", ""bodyType"": ""Berline bicorps trois ou cinq portes"", ""numberOfCylinders"": 4, ""capacityLt"": ""1.2000"", ""capacityTech"": ""1149.0000"", ""engineCodes"": ""D4F 712"", ""engId"": 16186}",RAPID-2512862
89082bed-dc88-4b90-bdf3-bc96baa1f7bc,108280,RENAULT,"CLIO II (BB_, CB_)",2001,2016,"1.2 16V (BB05, BB0W, BB11, BB27, BB2T, BB2U, BB2V, CB05,...",16104,Berline bicorps trois ou cinq portes,Essence,55,75,1149,2026-08-08 22:47:30,,,,,,4,,"{""vehicleId"": 16104, ""manufacturerName"": ""RENAULT"", ""modelName"": ""CLIO II (BB_, CB_)"", ""typeEngineName"": ""1.2 16V (BB05, BB0W, BB11, BB27, BB2T, BB2U, BB2V, CB05,..."", ""constructionIntervalStart"": ""2001-06-01"", ""constructionIntervalEnd"": ""2016-08-01"", ""powerKw"": ""55.0000"", ""powerPs"": ""75.0000"", ""capacityTax"": null, ""fuelType"": ""Essence"", ""bodyType"": ""Berline bicorps trois ou cinq portes"", ""numberOfCylinders"": 4, ""capacityLt"": ""1.2000"", ""capacityTech"": ""1149.0000"", ""engineCodes"": ""D4F 712"", ""engId"": 16186}",RAPID-2514802
89dfd94f-01a8-49a1-af67-b4e291de0798,108335,RENAULT,"CLIO II (BB_, CB_)",2001,2016,"1.2 16V (BB05, BB0W, BB11, BB27, BB2T, BB2U, BB2V, CB05,...",16104,Berline bicorps trois ou cinq portes,Essence,55,75,1149,2026-08-08 22:47:30,,,,,,4,,"{""vehicleId"": 16104, ""manufacturerName"": ""RENAULT"", ""modelName"": ""CLIO II (BB_, CB_)"", ""typeEngineName"": ""1.2 16V (BB05, BB0W, BB11, BB27, BB2T, BB2U, BB2V, CB05,..."", ""constructionIntervalStart"": ""2001-06-01"", ""constructionIntervalEnd"": ""2016-08-01"", ""powerKw"": ""55.0000"", ""powerPs"": ""75.0000"", ""capacityTax"": null, ""fuelType"": ""Essence"", ""bodyType"": ""Berline bicorps trois ou cinq portes"", ""numberOfCylinders"": 4, ""capacityLt"": ""1.2000"", ""capacityTech"": ""1149.0000"", ""engineCodes"": ""D4F 712"", ""engId"": 16186}",RAPID-9638634
8a11c63b-56c9-47b8-a0c2-0d66db387f7f,108727,RENAULT,"CLIO II (BB_, CB_)",2001,2016,"1.2 16V (BB05, BB0W, BB11, BB27, BB2T, BB2U, BB2V, CB05,...",16104,Berline bicorps trois ou cinq portes,Essence,55,75,1149,2026-08-08 22:47:30,,,,,,4,,"{""vehicleId"": 16104, ""manufacturerName"": ""RENAULT"", ""modelName"": ""CLIO II (BB_, CB_)"", ""typeEngineName"": ""1.2 16V (BB05, BB0W, BB11, BB27, BB2T, BB2U, BB2V, CB05,..."", ""constructionIntervalStart"": ""2001-06-01"", ""constructionIntervalEnd"": ""2016-08-01"", ""powerKw"": ""55.0000"", ""powerPs"": ""75.0000"", ""capacityTax"": null, ""fuelType"": ""Essence"", ""bodyType"": ""Berline bicorps trois ou cinq portes"", ""numberOfCylinders"": 4, ""capacityLt"": ""1.2000"", ""capacityTech"": ""1149.0000"", ""engineCodes"": ""D4F 712"", ""engId"": 16186}",RAPID-7650074
8acdfa4b-843a-4a76-9513-56379265b161,108810,RENAULT,"CLIO II (BB_, CB_)",2001,2016,"1.2 16V (BB05, BB0W, BB11, BB27, BB2T, BB2U, BB2V, CB05,...",16104,Berline bicorps trois ou cinq portes,Essence,55,75,1149,2026-08-08 22:47:30,,,,,,4,,"{""vehicleId"": 16104, ""manufacturerName"": ""RENAULT"", ""modelName"": ""CLIO II (BB_, CB_)"", ""typeEngineName"": ""1.2 16V (BB05, BB0W, BB11, BB27, BB2T, BB2U, BB2V, CB05,..."", ""constructionIntervalStart"": ""2001-06-01"", ""constructionIntervalEnd"": ""2016-08-01"", ""powerKw"": ""55.0000"", ""powerPs"": ""75.0000"", ""capacityTax"": null, ""fuelType"": ""Essence"", ""bodyType"": ""Berline bicorps trois ou cinq portes"", ""numberOfCylinders"": 4, ""capacityLt"": ""1.2000"", ""capacityTech"": ""1149.0000"", ""engineCodes"": ""D4F 712"", ""engId"": 16186}",RAPID-9110063
8ad35f37-706e-4b82-b3aa-3111268a635b,108672,RENAULT,"CLIO II (BB_, CB_)",2001,2016,"1.2 16V (BB05, BB0W, BB11, BB27, BB2T, BB2U, BB2V, CB05,...",16104,Berline bicorps trois ou cinq portes,Essence,55,75,1149,2026-08-08 22:47:30,,,,,,4,,"{""vehicleId"": 16104, ""manufacturerName"": ""RENAULT"", ""modelName"": ""CLIO II (BB_, CB_)"", ""typeEngineName"": ""1.2 16V (BB05, BB0W, BB11, BB27, BB2T, BB2U, BB2V, CB05,..."", ""constructionIntervalStart"": ""2001-06-01"", ""constructionIntervalEnd"": ""2016-08-01"", ""powerKw"": ""55.0000"", ""powerPs"": ""75.0000"", ""capacityTax"": null, ""fuelType"": ""Essence"", ""bodyType"": ""Berline bicorps trois ou cinq portes"", ""numberOfCylinders"": 4, ""capacityLt"": ""1.2000"", ""capacityTech"": ""1149.0000"", ""engineCodes"": ""D4F 712"", ""engId"": 16186}",RAPID-23731690
8adee5d9-7ada-450a-8523-5893d9b92f8c,108202,RENAULT,"CLIO II (BB_, CB_)",2001,2016,"1.2 16V (BB05, BB0W, BB11, BB27, BB2T, BB2U, BB2V, CB05,...",16104,Berline bicorps trois ou cinq portes,Essence,55,75,1149,2026-08-08 22:47:30,,,,,,4,,"{""vehicleId"": 16104, ""manufacturerName"": ""RENAULT"", ""modelName"": ""CLIO II (BB_, CB_)"", ""typeEngineName"": ""1.2 16V (BB05, BB0W, BB11, BB27, BB2T, BB2U, BB2V, CB05,..."", ""constructionIntervalStart"": ""2001-06-01"", ""constructionIntervalEnd"": ""2016-08-01"", ""powerKw"": ""55.0000"", ""powerPs"": ""75.0000"", ""capacityTax"": null, ""fuelType"": ""Essence"", ""bodyType"": ""Berline bicorps trois ou cinq portes"", ""numberOfCylinders"": 4, ""capacityLt"": ""1.2000"", ""capacityTech"": ""1149.0000"", ""engineCodes"": ""D4F 712"", ""engId"": 16186}",RAPID-9686272
8b100eb4-8706-45c6-bb69-2d735869f0fc,108221,RENAULT,"CLIO II (BB_, CB_)",2001,2016,"1.2 16V (BB05, BB0W, BB11, BB27, BB2T, BB2U, BB2V, CB05,...",16104,Berline bicorps trois ou cinq portes,Essence,55,75,1149,2026-08-08 22:47:30,,,,,,4,,"{""vehicleId"": 16104, ""manufacturerName"": ""RENAULT"", ""modelName"": ""CLIO II (BB_, CB_)"", ""typeEngineName"": ""1.2 16V (BB05, BB0W, BB11, BB27, BB2T, BB2U, BB2V, CB05,..."", ""constructionIntervalStart"": ""2001-06-01"", ""constructionIntervalEnd"": ""2016-08-01"", ""powerKw"": ""55.0000"", ""powerPs"": ""75.0000"", ""capacityTax"": null, ""fuelType"": ""Essence"", ""bodyType"": ""Berline bicorps trois ou cinq portes"", ""numberOfCylinders"": 4, ""capacityLt"": ""1.2000"", ""capacityTech"": ""1149.0000"", ""engineCodes"": ""D4F 712"", ""engId"": 16186}",RAPID-47648862
8b13d728-d911-4af5-95cf-8d0049945ce5,108207,RENAULT,"CLIO II (BB_, CB_)",2001,2016,"1.2 16V (BB05, BB0W, BB11, BB27, BB2T, BB2U, BB2V, CB05,...",16104,Berline bicorps trois ou cinq portes,Essence,55,75,1149,2026-08-08 22:47:30,,,,,,4,,"{""vehicleId"": 16104, ""manufacturerName"": ""RENAULT"", ""modelName"": ""CLIO II (BB_, CB_)"", ""typeEngineName"": ""1.2 16V (BB05, BB0W, BB11, BB27, BB2T, BB2U, BB2V, CB05,..."", ""constructionIntervalStart"": ""2001-06-01"", ""constructionIntervalEnd"": ""2016-08-01"", ""powerKw"": ""55.0000"", ""powerPs"": ""75.0000"", ""capacityTax"": null, ""fuelType"": ""Essence"", ""bodyType"": ""Berline bicorps trois ou cinq portes"", ""numberOfCylinders"": 4, ""capacityLt"": ""1.2000"", ""capacityTech"": ""1149.0000"", ""engineCodes"": ""D4F 712"", ""engId"": 16186}",RAPID-9686380
8b64e450-fcb2-4945-8d38-dcdb8c8fd596,108064,RENAULT,"CLIO II (BB_, CB_)",2001,2016,"1.2 16V (BB05, BB0W, BB11, BB27, BB2T, BB2U, BB2V, CB05,...",16104,Berline bicorps trois ou cinq portes,Essence,55,75,1149,2026-08-08 22:47:30,,,,,,4,,"{""vehicleId"": 16104, ""manufacturerName"": ""RENAULT"", ""modelName"": ""CLIO II (BB_, CB_)"", ""typeEngineName"": ""1.2 16V (BB05, BB0W, BB11, BB27, BB2T, BB2U, BB2V, CB05,..."", ""constructionIntervalStart"": ""2001-06-01"", ""constructionIntervalEnd"": ""2016-08-01"", ""powerKw"": ""55.0000"", ""powerPs"": ""75.0000"", ""capacityTax"": null, ""fuelType"": ""Essence"", ""bodyType"": ""Berline bicorps trois ou cinq portes"", ""numberOfCylinders"": 4, ""capacityLt"": ""1.2000"", ""capacityTech"": ""1149.0000"", ""engineCodes"": ""D4F 712"", ""engId"": 16186}",RAPID-737496
8bb4b5f6-f55f-40e8-8a9e-500bc73bca5c,108139,RENAULT,"CLIO II (BB_, CB_)",2001,2016,"1.2 16V (BB05, BB0W, BB11, BB27, BB2T, BB2U, BB2V, CB05,...",16104,Berline bicorps trois ou cinq portes,Essence,55,75,1149,2026-08-08 22:47:30,,,,,,4,,"{""vehicleId"": 16104, ""manufacturerName"": ""RENAULT"", ""modelName"": ""CLIO II (BB_, CB_)"", ""typeEngineName"": ""1.2 16V (BB05, BB0W, BB11, BB27, BB2T, BB2U, BB2V, CB05,..."", ""constructionIntervalStart"": ""2001-06-01"", ""constructionIntervalEnd"": ""2016-08-01"", ""powerKw"": ""55.0000"", ""powerPs"": ""75.0000"", ""capacityTax"": null, ""fuelType"": ""Essence"", ""bodyType"": ""Berline bicorps trois ou cinq portes"", ""numberOfCylinders"": 4, ""capacityLt"": ""1.2000"", ""capacityTech"": ""1149.0000"", ""engineCodes"": ""D4F 712"", ""engId"": 16186}",RAPID-869876
8bde80e1-b24a-4d4f-ad9d-862387f1bd96,108830,RENAULT,"CLIO II (BB_, CB_)",2001,2016,"1.2 16V (BB05, BB0W, BB11, BB27, BB2T, BB2U, BB2V, CB05,...",16104,Berline bicorps trois ou cinq portes,Essence,55,75,1149,2026-08-08 22:47:30,,,,,,4,,"{""vehicleId"": 16104, ""manufacturerName"": ""RENAULT"", ""modelName"": ""CLIO II (BB_, CB_)"", ""typeEngineName"": ""1.2 16V (BB05, BB0W, BB11, BB27, BB2T, BB2U, BB2V, CB05,..."", ""constructionIntervalStart"": ""2001-06-01"", ""constructionIntervalEnd"": ""2016-08-01"", ""powerKw"": ""55.0000"", ""powerPs"": ""75.0000"", ""capacityTax"": null, ""fuelType"": ""Essence"", ""bodyType"": ""Berline bicorps trois ou cinq portes"", ""numberOfCylinders"": 4, ""capacityLt"": ""1.2000"", ""capacityTech"": ""1149.0000"", ""engineCodes"": ""D4F 712"", ""engId"": 16186}",RAPID-9210671
8c44d361-83cf-43ae-8606-e6bf5fac5536,108388,RENAULT,"CLIO II (BB_, CB_)",2001,2016,"1.2 16V (BB05, BB0W, BB11, BB27, BB2T, BB2U, BB2V, CB05,...",16104,Berline bicorps trois ou cinq portes,Essence,55,75,1149,2026-08-08 22:47:30,,,,,,4,,"{""vehicleId"": 16104, ""manufacturerName"": ""RENAULT"", ""modelName"": ""CLIO II (BB_, CB_)"", ""typeEngineName"": ""1.2 16V (BB05, BB0W, BB11, BB27, BB2T, BB2U, BB2V, CB05,..."", ""constructionIntervalStart"": ""2001-06-01"", ""constructionIntervalEnd"": ""2016-08-01"", ""powerKw"": ""55.0000"", ""powerPs"": ""75.0000"", ""capacityTax"": null, ""fuelType"": ""Essence"", ""bodyType"": ""Berline bicorps trois ou cinq portes"", ""numberOfCylinders"": 4, ""capacityLt"": ""1.2000"", ""capacityTech"": ""1149.0000"", ""engineCodes"": ""D4F 712"", ""engId"": 16186}",RAPID-7150587
8c4eddc3-7438-4885-9c03-a5102587ae02,108623,RENAULT,"CLIO II (BB_, CB_)",2001,2016,"1.2 16V (BB05, BB0W, BB11, BB27, BB2T, BB2U, BB2V, CB05,...",16104,Berline bicorps trois ou cinq portes,Essence,55,75,1149,2026-08-08 22:47:30,,,,,,4,,"{""vehicleId"": 16104, ""manufacturerName"": ""RENAULT"", ""modelName"": ""CLIO II (BB_, CB_)"", ""typeEngineName"": ""1.2 16V (BB05, BB0W, BB11, BB27, BB2T, BB2U, BB2V, CB05,..."", ""constructionIntervalStart"": ""2001-06-01"", ""constructionIntervalEnd"": ""2016-08-01"", ""powerKw"": ""55.0000"", ""powerPs"": ""75.0000"", ""capacityTax"": null, ""fuelType"": ""Essence"", ""bodyType"": ""Berline bicorps trois ou cinq portes"", ""numberOfCylinders"": 4, ""capacityLt"": ""1.2000"", ""capacityTech"": ""1149.0000"", ""engineCodes"": ""D4F 712"", ""engId"": 16186}",RAPID-6763932
8c708e38-b902-4317-a528-69c6966be7b4,108268,RENAULT,"CLIO II (BB_, CB_)",2001,2016,"1.2 16V (BB05, BB0W, BB11, BB27, BB2T, BB2U, BB2V, CB05,...",16104,Berline bicorps trois ou cinq portes,Essence,55,75,1149,2026-08-08 22:47:30,,,,,,4,,"{""vehicleId"": 16104, ""manufacturerName"": ""RENAULT"", ""modelName"": ""CLIO II (BB_, CB_)"", ""typeEngineName"": ""1.2 16V (BB05, BB0W, BB11, BB27, BB2T, BB2U, BB2V, CB05,..."", ""constructionIntervalStart"": ""2001-06-01"", ""constructionIntervalEnd"": ""2016-08-01"", ""powerKw"": ""55.0000"", ""powerPs"": ""75.0000"", ""capacityTax"": null, ""fuelType"": ""Essence"", ""bodyType"": ""Berline bicorps trois ou cinq portes"", ""numberOfCylinders"": 4, ""capacityLt"": ""1.2000"", ""capacityTech"": ""1149.0000"", ""engineCodes"": ""D4F 712"", ""engId"": 16186}",RAPID-2512849
8d0d8018-ee75-4576-a97f-c4df891bcd33,108041,AUDI,80 B4 Saloon (8C2),1991,1994,1.9 TD,1392,Saloon,Diesel,,,,2026-08-06 14:24:09,,,,,,,,,RAPID-10425833
8e069337-2469-4356-be3c-80e6c160d1ba,108663,RENAULT,"CLIO II (BB_, CB_)",2001,2016,"1.2 16V (BB05, BB0W, BB11, BB27, BB2T, BB2U, BB2V, CB05,...",16104,Berline bicorps trois ou cinq portes,Essence,55,75,1149,2026-08-08 22:47:30,,,,,,4,,"{""vehicleId"": 16104, ""manufacturerName"": ""RENAULT"", ""modelName"": ""CLIO II (BB_, CB_)"", ""typeEngineName"": ""1.2 16V (BB05, BB0W, BB11, BB27, BB2T, BB2U, BB2V, CB05,..."", ""constructionIntervalStart"": ""2001-06-01"", ""constructionIntervalEnd"": ""2016-08-01"", ""powerKw"": ""55.0000"", ""powerPs"": ""75.0000"", ""capacityTax"": null, ""fuelType"": ""Essence"", ""bodyType"": ""Berline bicorps trois ou cinq portes"", ""numberOfCylinders"": 4, ""capacityLt"": ""1.2000"", ""capacityTech"": ""1149.0000"", ""engineCodes"": ""D4F 712"", ""engId"": 16186}",RAPID-9664968
8ed1169c-df0c-46dd-96c7-fc99d136482f,108120,RENAULT,"CLIO II (BB_, CB_)",2001,2016,"1.2 16V (BB05, BB0W, BB11, BB27, BB2T, BB2U, BB2V, CB05,...",16104,Berline bicorps trois ou cinq portes,Essence,55,75,1149,2026-08-08 22:47:30,,,,,,4,,"{""vehicleId"": 16104, ""manufacturerName"": ""RENAULT"", ""modelName"": ""CLIO II (BB_, CB_)"", ""typeEngineName"": ""1.2 16V (BB05, BB0W, BB11, BB27, BB2T, BB2U, BB2V, CB05,..."", ""constructionIntervalStart"": ""2001-06-01"", ""constructionIntervalEnd"": ""2016-08-01"", ""powerKw"": ""55.0000"", ""powerPs"": ""75.0000"", ""capacityTax"": null, ""fuelType"": ""Essence"", ""bodyType"": ""Berline bicorps trois ou cinq portes"", ""numberOfCylinders"": 4, ""capacityLt"": ""1.2000"", ""capacityTech"": ""1149.0000"", ""engineCodes"": ""D4F 712"", ""engId"": 16186}",RAPID-374159
8fa60075-ae5e-4d57-b5ac-fdf659a440ea,108254,RENAULT,"CLIO II (BB_, CB_)",2001,2016,"1.2 16V (BB05, BB0W, BB11, BB27, BB2T, BB2U, BB2V, CB05,...",16104,Berline bicorps trois ou cinq portes,Essence,55,75,1149,2026-08-08 22:47:30,,,,,,4,,"{""vehicleId"": 16104, ""manufacturerName"": ""RENAULT"", ""modelName"": ""CLIO II (BB_, CB_)"", ""typeEngineName"": ""1.2 16V (BB05, BB0W, BB11, BB27, BB2T, BB2U, BB2V, CB05,..."", ""constructionIntervalStart"": ""2001-06-01"", ""constructionIntervalEnd"": ""2016-08-01"", ""powerKw"": ""55.0000"", ""powerPs"": ""75.0000"", ""capacityTax"": null, ""fuelType"": ""Essence"", ""bodyType"": ""Berline bicorps trois ou cinq portes"", ""numberOfCylinders"": 4, ""capacityLt"": ""1.2000"", ""capacityTech"": ""1149.0000"", ""engineCodes"": ""D4F 712"", ""engId"": 16186}",RAPID-2512622
8fbe2eb1-c48c-4617-9a18-c7fc1086f9d0,108219,RENAULT,"CLIO II (BB_, CB_)",2001,2016,"1.2 16V (BB05, BB0W, BB11, BB27, BB2T, BB2U, BB2V, CB05,...",16104,Berline bicorps trois ou cinq portes,Essence,55,75,1149,2026-08-08 22:47:30,,,,,,4,,"{""vehicleId"": 16104, ""manufacturerName"": ""RENAULT"", ""modelName"": ""CLIO II (BB_, CB_)"", ""typeEngineName"": ""1.2 16V (BB05, BB0W, BB11, BB27, BB2T, BB2U, BB2V, CB05,..."", ""constructionIntervalStart"": ""2001-06-01"", ""constructionIntervalEnd"": ""2016-08-01"", ""powerKw"": ""55.0000"", ""powerPs"": ""75.0000"", ""capacityTax"": null, ""fuelType"": ""Essence"", ""bodyType"": ""Berline bicorps trois ou cinq portes"", ""numberOfCylinders"": 4, ""capacityLt"": ""1.2000"", ""capacityTech"": ""1149.0000"", ""engineCodes"": ""D4F 712"", ""engId"": 16186}",RAPID-66585973
8fc9120f-093e-46a2-9b41-f5d2b2a17af3,108736,RENAULT,"CLIO II (BB_, CB_)",2001,2016,"1.2 16V (BB05, BB0W, BB11, BB27, BB2T, BB2U, BB2V, CB05,...",16104,Berline bicorps trois ou cinq portes,Essence,55,75,1149,2026-08-08 22:47:30,,,,,,4,,"{""vehicleId"": 16104, ""manufacturerName"": ""RENAULT"", ""modelName"": ""CLIO II (BB_, CB_)"", ""typeEngineName"": ""1.2 16V (BB05, BB0W, BB11, BB27, BB2T, BB2U, BB2V, CB05,..."", ""constructionIntervalStart"": ""2001-06-01"", ""constructionIntervalEnd"": ""2016-08-01"", ""powerKw"": ""55.0000"", ""powerPs"": ""75.0000"", ""capacityTax"": null, ""fuelType"": ""Essence"", ""bodyType"": ""Berline bicorps trois ou cinq portes"", ""numberOfCylinders"": 4, ""capacityLt"": ""1.2000"", ""capacityTech"": ""1149.0000"", ""engineCodes"": ""D4F 712"", ""engId"": 16186}",RAPID-30045202
903aa372-4e38-4e2a-b822-bba1eaf7cf8f,108557,RENAULT,"CLIO II (BB_, CB_)",2001,2016,"1.2 16V (BB05, BB0W, BB11, BB27, BB2T, BB2U, BB2V, CB05,...",16104,Berline bicorps trois ou cinq portes,Essence,55,75,1149,2026-08-08 22:47:30,,,,,,4,,"{""vehicleId"": 16104, ""manufacturerName"": ""RENAULT"", ""modelName"": ""CLIO II (BB_, CB_)"", ""typeEngineName"": ""1.2 16V (BB05, BB0W, BB11, BB27, BB2T, BB2U, BB2V, CB05,..."", ""constructionIntervalStart"": ""2001-06-01"", ""constructionIntervalEnd"": ""2016-08-01"", ""powerKw"": ""55.0000"", ""powerPs"": ""75.0000"", ""capacityTax"": null, ""fuelType"": ""Essence"", ""bodyType"": ""Berline bicorps trois ou cinq portes"", ""numberOfCylinders"": 4, ""capacityLt"": ""1.2000"", ""capacityTech"": ""1149.0000"", ""engineCodes"": ""D4F 712"", ""engId"": 16186}",RAPID-7960701
90512891-2b96-439c-b42a-0b1352aa865c,108828,RENAULT,"CLIO II (BB_, CB_)",2001,2016,"1.2 16V (BB05, BB0W, BB11, BB27, BB2T, BB2U, BB2V, CB05,...",16104,Berline bicorps trois ou cinq portes,Essence,55,75,1149,2026-08-08 22:47:30,,,,,,4,,"{""vehicleId"": 16104, ""manufacturerName"": ""RENAULT"", ""modelName"": ""CLIO II (BB_, CB_)"", ""typeEngineName"": ""1.2 16V (BB05, BB0W, BB11, BB27, BB2T, BB2U, BB2V, CB05,..."", ""constructionIntervalStart"": ""2001-06-01"", ""constructionIntervalEnd"": ""2016-08-01"", ""powerKw"": ""55.0000"", ""powerPs"": ""75.0000"", ""capacityTax"": null, ""fuelType"": ""Essence"", ""bodyType"": ""Berline bicorps trois ou cinq portes"", ""numberOfCylinders"": 4, ""capacityLt"": ""1.2000"", ""capacityTech"": ""1149.0000"", ""engineCodes"": ""D4F 712"", ""engId"": 16186}",RAPID-9210668
90a6459b-9040-473d-b4d0-647a00400ad1,108796,RENAULT,"CLIO II (BB_, CB_)",2001,2016,"1.2 16V (BB05, BB0W, BB11, BB27, BB2T, BB2U, BB2V, CB05,...",16104,Berline bicorps trois ou cinq portes,Essence,55,75,1149,2026-08-08 22:47:30,,,,,,4,,"{""vehicleId"": 16104, ""manufacturerName"": ""RENAULT"", ""modelName"": ""CLIO II (BB_, CB_)"", ""typeEngineName"": ""1.2 16V (BB05, BB0W, BB11, BB27, BB2T, BB2U, BB2V, CB05,..."", ""constructionIntervalStart"": ""2001-06-01"", ""constructionIntervalEnd"": ""2016-08-01"", ""powerKw"": ""55.0000"", ""powerPs"": ""75.0000"", ""capacityTax"": null, ""fuelType"": ""Essence"", ""bodyType"": ""Berline bicorps trois ou cinq portes"", ""numberOfCylinders"": 4, ""capacityLt"": ""1.2000"", ""capacityTech"": ""1149.0000"", ""engineCodes"": ""D4F 712"", ""engId"": 16186}",RAPID-7927566
910308b2-eae6-4f21-90ee-e9bf848e1d37,108807,RENAULT,"CLIO II (BB_, CB_)",2001,2016,"1.2 16V (BB05, BB0W, BB11, BB27, BB2T, BB2U, BB2V, CB05,...",16104,Berline bicorps trois ou cinq portes,Essence,55,75,1149,2026-08-08 22:47:30,,,,,,4,,"{""vehicleId"": 16104, ""manufacturerName"": ""RENAULT"", ""modelName"": ""CLIO II (BB_, CB_)"", ""typeEngineName"": ""1.2 16V (BB05, BB0W, BB11, BB27, BB2T, BB2U, BB2V, CB05,..."", ""constructionIntervalStart"": ""2001-06-01"", ""constructionIntervalEnd"": ""2016-08-01"", ""powerKw"": ""55.0000"", ""powerPs"": ""75.0000"", ""capacityTax"": null, ""fuelType"": ""Essence"", ""bodyType"": ""Berline bicorps trois ou cinq portes"", ""numberOfCylinders"": 4, ""capacityLt"": ""1.2000"", ""capacityTech"": ""1149.0000"", ""engineCodes"": ""D4F 712"", ""engId"": 16186}",RAPID-9110021
910c1ad2-06bc-4422-8cbb-f889e5b141ce,108848,RENAULT,"CLIO II (BB_, CB_)",2001,2016,"1.2 16V (BB05, BB0W, BB11, BB27, BB2T, BB2U, BB2V, CB05,...",16104,Berline bicorps trois ou cinq portes,Essence,55,75,1149,2026-08-08 22:47:30,,,,,,4,,"{""vehicleId"": 16104, ""manufacturerName"": ""RENAULT"", ""modelName"": ""CLIO II (BB_, CB_)"", ""typeEngineName"": ""1.2 16V (BB05, BB0W, BB11, BB27, BB2T, BB2U, BB2V, CB05,..."", ""constructionIntervalStart"": ""2001-06-01"", ""constructionIntervalEnd"": ""2016-08-01"", ""powerKw"": ""55.0000"", ""powerPs"": ""75.0000"", ""capacityTax"": null, ""fuelType"": ""Essence"", ""bodyType"": ""Berline bicorps trois ou cinq portes"", ""numberOfCylinders"": 4, ""capacityLt"": ""1.2000"", ""capacityTech"": ""1149.0000"", ""engineCodes"": ""D4F 712"", ""engId"": 16186}",RAPID-1872689
91a7f416-ce86-4247-ab90-c5e27403ac37,108809,RENAULT,"CLIO II (BB_, CB_)",2001,2016,"1.2 16V (BB05, BB0W, BB11, BB27, BB2T, BB2U, BB2V, CB05,...",16104,Berline bicorps trois ou cinq portes,Essence,55,75,1149,2026-08-08 22:47:30,,,,,,4,,"{""vehicleId"": 16104, ""manufacturerName"": ""RENAULT"", ""modelName"": ""CLIO II (BB_, CB_)"", ""typeEngineName"": ""1.2 16V (BB05, BB0W, BB11, BB27, BB2T, BB2U, BB2V, CB05,..."", ""constructionIntervalStart"": ""2001-06-01"", ""constructionIntervalEnd"": ""2016-08-01"", ""powerKw"": ""55.0000"", ""powerPs"": ""75.0000"", ""capacityTax"": null, ""fuelType"": ""Essence"", ""bodyType"": ""Berline bicorps trois ou cinq portes"", ""numberOfCylinders"": 4, ""capacityLt"": ""1.2000"", ""capacityTech"": ""1149.0000"", ""engineCodes"": ""D4F 712"", ""engId"": 16186}",RAPID-9110128
91eb11ca-a600-4a71-96f5-aeb1db315946,108156,RENAULT,"CLIO II (BB_, CB_)",2001,2016,"1.2 16V (BB05, BB0W, BB11, BB27, BB2T, BB2U, BB2V, CB05,...",16104,Berline bicorps trois ou cinq portes,Essence,55,75,1149,2026-08-08 22:47:30,,,,,,4,,"{""vehicleId"": 16104, ""manufacturerName"": ""RENAULT"", ""modelName"": ""CLIO II (BB_, CB_)"", ""typeEngineName"": ""1.2 16V (BB05, BB0W, BB11, BB27, BB2T, BB2U, BB2V, CB05,..."", ""constructionIntervalStart"": ""2001-06-01"", ""constructionIntervalEnd"": ""2016-08-01"", ""powerKw"": ""55.0000"", ""powerPs"": ""75.0000"", ""capacityTax"": null, ""fuelType"": ""Essence"", ""bodyType"": ""Berline bicorps trois ou cinq portes"", ""numberOfCylinders"": 4, ""capacityLt"": ""1.2000"", ""capacityTech"": ""1149.0000"", ""engineCodes"": ""D4F 712"", ""engId"": 16186}",RAPID-56953185
92873d69-e866-43bc-8a44-e97d01532266,108838,RENAULT,"CLIO II (BB_, CB_)",2001,2016,"1.2 16V (BB05, BB0W, BB11, BB27, BB2T, BB2U, BB2V, CB05,...",16104,Berline bicorps trois ou cinq portes,Essence,55,75,1149,2026-08-08 22:47:30,,,,,,4,,"{""vehicleId"": 16104, ""manufacturerName"": ""RENAULT"", ""modelName"": ""CLIO II (BB_, CB_)"", ""typeEngineName"": ""1.2 16V (BB05, BB0W, BB11, BB27, BB2T, BB2U, BB2V, CB05,..."", ""constructionIntervalStart"": ""2001-06-01"", ""constructionIntervalEnd"": ""2016-08-01"", ""powerKw"": ""55.0000"", ""powerPs"": ""75.0000"", ""capacityTax"": null, ""fuelType"": ""Essence"", ""bodyType"": ""Berline bicorps trois ou cinq portes"", ""numberOfCylinders"": 4, ""capacityLt"": ""1.2000"", ""capacityTech"": ""1149.0000"", ""engineCodes"": ""D4F 712"", ""engId"": 16186}",RAPID-869474
92de22a6-a25c-4d9c-b544-e0b47ca19bc2,108093,RENAULT,"CLIO II (BB_, CB_)",2001,2016,"1.2 16V (BB05, BB0W, BB11, BB27, BB2T, BB2U, BB2V, CB05,...",16104,Berline bicorps trois ou cinq portes,Essence,55,75,1149,2026-08-08 22:47:30,,,,,,4,,"{""vehicleId"": 16104, ""manufacturerName"": ""RENAULT"", ""modelName"": ""CLIO II (BB_, CB_)"", ""typeEngineName"": ""1.2 16V (BB05, BB0W, BB11, BB27, BB2T, BB2U, BB2V, CB05,..."", ""constructionIntervalStart"": ""2001-06-01"", ""constructionIntervalEnd"": ""2016-08-01"", ""powerKw"": ""55.0000"", ""powerPs"": ""75.0000"", ""capacityTax"": null, ""fuelType"": ""Essence"", ""bodyType"": ""Berline bicorps trois ou cinq portes"", ""numberOfCylinders"": 4, ""capacityLt"": ""1.2000"", ""capacityTech"": ""1149.0000"", ""engineCodes"": ""D4F 712"", ""engId"": 16186}",RAPID-9574907
9310b63b-178b-4bcd-9851-93f75a3aecf1,108699,RENAULT,"CLIO II (BB_, CB_)",2001,2016,"1.2 16V (BB05, BB0W, BB11, BB27, BB2T, BB2U, BB2V, CB05,...",16104,Berline bicorps trois ou cinq portes,Essence,55,75,1149,2026-08-08 22:47:30,,,,,,4,,"{""vehicleId"": 16104, ""manufacturerName"": ""RENAULT"", ""modelName"": ""CLIO II (BB_, CB_)"", ""typeEngineName"": ""1.2 16V (BB05, BB0W, BB11, BB27, BB2T, BB2U, BB2V, CB05,..."", ""constructionIntervalStart"": ""2001-06-01"", ""constructionIntervalEnd"": ""2016-08-01"", ""powerKw"": ""55.0000"", ""powerPs"": ""75.0000"", ""capacityTax"": null, ""fuelType"": ""Essence"", ""bodyType"": ""Berline bicorps trois ou cinq portes"", ""numberOfCylinders"": 4, ""capacityLt"": ""1.2000"", ""capacityTech"": ""1149.0000"", ""engineCodes"": ""D4F 712"", ""engId"": 16186}",RAPID-9686345
931ca898-297f-426b-b611-2572db634848,108501,RENAULT,"CLIO II (BB_, CB_)",2001,2016,"1.2 16V (BB05, BB0W, BB11, BB27, BB2T, BB2U, BB2V, CB05,...",16104,Berline bicorps trois ou cinq portes,Essence,55,75,1149,2026-08-08 22:47:30,,,,,,4,,"{""vehicleId"": 16104, ""manufacturerName"": ""RENAULT"", ""modelName"": ""CLIO II (BB_, CB_)"", ""typeEngineName"": ""1.2 16V (BB05, BB0W, BB11, BB27, BB2T, BB2U, BB2V, CB05,..."", ""constructionIntervalStart"": ""2001-06-01"", ""constructionIntervalEnd"": ""2016-08-01"", ""powerKw"": ""55.0000"", ""powerPs"": ""75.0000"", ""capacityTax"": null, ""fuelType"": ""Essence"", ""bodyType"": ""Berline bicorps trois ou cinq portes"", ""numberOfCylinders"": 4, ""capacityLt"": ""1.2000"", ""capacityTech"": ""1149.0000"", ""engineCodes"": ""D4F 712"", ""engId"": 16186}",RAPID-2383206
934f6844-9948-4d94-8405-75fc19dca52a,108100,RENAULT,"CLIO II (BB_, CB_)",2001,2016,"1.2 16V (BB05, BB0W, BB11, BB27, BB2T, BB2U, BB2V, CB05,...",16104,Berline bicorps trois ou cinq portes,Essence,55,75,1149,2026-08-08 22:47:30,,,,,,4,,"{""vehicleId"": 16104, ""manufacturerName"": ""RENAULT"", ""modelName"": ""CLIO II (BB_, CB_)"", ""typeEngineName"": ""1.2 16V (BB05, BB0W, BB11, BB27, BB2T, BB2U, BB2V, CB05,..."", ""constructionIntervalStart"": ""2001-06-01"", ""constructionIntervalEnd"": ""2016-08-01"", ""powerKw"": ""55.0000"", ""powerPs"": ""75.0000"", ""capacityTax"": null, ""fuelType"": ""Essence"", ""bodyType"": ""Berline bicorps trois ou cinq portes"", ""numberOfCylinders"": 4, ""capacityLt"": ""1.2000"", ""capacityTech"": ""1149.0000"", ""engineCodes"": ""D4F 712"", ""engId"": 16186}",RAPID-8249596
93ae665d-8021-4fd9-be7e-5c8aa78fa269,108366,RENAULT,"CLIO II (BB_, CB_)",2001,2016,"1.2 16V (BB05, BB0W, BB11, BB27, BB2T, BB2U, BB2V, CB05,...",16104,Berline bicorps trois ou cinq portes,Essence,55,75,1149,2026-08-08 22:47:30,,,,,,4,,"{""vehicleId"": 16104, ""manufacturerName"": ""RENAULT"", ""modelName"": ""CLIO II (BB_, CB_)"", ""typeEngineName"": ""1.2 16V (BB05, BB0W, BB11, BB27, BB2T, BB2U, BB2V, CB05,..."", ""constructionIntervalStart"": ""2001-06-01"", ""constructionIntervalEnd"": ""2016-08-01"", ""powerKw"": ""55.0000"", ""powerPs"": ""75.0000"", ""capacityTax"": null, ""fuelType"": ""Essence"", ""bodyType"": ""Berline bicorps trois ou cinq portes"", ""numberOfCylinders"": 4, ""capacityLt"": ""1.2000"", ""capacityTech"": ""1149.0000"", ""engineCodes"": ""D4F 712"", ""engId"": 16186}",RAPID-3381129
93b16f3e-fb0c-42d8-bced-ce31f72ddf24,108690,RENAULT,"CLIO II (BB_, CB_)",2001,2016,"1.2 16V (BB05, BB0W, BB11, BB27, BB2T, BB2U, BB2V, CB05,...",16104,Berline bicorps trois ou cinq portes,Essence,55,75,1149,2026-08-08 22:47:30,,,,,,4,,"{""vehicleId"": 16104, ""manufacturerName"": ""RENAULT"", ""modelName"": ""CLIO II (BB_, CB_)"", ""typeEngineName"": ""1.2 16V (BB05, BB0W, BB11, BB27, BB2T, BB2U, BB2V, CB05,..."", ""constructionIntervalStart"": ""2001-06-01"", ""constructionIntervalEnd"": ""2016-08-01"", ""powerKw"": ""55.0000"", ""powerPs"": ""75.0000"", ""capacityTax"": null, ""fuelType"": ""Essence"", ""bodyType"": ""Berline bicorps trois ou cinq portes"", ""numberOfCylinders"": 4, ""capacityLt"": ""1.2000"", ""capacityTech"": ""1149.0000"", ""engineCodes"": ""D4F 712"", ""engId"": 16186}",RAPID-2340725
93dbfd00-dd5f-4c39-9089-b1c9d5f455a3,108619,RENAULT,"CLIO II (BB_, CB_)",2001,2016,"1.2 16V (BB05, BB0W, BB11, BB27, BB2T, BB2U, BB2V, CB05,...",16104,Berline bicorps trois ou cinq portes,Essence,55,75,1149,2026-08-08 22:47:30,,,,,,4,,"{""vehicleId"": 16104, ""manufacturerName"": ""RENAULT"", ""modelName"": ""CLIO II (BB_, CB_)"", ""typeEngineName"": ""1.2 16V (BB05, BB0W, BB11, BB27, BB2T, BB2U, BB2V, CB05,..."", ""constructionIntervalStart"": ""2001-06-01"", ""constructionIntervalEnd"": ""2016-08-01"", ""powerKw"": ""55.0000"", ""powerPs"": ""75.0000"", ""capacityTax"": null, ""fuelType"": ""Essence"", ""bodyType"": ""Berline bicorps trois ou cinq portes"", ""numberOfCylinders"": 4, ""capacityLt"": ""1.2000"", ""capacityTech"": ""1149.0000"", ""engineCodes"": ""D4F 712"", ""engId"": 16186}",RAPID-6762324
9407bf56-642a-4c57-a9cd-4d6d89c912cf,108757,RENAULT,"CLIO II (BB_, CB_)",2001,2016,"1.2 16V (BB05, BB0W, BB11, BB27, BB2T, BB2U, BB2V, CB05,...",16104,Berline bicorps trois ou cinq portes,Essence,55,75,1149,2026-08-08 22:47:30,,,,,,4,,"{""vehicleId"": 16104, ""manufacturerName"": ""RENAULT"", ""modelName"": ""CLIO II (BB_, CB_)"", ""typeEngineName"": ""1.2 16V (BB05, BB0W, BB11, BB27, BB2T, BB2U, BB2V, CB05,..."", ""constructionIntervalStart"": ""2001-06-01"", ""constructionIntervalEnd"": ""2016-08-01"", ""powerKw"": ""55.0000"", ""powerPs"": ""75.0000"", ""capacityTax"": null, ""fuelType"": ""Essence"", ""bodyType"": ""Berline bicorps trois ou cinq portes"", ""numberOfCylinders"": 4, ""capacityLt"": ""1.2000"", ""capacityTech"": ""1149.0000"", ""engineCodes"": ""D4F 712"", ""engId"": 16186}",RAPID-8657508
9458356a-a420-4f71-b6b3-368a009b685f,108818,RENAULT,"CLIO II (BB_, CB_)",2001,2016,"1.2 16V (BB05, BB0W, BB11, BB27, BB2T, BB2U, BB2V, CB05,...",16104,Berline bicorps trois ou cinq portes,Essence,55,75,1149,2026-08-08 22:47:30,,,,,,4,,"{""vehicleId"": 16104, ""manufacturerName"": ""RENAULT"", ""modelName"": ""CLIO II (BB_, CB_)"", ""typeEngineName"": ""1.2 16V (BB05, BB0W, BB11, BB27, BB2T, BB2U, BB2V, CB05,..."", ""constructionIntervalStart"": ""2001-06-01"", ""constructionIntervalEnd"": ""2016-08-01"", ""powerKw"": ""55.0000"", ""powerPs"": ""75.0000"", ""capacityTax"": null, ""fuelType"": ""Essence"", ""bodyType"": ""Berline bicorps trois ou cinq portes"", ""numberOfCylinders"": 4, ""capacityLt"": ""1.2000"", ""capacityTech"": ""1149.0000"", ""engineCodes"": ""D4F 712"", ""engId"": 16186}",RAPID-9110170
94a8a006-dbce-4e5c-82da-f8b56ff60318,108079,RENAULT,"CLIO II (BB_, CB_)",2001,2016,"1.2 16V (BB05, BB0W, BB11, BB27, BB2T, BB2U, BB2V, CB05,...",16104,Berline bicorps trois ou cinq portes,Essence,55,75,1149,2026-08-08 22:47:30,,,,,,4,,"{""vehicleId"": 16104, ""manufacturerName"": ""RENAULT"", ""modelName"": ""CLIO II (BB_, CB_)"", ""typeEngineName"": ""1.2 16V (BB05, BB0W, BB11, BB27, BB2T, BB2U, BB2V, CB05,..."", ""constructionIntervalStart"": ""2001-06-01"", ""constructionIntervalEnd"": ""2016-08-01"", ""powerKw"": ""55.0000"", ""powerPs"": ""75.0000"", ""capacityTax"": null, ""fuelType"": ""Essence"", ""bodyType"": ""Berline bicorps trois ou cinq portes"", ""numberOfCylinders"": 4, ""capacityLt"": ""1.2000"", ""capacityTech"": ""1149.0000"", ""engineCodes"": ""D4F 712"", ""engId"": 16186}",RAPID-18151300
94b10a14-e5e1-40cb-b236-a71fbfa000e7,108061,RENAULT,"CLIO II (BB_, CB_)",2001,2016,"1.2 16V (BB05, BB0W, BB11, BB27, BB2T, BB2U, BB2V, CB05,...",16104,Berline bicorps trois ou cinq portes,Essence,55,75,1149,2026-08-08 22:47:30,,,,,,4,,"{""vehicleId"": 16104, ""manufacturerName"": ""RENAULT"", ""modelName"": ""CLIO II (BB_, CB_)"", ""typeEngineName"": ""1.2 16V (BB05, BB0W, BB11, BB27, BB2T, BB2U, BB2V, CB05,..."", ""constructionIntervalStart"": ""2001-06-01"", ""constructionIntervalEnd"": ""2016-08-01"", ""powerKw"": ""55.0000"", ""powerPs"": ""75.0000"", ""capacityTax"": null, ""fuelType"": ""Essence"", ""bodyType"": ""Berline bicorps trois ou cinq portes"", ""numberOfCylinders"": 4, ""capacityLt"": ""1.2000"", ""capacityTech"": ""1149.0000"", ""engineCodes"": ""D4F 712"", ""engId"": 16186}",RAPID-37728228
951392a9-c169-46fa-b383-878770341243,108741,RENAULT,"CLIO II (BB_, CB_)",2001,2016,"1.2 16V (BB05, BB0W, BB11, BB27, BB2T, BB2U, BB2V, CB05,...",16104,Berline bicorps trois ou cinq portes,Essence,55,75,1149,2026-08-08 22:47:30,,,,,,4,,"{""vehicleId"": 16104, ""manufacturerName"": ""RENAULT"", ""modelName"": ""CLIO II (BB_, CB_)"", ""typeEngineName"": ""1.2 16V (BB05, BB0W, BB11, BB27, BB2T, BB2U, BB2V, CB05,..."", ""constructionIntervalStart"": ""2001-06-01"", ""constructionIntervalEnd"": ""2016-08-01"", ""powerKw"": ""55.0000"", ""powerPs"": ""75.0000"", ""capacityTax"": null, ""fuelType"": ""Essence"", ""bodyType"": ""Berline bicorps trois ou cinq portes"", ""numberOfCylinders"": 4, ""capacityLt"": ""1.2000"", ""capacityTech"": ""1149.0000"", ""engineCodes"": ""D4F 712"", ""engId"": 16186}",RAPID-8524532
959edd5f-7123-40ec-b95a-cf999bcebe64,108377,RENAULT,"CLIO II (BB_, CB_)",2001,2016,"1.2 16V (BB05, BB0W, BB11, BB27, BB2T, BB2U, BB2V, CB05,...",16104,Berline bicorps trois ou cinq portes,Essence,55,75,1149,2026-08-08 22:47:30,,,,,,4,,"{""vehicleId"": 16104, ""manufacturerName"": ""RENAULT"", ""modelName"": ""CLIO II (BB_, CB_)"", ""typeEngineName"": ""1.2 16V (BB05, BB0W, BB11, BB27, BB2T, BB2U, BB2V, CB05,..."", ""constructionIntervalStart"": ""2001-06-01"", ""constructionIntervalEnd"": ""2016-08-01"", ""powerKw"": ""55.0000"", ""powerPs"": ""75.0000"", ""capacityTax"": null, ""fuelType"": ""Essence"", ""bodyType"": ""Berline bicorps trois ou cinq portes"", ""numberOfCylinders"": 4, ""capacityLt"": ""1.2000"", ""capacityTech"": ""1149.0000"", ""engineCodes"": ""D4F 712"", ""engId"": 16186}",RAPID-56167489
95eb0af3-72c0-4ea9-a278-d3ea6a54e294,108147,RENAULT,"CLIO II (BB_, CB_)",2001,2016,"1.2 16V (BB05, BB0W, BB11, BB27, BB2T, BB2U, BB2V, CB05,...",16104,Berline bicorps trois ou cinq portes,Essence,55,75,1149,2026-08-08 22:47:30,,,,,,4,,"{""vehicleId"": 16104, ""manufacturerName"": ""RENAULT"", ""modelName"": ""CLIO II (BB_, CB_)"", ""typeEngineName"": ""1.2 16V (BB05, BB0W, BB11, BB27, BB2T, BB2U, BB2V, CB05,..."", ""constructionIntervalStart"": ""2001-06-01"", ""constructionIntervalEnd"": ""2016-08-01"", ""powerKw"": ""55.0000"", ""powerPs"": ""75.0000"", ""capacityTax"": null, ""fuelType"": ""Essence"", ""bodyType"": ""Berline bicorps trois ou cinq portes"", ""numberOfCylinders"": 4, ""capacityLt"": ""1.2000"", ""capacityTech"": ""1149.0000"", ""engineCodes"": ""D4F 712"", ""engId"": 16186}",RAPID-2866898
9625d98f-0009-45aa-a810-ce8a9b3c70f4,108273,RENAULT,"CLIO II (BB_, CB_)",2001,2016,"1.2 16V (BB05, BB0W, BB11, BB27, BB2T, BB2U, BB2V, CB05,...",16104,Berline bicorps trois ou cinq portes,Essence,55,75,1149,2026-08-08 22:47:30,,,,,,4,,"{""vehicleId"": 16104, ""manufacturerName"": ""RENAULT"", ""modelName"": ""CLIO II (BB_, CB_)"", ""typeEngineName"": ""1.2 16V (BB05, BB0W, BB11, BB27, BB2T, BB2U, BB2V, CB05,..."", ""constructionIntervalStart"": ""2001-06-01"", ""constructionIntervalEnd"": ""2016-08-01"", ""powerKw"": ""55.0000"", ""powerPs"": ""75.0000"", ""capacityTax"": null, ""fuelType"": ""Essence"", ""bodyType"": ""Berline bicorps trois ou cinq portes"", ""numberOfCylinders"": 4, ""capacityLt"": ""1.2000"", ""capacityTech"": ""1149.0000"", ""engineCodes"": ""D4F 712"", ""engId"": 16186}",RAPID-2513123
966ac202-52ea-46cd-895d-46f610af93fe,108244,RENAULT,"CLIO II (BB_, CB_)",2001,2016,"1.2 16V (BB05, BB0W, BB11, BB27, BB2T, BB2U, BB2V, CB05,...",16104,Berline bicorps trois ou cinq portes,Essence,55,75,1149,2026-08-08 22:47:30,,,,,,4,,"{""vehicleId"": 16104, ""manufacturerName"": ""RENAULT"", ""modelName"": ""CLIO II (BB_, CB_)"", ""typeEngineName"": ""1.2 16V (BB05, BB0W, BB11, BB27, BB2T, BB2U, BB2V, CB05,..."", ""constructionIntervalStart"": ""2001-06-01"", ""constructionIntervalEnd"": ""2016-08-01"", ""powerKw"": ""55.0000"", ""powerPs"": ""75.0000"", ""capacityTax"": null, ""fuelType"": ""Essence"", ""bodyType"": ""Berline bicorps trois ou cinq portes"", ""numberOfCylinders"": 4, ""capacityLt"": ""1.2000"", ""capacityTech"": ""1149.0000"", ""engineCodes"": ""D4F 712"", ""engId"": 16186}",RAPID-6142336
969b79df-3d86-41cf-b34f-faf2af965e07,108044,AUDI,80 B4 Saloon (8C2),1991,1994,1.9 TD,1392,Saloon,Diesel,,,,2026-08-06 14:24:09,,,,,,,,,RAPID-18933302
96b6aef5-6aa7-46c7-89b8-39809a0c2003,108786,RENAULT,"CLIO II (BB_, CB_)",2001,2016,"1.2 16V (BB05, BB0W, BB11, BB27, BB2T, BB2U, BB2V, CB05,...",16104,Berline bicorps trois ou cinq portes,Essence,55,75,1149,2026-08-08 22:47:30,,,,,,4,,"{""vehicleId"": 16104, ""manufacturerName"": ""RENAULT"", ""modelName"": ""CLIO II (BB_, CB_)"", ""typeEngineName"": ""1.2 16V (BB05, BB0W, BB11, BB27, BB2T, BB2U, BB2V, CB05,..."", ""constructionIntervalStart"": ""2001-06-01"", ""constructionIntervalEnd"": ""2016-08-01"", ""powerKw"": ""55.0000"", ""powerPs"": ""75.0000"", ""capacityTax"": null, ""fuelType"": ""Essence"", ""bodyType"": ""Berline bicorps trois ou cinq portes"", ""numberOfCylinders"": 4, ""capacityLt"": ""1.2000"", ""capacityTech"": ""1149.0000"", ""engineCodes"": ""D4F 712"", ""engId"": 16186}",RAPID-2477930
979b5a34-c943-416c-945b-9f268dd56b4f,108322,RENAULT,"CLIO II (BB_, CB_)",2001,2016,"1.2 16V (BB05, BB0W, BB11, BB27, BB2T, BB2U, BB2V, CB05,...",16104,Berline bicorps trois ou cinq portes,Essence,55,75,1149,2026-08-08 22:47:30,,,,,,4,,"{""vehicleId"": 16104, ""manufacturerName"": ""RENAULT"", ""modelName"": ""CLIO II (BB_, CB_)"", ""typeEngineName"": ""1.2 16V (BB05, BB0W, BB11, BB27, BB2T, BB2U, BB2V, CB05,..."", ""constructionIntervalStart"": ""2001-06-01"", ""constructionIntervalEnd"": ""2016-08-01"", ""powerKw"": ""55.0000"", ""powerPs"": ""75.0000"", ""capacityTax"": null, ""fuelType"": ""Essence"", ""bodyType"": ""Berline bicorps trois ou cinq portes"", ""numberOfCylinders"": 4, ""capacityLt"": ""1.2000"", ""capacityTech"": ""1149.0000"", ""engineCodes"": ""D4F 712"", ""engId"": 16186}",RAPID-17808437
97c7e71b-df6d-40c4-a388-3a8837d48c45,108732,RENAULT,"CLIO II (BB_, CB_)",2001,2016,"1.2 16V (BB05, BB0W, BB11, BB27, BB2T, BB2U, BB2V, CB05,...",16104,Berline bicorps trois ou cinq portes,Essence,55,75,1149,2026-08-08 22:47:30,,,,,,4,,"{""vehicleId"": 16104, ""manufacturerName"": ""RENAULT"", ""modelName"": ""CLIO II (BB_, CB_)"", ""typeEngineName"": ""1.2 16V (BB05, BB0W, BB11, BB27, BB2T, BB2U, BB2V, CB05,..."", ""constructionIntervalStart"": ""2001-06-01"", ""constructionIntervalEnd"": ""2016-08-01"", ""powerKw"": ""55.0000"", ""powerPs"": ""75.0000"", ""capacityTax"": null, ""fuelType"": ""Essence"", ""bodyType"": ""Berline bicorps trois ou cinq portes"", ""numberOfCylinders"": 4, ""capacityLt"": ""1.2000"", ""capacityTech"": ""1149.0000"", ""engineCodes"": ""D4F 712"", ""engId"": 16186}",RAPID-8416354
98211508-a012-4ba0-9d0d-d8a624dc9997,108640,RENAULT,"CLIO II (BB_, CB_)",2001,2016,"1.2 16V (BB05, BB0W, BB11, BB27, BB2T, BB2U, BB2V, CB05,...",16104,Berline bicorps trois ou cinq portes,Essence,55,75,1149,2026-08-08 22:47:30,,,,,,4,,"{""vehicleId"": 16104, ""manufacturerName"": ""RENAULT"", ""modelName"": ""CLIO II (BB_, CB_)"", ""typeEngineName"": ""1.2 16V (BB05, BB0W, BB11, BB27, BB2T, BB2U, BB2V, CB05,..."", ""constructionIntervalStart"": ""2001-06-01"", ""constructionIntervalEnd"": ""2016-08-01"", ""powerKw"": ""55.0000"", ""powerPs"": ""75.0000"", ""capacityTax"": null, ""fuelType"": ""Essence"", ""bodyType"": ""Berline bicorps trois ou cinq portes"", ""numberOfCylinders"": 4, ""capacityLt"": ""1.2000"", ""capacityTech"": ""1149.0000"", ""engineCodes"": ""D4F 712"", ""engId"": 16186}",RAPID-6467362
98a326d3-236b-4c0e-aea6-786e967c3269,108329,RENAULT,"CLIO II (BB_, CB_)",2001,2016,"1.2 16V (BB05, BB0W, BB11, BB27, BB2T, BB2U, BB2V, CB05,...",16104,Berline bicorps trois ou cinq portes,Essence,55,75,1149,2026-08-08 22:47:30,,,,,,4,,"{""vehicleId"": 16104, ""manufacturerName"": ""RENAULT"", ""modelName"": ""CLIO II (BB_, CB_)"", ""typeEngineName"": ""1.2 16V (BB05, BB0W, BB11, BB27, BB2T, BB2U, BB2V, CB05,..."", ""constructionIntervalStart"": ""2001-06-01"", ""constructionIntervalEnd"": ""2016-08-01"", ""powerKw"": ""55.0000"", ""powerPs"": ""75.0000"", ""capacityTax"": null, ""fuelType"": ""Essence"", ""bodyType"": ""Berline bicorps trois ou cinq portes"", ""numberOfCylinders"": 4, ""capacityLt"": ""1.2000"", ""capacityTech"": ""1149.0000"", ""engineCodes"": ""D4F 712"", ""engId"": 16186}",RAPID-6489509
990cf3fa-efbd-487d-a139-0a5542f86dc8,108385,RENAULT,"CLIO II (BB_, CB_)",2001,2016,"1.2 16V (BB05, BB0W, BB11, BB27, BB2T, BB2U, BB2V, CB05,...",16104,Berline bicorps trois ou cinq portes,Essence,55,75,1149,2026-08-08 22:47:30,,,,,,4,,"{""vehicleId"": 16104, ""manufacturerName"": ""RENAULT"", ""modelName"": ""CLIO II (BB_, CB_)"", ""typeEngineName"": ""1.2 16V (BB05, BB0W, BB11, BB27, BB2T, BB2U, BB2V, CB05,..."", ""constructionIntervalStart"": ""2001-06-01"", ""constructionIntervalEnd"": ""2016-08-01"", ""powerKw"": ""55.0000"", ""powerPs"": ""75.0000"", ""capacityTax"": null, ""fuelType"": ""Essence"", ""bodyType"": ""Berline bicorps trois ou cinq portes"", ""numberOfCylinders"": 4, ""capacityLt"": ""1.2000"", ""capacityTech"": ""1149.0000"", ""engineCodes"": ""D4F 712"", ""engId"": 16186}",RAPID-1515200
99bf6bd7-eb4e-408b-a023-d63e214f7bdf,108372,RENAULT,"CLIO II (BB_, CB_)",2001,2016,"1.2 16V (BB05, BB0W, BB11, BB27, BB2T, BB2U, BB2V, CB05,...",16104,Berline bicorps trois ou cinq portes,Essence,55,75,1149,2026-08-08 22:47:30,,,,,,4,,"{""vehicleId"": 16104, ""manufacturerName"": ""RENAULT"", ""modelName"": ""CLIO II (BB_, CB_)"", ""typeEngineName"": ""1.2 16V (BB05, BB0W, BB11, BB27, BB2T, BB2U, BB2V, CB05,..."", ""constructionIntervalStart"": ""2001-06-01"", ""constructionIntervalEnd"": ""2016-08-01"", ""powerKw"": ""55.0000"", ""powerPs"": ""75.0000"", ""capacityTax"": null, ""fuelType"": ""Essence"", ""bodyType"": ""Berline bicorps trois ou cinq portes"", ""numberOfCylinders"": 4, ""capacityLt"": ""1.2000"", ""capacityTech"": ""1149.0000"", ""engineCodes"": ""D4F 712"", ""engId"": 16186}",RAPID-6870860
99e529fe-4774-43b5-9968-de861630446c,108603,RENAULT,"CLIO II (BB_, CB_)",2001,2016,"1.2 16V (BB05, BB0W, BB11, BB27, BB2T, BB2U, BB2V, CB05,...",16104,Berline bicorps trois ou cinq portes,Essence,55,75,1149,2026-08-08 22:47:30,,,,,,4,,"{""vehicleId"": 16104, ""manufacturerName"": ""RENAULT"", ""modelName"": ""CLIO II (BB_, CB_)"", ""typeEngineName"": ""1.2 16V (BB05, BB0W, BB11, BB27, BB2T, BB2U, BB2V, CB05,..."", ""constructionIntervalStart"": ""2001-06-01"", ""constructionIntervalEnd"": ""2016-08-01"", ""powerKw"": ""55.0000"", ""powerPs"": ""75.0000"", ""capacityTax"": null, ""fuelType"": ""Essence"", ""bodyType"": ""Berline bicorps trois ou cinq portes"", ""numberOfCylinders"": 4, ""capacityLt"": ""1.2000"", ""capacityTech"": ""1149.0000"", ""engineCodes"": ""D4F 712"", ""engId"": 16186}",RAPID-3032943
9a05ffce-495e-42b6-9535-da616c7c55ce,108374,RENAULT,"CLIO II (BB_, CB_)",2001,2016,"1.2 16V (BB05, BB0W, BB11, BB27, BB2T, BB2U, BB2V, CB05,...",16104,Berline bicorps trois ou cinq portes,Essence,55,75,1149,2026-08-08 22:47:30,,,,,,4,,"{""vehicleId"": 16104, ""manufacturerName"": ""RENAULT"", ""modelName"": ""CLIO II (BB_, CB_)"", ""typeEngineName"": ""1.2 16V (BB05, BB0W, BB11, BB27, BB2T, BB2U, BB2V, CB05,..."", ""constructionIntervalStart"": ""2001-06-01"", ""constructionIntervalEnd"": ""2016-08-01"", ""powerKw"": ""55.0000"", ""powerPs"": ""75.0000"", ""capacityTax"": null, ""fuelType"": ""Essence"", ""bodyType"": ""Berline bicorps trois ou cinq portes"", ""numberOfCylinders"": 4, ""capacityLt"": ""1.2000"", ""capacityTech"": ""1149.0000"", ""engineCodes"": ""D4F 712"", ""engId"": 16186}",RAPID-6870777
9a17fd90-a664-4c75-b71d-395492373ab8,108612,RENAULT,"CLIO II (BB_, CB_)",2001,2016,"1.2 16V (BB05, BB0W, BB11, BB27, BB2T, BB2U, BB2V, CB05,...",16104,Berline bicorps trois ou cinq portes,Essence,55,75,1149,2026-08-08 22:47:30,,,,,,4,,"{""vehicleId"": 16104, ""manufacturerName"": ""RENAULT"", ""modelName"": ""CLIO II (BB_, CB_)"", ""typeEngineName"": ""1.2 16V (BB05, BB0W, BB11, BB27, BB2T, BB2U, BB2V, CB05,..."", ""constructionIntervalStart"": ""2001-06-01"", ""constructionIntervalEnd"": ""2016-08-01"", ""powerKw"": ""55.0000"", ""powerPs"": ""75.0000"", ""capacityTax"": null, ""fuelType"": ""Essence"", ""bodyType"": ""Berline bicorps trois ou cinq portes"", ""numberOfCylinders"": 4, ""capacityLt"": ""1.2000"", ""capacityTech"": ""1149.0000"", ""engineCodes"": ""D4F 712"", ""engId"": 16186}",RAPID-4268263
9a3d8319-8abf-437e-931a-6d55c2750ba0,108499,RENAULT,"CLIO II (BB_, CB_)",2001,2016,"1.2 16V (BB05, BB0W, BB11, BB27, BB2T, BB2U, BB2V, CB05,...",16104,Berline bicorps trois ou cinq portes,Essence,55,75,1149,2026-08-08 22:47:30,,,,,,4,,"{""vehicleId"": 16104, ""manufacturerName"": ""RENAULT"", ""modelName"": ""CLIO II (BB_, CB_)"", ""typeEngineName"": ""1.2 16V (BB05, BB0W, BB11, BB27, BB2T, BB2U, BB2V, CB05,..."", ""constructionIntervalStart"": ""2001-06-01"", ""constructionIntervalEnd"": ""2016-08-01"", ""powerKw"": ""55.0000"", ""powerPs"": ""75.0000"", ""capacityTax"": null, ""fuelType"": ""Essence"", ""bodyType"": ""Berline bicorps trois ou cinq portes"", ""numberOfCylinders"": 4, ""capacityLt"": ""1.2000"", ""capacityTech"": ""1149.0000"", ""engineCodes"": ""D4F 712"", ""engId"": 16186}",RAPID-2382480
9a4aade6-bb28-4d3b-bf2b-1deed1d953ca,108641,RENAULT,"CLIO II (BB_, CB_)",2001,2016,"1.2 16V (BB05, BB0W, BB11, BB27, BB2T, BB2U, BB2V, CB05,...",16104,Berline bicorps trois ou cinq portes,Essence,55,75,1149,2026-08-08 22:47:30,,,,,,4,,"{""vehicleId"": 16104, ""manufacturerName"": ""RENAULT"", ""modelName"": ""CLIO II (BB_, CB_)"", ""typeEngineName"": ""1.2 16V (BB05, BB0W, BB11, BB27, BB2T, BB2U, BB2V, CB05,..."", ""constructionIntervalStart"": ""2001-06-01"", ""constructionIntervalEnd"": ""2016-08-01"", ""powerKw"": ""55.0000"", ""powerPs"": ""75.0000"", ""capacityTax"": null, ""fuelType"": ""Essence"", ""bodyType"": ""Berline bicorps trois ou cinq portes"", ""numberOfCylinders"": 4, ""capacityLt"": ""1.2000"", ""capacityTech"": ""1149.0000"", ""engineCodes"": ""D4F 712"", ""engId"": 16186}",RAPID-11444196
9a6a3cdd-7c50-450f-b35e-e8b109aed84d,108537,RENAULT,"CLIO II (BB_, CB_)",2001,2016,"1.2 16V (BB05, BB0W, BB11, BB27, BB2T, BB2U, BB2V, CB05,...",16104,Berline bicorps trois ou cinq portes,Essence,55,75,1149,2026-08-08 22:47:30,,,,,,4,,"{""vehicleId"": 16104, ""manufacturerName"": ""RENAULT"", ""modelName"": ""CLIO II (BB_, CB_)"", ""typeEngineName"": ""1.2 16V (BB05, BB0W, BB11, BB27, BB2T, BB2U, BB2V, CB05,..."", ""constructionIntervalStart"": ""2001-06-01"", ""constructionIntervalEnd"": ""2016-08-01"", ""powerKw"": ""55.0000"", ""powerPs"": ""75.0000"", ""capacityTax"": null, ""fuelType"": ""Essence"", ""bodyType"": ""Berline bicorps trois ou cinq portes"", ""numberOfCylinders"": 4, ""capacityLt"": ""1.2000"", ""capacityTech"": ""1149.0000"", ""engineCodes"": ""D4F 712"", ""engId"": 16186}",RAPID-2722152
9aa9e9c8-f6fd-4ac2-810a-277d97b311c7,108625,RENAULT,"CLIO II (BB_, CB_)",2001,2016,"1.2 16V (BB05, BB0W, BB11, BB27, BB2T, BB2U, BB2V, CB05,...",16104,Berline bicorps trois ou cinq portes,Essence,55,75,1149,2026-08-08 22:47:30,,,,,,4,,"{""vehicleId"": 16104, ""manufacturerName"": ""RENAULT"", ""modelName"": ""CLIO II (BB_, CB_)"", ""typeEngineName"": ""1.2 16V (BB05, BB0W, BB11, BB27, BB2T, BB2U, BB2V, CB05,..."", ""constructionIntervalStart"": ""2001-06-01"", ""constructionIntervalEnd"": ""2016-08-01"", ""powerKw"": ""55.0000"", ""powerPs"": ""75.0000"", ""capacityTax"": null, ""fuelType"": ""Essence"", ""bodyType"": ""Berline bicorps trois ou cinq portes"", ""numberOfCylinders"": 4, ""capacityLt"": ""1.2000"", ""capacityTech"": ""1149.0000"", ""engineCodes"": ""D4F 712"", ""engId"": 16186}",RAPID-3611850
9ac9e3e0-acc2-4af3-a703-7985acf2af10,108264,RENAULT,"CLIO II (BB_, CB_)",2001,2016,"1.2 16V (BB05, BB0W, BB11, BB27, BB2T, BB2U, BB2V, CB05,...",16104,Berline bicorps trois ou cinq portes,Essence,55,75,1149,2026-08-08 22:47:30,,,,,,4,,"{""vehicleId"": 16104, ""manufacturerName"": ""RENAULT"", ""modelName"": ""CLIO II (BB_, CB_)"", ""typeEngineName"": ""1.2 16V (BB05, BB0W, BB11, BB27, BB2T, BB2U, BB2V, CB05,..."", ""constructionIntervalStart"": ""2001-06-01"", ""constructionIntervalEnd"": ""2016-08-01"", ""powerKw"": ""55.0000"", ""powerPs"": ""75.0000"", ""capacityTax"": null, ""fuelType"": ""Essence"", ""bodyType"": ""Berline bicorps trois ou cinq portes"", ""numberOfCylinders"": 4, ""capacityLt"": ""1.2000"", ""capacityTech"": ""1149.0000"", ""engineCodes"": ""D4F 712"", ""engId"": 16186}",RAPID-2512860
9b082ea1-b099-4343-b741-7f716fd7bcc6,108155,RENAULT,"CLIO II (BB_, CB_)",2001,2016,"1.2 16V (BB05, BB0W, BB11, BB27, BB2T, BB2U, BB2V, CB05,...",16104,Berline bicorps trois ou cinq portes,Essence,55,75,1149,2026-08-08 22:47:30,,,,,,4,,"{""vehicleId"": 16104, ""manufacturerName"": ""RENAULT"", ""modelName"": ""CLIO II (BB_, CB_)"", ""typeEngineName"": ""1.2 16V (BB05, BB0W, BB11, BB27, BB2T, BB2U, BB2V, CB05,..."", ""constructionIntervalStart"": ""2001-06-01"", ""constructionIntervalEnd"": ""2016-08-01"", ""powerKw"": ""55.0000"", ""powerPs"": ""75.0000"", ""capacityTax"": null, ""fuelType"": ""Essence"", ""bodyType"": ""Berline bicorps trois ou cinq portes"", ""numberOfCylinders"": 4, ""capacityLt"": ""1.2000"", ""capacityTech"": ""1149.0000"", ""engineCodes"": ""D4F 712"", ""engId"": 16186}",RAPID-51433062
9b1cd312-7df1-4769-bd11-d8c4f5ce2f24,108065,RENAULT,"CLIO II (BB_, CB_)",2001,2016,"1.2 16V (BB05, BB0W, BB11, BB27, BB2T, BB2U, BB2V, CB05,...",16104,Berline bicorps trois ou cinq portes,Essence,55,75,1149,2026-08-08 22:47:30,,,,,,4,,"{""vehicleId"": 16104, ""manufacturerName"": ""RENAULT"", ""modelName"": ""CLIO II (BB_, CB_)"", ""typeEngineName"": ""1.2 16V (BB05, BB0W, BB11, BB27, BB2T, BB2U, BB2V, CB05,..."", ""constructionIntervalStart"": ""2001-06-01"", ""constructionIntervalEnd"": ""2016-08-01"", ""powerKw"": ""55.0000"", ""powerPs"": ""75.0000"", ""capacityTax"": null, ""fuelType"": ""Essence"", ""bodyType"": ""Berline bicorps trois ou cinq portes"", ""numberOfCylinders"": 4, ""capacityLt"": ""1.2000"", ""capacityTech"": ""1149.0000"", ""engineCodes"": ""D4F 712"", ""engId"": 16186}",RAPID-737422
9b5fbf36-5e4d-489b-b2a1-580fe669b5bd,108850,RENAULT,"CLIO II (BB_, CB_)",2001,2016,"1.2 16V (BB05, BB0W, BB11, BB27, BB2T, BB2U, BB2V, CB05,...",16104,Berline bicorps trois ou cinq portes,Essence,55,75,1149,2026-08-08 22:47:30,,,,,,4,,"{""vehicleId"": 16104, ""manufacturerName"": ""RENAULT"", ""modelName"": ""CLIO II (BB_, CB_)"", ""typeEngineName"": ""1.2 16V (BB05, BB0W, BB11, BB27, BB2T, BB2U, BB2V, CB05,..."", ""constructionIntervalStart"": ""2001-06-01"", ""constructionIntervalEnd"": ""2016-08-01"", ""powerKw"": ""55.0000"", ""powerPs"": ""75.0000"", ""capacityTax"": null, ""fuelType"": ""Essence"", ""bodyType"": ""Berline bicorps trois ou cinq portes"", ""numberOfCylinders"": 4, ""capacityLt"": ""1.2000"", ""capacityTech"": ""1149.0000"", ""engineCodes"": ""D4F 712"", ""engId"": 16186}",RAPID-836017
9b98614c-f276-43cb-bbf2-cd059eece9bb,108729,RENAULT,"CLIO II (BB_, CB_)",2001,2016,"1.2 16V (BB05, BB0W, BB11, BB27, BB2T, BB2U, BB2V, CB05,...",16104,Berline bicorps trois ou cinq portes,Essence,55,75,1149,2026-08-08 22:47:30,,,,,,4,,"{""vehicleId"": 16104, ""manufacturerName"": ""RENAULT"", ""modelName"": ""CLIO II (BB_, CB_)"", ""typeEngineName"": ""1.2 16V (BB05, BB0W, BB11, BB27, BB2T, BB2U, BB2V, CB05,..."", ""constructionIntervalStart"": ""2001-06-01"", ""constructionIntervalEnd"": ""2016-08-01"", ""powerKw"": ""55.0000"", ""powerPs"": ""75.0000"", ""capacityTax"": null, ""fuelType"": ""Essence"", ""bodyType"": ""Berline bicorps trois ou cinq portes"", ""numberOfCylinders"": 4, ""capacityLt"": ""1.2000"", ""capacityTech"": ""1149.0000"", ""engineCodes"": ""D4F 712"", ""engId"": 16186}",RAPID-7650075
9be32305-8743-4786-962c-5c837e241286,108345,RENAULT,"CLIO II (BB_, CB_)",2001,2016,"1.2 16V (BB05, BB0W, BB11, BB27, BB2T, BB2U, BB2V, CB05,...",16104,Berline bicorps trois ou cinq portes,Essence,55,75,1149,2026-08-08 22:47:30,,,,,,4,,"{""vehicleId"": 16104, ""manufacturerName"": ""RENAULT"", ""modelName"": ""CLIO II (BB_, CB_)"", ""typeEngineName"": ""1.2 16V (BB05, BB0W, BB11, BB27, BB2T, BB2U, BB2V, CB05,..."", ""constructionIntervalStart"": ""2001-06-01"", ""constructionIntervalEnd"": ""2016-08-01"", ""powerKw"": ""55.0000"", ""powerPs"": ""75.0000"", ""capacityTax"": null, ""fuelType"": ""Essence"", ""bodyType"": ""Berline bicorps trois ou cinq portes"", ""numberOfCylinders"": 4, ""capacityLt"": ""1.2000"", ""capacityTech"": ""1149.0000"", ""engineCodes"": ""D4F 712"", ""engId"": 16186}",RAPID-6677577
9c0d2bcc-b70a-439d-847c-b7c17a3ef74e,108177,RENAULT,"CLIO II (BB_, CB_)",2001,2016,"1.2 16V (BB05, BB0W, BB11, BB27, BB2T, BB2U, BB2V, CB05,...",16104,Berline bicorps trois ou cinq portes,Essence,55,75,1149,2026-08-08 22:47:30,,,,,,4,,"{""vehicleId"": 16104, ""manufacturerName"": ""RENAULT"", ""modelName"": ""CLIO II (BB_, CB_)"", ""typeEngineName"": ""1.2 16V (BB05, BB0W, BB11, BB27, BB2T, BB2U, BB2V, CB05,..."", ""constructionIntervalStart"": ""2001-06-01"", ""constructionIntervalEnd"": ""2016-08-01"", ""powerKw"": ""55.0000"", ""powerPs"": ""75.0000"", ""capacityTax"": null, ""fuelType"": ""Essence"", ""bodyType"": ""Berline bicorps trois ou cinq portes"", ""numberOfCylinders"": 4, ""capacityLt"": ""1.2000"", ""capacityTech"": ""1149.0000"", ""engineCodes"": ""D4F 712"", ""engId"": 16186}",RAPID-8956981
9c139c57-4421-4951-9cd9-7d6516581a91,108823,RENAULT,"CLIO II (BB_, CB_)",2001,2016,"1.2 16V (BB05, BB0W, BB11, BB27, BB2T, BB2U, BB2V, CB05,...",16104,Berline bicorps trois ou cinq portes,Essence,55,75,1149,2026-08-08 22:47:30,,,,,,4,,"{""vehicleId"": 16104, ""manufacturerName"": ""RENAULT"", ""modelName"": ""CLIO II (BB_, CB_)"", ""typeEngineName"": ""1.2 16V (BB05, BB0W, BB11, BB27, BB2T, BB2U, BB2V, CB05,..."", ""constructionIntervalStart"": ""2001-06-01"", ""constructionIntervalEnd"": ""2016-08-01"", ""powerKw"": ""55.0000"", ""powerPs"": ""75.0000"", ""capacityTax"": null, ""fuelType"": ""Essence"", ""bodyType"": ""Berline bicorps trois ou cinq portes"", ""numberOfCylinders"": 4, ""capacityLt"": ""1.2000"", ""capacityTech"": ""1149.0000"", ""engineCodes"": ""D4F 712"", ""engId"": 16186}",RAPID-9110356
9c57c5b9-358c-4fae-8a3f-847f90356e18,108216,RENAULT,"CLIO II (BB_, CB_)",2001,2016,"1.2 16V (BB05, BB0W, BB11, BB27, BB2T, BB2U, BB2V, CB05,...",16104,Berline bicorps trois ou cinq portes,Essence,55,75,1149,2026-08-08 22:47:30,,,,,,4,,"{""vehicleId"": 16104, ""manufacturerName"": ""RENAULT"", ""modelName"": ""CLIO II (BB_, CB_)"", ""typeEngineName"": ""1.2 16V (BB05, BB0W, BB11, BB27, BB2T, BB2U, BB2V, CB05,..."", ""constructionIntervalStart"": ""2001-06-01"", ""constructionIntervalEnd"": ""2016-08-01"", ""powerKw"": ""55.0000"", ""powerPs"": ""75.0000"", ""capacityTax"": null, ""fuelType"": ""Essence"", ""bodyType"": ""Berline bicorps trois ou cinq portes"", ""numberOfCylinders"": 4, ""capacityLt"": ""1.2000"", ""capacityTech"": ""1149.0000"", ""engineCodes"": ""D4F 712"", ""engId"": 16186}",RAPID-5596840
9d2752cf-95e8-4691-9f30-b39cae9daf81,108652,RENAULT,"CLIO II (BB_, CB_)",2001,2016,"1.2 16V (BB05, BB0W, BB11, BB27, BB2T, BB2U, BB2V, CB05,...",16104,Berline bicorps trois ou cinq portes,Essence,55,75,1149,2026-08-08 22:47:30,,,,,,4,,"{""vehicleId"": 16104, ""manufacturerName"": ""RENAULT"", ""modelName"": ""CLIO II (BB_, CB_)"", ""typeEngineName"": ""1.2 16V (BB05, BB0W, BB11, BB27, BB2T, BB2U, BB2V, CB05,..."", ""constructionIntervalStart"": ""2001-06-01"", ""constructionIntervalEnd"": ""2016-08-01"", ""powerKw"": ""55.0000"", ""powerPs"": ""75.0000"", ""capacityTax"": null, ""fuelType"": ""Essence"", ""bodyType"": ""Berline bicorps trois ou cinq portes"", ""numberOfCylinders"": 4, ""capacityLt"": ""1.2000"", ""capacityTech"": ""1149.0000"", ""engineCodes"": ""D4F 712"", ""engId"": 16186}",RAPID-6467360
9d2da6ca-8239-40a6-91d4-bcdd0072f2fe,108725,RENAULT,"CLIO II (BB_, CB_)",2001,2016,"1.2 16V (BB05, BB0W, BB11, BB27, BB2T, BB2U, BB2V, CB05,...",16104,Berline bicorps trois ou cinq portes,Essence,55,75,1149,2026-08-08 22:47:30,,,,,,4,,"{""vehicleId"": 16104, ""manufacturerName"": ""RENAULT"", ""modelName"": ""CLIO II (BB_, CB_)"", ""typeEngineName"": ""1.2 16V (BB05, BB0W, BB11, BB27, BB2T, BB2U, BB2V, CB05,..."", ""constructionIntervalStart"": ""2001-06-01"", ""constructionIntervalEnd"": ""2016-08-01"", ""powerKw"": ""55.0000"", ""powerPs"": ""75.0000"", ""capacityTax"": null, ""fuelType"": ""Essence"", ""bodyType"": ""Berline bicorps trois ou cinq portes"", ""numberOfCylinders"": 4, ""capacityLt"": ""1.2000"", ""capacityTech"": ""1149.0000"", ""engineCodes"": ""D4F 712"", ""engId"": 16186}",RAPID-7650092
9d338e47-cf83-4209-92fb-7f42fb2bb8ad,108407,RENAULT,"CLIO II (BB_, CB_)",2001,2016,"1.2 16V (BB05, BB0W, BB11, BB27, BB2T, BB2U, BB2V, CB05,...",16104,Berline bicorps trois ou cinq portes,Essence,55,75,1149,2026-08-08 22:47:30,,,,,,4,,"{""vehicleId"": 16104, ""manufacturerName"": ""RENAULT"", ""modelName"": ""CLIO II (BB_, CB_)"", ""typeEngineName"": ""1.2 16V (BB05, BB0W, BB11, BB27, BB2T, BB2U, BB2V, CB05,..."", ""constructionIntervalStart"": ""2001-06-01"", ""constructionIntervalEnd"": ""2016-08-01"", ""powerKw"": ""55.0000"", ""powerPs"": ""75.0000"", ""capacityTax"": null, ""fuelType"": ""Essence"", ""bodyType"": ""Berline bicorps trois ou cinq portes"", ""numberOfCylinders"": 4, ""capacityLt"": ""1.2000"", ""capacityTech"": ""1149.0000"", ""engineCodes"": ""D4F 712"", ""engId"": 16186}",RAPID-76752650
9d63ab7b-eeda-40cc-8165-ae9ed0fdce57,108584,RENAULT,"CLIO II (BB_, CB_)",2001,2016,"1.2 16V (BB05, BB0W, BB11, BB27, BB2T, BB2U, BB2V, CB05,...",16104,Berline bicorps trois ou cinq portes,Essence,55,75,1149,2026-08-08 22:47:30,,,,,,4,,"{""vehicleId"": 16104, ""manufacturerName"": ""RENAULT"", ""modelName"": ""CLIO II (BB_, CB_)"", ""typeEngineName"": ""1.2 16V (BB05, BB0W, BB11, BB27, BB2T, BB2U, BB2V, CB05,..."", ""constructionIntervalStart"": ""2001-06-01"", ""constructionIntervalEnd"": ""2016-08-01"", ""powerKw"": ""55.0000"", ""powerPs"": ""75.0000"", ""capacityTax"": null, ""fuelType"": ""Essence"", ""bodyType"": ""Berline bicorps trois ou cinq portes"", ""numberOfCylinders"": 4, ""capacityLt"": ""1.2000"", ""capacityTech"": ""1149.0000"", ""engineCodes"": ""D4F 712"", ""engId"": 16186}",RAPID-3031795
9d7380bb-b38a-4eb4-84d6-6ca118d9eef9,108082,RENAULT,"CLIO II (BB_, CB_)",2001,2016,"1.2 16V (BB05, BB0W, BB11, BB27, BB2T, BB2U, BB2V, CB05,...",16104,Berline bicorps trois ou cinq portes,Essence,55,75,1149,2026-08-08 22:47:30,,,,,,4,,"{""vehicleId"": 16104, ""manufacturerName"": ""RENAULT"", ""modelName"": ""CLIO II (BB_, CB_)"", ""typeEngineName"": ""1.2 16V (BB05, BB0W, BB11, BB27, BB2T, BB2U, BB2V, CB05,..."", ""constructionIntervalStart"": ""2001-06-01"", ""constructionIntervalEnd"": ""2016-08-01"", ""powerKw"": ""55.0000"", ""powerPs"": ""75.0000"", ""capacityTax"": null, ""fuelType"": ""Essence"", ""bodyType"": ""Berline bicorps trois ou cinq portes"", ""numberOfCylinders"": 4, ""capacityLt"": ""1.2000"", ""capacityTech"": ""1149.0000"", ""engineCodes"": ""D4F 712"", ""engId"": 16186}",RAPID-1497774
9d8bef2a-c7ec-41fa-be3b-d27055f85adc,108734,RENAULT,"CLIO II (BB_, CB_)",2001,2016,"1.2 16V (BB05, BB0W, BB11, BB27, BB2T, BB2U, BB2V, CB05,...",16104,Berline bicorps trois ou cinq portes,Essence,55,75,1149,2026-08-08 22:47:30,,,,,,4,,"{""vehicleId"": 16104, ""manufacturerName"": ""RENAULT"", ""modelName"": ""CLIO II (BB_, CB_)"", ""typeEngineName"": ""1.2 16V (BB05, BB0W, BB11, BB27, BB2T, BB2U, BB2V, CB05,..."", ""constructionIntervalStart"": ""2001-06-01"", ""constructionIntervalEnd"": ""2016-08-01"", ""powerKw"": ""55.0000"", ""powerPs"": ""75.0000"", ""capacityTax"": null, ""fuelType"": ""Essence"", ""bodyType"": ""Berline bicorps trois ou cinq portes"", ""numberOfCylinders"": 4, ""capacityLt"": ""1.2000"", ""capacityTech"": ""1149.0000"", ""engineCodes"": ""D4F 712"", ""engId"": 16186}",RAPID-25508648
9ddc8d8f-8f7a-4502-a0b9-3ad1061d1a52,108172,RENAULT,"CLIO II (BB_, CB_)",2001,2016,"1.2 16V (BB05, BB0W, BB11, BB27, BB2T, BB2U, BB2V, CB05,...",16104,Berline bicorps trois ou cinq portes,Essence,55,75,1149,2026-08-08 22:47:30,,,,,,4,,"{""vehicleId"": 16104, ""manufacturerName"": ""RENAULT"", ""modelName"": ""CLIO II (BB_, CB_)"", ""typeEngineName"": ""1.2 16V (BB05, BB0W, BB11, BB27, BB2T, BB2U, BB2V, CB05,..."", ""constructionIntervalStart"": ""2001-06-01"", ""constructionIntervalEnd"": ""2016-08-01"", ""powerKw"": ""55.0000"", ""powerPs"": ""75.0000"", ""capacityTax"": null, ""fuelType"": ""Essence"", ""bodyType"": ""Berline bicorps trois ou cinq portes"", ""numberOfCylinders"": 4, ""capacityLt"": ""1.2000"", ""capacityTech"": ""1149.0000"", ""engineCodes"": ""D4F 712"", ""engId"": 16186}",RAPID-13569324
9dddcb21-da0f-4649-9335-8f2a12e21c08,108378,RENAULT,"CLIO II (BB_, CB_)",2001,2016,"1.2 16V (BB05, BB0W, BB11, BB27, BB2T, BB2U, BB2V, CB05,...",16104,Berline bicorps trois ou cinq portes,Essence,55,75,1149,2026-08-08 22:47:30,,,,,,4,,"{""vehicleId"": 16104, ""manufacturerName"": ""RENAULT"", ""modelName"": ""CLIO II (BB_, CB_)"", ""typeEngineName"": ""1.2 16V (BB05, BB0W, BB11, BB27, BB2T, BB2U, BB2V, CB05,..."", ""constructionIntervalStart"": ""2001-06-01"", ""constructionIntervalEnd"": ""2016-08-01"", ""powerKw"": ""55.0000"", ""powerPs"": ""75.0000"", ""capacityTax"": null, ""fuelType"": ""Essence"", ""bodyType"": ""Berline bicorps trois ou cinq portes"", ""numberOfCylinders"": 4, ""capacityLt"": ""1.2000"", ""capacityTech"": ""1149.0000"", ""engineCodes"": ""D4F 712"", ""engId"": 16186}",RAPID-1506334
9ef04f67-ad1a-42ce-b51c-6a8492c22300,108662,RENAULT,"CLIO II (BB_, CB_)",2001,2016,"1.2 16V (BB05, BB0W, BB11, BB27, BB2T, BB2U, BB2V, CB05,...",16104,Berline bicorps trois ou cinq portes,Essence,55,75,1149,2026-08-08 22:47:30,,,,,,4,,"{""vehicleId"": 16104, ""manufacturerName"": ""RENAULT"", ""modelName"": ""CLIO II (BB_, CB_)"", ""typeEngineName"": ""1.2 16V (BB05, BB0W, BB11, BB27, BB2T, BB2U, BB2V, CB05,..."", ""constructionIntervalStart"": ""2001-06-01"", ""constructionIntervalEnd"": ""2016-08-01"", ""powerKw"": ""55.0000"", ""powerPs"": ""75.0000"", ""capacityTax"": null, ""fuelType"": ""Essence"", ""bodyType"": ""Berline bicorps trois ou cinq portes"", ""numberOfCylinders"": 4, ""capacityLt"": ""1.2000"", ""capacityTech"": ""1149.0000"", ""engineCodes"": ""D4F 712"", ""engId"": 16186}",RAPID-9665022
9f0643b0-5859-47fe-a48a-af01f5d0764c,108299,RENAULT,"CLIO II (BB_, CB_)",2001,2016,"1.2 16V (BB05, BB0W, BB11, BB27, BB2T, BB2U, BB2V, CB05,...",16104,Berline bicorps trois ou cinq portes,Essence,55,75,1149,2026-08-08 22:47:30,,,,,,4,,"{""vehicleId"": 16104, ""manufacturerName"": ""RENAULT"", ""modelName"": ""CLIO II (BB_, CB_)"", ""typeEngineName"": ""1.2 16V (BB05, BB0W, BB11, BB27, BB2T, BB2U, BB2V, CB05,..."", ""constructionIntervalStart"": ""2001-06-01"", ""constructionIntervalEnd"": ""2016-08-01"", ""powerKw"": ""55.0000"", ""powerPs"": ""75.0000"", ""capacityTax"": null, ""fuelType"": ""Essence"", ""bodyType"": ""Berline bicorps trois ou cinq portes"", ""numberOfCylinders"": 4, ""capacityLt"": ""1.2000"", ""capacityTech"": ""1149.0000"", ""engineCodes"": ""D4F 712"", ""engId"": 16186}",RAPID-4612481
9f0ba890-f03a-4e4e-9af2-0d692ea48ae3,108533,RENAULT,"CLIO II (BB_, CB_)",2001,2016,"1.2 16V (BB05, BB0W, BB11, BB27, BB2T, BB2U, BB2V, CB05,...",16104,Berline bicorps trois ou cinq portes,Essence,55,75,1149,2026-08-08 22:47:30,,,,,,4,,"{""vehicleId"": 16104, ""manufacturerName"": ""RENAULT"", ""modelName"": ""CLIO II (BB_, CB_)"", ""typeEngineName"": ""1.2 16V (BB05, BB0W, BB11, BB27, BB2T, BB2U, BB2V, CB05,..."", ""constructionIntervalStart"": ""2001-06-01"", ""constructionIntervalEnd"": ""2016-08-01"", ""powerKw"": ""55.0000"", ""powerPs"": ""75.0000"", ""capacityTax"": null, ""fuelType"": ""Essence"", ""bodyType"": ""Berline bicorps trois ou cinq portes"", ""numberOfCylinders"": 4, ""capacityLt"": ""1.2000"", ""capacityTech"": ""1149.0000"", ""engineCodes"": ""D4F 712"", ""engId"": 16186}",RAPID-2717433
9f16c2f5-6231-4855-b926-6756b798f1d5,108330,RENAULT,"CLIO II (BB_, CB_)",2001,2016,"1.2 16V (BB05, BB0W, BB11, BB27, BB2T, BB2U, BB2V, CB05,...",16104,Berline bicorps trois ou cinq portes,Essence,55,75,1149,2026-08-08 22:47:30,,,,,,4,,"{""vehicleId"": 16104, ""manufacturerName"": ""RENAULT"", ""modelName"": ""CLIO II (BB_, CB_)"", ""typeEngineName"": ""1.2 16V (BB05, BB0W, BB11, BB27, BB2T, BB2U, BB2V, CB05,..."", ""constructionIntervalStart"": ""2001-06-01"", ""constructionIntervalEnd"": ""2016-08-01"", ""powerKw"": ""55.0000"", ""powerPs"": ""75.0000"", ""capacityTax"": null, ""fuelType"": ""Essence"", ""bodyType"": ""Berline bicorps trois ou cinq portes"", ""numberOfCylinders"": 4, ""capacityLt"": ""1.2000"", ""capacityTech"": ""1149.0000"", ""engineCodes"": ""D4F 712"", ""engId"": 16186}",RAPID-6489512
9f4de43c-34ff-483d-90a1-333a827518e0,108462,RENAULT,"CLIO II (BB_, CB_)",2001,2016,"1.2 16V (BB05, BB0W, BB11, BB27, BB2T, BB2U, BB2V, CB05,...",16104,Berline bicorps trois ou cinq portes,Essence,55,75,1149,2026-08-08 22:47:30,,,,,,4,,"{""vehicleId"": 16104, ""manufacturerName"": ""RENAULT"", ""modelName"": ""CLIO II (BB_, CB_)"", ""typeEngineName"": ""1.2 16V (BB05, BB0W, BB11, BB27, BB2T, BB2U, BB2V, CB05,..."", ""constructionIntervalStart"": ""2001-06-01"", ""constructionIntervalEnd"": ""2016-08-01"", ""powerKw"": ""55.0000"", ""powerPs"": ""75.0000"", ""capacityTax"": null, ""fuelType"": ""Essence"", ""bodyType"": ""Berline bicorps trois ou cinq portes"", ""numberOfCylinders"": 4, ""capacityLt"": ""1.2000"", ""capacityTech"": ""1149.0000"", ""engineCodes"": ""D4F 712"", ""engId"": 16186}",RAPID-2400341
9fbc76f1-224a-4f1f-b1d2-bc12ae386f9c,108752,RENAULT,"CLIO II (BB_, CB_)",2001,2016,"1.2 16V (BB05, BB0W, BB11, BB27, BB2T, BB2U, BB2V, CB05,...",16104,Berline bicorps trois ou cinq portes,Essence,55,75,1149,2026-08-08 22:47:30,,,,,,4,,"{""vehicleId"": 16104, ""manufacturerName"": ""RENAULT"", ""modelName"": ""CLIO II (BB_, CB_)"", ""typeEngineName"": ""1.2 16V (BB05, BB0W, BB11, BB27, BB2T, BB2U, BB2V, CB05,..."", ""constructionIntervalStart"": ""2001-06-01"", ""constructionIntervalEnd"": ""2016-08-01"", ""powerKw"": ""55.0000"", ""powerPs"": ""75.0000"", ""capacityTax"": null, ""fuelType"": ""Essence"", ""bodyType"": ""Berline bicorps trois ou cinq portes"", ""numberOfCylinders"": 4, ""capacityLt"": ""1.2000"", ""capacityTech"": ""1149.0000"", ""engineCodes"": ""D4F 712"", ""engId"": 16186}",RAPID-1776608
9ff54049-899a-484f-9437-a8dbaf89a737,108566,RENAULT,"CLIO II (BB_, CB_)",2001,2016,"1.2 16V (BB05, BB0W, BB11, BB27, BB2T, BB2U, BB2V, CB05,...",16104,Berline bicorps trois ou cinq portes,Essence,55,75,1149,2026-08-08 22:47:30,,,,,,4,,"{""vehicleId"": 16104, ""manufacturerName"": ""RENAULT"", ""modelName"": ""CLIO II (BB_, CB_)"", ""typeEngineName"": ""1.2 16V (BB05, BB0W, BB11, BB27, BB2T, BB2U, BB2V, CB05,..."", ""constructionIntervalStart"": ""2001-06-01"", ""constructionIntervalEnd"": ""2016-08-01"", ""powerKw"": ""55.0000"", ""powerPs"": ""75.0000"", ""capacityTax"": null, ""fuelType"": ""Essence"", ""bodyType"": ""Berline bicorps trois ou cinq portes"", ""numberOfCylinders"": 4, ""capacityLt"": ""1.2000"", ""capacityTech"": ""1149.0000"", ""engineCodes"": ""D4F 712"", ""engId"": 16186}",RAPID-19144023
a0f908fa-b889-4825-b938-ba4acb285055,108417,RENAULT,"CLIO II (BB_, CB_)",2001,2016,"1.2 16V (BB05, BB0W, BB11, BB27, BB2T, BB2U, BB2V, CB05,...",16104,Berline bicorps trois ou cinq portes,Essence,55,75,1149,2026-08-08 22:47:30,,,,,,4,,"{""vehicleId"": 16104, ""manufacturerName"": ""RENAULT"", ""modelName"": ""CLIO II (BB_, CB_)"", ""typeEngineName"": ""1.2 16V (BB05, BB0W, BB11, BB27, BB2T, BB2U, BB2V, CB05,..."", ""constructionIntervalStart"": ""2001-06-01"", ""constructionIntervalEnd"": ""2016-08-01"", ""powerKw"": ""55.0000"", ""powerPs"": ""75.0000"", ""capacityTax"": null, ""fuelType"": ""Essence"", ""bodyType"": ""Berline bicorps trois ou cinq portes"", ""numberOfCylinders"": 4, ""capacityLt"": ""1.2000"", ""capacityTech"": ""1149.0000"", ""engineCodes"": ""D4F 712"", ""engId"": 16186}",RAPID-168655
a151e581-20f0-4804-94cb-bfe10fbf7154,108137,RENAULT,"CLIO II (BB_, CB_)",2001,2016,"1.2 16V (BB05, BB0W, BB11, BB27, BB2T, BB2U, BB2V, CB05,...",16104,Berline bicorps trois ou cinq portes,Essence,55,75,1149,2026-08-08 22:47:30,,,,,,4,,"{""vehicleId"": 16104, ""manufacturerName"": ""RENAULT"", ""modelName"": ""CLIO II (BB_, CB_)"", ""typeEngineName"": ""1.2 16V (BB05, BB0W, BB11, BB27, BB2T, BB2U, BB2V, CB05,..."", ""constructionIntervalStart"": ""2001-06-01"", ""constructionIntervalEnd"": ""2016-08-01"", ""powerKw"": ""55.0000"", ""powerPs"": ""75.0000"", ""capacityTax"": null, ""fuelType"": ""Essence"", ""bodyType"": ""Berline bicorps trois ou cinq portes"", ""numberOfCylinders"": 4, ""capacityLt"": ""1.2000"", ""capacityTech"": ""1149.0000"", ""engineCodes"": ""D4F 712"", ""engId"": 16186}",RAPID-869875
a252a7d3-36d8-4ce7-9fe6-0425cf2917ab,108789,RENAULT,"CLIO II (BB_, CB_)",2001,2016,"1.2 16V (BB05, BB0W, BB11, BB27, BB2T, BB2U, BB2V, CB05,...",16104,Berline bicorps trois ou cinq portes,Essence,55,75,1149,2026-08-08 22:47:30,,,,,,4,,"{""vehicleId"": 16104, ""manufacturerName"": ""RENAULT"", ""modelName"": ""CLIO II (BB_, CB_)"", ""typeEngineName"": ""1.2 16V (BB05, BB0W, BB11, BB27, BB2T, BB2U, BB2V, CB05,..."", ""constructionIntervalStart"": ""2001-06-01"", ""constructionIntervalEnd"": ""2016-08-01"", ""powerKw"": ""55.0000"", ""powerPs"": ""75.0000"", ""capacityTax"": null, ""fuelType"": ""Essence"", ""bodyType"": ""Berline bicorps trois ou cinq portes"", ""numberOfCylinders"": 4, ""capacityLt"": ""1.2000"", ""capacityTech"": ""1149.0000"", ""engineCodes"": ""D4F 712"", ""engId"": 16186}",RAPID-2477992
a37d000d-ffa5-4061-a5b7-2fe85b947fb2,108403,RENAULT,"CLIO II (BB_, CB_)",2001,2016,"1.2 16V (BB05, BB0W, BB11, BB27, BB2T, BB2U, BB2V, CB05,...",16104,Berline bicorps trois ou cinq portes,Essence,55,75,1149,2026-08-08 22:47:30,,,,,,4,,"{""vehicleId"": 16104, ""manufacturerName"": ""RENAULT"", ""modelName"": ""CLIO II (BB_, CB_)"", ""typeEngineName"": ""1.2 16V (BB05, BB0W, BB11, BB27, BB2T, BB2U, BB2V, CB05,..."", ""constructionIntervalStart"": ""2001-06-01"", ""constructionIntervalEnd"": ""2016-08-01"", ""powerKw"": ""55.0000"", ""powerPs"": ""75.0000"", ""capacityTax"": null, ""fuelType"": ""Essence"", ""bodyType"": ""Berline bicorps trois ou cinq portes"", ""numberOfCylinders"": 4, ""capacityLt"": ""1.2000"", ""capacityTech"": ""1149.0000"", ""engineCodes"": ""D4F 712"", ""engId"": 16186}",RAPID-12445587
a394f346-020a-443b-bd44-0788b6c43e6f,108678,RENAULT,"CLIO II (BB_, CB_)",2001,2016,"1.2 16V (BB05, BB0W, BB11, BB27, BB2T, BB2U, BB2V, CB05,...",16104,Berline bicorps trois ou cinq portes,Essence,55,75,1149,2026-08-08 22:47:30,,,,,,4,,"{""vehicleId"": 16104, ""manufacturerName"": ""RENAULT"", ""modelName"": ""CLIO II (BB_, CB_)"", ""typeEngineName"": ""1.2 16V (BB05, BB0W, BB11, BB27, BB2T, BB2U, BB2V, CB05,..."", ""constructionIntervalStart"": ""2001-06-01"", ""constructionIntervalEnd"": ""2016-08-01"", ""powerKw"": ""55.0000"", ""powerPs"": ""75.0000"", ""capacityTax"": null, ""fuelType"": ""Essence"", ""bodyType"": ""Berline bicorps trois ou cinq portes"", ""numberOfCylinders"": 4, ""capacityLt"": ""1.2000"", ""capacityTech"": ""1149.0000"", ""engineCodes"": ""D4F 712"", ""engId"": 16186}",RAPID-22774988
a43e2cea-ddf8-479e-a8fc-c62d995f491a,108511,RENAULT,"CLIO II (BB_, CB_)",2001,2016,"1.2 16V (BB05, BB0W, BB11, BB27, BB2T, BB2U, BB2V, CB05,...",16104,Berline bicorps trois ou cinq portes,Essence,55,75,1149,2026-08-08 22:47:30,,,,,,4,,"{""vehicleId"": 16104, ""manufacturerName"": ""RENAULT"", ""modelName"": ""CLIO II (BB_, CB_)"", ""typeEngineName"": ""1.2 16V (BB05, BB0W, BB11, BB27, BB2T, BB2U, BB2V, CB05,..."", ""constructionIntervalStart"": ""2001-06-01"", ""constructionIntervalEnd"": ""2016-08-01"", ""powerKw"": ""55.0000"", ""powerPs"": ""75.0000"", ""capacityTax"": null, ""fuelType"": ""Essence"", ""bodyType"": ""Berline bicorps trois ou cinq portes"", ""numberOfCylinders"": 4, ""capacityLt"": ""1.2000"", ""capacityTech"": ""1149.0000"", ""engineCodes"": ""D4F 712"", ""engId"": 16186}",RAPID-9693155
a444ee2c-ed39-45e3-af4e-a3eedf3ba0d5,108781,RENAULT,"CLIO II (BB_, CB_)",2001,2016,"1.2 16V (BB05, BB0W, BB11, BB27, BB2T, BB2U, BB2V, CB05,...",16104,Berline bicorps trois ou cinq portes,Essence,55,75,1149,2026-08-08 22:47:30,,,,,,4,,"{""vehicleId"": 16104, ""manufacturerName"": ""RENAULT"", ""modelName"": ""CLIO II (BB_, CB_)"", ""typeEngineName"": ""1.2 16V (BB05, BB0W, BB11, BB27, BB2T, BB2U, BB2V, CB05,..."", ""constructionIntervalStart"": ""2001-06-01"", ""constructionIntervalEnd"": ""2016-08-01"", ""powerKw"": ""55.0000"", ""powerPs"": ""75.0000"", ""capacityTax"": null, ""fuelType"": ""Essence"", ""bodyType"": ""Berline bicorps trois ou cinq portes"", ""numberOfCylinders"": 4, ""capacityLt"": ""1.2000"", ""capacityTech"": ""1149.0000"", ""engineCodes"": ""D4F 712"", ""engId"": 16186}",RAPID-2477867
a48ae133-a86a-4267-84f1-2a2390ee0a10,108598,RENAULT,"CLIO II (BB_, CB_)",2001,2016,"1.2 16V (BB05, BB0W, BB11, BB27, BB2T, BB2U, BB2V, CB05,...",16104,Berline bicorps trois ou cinq portes,Essence,55,75,1149,2026-08-08 22:47:30,,,,,,4,,"{""vehicleId"": 16104, ""manufacturerName"": ""RENAULT"", ""modelName"": ""CLIO II (BB_, CB_)"", ""typeEngineName"": ""1.2 16V (BB05, BB0W, BB11, BB27, BB2T, BB2U, BB2V, CB05,..."", ""constructionIntervalStart"": ""2001-06-01"", ""constructionIntervalEnd"": ""2016-08-01"", ""powerKw"": ""55.0000"", ""powerPs"": ""75.0000"", ""capacityTax"": null, ""fuelType"": ""Essence"", ""bodyType"": ""Berline bicorps trois ou cinq portes"", ""numberOfCylinders"": 4, ""capacityLt"": ""1.2000"", ""capacityTech"": ""1149.0000"", ""engineCodes"": ""D4F 712"", ""engId"": 16186}",RAPID-3032873
a4cccc99-db28-47a4-be63-130175ad7438,108101,RENAULT,"CLIO II (BB_, CB_)",2001,2016,"1.2 16V (BB05, BB0W, BB11, BB27, BB2T, BB2U, BB2V, CB05,...",16104,Berline bicorps trois ou cinq portes,Essence,55,75,1149,2026-08-08 22:47:30,,,,,,4,,"{""vehicleId"": 16104, ""manufacturerName"": ""RENAULT"", ""modelName"": ""CLIO II (BB_, CB_)"", ""typeEngineName"": ""1.2 16V (BB05, BB0W, BB11, BB27, BB2T, BB2U, BB2V, CB05,..."", ""constructionIntervalStart"": ""2001-06-01"", ""constructionIntervalEnd"": ""2016-08-01"", ""powerKw"": ""55.0000"", ""powerPs"": ""75.0000"", ""capacityTax"": null, ""fuelType"": ""Essence"", ""bodyType"": ""Berline bicorps trois ou cinq portes"", ""numberOfCylinders"": 4, ""capacityLt"": ""1.2000"", ""capacityTech"": ""1149.0000"", ""engineCodes"": ""D4F 712"", ""engId"": 16186}",RAPID-8249595
a4d4cc74-59f5-48d6-a10e-49f8a366ba86,108658,RENAULT,"CLIO II (BB_, CB_)",2001,2016,"1.2 16V (BB05, BB0W, BB11, BB27, BB2T, BB2U, BB2V, CB05,...",16104,Berline bicorps trois ou cinq portes,Essence,55,75,1149,2026-08-08 22:47:30,,,,,,4,,"{""vehicleId"": 16104, ""manufacturerName"": ""RENAULT"", ""modelName"": ""CLIO II (BB_, CB_)"", ""typeEngineName"": ""1.2 16V (BB05, BB0W, BB11, BB27, BB2T, BB2U, BB2V, CB05,..."", ""constructionIntervalStart"": ""2001-06-01"", ""constructionIntervalEnd"": ""2016-08-01"", ""powerKw"": ""55.0000"", ""powerPs"": ""75.0000"", ""capacityTax"": null, ""fuelType"": ""Essence"", ""bodyType"": ""Berline bicorps trois ou cinq portes"", ""numberOfCylinders"": 4, ""capacityLt"": ""1.2000"", ""capacityTech"": ""1149.0000"", ""engineCodes"": ""D4F 712"", ""engId"": 16186}",RAPID-6467376
a541e58f-dd2f-4206-965c-b09189a6f6bb,108739,RENAULT,"CLIO II (BB_, CB_)",2001,2016,"1.2 16V (BB05, BB0W, BB11, BB27, BB2T, BB2U, BB2V, CB05,...",16104,Berline bicorps trois ou cinq portes,Essence,55,75,1149,2026-08-08 22:47:30,,,,,,4,,"{""vehicleId"": 16104, ""manufacturerName"": ""RENAULT"", ""modelName"": ""CLIO II (BB_, CB_)"", ""typeEngineName"": ""1.2 16V (BB05, BB0W, BB11, BB27, BB2T, BB2U, BB2V, CB05,..."", ""constructionIntervalStart"": ""2001-06-01"", ""constructionIntervalEnd"": ""2016-08-01"", ""powerKw"": ""55.0000"", ""powerPs"": ""75.0000"", ""capacityTax"": null, ""fuelType"": ""Essence"", ""bodyType"": ""Berline bicorps trois ou cinq portes"", ""numberOfCylinders"": 4, ""capacityLt"": ""1.2000"", ""capacityTech"": ""1149.0000"", ""engineCodes"": ""D4F 712"", ""engId"": 16186}",RAPID-22186422
a583a133-5c2e-4bb6-8739-bc6579f120db,108575,RENAULT,"CLIO II (BB_, CB_)",2001,2016,"1.2 16V (BB05, BB0W, BB11, BB27, BB2T, BB2U, BB2V, CB05,...",16104,Berline bicorps trois ou cinq portes,Essence,55,75,1149,2026-08-08 22:47:30,,,,,,4,,"{""vehicleId"": 16104, ""manufacturerName"": ""RENAULT"", ""modelName"": ""CLIO II (BB_, CB_)"", ""typeEngineName"": ""1.2 16V (BB05, BB0W, BB11, BB27, BB2T, BB2U, BB2V, CB05,..."", ""constructionIntervalStart"": ""2001-06-01"", ""constructionIntervalEnd"": ""2016-08-01"", ""powerKw"": ""55.0000"", ""powerPs"": ""75.0000"", ""capacityTax"": null, ""fuelType"": ""Essence"", ""bodyType"": ""Berline bicorps trois ou cinq portes"", ""numberOfCylinders"": 4, ""capacityLt"": ""1.2000"", ""capacityTech"": ""1149.0000"", ""engineCodes"": ""D4F 712"", ""engId"": 16186}",RAPID-107710
a5b3ae5e-7784-4d87-a108-68df2ccbb9cf,108391,RENAULT,"CLIO II (BB_, CB_)",2001,2016,"1.2 16V (BB05, BB0W, BB11, BB27, BB2T, BB2U, BB2V, CB05,...",16104,Berline bicorps trois ou cinq portes,Essence,55,75,1149,2026-08-08 22:47:30,,,,,,4,,"{""vehicleId"": 16104, ""manufacturerName"": ""RENAULT"", ""modelName"": ""CLIO II (BB_, CB_)"", ""typeEngineName"": ""1.2 16V (BB05, BB0W, BB11, BB27, BB2T, BB2U, BB2V, CB05,..."", ""constructionIntervalStart"": ""2001-06-01"", ""constructionIntervalEnd"": ""2016-08-01"", ""powerKw"": ""55.0000"", ""powerPs"": ""75.0000"", ""capacityTax"": null, ""fuelType"": ""Essence"", ""bodyType"": ""Berline bicorps trois ou cinq portes"", ""numberOfCylinders"": 4, ""capacityLt"": ""1.2000"", ""capacityTech"": ""1149.0000"", ""engineCodes"": ""D4F 712"", ""engId"": 16186}",RAPID-15622509
a5f205d7-7c7e-4087-a4f5-b0ec30de68f4,108802,RENAULT,"CLIO II (BB_, CB_)",2001,2016,"1.2 16V (BB05, BB0W, BB11, BB27, BB2T, BB2U, BB2V, CB05,...",16104,Berline bicorps trois ou cinq portes,Essence,55,75,1149,2026-08-08 22:47:30,,,,,,4,,"{""vehicleId"": 16104, ""manufacturerName"": ""RENAULT"", ""modelName"": ""CLIO II (BB_, CB_)"", ""typeEngineName"": ""1.2 16V (BB05, BB0W, BB11, BB27, BB2T, BB2U, BB2V, CB05,..."", ""constructionIntervalStart"": ""2001-06-01"", ""constructionIntervalEnd"": ""2016-08-01"", ""powerKw"": ""55.0000"", ""powerPs"": ""75.0000"", ""capacityTax"": null, ""fuelType"": ""Essence"", ""bodyType"": ""Berline bicorps trois ou cinq portes"", ""numberOfCylinders"": 4, ""capacityLt"": ""1.2000"", ""capacityTech"": ""1149.0000"", ""engineCodes"": ""D4F 712"", ""engId"": 16186}",RAPID-98622898
a6218d5c-4864-4835-bfc3-c074d820f781,108615,RENAULT,"CLIO II (BB_, CB_)",2001,2016,"1.2 16V (BB05, BB0W, BB11, BB27, BB2T, BB2U, BB2V, CB05,...",16104,Berline bicorps trois ou cinq portes,Essence,55,75,1149,2026-08-08 22:47:30,,,,,,4,,"{""vehicleId"": 16104, ""manufacturerName"": ""RENAULT"", ""modelName"": ""CLIO II (BB_, CB_)"", ""typeEngineName"": ""1.2 16V (BB05, BB0W, BB11, BB27, BB2T, BB2U, BB2V, CB05,..."", ""constructionIntervalStart"": ""2001-06-01"", ""constructionIntervalEnd"": ""2016-08-01"", ""powerKw"": ""55.0000"", ""powerPs"": ""75.0000"", ""capacityTax"": null, ""fuelType"": ""Essence"", ""bodyType"": ""Berline bicorps trois ou cinq portes"", ""numberOfCylinders"": 4, ""capacityLt"": ""1.2000"", ""capacityTech"": ""1149.0000"", ""engineCodes"": ""D4F 712"", ""engId"": 16186}",RAPID-2019616
a650c92b-dd05-4f86-981a-ec24ddc0c234,108282,RENAULT,"CLIO II (BB_, CB_)",2001,2016,"1.2 16V (BB05, BB0W, BB11, BB27, BB2T, BB2U, BB2V, CB05,...",16104,Berline bicorps trois ou cinq portes,Essence,55,75,1149,2026-08-08 22:47:30,,,,,,4,,"{""vehicleId"": 16104, ""manufacturerName"": ""RENAULT"", ""modelName"": ""CLIO II (BB_, CB_)"", ""typeEngineName"": ""1.2 16V (BB05, BB0W, BB11, BB27, BB2T, BB2U, BB2V, CB05,..."", ""constructionIntervalStart"": ""2001-06-01"", ""constructionIntervalEnd"": ""2016-08-01"", ""powerKw"": ""55.0000"", ""powerPs"": ""75.0000"", ""capacityTax"": null, ""fuelType"": ""Essence"", ""bodyType"": ""Berline bicorps trois ou cinq portes"", ""numberOfCylinders"": 4, ""capacityLt"": ""1.2000"", ""capacityTech"": ""1149.0000"", ""engineCodes"": ""D4F 712"", ""engId"": 16186}",RAPID-2514801
a6e0ece2-f4c5-49a3-aeb5-9218da897802,108437,RENAULT,"CLIO II (BB_, CB_)",2001,2016,"1.2 16V (BB05, BB0W, BB11, BB27, BB2T, BB2U, BB2V, CB05,...",16104,Berline bicorps trois ou cinq portes,Essence,55,75,1149,2026-08-08 22:47:30,,,,,,4,,"{""vehicleId"": 16104, ""manufacturerName"": ""RENAULT"", ""modelName"": ""CLIO II (BB_, CB_)"", ""typeEngineName"": ""1.2 16V (BB05, BB0W, BB11, BB27, BB2T, BB2U, BB2V, CB05,..."", ""constructionIntervalStart"": ""2001-06-01"", ""constructionIntervalEnd"": ""2016-08-01"", ""powerKw"": ""55.0000"", ""powerPs"": ""75.0000"", ""capacityTax"": null, ""fuelType"": ""Essence"", ""bodyType"": ""Berline bicorps trois ou cinq portes"", ""numberOfCylinders"": 4, ""capacityLt"": ""1.2000"", ""capacityTech"": ""1149.0000"", ""engineCodes"": ""D4F 712"", ""engId"": 16186}",RAPID-26787438
a6fac986-aa39-44e0-a322-061b7714f17e,108500,RENAULT,"CLIO II (BB_, CB_)",2001,2016,"1.2 16V (BB05, BB0W, BB11, BB27, BB2T, BB2U, BB2V, CB05,...",16104,Berline bicorps trois ou cinq portes,Essence,55,75,1149,2026-08-08 22:47:30,,,,,,4,,"{""vehicleId"": 16104, ""manufacturerName"": ""RENAULT"", ""modelName"": ""CLIO II (BB_, CB_)"", ""typeEngineName"": ""1.2 16V (BB05, BB0W, BB11, BB27, BB2T, BB2U, BB2V, CB05,..."", ""constructionIntervalStart"": ""2001-06-01"", ""constructionIntervalEnd"": ""2016-08-01"", ""powerKw"": ""55.0000"", ""powerPs"": ""75.0000"", ""capacityTax"": null, ""fuelType"": ""Essence"", ""bodyType"": ""Berline bicorps trois ou cinq portes"", ""numberOfCylinders"": 4, ""capacityLt"": ""1.2000"", ""capacityTech"": ""1149.0000"", ""engineCodes"": ""D4F 712"", ""engId"": 16186}",RAPID-2383203
a719c592-35bb-4bb2-aa4e-bdc5e645298f,108538,RENAULT,"CLIO II (BB_, CB_)",2001,2016,"1.2 16V (BB05, BB0W, BB11, BB27, BB2T, BB2U, BB2V, CB05,...",16104,Berline bicorps trois ou cinq portes,Essence,55,75,1149,2026-08-08 22:47:30,,,,,,4,,"{""vehicleId"": 16104, ""manufacturerName"": ""RENAULT"", ""modelName"": ""CLIO II (BB_, CB_)"", ""typeEngineName"": ""1.2 16V (BB05, BB0W, BB11, BB27, BB2T, BB2U, BB2V, CB05,..."", ""constructionIntervalStart"": ""2001-06-01"", ""constructionIntervalEnd"": ""2016-08-01"", ""powerKw"": ""55.0000"", ""powerPs"": ""75.0000"", ""capacityTax"": null, ""fuelType"": ""Essence"", ""bodyType"": ""Berline bicorps trois ou cinq portes"", ""numberOfCylinders"": 4, ""capacityLt"": ""1.2000"", ""capacityTech"": ""1149.0000"", ""engineCodes"": ""D4F 712"", ""engId"": 16186}",RAPID-2722183
a746a5af-9893-44cb-8061-5f940808d2ab,108449,RENAULT,"CLIO II (BB_, CB_)",2001,2016,"1.2 16V (BB05, BB0W, BB11, BB27, BB2T, BB2U, BB2V, CB05,...",16104,Berline bicorps trois ou cinq portes,Essence,55,75,1149,2026-08-08 22:47:30,,,,,,4,,"{""vehicleId"": 16104, ""manufacturerName"": ""RENAULT"", ""modelName"": ""CLIO II (BB_, CB_)"", ""typeEngineName"": ""1.2 16V (BB05, BB0W, BB11, BB27, BB2T, BB2U, BB2V, CB05,..."", ""constructionIntervalStart"": ""2001-06-01"", ""constructionIntervalEnd"": ""2016-08-01"", ""powerKw"": ""55.0000"", ""powerPs"": ""75.0000"", ""capacityTax"": null, ""fuelType"": ""Essence"", ""bodyType"": ""Berline bicorps trois ou cinq portes"", ""numberOfCylinders"": 4, ""capacityLt"": ""1.2000"", ""capacityTech"": ""1149.0000"", ""engineCodes"": ""D4F 712"", ""engId"": 16186}",RAPID-5414442
a7c998d0-485d-43ce-a415-7fc502abfc80,108138,RENAULT,"CLIO II (BB_, CB_)",2001,2016,"1.2 16V (BB05, BB0W, BB11, BB27, BB2T, BB2U, BB2V, CB05,...",16104,Berline bicorps trois ou cinq portes,Essence,55,75,1149,2026-08-08 22:47:30,,,,,,4,,"{""vehicleId"": 16104, ""manufacturerName"": ""RENAULT"", ""modelName"": ""CLIO II (BB_, CB_)"", ""typeEngineName"": ""1.2 16V (BB05, BB0W, BB11, BB27, BB2T, BB2U, BB2V, CB05,..."", ""constructionIntervalStart"": ""2001-06-01"", ""constructionIntervalEnd"": ""2016-08-01"", ""powerKw"": ""55.0000"", ""powerPs"": ""75.0000"", ""capacityTax"": null, ""fuelType"": ""Essence"", ""bodyType"": ""Berline bicorps trois ou cinq portes"", ""numberOfCylinders"": 4, ""capacityLt"": ""1.2000"", ""capacityTech"": ""1149.0000"", ""engineCodes"": ""D4F 712"", ""engId"": 16186}",RAPID-869877
a7cb8322-9e2d-403f-bdb0-41d772137bd6,108761,RENAULT,"CLIO II (BB_, CB_)",2001,2016,"1.2 16V (BB05, BB0W, BB11, BB27, BB2T, BB2U, BB2V, CB05,...",16104,Berline bicorps trois ou cinq portes,Essence,55,75,1149,2026-08-08 22:47:30,,,,,,4,,"{""vehicleId"": 16104, ""manufacturerName"": ""RENAULT"", ""modelName"": ""CLIO II (BB_, CB_)"", ""typeEngineName"": ""1.2 16V (BB05, BB0W, BB11, BB27, BB2T, BB2U, BB2V, CB05,..."", ""constructionIntervalStart"": ""2001-06-01"", ""constructionIntervalEnd"": ""2016-08-01"", ""powerKw"": ""55.0000"", ""powerPs"": ""75.0000"", ""capacityTax"": null, ""fuelType"": ""Essence"", ""bodyType"": ""Berline bicorps trois ou cinq portes"", ""numberOfCylinders"": 4, ""capacityLt"": ""1.2000"", ""capacityTech"": ""1149.0000"", ""engineCodes"": ""D4F 712"", ""engId"": 16186}",RAPID-2381011
a7e0557a-1ae5-4d20-996c-2aae6016eeff,108266,RENAULT,"CLIO II (BB_, CB_)",2001,2016,"1.2 16V (BB05, BB0W, BB11, BB27, BB2T, BB2U, BB2V, CB05,...",16104,Berline bicorps trois ou cinq portes,Essence,55,75,1149,2026-08-08 22:47:30,,,,,,4,,"{""vehicleId"": 16104, ""manufacturerName"": ""RENAULT"", ""modelName"": ""CLIO II (BB_, CB_)"", ""typeEngineName"": ""1.2 16V (BB05, BB0W, BB11, BB27, BB2T, BB2U, BB2V, CB05,..."", ""constructionIntervalStart"": ""2001-06-01"", ""constructionIntervalEnd"": ""2016-08-01"", ""powerKw"": ""55.0000"", ""powerPs"": ""75.0000"", ""capacityTax"": null, ""fuelType"": ""Essence"", ""bodyType"": ""Berline bicorps trois ou cinq portes"", ""numberOfCylinders"": 4, ""capacityLt"": ""1.2000"", ""capacityTech"": ""1149.0000"", ""engineCodes"": ""D4F 712"", ""engId"": 16186}",RAPID-2513252
a7ef9790-2ca4-43e3-aa30-57ebf48fd8ae,108682,RENAULT,"CLIO II (BB_, CB_)",2001,2016,"1.2 16V (BB05, BB0W, BB11, BB27, BB2T, BB2U, BB2V, CB05,...",16104,Berline bicorps trois ou cinq portes,Essence,55,75,1149,2026-08-08 22:47:30,,,,,,4,,"{""vehicleId"": 16104, ""manufacturerName"": ""RENAULT"", ""modelName"": ""CLIO II (BB_, CB_)"", ""typeEngineName"": ""1.2 16V (BB05, BB0W, BB11, BB27, BB2T, BB2U, BB2V, CB05,..."", ""constructionIntervalStart"": ""2001-06-01"", ""constructionIntervalEnd"": ""2016-08-01"", ""powerKw"": ""55.0000"", ""powerPs"": ""75.0000"", ""capacityTax"": null, ""fuelType"": ""Essence"", ""bodyType"": ""Berline bicorps trois ou cinq portes"", ""numberOfCylinders"": 4, ""capacityLt"": ""1.2000"", ""capacityTech"": ""1149.0000"", ""engineCodes"": ""D4F 712"", ""engId"": 16186}",RAPID-23862351
a80464e6-f946-478f-b5bc-ba87974c2d4e,108281,RENAULT,"CLIO II (BB_, CB_)",2001,2016,"1.2 16V (BB05, BB0W, BB11, BB27, BB2T, BB2U, BB2V, CB05,...",16104,Berline bicorps trois ou cinq portes,Essence,55,75,1149,2026-08-08 22:47:30,,,,,,4,,"{""vehicleId"": 16104, ""manufacturerName"": ""RENAULT"", ""modelName"": ""CLIO II (BB_, CB_)"", ""typeEngineName"": ""1.2 16V (BB05, BB0W, BB11, BB27, BB2T, BB2U, BB2V, CB05,..."", ""constructionIntervalStart"": ""2001-06-01"", ""constructionIntervalEnd"": ""2016-08-01"", ""powerKw"": ""55.0000"", ""powerPs"": ""75.0000"", ""capacityTax"": null, ""fuelType"": ""Essence"", ""bodyType"": ""Berline bicorps trois ou cinq portes"", ""numberOfCylinders"": 4, ""capacityLt"": ""1.2000"", ""capacityTech"": ""1149.0000"", ""engineCodes"": ""D4F 712"", ""engId"": 16186}",RAPID-2514843
a81cd5ea-6cd7-4dae-81ae-0f6d68dff2fd,108677,RENAULT,"CLIO II (BB_, CB_)",2001,2016,"1.2 16V (BB05, BB0W, BB11, BB27, BB2T, BB2U, BB2V, CB05,...",16104,Berline bicorps trois ou cinq portes,Essence,55,75,1149,2026-08-08 22:47:30,,,,,,4,,"{""vehicleId"": 16104, ""manufacturerName"": ""RENAULT"", ""modelName"": ""CLIO II (BB_, CB_)"", ""typeEngineName"": ""1.2 16V (BB05, BB0W, BB11, BB27, BB2T, BB2U, BB2V, CB05,..."", ""constructionIntervalStart"": ""2001-06-01"", ""constructionIntervalEnd"": ""2016-08-01"", ""powerKw"": ""55.0000"", ""powerPs"": ""75.0000"", ""capacityTax"": null, ""fuelType"": ""Essence"", ""bodyType"": ""Berline bicorps trois ou cinq portes"", ""numberOfCylinders"": 4, ""capacityLt"": ""1.2000"", ""capacityTech"": ""1149.0000"", ""engineCodes"": ""D4F 712"", ""engId"": 16186}",RAPID-8303096
a81dccca-c79e-4920-bf20-25c7f5decbc9,108791,RENAULT,"CLIO II (BB_, CB_)",2001,2016,"1.2 16V (BB05, BB0W, BB11, BB27, BB2T, BB2U, BB2V, CB05,...",16104,Berline bicorps trois ou cinq portes,Essence,55,75,1149,2026-08-08 22:47:30,,,,,,4,,"{""vehicleId"": 16104, ""manufacturerName"": ""RENAULT"", ""modelName"": ""CLIO II (BB_, CB_)"", ""typeEngineName"": ""1.2 16V (BB05, BB0W, BB11, BB27, BB2T, BB2U, BB2V, CB05,..."", ""constructionIntervalStart"": ""2001-06-01"", ""constructionIntervalEnd"": ""2016-08-01"", ""powerKw"": ""55.0000"", ""powerPs"": ""75.0000"", ""capacityTax"": null, ""fuelType"": ""Essence"", ""bodyType"": ""Berline bicorps trois ou cinq portes"", ""numberOfCylinders"": 4, ""capacityLt"": ""1.2000"", ""capacityTech"": ""1149.0000"", ""engineCodes"": ""D4F 712"", ""engId"": 16186}",RAPID-9245854
a8696f5a-218f-4632-a6e2-631e14d1dd20,108186,RENAULT,"CLIO II (BB_, CB_)",2001,2016,"1.2 16V (BB05, BB0W, BB11, BB27, BB2T, BB2U, BB2V, CB05,...",16104,Berline bicorps trois ou cinq portes,Essence,55,75,1149,2026-08-08 22:47:30,,,,,,4,,"{""vehicleId"": 16104, ""manufacturerName"": ""RENAULT"", ""modelName"": ""CLIO II (BB_, CB_)"", ""typeEngineName"": ""1.2 16V (BB05, BB0W, BB11, BB27, BB2T, BB2U, BB2V, CB05,..."", ""constructionIntervalStart"": ""2001-06-01"", ""constructionIntervalEnd"": ""2016-08-01"", ""powerKw"": ""55.0000"", ""powerPs"": ""75.0000"", ""capacityTax"": null, ""fuelType"": ""Essence"", ""bodyType"": ""Berline bicorps trois ou cinq portes"", ""numberOfCylinders"": 4, ""capacityLt"": ""1.2000"", ""capacityTech"": ""1149.0000"", ""engineCodes"": ""D4F 712"", ""engId"": 16186}",RAPID-9680216
a89016f9-2dda-4f31-99c8-e7cab6cc3bed,108548,RENAULT,"CLIO II (BB_, CB_)",2001,2016,"1.2 16V (BB05, BB0W, BB11, BB27, BB2T, BB2U, BB2V, CB05,...",16104,Berline bicorps trois ou cinq portes,Essence,55,75,1149,2026-08-08 22:47:30,,,,,,4,,"{""vehicleId"": 16104, ""manufacturerName"": ""RENAULT"", ""modelName"": ""CLIO II (BB_, CB_)"", ""typeEngineName"": ""1.2 16V (BB05, BB0W, BB11, BB27, BB2T, BB2U, BB2V, CB05,..."", ""constructionIntervalStart"": ""2001-06-01"", ""constructionIntervalEnd"": ""2016-08-01"", ""powerKw"": ""55.0000"", ""powerPs"": ""75.0000"", ""capacityTax"": null, ""fuelType"": ""Essence"", ""bodyType"": ""Berline bicorps trois ou cinq portes"", ""numberOfCylinders"": 4, ""capacityLt"": ""1.2000"", ""capacityTech"": ""1149.0000"", ""engineCodes"": ""D4F 712"", ""engId"": 16186}",RAPID-7961302
a891e62b-1075-46f6-8708-b4f648bdce83,108806,RENAULT,"CLIO II (BB_, CB_)",2001,2016,"1.2 16V (BB05, BB0W, BB11, BB27, BB2T, BB2U, BB2V, CB05,...",16104,Berline bicorps trois ou cinq portes,Essence,55,75,1149,2026-08-08 22:47:30,,,,,,4,,"{""vehicleId"": 16104, ""manufacturerName"": ""RENAULT"", ""modelName"": ""CLIO II (BB_, CB_)"", ""typeEngineName"": ""1.2 16V (BB05, BB0W, BB11, BB27, BB2T, BB2U, BB2V, CB05,..."", ""constructionIntervalStart"": ""2001-06-01"", ""constructionIntervalEnd"": ""2016-08-01"", ""powerKw"": ""55.0000"", ""powerPs"": ""75.0000"", ""capacityTax"": null, ""fuelType"": ""Essence"", ""bodyType"": ""Berline bicorps trois ou cinq portes"", ""numberOfCylinders"": 4, ""capacityLt"": ""1.2000"", ""capacityTech"": ""1149.0000"", ""engineCodes"": ""D4F 712"", ""engId"": 16186}",RAPID-9110028
aa18267d-589f-4b25-b52d-db511fa7681f,108693,RENAULT,"CLIO II (BB_, CB_)",2001,2016,"1.2 16V (BB05, BB0W, BB11, BB27, BB2T, BB2U, BB2V, CB05,...",16104,Berline bicorps trois ou cinq portes,Essence,55,75,1149,2026-08-08 22:47:30,,,,,,4,,"{""vehicleId"": 16104, ""manufacturerName"": ""RENAULT"", ""modelName"": ""CLIO II (BB_, CB_)"", ""typeEngineName"": ""1.2 16V (BB05, BB0W, BB11, BB27, BB2T, BB2U, BB2V, CB05,..."", ""constructionIntervalStart"": ""2001-06-01"", ""constructionIntervalEnd"": ""2016-08-01"", ""powerKw"": ""55.0000"", ""powerPs"": ""75.0000"", ""capacityTax"": null, ""fuelType"": ""Essence"", ""bodyType"": ""Berline bicorps trois ou cinq portes"", ""numberOfCylinders"": 4, ""capacityLt"": ""1.2000"", ""capacityTech"": ""1149.0000"", ""engineCodes"": ""D4F 712"", ""engId"": 16186}",RAPID-2092469
aa889eac-0f6b-4c65-bbed-cff834772c0c,108309,RENAULT,"CLIO II (BB_, CB_)",2001,2016,"1.2 16V (BB05, BB0W, BB11, BB27, BB2T, BB2U, BB2V, CB05,...",16104,Berline bicorps trois ou cinq portes,Essence,55,75,1149,2026-08-08 22:47:30,,,,,,4,,"{""vehicleId"": 16104, ""manufacturerName"": ""RENAULT"", ""modelName"": ""CLIO II (BB_, CB_)"", ""typeEngineName"": ""1.2 16V (BB05, BB0W, BB11, BB27, BB2T, BB2U, BB2V, CB05,..."", ""constructionIntervalStart"": ""2001-06-01"", ""constructionIntervalEnd"": ""2016-08-01"", ""powerKw"": ""55.0000"", ""powerPs"": ""75.0000"", ""capacityTax"": null, ""fuelType"": ""Essence"", ""bodyType"": ""Berline bicorps trois ou cinq portes"", ""numberOfCylinders"": 4, ""capacityLt"": ""1.2000"", ""capacityTech"": ""1149.0000"", ""engineCodes"": ""D4F 712"", ""engId"": 16186}",RAPID-6278790
aa9c8c6f-3f1e-4d11-a18e-c6644fd142ad,108343,RENAULT,"CLIO II (BB_, CB_)",2001,2016,"1.2 16V (BB05, BB0W, BB11, BB27, BB2T, BB2U, BB2V, CB05,...",16104,Berline bicorps trois ou cinq portes,Essence,55,75,1149,2026-08-08 22:47:30,,,,,,4,,"{""vehicleId"": 16104, ""manufacturerName"": ""RENAULT"", ""modelName"": ""CLIO II (BB_, CB_)"", ""typeEngineName"": ""1.2 16V (BB05, BB0W, BB11, BB27, BB2T, BB2U, BB2V, CB05,..."", ""constructionIntervalStart"": ""2001-06-01"", ""constructionIntervalEnd"": ""2016-08-01"", ""powerKw"": ""55.0000"", ""powerPs"": ""75.0000"", ""capacityTax"": null, ""fuelType"": ""Essence"", ""bodyType"": ""Berline bicorps trois ou cinq portes"", ""numberOfCylinders"": 4, ""capacityLt"": ""1.2000"", ""capacityTech"": ""1149.0000"", ""engineCodes"": ""D4F 712"", ""engId"": 16186}",RAPID-6621121
aadfbdef-6845-4d37-a171-00f778ee845e,108480,RENAULT,"CLIO II (BB_, CB_)",2001,2016,"1.2 16V (BB05, BB0W, BB11, BB27, BB2T, BB2U, BB2V, CB05,...",16104,Berline bicorps trois ou cinq portes,Essence,55,75,1149,2026-08-08 22:47:30,,,,,,4,,"{""vehicleId"": 16104, ""manufacturerName"": ""RENAULT"", ""modelName"": ""CLIO II (BB_, CB_)"", ""typeEngineName"": ""1.2 16V (BB05, BB0W, BB11, BB27, BB2T, BB2U, BB2V, CB05,..."", ""constructionIntervalStart"": ""2001-06-01"", ""constructionIntervalEnd"": ""2016-08-01"", ""powerKw"": ""55.0000"", ""powerPs"": ""75.0000"", ""capacityTax"": null, ""fuelType"": ""Essence"", ""bodyType"": ""Berline bicorps trois ou cinq portes"", ""numberOfCylinders"": 4, ""capacityLt"": ""1.2000"", ""capacityTech"": ""1149.0000"", ""engineCodes"": ""D4F 712"", ""engId"": 16186}",RAPID-9048809
ab618f84-e2bb-4e39-ab04-6fe00348cc9d,108507,RENAULT,"CLIO II (BB_, CB_)",2001,2016,"1.2 16V (BB05, BB0W, BB11, BB27, BB2T, BB2U, BB2V, CB05,...",16104,Berline bicorps trois ou cinq portes,Essence,55,75,1149,2026-08-08 22:47:30,,,,,,4,,"{""vehicleId"": 16104, ""manufacturerName"": ""RENAULT"", ""modelName"": ""CLIO II (BB_, CB_)"", ""typeEngineName"": ""1.2 16V (BB05, BB0W, BB11, BB27, BB2T, BB2U, BB2V, CB05,..."", ""constructionIntervalStart"": ""2001-06-01"", ""constructionIntervalEnd"": ""2016-08-01"", ""powerKw"": ""55.0000"", ""powerPs"": ""75.0000"", ""capacityTax"": null, ""fuelType"": ""Essence"", ""bodyType"": ""Berline bicorps trois ou cinq portes"", ""numberOfCylinders"": 4, ""capacityLt"": ""1.2000"", ""capacityTech"": ""1149.0000"", ""engineCodes"": ""D4F 712"", ""engId"": 16186}",RAPID-18742080
abaf24c9-a3fc-4e68-9484-ce7c5e3a894b,108099,RENAULT,"CLIO II (BB_, CB_)",2001,2016,"1.2 16V (BB05, BB0W, BB11, BB27, BB2T, BB2U, BB2V, CB05,...",16104,Berline bicorps trois ou cinq portes,Essence,55,75,1149,2026-08-08 22:47:30,,,,,,4,,"{""vehicleId"": 16104, ""manufacturerName"": ""RENAULT"", ""modelName"": ""CLIO II (BB_, CB_)"", ""typeEngineName"": ""1.2 16V (BB05, BB0W, BB11, BB27, BB2T, BB2U, BB2V, CB05,..."", ""constructionIntervalStart"": ""2001-06-01"", ""constructionIntervalEnd"": ""2016-08-01"", ""powerKw"": ""55.0000"", ""powerPs"": ""75.0000"", ""capacityTax"": null, ""fuelType"": ""Essence"", ""bodyType"": ""Berline bicorps trois ou cinq portes"", ""numberOfCylinders"": 4, ""capacityLt"": ""1.2000"", ""capacityTech"": ""1149.0000"", ""engineCodes"": ""D4F 712"", ""engId"": 16186}",RAPID-8249594
ac41e26f-2511-4c02-aff0-19ee61213855,108039,AUDI,80 B4 Saloon (8C2),1991,1994,1.9 TD,1392,Saloon,Diesel,,,,2026-08-06 14:24:09,,,,,,,,,RAPID-82792491
ac8b8f4b-6a97-46a7-81bf-1060cf82befd,108075,RENAULT,"CLIO II (BB_, CB_)",2001,2016,"1.2 16V (BB05, BB0W, BB11, BB27, BB2T, BB2U, BB2V, CB05,...",16104,Berline bicorps trois ou cinq portes,Essence,55,75,1149,2026-08-08 22:47:30,,,,,,4,,"{""vehicleId"": 16104, ""manufacturerName"": ""RENAULT"", ""modelName"": ""CLIO II (BB_, CB_)"", ""typeEngineName"": ""1.2 16V (BB05, BB0W, BB11, BB27, BB2T, BB2U, BB2V, CB05,..."", ""constructionIntervalStart"": ""2001-06-01"", ""constructionIntervalEnd"": ""2016-08-01"", ""powerKw"": ""55.0000"", ""powerPs"": ""75.0000"", ""capacityTax"": null, ""fuelType"": ""Essence"", ""bodyType"": ""Berline bicorps trois ou cinq portes"", ""numberOfCylinders"": 4, ""capacityLt"": ""1.2000"", ""capacityTech"": ""1149.0000"", ""engineCodes"": ""D4F 712"", ""engId"": 16186}",RAPID-6730563
aca2894e-03ce-4047-a74e-11a09a364ff4,108171,RENAULT,"CLIO II (BB_, CB_)",2001,2016,"1.2 16V (BB05, BB0W, BB11, BB27, BB2T, BB2U, BB2V, CB05,...",16104,Berline bicorps trois ou cinq portes,Essence,55,75,1149,2026-08-08 22:47:30,,,,,,4,,"{""vehicleId"": 16104, ""manufacturerName"": ""RENAULT"", ""modelName"": ""CLIO II (BB_, CB_)"", ""typeEngineName"": ""1.2 16V (BB05, BB0W, BB11, BB27, BB2T, BB2U, BB2V, CB05,..."", ""constructionIntervalStart"": ""2001-06-01"", ""constructionIntervalEnd"": ""2016-08-01"", ""powerKw"": ""55.0000"", ""powerPs"": ""75.0000"", ""capacityTax"": null, ""fuelType"": ""Essence"", ""bodyType"": ""Berline bicorps trois ou cinq portes"", ""numberOfCylinders"": 4, ""capacityLt"": ""1.2000"", ""capacityTech"": ""1149.0000"", ""engineCodes"": ""D4F 712"", ""engId"": 16186}",RAPID-20200487
acba8293-5d1b-44da-b161-012ee7073bbb,108594,RENAULT,"CLIO II (BB_, CB_)",2001,2016,"1.2 16V (BB05, BB0W, BB11, BB27, BB2T, BB2U, BB2V, CB05,...",16104,Berline bicorps trois ou cinq portes,Essence,55,75,1149,2026-08-08 22:47:30,,,,,,4,,"{""vehicleId"": 16104, ""manufacturerName"": ""RENAULT"", ""modelName"": ""CLIO II (BB_, CB_)"", ""typeEngineName"": ""1.2 16V (BB05, BB0W, BB11, BB27, BB2T, BB2U, BB2V, CB05,..."", ""constructionIntervalStart"": ""2001-06-01"", ""constructionIntervalEnd"": ""2016-08-01"", ""powerKw"": ""55.0000"", ""powerPs"": ""75.0000"", ""capacityTax"": null, ""fuelType"": ""Essence"", ""bodyType"": ""Berline bicorps trois ou cinq portes"", ""numberOfCylinders"": 4, ""capacityLt"": ""1.2000"", ""capacityTech"": ""1149.0000"", ""engineCodes"": ""D4F 712"", ""engId"": 16186}",RAPID-3032431
accaf152-3ccb-4ba3-a24e-5dcf7ed6a623,108184,RENAULT,"CLIO II (BB_, CB_)",2001,2016,"1.2 16V (BB05, BB0W, BB11, BB27, BB2T, BB2U, BB2V, CB05,...",16104,Berline bicorps trois ou cinq portes,Essence,55,75,1149,2026-08-08 22:47:30,,,,,,4,,"{""vehicleId"": 16104, ""manufacturerName"": ""RENAULT"", ""modelName"": ""CLIO II (BB_, CB_)"", ""typeEngineName"": ""1.2 16V (BB05, BB0W, BB11, BB27, BB2T, BB2U, BB2V, CB05,..."", ""constructionIntervalStart"": ""2001-06-01"", ""constructionIntervalEnd"": ""2016-08-01"", ""powerKw"": ""55.0000"", ""powerPs"": ""75.0000"", ""capacityTax"": null, ""fuelType"": ""Essence"", ""bodyType"": ""Berline bicorps trois ou cinq portes"", ""numberOfCylinders"": 4, ""capacityLt"": ""1.2000"", ""capacityTech"": ""1149.0000"", ""engineCodes"": ""D4F 712"", ""engId"": 16186}",RAPID-9680208
ad2bd20a-659f-4f39-8cba-e1f3463d8527,108421,RENAULT,"CLIO II (BB_, CB_)",2001,2016,"1.2 16V (BB05, BB0W, BB11, BB27, BB2T, BB2U, BB2V, CB05,...",16104,Berline bicorps trois ou cinq portes,Essence,55,75,1149,2026-08-08 22:47:30,,,,,,4,,"{""vehicleId"": 16104, ""manufacturerName"": ""RENAULT"", ""modelName"": ""CLIO II (BB_, CB_)"", ""typeEngineName"": ""1.2 16V (BB05, BB0W, BB11, BB27, BB2T, BB2U, BB2V, CB05,..."", ""constructionIntervalStart"": ""2001-06-01"", ""constructionIntervalEnd"": ""2016-08-01"", ""powerKw"": ""55.0000"", ""powerPs"": ""75.0000"", ""capacityTax"": null, ""fuelType"": ""Essence"", ""bodyType"": ""Berline bicorps trois ou cinq portes"", ""numberOfCylinders"": 4, ""capacityLt"": ""1.2000"", ""capacityTech"": ""1149.0000"", ""engineCodes"": ""D4F 712"", ""engId"": 16186}",RAPID-502059
ad597e53-2991-472f-82c0-8ce64f2cb380,108564,RENAULT,"CLIO II (BB_, CB_)",2001,2016,"1.2 16V (BB05, BB0W, BB11, BB27, BB2T, BB2U, BB2V, CB05,...",16104,Berline bicorps trois ou cinq portes,Essence,55,75,1149,2026-08-08 22:47:30,,,,,,4,,"{""vehicleId"": 16104, ""manufacturerName"": ""RENAULT"", ""modelName"": ""CLIO II (BB_, CB_)"", ""typeEngineName"": ""1.2 16V (BB05, BB0W, BB11, BB27, BB2T, BB2U, BB2V, CB05,..."", ""constructionIntervalStart"": ""2001-06-01"", ""constructionIntervalEnd"": ""2016-08-01"", ""powerKw"": ""55.0000"", ""powerPs"": ""75.0000"", ""capacityTax"": null, ""fuelType"": ""Essence"", ""bodyType"": ""Berline bicorps trois ou cinq portes"", ""numberOfCylinders"": 4, ""capacityLt"": ""1.2000"", ""capacityTech"": ""1149.0000"", ""engineCodes"": ""D4F 712"", ""engId"": 16186}",RAPID-3381152
ae22eb57-24c5-4dfd-97c0-109021dac1a4,108059,RENAULT,"CLIO II (BB_, CB_)",2001,2016,"1.2 16V (BB05, BB0W, BB11, BB27, BB2T, BB2U, BB2V, CB05,...",16104,Berline bicorps trois ou cinq portes,Essence,55,75,1149,2026-08-08 22:47:30,,,,,,4,,"{""vehicleId"": 16104, ""manufacturerName"": ""RENAULT"", ""modelName"": ""CLIO II (BB_, CB_)"", ""typeEngineName"": ""1.2 16V (BB05, BB0W, BB11, BB27, BB2T, BB2U, BB2V, CB05,..."", ""constructionIntervalStart"": ""2001-06-01"", ""constructionIntervalEnd"": ""2016-08-01"", ""powerKw"": ""55.0000"", ""powerPs"": ""75.0000"", ""capacityTax"": null, ""fuelType"": ""Essence"", ""bodyType"": ""Berline bicorps trois ou cinq portes"", ""numberOfCylinders"": 4, ""capacityLt"": ""1.2000"", ""capacityTech"": ""1149.0000"", ""engineCodes"": ""D4F 712"", ""engId"": 16186}",RAPID-91165344
ae57e804-db8c-45c6-86e9-caf3c40777de,108545,RENAULT,"CLIO II (BB_, CB_)",2001,2016,"1.2 16V (BB05, BB0W, BB11, BB27, BB2T, BB2U, BB2V, CB05,...",16104,Berline bicorps trois ou cinq portes,Essence,55,75,1149,2026-08-08 22:47:30,,,,,,4,,"{""vehicleId"": 16104, ""manufacturerName"": ""RENAULT"", ""modelName"": ""CLIO II (BB_, CB_)"", ""typeEngineName"": ""1.2 16V (BB05, BB0W, BB11, BB27, BB2T, BB2U, BB2V, CB05,..."", ""constructionIntervalStart"": ""2001-06-01"", ""constructionIntervalEnd"": ""2016-08-01"", ""powerKw"": ""55.0000"", ""powerPs"": ""75.0000"", ""capacityTax"": null, ""fuelType"": ""Essence"", ""bodyType"": ""Berline bicorps trois ou cinq portes"", ""numberOfCylinders"": 4, ""capacityLt"": ""1.2000"", ""capacityTech"": ""1149.0000"", ""engineCodes"": ""D4F 712"", ""engId"": 16186}",RAPID-2724973
aeda4b1b-e56c-4e36-b0e4-94b6ebb72079,108494,RENAULT,"CLIO II (BB_, CB_)",2001,2016,"1.2 16V (BB05, BB0W, BB11, BB27, BB2T, BB2U, BB2V, CB05,...",16104,Berline bicorps trois ou cinq portes,Essence,55,75,1149,2026-08-08 22:47:30,,,,,,4,,"{""vehicleId"": 16104, ""manufacturerName"": ""RENAULT"", ""modelName"": ""CLIO II (BB_, CB_)"", ""typeEngineName"": ""1.2 16V (BB05, BB0W, BB11, BB27, BB2T, BB2U, BB2V, CB05,..."", ""constructionIntervalStart"": ""2001-06-01"", ""constructionIntervalEnd"": ""2016-08-01"", ""powerKw"": ""55.0000"", ""powerPs"": ""75.0000"", ""capacityTax"": null, ""fuelType"": ""Essence"", ""bodyType"": ""Berline bicorps trois ou cinq portes"", ""numberOfCylinders"": 4, ""capacityLt"": ""1.2000"", ""capacityTech"": ""1149.0000"", ""engineCodes"": ""D4F 712"", ""engId"": 16186}",RAPID-2338169
af0e2b1b-0dea-4273-876f-769326298e2e,108103,RENAULT,"CLIO II (BB_, CB_)",2001,2016,"1.2 16V (BB05, BB0W, BB11, BB27, BB2T, BB2U, BB2V, CB05,...",16104,Berline bicorps trois ou cinq portes,Essence,55,75,1149,2026-08-08 22:47:30,,,,,,4,,"{""vehicleId"": 16104, ""manufacturerName"": ""RENAULT"", ""modelName"": ""CLIO II (BB_, CB_)"", ""typeEngineName"": ""1.2 16V (BB05, BB0W, BB11, BB27, BB2T, BB2U, BB2V, CB05,..."", ""constructionIntervalStart"": ""2001-06-01"", ""constructionIntervalEnd"": ""2016-08-01"", ""powerKw"": ""55.0000"", ""powerPs"": ""75.0000"", ""capacityTax"": null, ""fuelType"": ""Essence"", ""bodyType"": ""Berline bicorps trois ou cinq portes"", ""numberOfCylinders"": 4, ""capacityLt"": ""1.2000"", ""capacityTech"": ""1149.0000"", ""engineCodes"": ""D4F 712"", ""engId"": 16186}",RAPID-2163426
af345c08-f7cc-470b-be67-9146620d6c65,108365,RENAULT,"CLIO II (BB_, CB_)",2001,2016,"1.2 16V (BB05, BB0W, BB11, BB27, BB2T, BB2U, BB2V, CB05,...",16104,Berline bicorps trois ou cinq portes,Essence,55,75,1149,2026-08-08 22:47:30,,,,,,4,,"{""vehicleId"": 16104, ""manufacturerName"": ""RENAULT"", ""modelName"": ""CLIO II (BB_, CB_)"", ""typeEngineName"": ""1.2 16V (BB05, BB0W, BB11, BB27, BB2T, BB2U, BB2V, CB05,..."", ""constructionIntervalStart"": ""2001-06-01"", ""constructionIntervalEnd"": ""2016-08-01"", ""powerKw"": ""55.0000"", ""powerPs"": ""75.0000"", ""capacityTax"": null, ""fuelType"": ""Essence"", ""bodyType"": ""Berline bicorps trois ou cinq portes"", ""numberOfCylinders"": 4, ""capacityLt"": ""1.2000"", ""capacityTech"": ""1149.0000"", ""engineCodes"": ""D4F 712"", ""engId"": 16186}",RAPID-3381128
af729aef-b991-416a-9370-1f89c53ca621,108435,RENAULT,"CLIO II (BB_, CB_)",2001,2016,"1.2 16V (BB05, BB0W, BB11, BB27, BB2T, BB2U, BB2V, CB05,...",16104,Berline bicorps trois ou cinq portes,Essence,55,75,1149,2026-08-08 22:47:30,,,,,,4,,"{""vehicleId"": 16104, ""manufacturerName"": ""RENAULT"", ""modelName"": ""CLIO II (BB_, CB_)"", ""typeEngineName"": ""1.2 16V (BB05, BB0W, BB11, BB27, BB2T, BB2U, BB2V, CB05,..."", ""constructionIntervalStart"": ""2001-06-01"", ""constructionIntervalEnd"": ""2016-08-01"", ""powerKw"": ""55.0000"", ""powerPs"": ""75.0000"", ""capacityTax"": null, ""fuelType"": ""Essence"", ""bodyType"": ""Berline bicorps trois ou cinq portes"", ""numberOfCylinders"": 4, ""capacityLt"": ""1.2000"", ""capacityTech"": ""1149.0000"", ""engineCodes"": ""D4F 712"", ""engId"": 16186}",RAPID-23601143
af7fd212-b2fe-4f88-8b61-fc5cbb85270e,108700,RENAULT,"CLIO II (BB_, CB_)",2001,2016,"1.2 16V (BB05, BB0W, BB11, BB27, BB2T, BB2U, BB2V, CB05,...",16104,Berline bicorps trois ou cinq portes,Essence,55,75,1149,2026-08-08 22:47:30,,,,,,4,,"{""vehicleId"": 16104, ""manufacturerName"": ""RENAULT"", ""modelName"": ""CLIO II (BB_, CB_)"", ""typeEngineName"": ""1.2 16V (BB05, BB0W, BB11, BB27, BB2T, BB2U, BB2V, CB05,..."", ""constructionIntervalStart"": ""2001-06-01"", ""constructionIntervalEnd"": ""2016-08-01"", ""powerKw"": ""55.0000"", ""powerPs"": ""75.0000"", ""capacityTax"": null, ""fuelType"": ""Essence"", ""bodyType"": ""Berline bicorps trois ou cinq portes"", ""numberOfCylinders"": 4, ""capacityLt"": ""1.2000"", ""capacityTech"": ""1149.0000"", ""engineCodes"": ""D4F 712"", ""engId"": 16186}",RAPID-9686352
afce97f7-85f3-48e0-b1db-508dae810a93,108803,RENAULT,"CLIO II (BB_, CB_)",2001,2016,"1.2 16V (BB05, BB0W, BB11, BB27, BB2T, BB2U, BB2V, CB05,...",16104,Berline bicorps trois ou cinq portes,Essence,55,75,1149,2026-08-08 22:47:30,,,,,,4,,"{""vehicleId"": 16104, ""manufacturerName"": ""RENAULT"", ""modelName"": ""CLIO II (BB_, CB_)"", ""typeEngineName"": ""1.2 16V (BB05, BB0W, BB11, BB27, BB2T, BB2U, BB2V, CB05,..."", ""constructionIntervalStart"": ""2001-06-01"", ""constructionIntervalEnd"": ""2016-08-01"", ""powerKw"": ""55.0000"", ""powerPs"": ""75.0000"", ""capacityTax"": null, ""fuelType"": ""Essence"", ""bodyType"": ""Berline bicorps trois ou cinq portes"", ""numberOfCylinders"": 4, ""capacityLt"": ""1.2000"", ""capacityTech"": ""1149.0000"", ""engineCodes"": ""D4F 712"", ""engId"": 16186}",RAPID-92117366
b0006693-2504-4a4e-af8e-a0fee1a8ce80,108023,AUDI,80 B4 Saloon (8C2),1991,1994,1.9 TD,1392,Saloon,Diesel,,,,2026-08-06 14:24:09,,,,,,,,,RAPID-73697256
b039abe0-b8cf-4dda-b4d5-b5c0a323b2d6,108276,RENAULT,"CLIO II (BB_, CB_)",2001,2016,"1.2 16V (BB05, BB0W, BB11, BB27, BB2T, BB2U, BB2V, CB05,...",16104,Berline bicorps trois ou cinq portes,Essence,55,75,1149,2026-08-08 22:47:30,,,,,,4,,"{""vehicleId"": 16104, ""manufacturerName"": ""RENAULT"", ""modelName"": ""CLIO II (BB_, CB_)"", ""typeEngineName"": ""1.2 16V (BB05, BB0W, BB11, BB27, BB2T, BB2U, BB2V, CB05,..."", ""constructionIntervalStart"": ""2001-06-01"", ""constructionIntervalEnd"": ""2016-08-01"", ""powerKw"": ""55.0000"", ""powerPs"": ""75.0000"", ""capacityTax"": null, ""fuelType"": ""Essence"", ""bodyType"": ""Berline bicorps trois ou cinq portes"", ""numberOfCylinders"": 4, ""capacityLt"": ""1.2000"", ""capacityTech"": ""1149.0000"", ""engineCodes"": ""D4F 712"", ""engId"": 16186}",RAPID-2513475
b0e0f885-39a7-4202-8607-8d94e49af15d,108551,RENAULT,"CLIO II (BB_, CB_)",2001,2016,"1.2 16V (BB05, BB0W, BB11, BB27, BB2T, BB2U, BB2V, CB05,...",16104,Berline bicorps trois ou cinq portes,Essence,55,75,1149,2026-08-08 22:47:30,,,,,,4,,"{""vehicleId"": 16104, ""manufacturerName"": ""RENAULT"", ""modelName"": ""CLIO II (BB_, CB_)"", ""typeEngineName"": ""1.2 16V (BB05, BB0W, BB11, BB27, BB2T, BB2U, BB2V, CB05,..."", ""constructionIntervalStart"": ""2001-06-01"", ""constructionIntervalEnd"": ""2016-08-01"", ""powerKw"": ""55.0000"", ""powerPs"": ""75.0000"", ""capacityTax"": null, ""fuelType"": ""Essence"", ""bodyType"": ""Berline bicorps trois ou cinq portes"", ""numberOfCylinders"": 4, ""capacityLt"": ""1.2000"", ""capacityTech"": ""1149.0000"", ""engineCodes"": ""D4F 712"", ""engId"": 16186}",RAPID-7961405
b1455a9b-1096-4199-a3dd-f00a4e6c2e64,108278,RENAULT,"CLIO II (BB_, CB_)",2001,2016,"1.2 16V (BB05, BB0W, BB11, BB27, BB2T, BB2U, BB2V, CB05,...",16104,Berline bicorps trois ou cinq portes,Essence,55,75,1149,2026-08-08 22:47:30,,,,,,4,,"{""vehicleId"": 16104, ""manufacturerName"": ""RENAULT"", ""modelName"": ""CLIO II (BB_, CB_)"", ""typeEngineName"": ""1.2 16V (BB05, BB0W, BB11, BB27, BB2T, BB2U, BB2V, CB05,..."", ""constructionIntervalStart"": ""2001-06-01"", ""constructionIntervalEnd"": ""2016-08-01"", ""powerKw"": ""55.0000"", ""powerPs"": ""75.0000"", ""capacityTax"": null, ""fuelType"": ""Essence"", ""bodyType"": ""Berline bicorps trois ou cinq portes"", ""numberOfCylinders"": 4, ""capacityLt"": ""1.2000"", ""capacityTech"": ""1149.0000"", ""engineCodes"": ""D4F 712"", ""engId"": 16186}",RAPID-2514803
b1916935-5066-4f36-83f0-fa956f618d99,108319,RENAULT,"CLIO II (BB_, CB_)",2001,2016,"1.2 16V (BB05, BB0W, BB11, BB27, BB2T, BB2U, BB2V, CB05,...",16104,Berline bicorps trois ou cinq portes,Essence,55,75,1149,2026-08-08 22:47:30,,,,,,4,,"{""vehicleId"": 16104, ""manufacturerName"": ""RENAULT"", ""modelName"": ""CLIO II (BB_, CB_)"", ""typeEngineName"": ""1.2 16V (BB05, BB0W, BB11, BB27, BB2T, BB2U, BB2V, CB05,..."", ""constructionIntervalStart"": ""2001-06-01"", ""constructionIntervalEnd"": ""2016-08-01"", ""powerKw"": ""55.0000"", ""powerPs"": ""75.0000"", ""capacityTax"": null, ""fuelType"": ""Essence"", ""bodyType"": ""Berline bicorps trois ou cinq portes"", ""numberOfCylinders"": 4, ""capacityLt"": ""1.2000"", ""capacityTech"": ""1149.0000"", ""engineCodes"": ""D4F 712"", ""engId"": 16186}",RAPID-2394420
b19d400b-7250-40b1-b33b-a742c93f6d07,108225,RENAULT,"CLIO II (BB_, CB_)",2001,2016,"1.2 16V (BB05, BB0W, BB11, BB27, BB2T, BB2U, BB2V, CB05,...",16104,Berline bicorps trois ou cinq portes,Essence,55,75,1149,2026-08-08 22:47:30,,,,,,4,,"{""vehicleId"": 16104, ""manufacturerName"": ""RENAULT"", ""modelName"": ""CLIO II (BB_, CB_)"", ""typeEngineName"": ""1.2 16V (BB05, BB0W, BB11, BB27, BB2T, BB2U, BB2V, CB05,..."", ""constructionIntervalStart"": ""2001-06-01"", ""constructionIntervalEnd"": ""2016-08-01"", ""powerKw"": ""55.0000"", ""powerPs"": ""75.0000"", ""capacityTax"": null, ""fuelType"": ""Essence"", ""bodyType"": ""Berline bicorps trois ou cinq portes"", ""numberOfCylinders"": 4, ""capacityLt"": ""1.2000"", ""capacityTech"": ""1149.0000"", ""engineCodes"": ""D4F 712"", ""engId"": 16186}",RAPID-54103281
b1ac66cb-da33-49fa-8c85-a056fdc502e6,108674,RENAULT,"CLIO II (BB_, CB_)",2001,2016,"1.2 16V (BB05, BB0W, BB11, BB27, BB2T, BB2U, BB2V, CB05,...",16104,Berline bicorps trois ou cinq portes,Essence,55,75,1149,2026-08-08 22:47:30,,,,,,4,,"{""vehicleId"": 16104, ""manufacturerName"": ""RENAULT"", ""modelName"": ""CLIO II (BB_, CB_)"", ""typeEngineName"": ""1.2 16V (BB05, BB0W, BB11, BB27, BB2T, BB2U, BB2V, CB05,..."", ""constructionIntervalStart"": ""2001-06-01"", ""constructionIntervalEnd"": ""2016-08-01"", ""powerKw"": ""55.0000"", ""powerPs"": ""75.0000"", ""capacityTax"": null, ""fuelType"": ""Essence"", ""bodyType"": ""Berline bicorps trois ou cinq portes"", ""numberOfCylinders"": 4, ""capacityLt"": ""1.2000"", ""capacityTech"": ""1149.0000"", ""engineCodes"": ""D4F 712"", ""engId"": 16186}",RAPID-8303207
b20a648f-b570-4f23-bbb9-8ed69b5e52d3,108228,RENAULT,"CLIO II (BB_, CB_)",2001,2016,"1.2 16V (BB05, BB0W, BB11, BB27, BB2T, BB2U, BB2V, CB05,...",16104,Berline bicorps trois ou cinq portes,Essence,55,75,1149,2026-08-08 22:47:30,,,,,,4,,"{""vehicleId"": 16104, ""manufacturerName"": ""RENAULT"", ""modelName"": ""CLIO II (BB_, CB_)"", ""typeEngineName"": ""1.2 16V (BB05, BB0W, BB11, BB27, BB2T, BB2U, BB2V, CB05,..."", ""constructionIntervalStart"": ""2001-06-01"", ""constructionIntervalEnd"": ""2016-08-01"", ""powerKw"": ""55.0000"", ""powerPs"": ""75.0000"", ""capacityTax"": null, ""fuelType"": ""Essence"", ""bodyType"": ""Berline bicorps trois ou cinq portes"", ""numberOfCylinders"": 4, ""capacityLt"": ""1.2000"", ""capacityTech"": ""1149.0000"", ""engineCodes"": ""D4F 712"", ""engId"": 16186}",RAPID-6142068
b28a421f-2549-4287-a808-2ccbbfb024ae,108148,RENAULT,"CLIO II (BB_, CB_)",2001,2016,"1.2 16V (BB05, BB0W, BB11, BB27, BB2T, BB2U, BB2V, CB05,...",16104,Berline bicorps trois ou cinq portes,Essence,55,75,1149,2026-08-08 22:47:30,,,,,,4,,"{""vehicleId"": 16104, ""manufacturerName"": ""RENAULT"", ""modelName"": ""CLIO II (BB_, CB_)"", ""typeEngineName"": ""1.2 16V (BB05, BB0W, BB11, BB27, BB2T, BB2U, BB2V, CB05,..."", ""constructionIntervalStart"": ""2001-06-01"", ""constructionIntervalEnd"": ""2016-08-01"", ""powerKw"": ""55.0000"", ""powerPs"": ""75.0000"", ""capacityTax"": null, ""fuelType"": ""Essence"", ""bodyType"": ""Berline bicorps trois ou cinq portes"", ""numberOfCylinders"": 4, ""capacityLt"": ""1.2000"", ""capacityTech"": ""1149.0000"", ""engineCodes"": ""D4F 712"", ""engId"": 16186}",RAPID-2866147
b2c40cc6-1cb7-411e-a3bf-6a1e66451cef,108439,RENAULT,"CLIO II (BB_, CB_)",2001,2016,"1.2 16V (BB05, BB0W, BB11, BB27, BB2T, BB2U, BB2V, CB05,...",16104,Berline bicorps trois ou cinq portes,Essence,55,75,1149,2026-08-08 22:47:30,,,,,,4,,"{""vehicleId"": 16104, ""manufacturerName"": ""RENAULT"", ""modelName"": ""CLIO II (BB_, CB_)"", ""typeEngineName"": ""1.2 16V (BB05, BB0W, BB11, BB27, BB2T, BB2U, BB2V, CB05,..."", ""constructionIntervalStart"": ""2001-06-01"", ""constructionIntervalEnd"": ""2016-08-01"", ""powerKw"": ""55.0000"", ""powerPs"": ""75.0000"", ""capacityTax"": null, ""fuelType"": ""Essence"", ""bodyType"": ""Berline bicorps trois ou cinq portes"", ""numberOfCylinders"": 4, ""capacityLt"": ""1.2000"", ""capacityTech"": ""1149.0000"", ""engineCodes"": ""D4F 712"", ""engId"": 16186}",RAPID-31757157
b2c7474a-46ee-4c29-9218-cbfb6d22abc1,108562,RENAULT,"CLIO II (BB_, CB_)",2001,2016,"1.2 16V (BB05, BB0W, BB11, BB27, BB2T, BB2U, BB2V, CB05,...",16104,Berline bicorps trois ou cinq portes,Essence,55,75,1149,2026-08-08 22:47:30,,,,,,4,,"{""vehicleId"": 16104, ""manufacturerName"": ""RENAULT"", ""modelName"": ""CLIO II (BB_, CB_)"", ""typeEngineName"": ""1.2 16V (BB05, BB0W, BB11, BB27, BB2T, BB2U, BB2V, CB05,..."", ""constructionIntervalStart"": ""2001-06-01"", ""constructionIntervalEnd"": ""2016-08-01"", ""powerKw"": ""55.0000"", ""powerPs"": ""75.0000"", ""capacityTax"": null, ""fuelType"": ""Essence"", ""bodyType"": ""Berline bicorps trois ou cinq portes"", ""numberOfCylinders"": 4, ""capacityLt"": ""1.2000"", ""capacityTech"": ""1149.0000"", ""engineCodes"": ""D4F 712"", ""engId"": 16186}",RAPID-10397946
b2d810af-e9c7-4262-89f1-c4b2a411911c,108697,RENAULT,"CLIO II (BB_, CB_)",2001,2016,"1.2 16V (BB05, BB0W, BB11, BB27, BB2T, BB2U, BB2V, CB05,...",16104,Berline bicorps trois ou cinq portes,Essence,55,75,1149,2026-08-08 22:47:30,,,,,,4,,"{""vehicleId"": 16104, ""manufacturerName"": ""RENAULT"", ""modelName"": ""CLIO II (BB_, CB_)"", ""typeEngineName"": ""1.2 16V (BB05, BB0W, BB11, BB27, BB2T, BB2U, BB2V, CB05,..."", ""constructionIntervalStart"": ""2001-06-01"", ""constructionIntervalEnd"": ""2016-08-01"", ""powerKw"": ""55.0000"", ""powerPs"": ""75.0000"", ""capacityTax"": null, ""fuelType"": ""Essence"", ""bodyType"": ""Berline bicorps trois ou cinq portes"", ""numberOfCylinders"": 4, ""capacityLt"": ""1.2000"", ""capacityTech"": ""1149.0000"", ""engineCodes"": ""D4F 712"", ""engId"": 16186}",RAPID-9686299
b30de4eb-11d2-4781-8fea-1a661f22c061,108327,RENAULT,"CLIO II (BB_, CB_)",2001,2016,"1.2 16V (BB05, BB0W, BB11, BB27, BB2T, BB2U, BB2V, CB05,...",16104,Berline bicorps trois ou cinq portes,Essence,55,75,1149,2026-08-08 22:47:30,,,,,,4,,"{""vehicleId"": 16104, ""manufacturerName"": ""RENAULT"", ""modelName"": ""CLIO II (BB_, CB_)"", ""typeEngineName"": ""1.2 16V (BB05, BB0W, BB11, BB27, BB2T, BB2U, BB2V, CB05,..."", ""constructionIntervalStart"": ""2001-06-01"", ""constructionIntervalEnd"": ""2016-08-01"", ""powerKw"": ""55.0000"", ""powerPs"": ""75.0000"", ""capacityTax"": null, ""fuelType"": ""Essence"", ""bodyType"": ""Berline bicorps trois ou cinq portes"", ""numberOfCylinders"": 4, ""capacityLt"": ""1.2000"", ""capacityTech"": ""1149.0000"", ""engineCodes"": ""D4F 712"", ""engId"": 16186}",RAPID-2394374
b31fb870-09d6-414a-b82e-69177c625848,108589,RENAULT,"CLIO II (BB_, CB_)",2001,2016,"1.2 16V (BB05, BB0W, BB11, BB27, BB2T, BB2U, BB2V, CB05,...",16104,Berline bicorps trois ou cinq portes,Essence,55,75,1149,2026-08-08 22:47:30,,,,,,4,,"{""vehicleId"": 16104, ""manufacturerName"": ""RENAULT"", ""modelName"": ""CLIO II (BB_, CB_)"", ""typeEngineName"": ""1.2 16V (BB05, BB0W, BB11, BB27, BB2T, BB2U, BB2V, CB05,..."", ""constructionIntervalStart"": ""2001-06-01"", ""constructionIntervalEnd"": ""2016-08-01"", ""powerKw"": ""55.0000"", ""powerPs"": ""75.0000"", ""capacityTax"": null, ""fuelType"": ""Essence"", ""bodyType"": ""Berline bicorps trois ou cinq portes"", ""numberOfCylinders"": 4, ""capacityLt"": ""1.2000"", ""capacityTech"": ""1149.0000"", ""engineCodes"": ""D4F 712"", ""engId"": 16186}",RAPID-3031938
b3215310-a6bf-4d71-9f82-c00a0d678cb5,108339,RENAULT,"CLIO II (BB_, CB_)",2001,2016,"1.2 16V (BB05, BB0W, BB11, BB27, BB2T, BB2U, BB2V, CB05,...",16104,Berline bicorps trois ou cinq portes,Essence,55,75,1149,2026-08-08 22:47:30,,,,,,4,,"{""vehicleId"": 16104, ""manufacturerName"": ""RENAULT"", ""modelName"": ""CLIO II (BB_, CB_)"", ""typeEngineName"": ""1.2 16V (BB05, BB0W, BB11, BB27, BB2T, BB2U, BB2V, CB05,..."", ""constructionIntervalStart"": ""2001-06-01"", ""constructionIntervalEnd"": ""2016-08-01"", ""powerKw"": ""55.0000"", ""powerPs"": ""75.0000"", ""capacityTax"": null, ""fuelType"": ""Essence"", ""bodyType"": ""Berline bicorps trois ou cinq portes"", ""numberOfCylinders"": 4, ""capacityLt"": ""1.2000"", ""capacityTech"": ""1149.0000"", ""engineCodes"": ""D4F 712"", ""engId"": 16186}",RAPID-6604009
b378fbdf-4608-41b8-a7bf-34a5a4c111b8,108286,RENAULT,"CLIO II (BB_, CB_)",2001,2016,"1.2 16V (BB05, BB0W, BB11, BB27, BB2T, BB2U, BB2V, CB05,...",16104,Berline bicorps trois ou cinq portes,Essence,55,75,1149,2026-08-08 22:47:30,,,,,,4,,"{""vehicleId"": 16104, ""manufacturerName"": ""RENAULT"", ""modelName"": ""CLIO II (BB_, CB_)"", ""typeEngineName"": ""1.2 16V (BB05, BB0W, BB11, BB27, BB2T, BB2U, BB2V, CB05,..."", ""constructionIntervalStart"": ""2001-06-01"", ""constructionIntervalEnd"": ""2016-08-01"", ""powerKw"": ""55.0000"", ""powerPs"": ""75.0000"", ""capacityTax"": null, ""fuelType"": ""Essence"", ""bodyType"": ""Berline bicorps trois ou cinq portes"", ""numberOfCylinders"": 4, ""capacityLt"": ""1.2000"", ""capacityTech"": ""1149.0000"", ""engineCodes"": ""D4F 712"", ""engId"": 16186}",RAPID-6108399
b3a19a6e-2fc6-4f67-8af0-0c9ddd0818e7,108568,RENAULT,"CLIO II (BB_, CB_)",2001,2016,"1.2 16V (BB05, BB0W, BB11, BB27, BB2T, BB2U, BB2V, CB05,...",16104,Berline bicorps trois ou cinq portes,Essence,55,75,1149,2026-08-08 22:47:30,,,,,,4,,"{""vehicleId"": 16104, ""manufacturerName"": ""RENAULT"", ""modelName"": ""CLIO II (BB_, CB_)"", ""typeEngineName"": ""1.2 16V (BB05, BB0W, BB11, BB27, BB2T, BB2U, BB2V, CB05,..."", ""constructionIntervalStart"": ""2001-06-01"", ""constructionIntervalEnd"": ""2016-08-01"", ""powerKw"": ""55.0000"", ""powerPs"": ""75.0000"", ""capacityTax"": null, ""fuelType"": ""Essence"", ""bodyType"": ""Berline bicorps trois ou cinq portes"", ""numberOfCylinders"": 4, ""capacityLt"": ""1.2000"", ""capacityTech"": ""1149.0000"", ""engineCodes"": ""D4F 712"", ""engId"": 16186}",RAPID-19534318
b3bcffd2-0d8c-412e-93dd-3d628905611e,108512,RENAULT,"CLIO II (BB_, CB_)",2001,2016,"1.2 16V (BB05, BB0W, BB11, BB27, BB2T, BB2U, BB2V, CB05,...",16104,Berline bicorps trois ou cinq portes,Essence,55,75,1149,2026-08-08 22:47:30,,,,,,4,,"{""vehicleId"": 16104, ""manufacturerName"": ""RENAULT"", ""modelName"": ""CLIO II (BB_, CB_)"", ""typeEngineName"": ""1.2 16V (BB05, BB0W, BB11, BB27, BB2T, BB2U, BB2V, CB05,..."", ""constructionIntervalStart"": ""2001-06-01"", ""constructionIntervalEnd"": ""2016-08-01"", ""powerKw"": ""55.0000"", ""powerPs"": ""75.0000"", ""capacityTax"": null, ""fuelType"": ""Essence"", ""bodyType"": ""Berline bicorps trois ou cinq portes"", ""numberOfCylinders"": 4, ""capacityLt"": ""1.2000"", ""capacityTech"": ""1149.0000"", ""engineCodes"": ""D4F 712"", ""engId"": 16186}",RAPID-9693160
b47739d3-558b-4a57-b916-dd465afca95f,108745,RENAULT,"CLIO II (BB_, CB_)",2001,2016,"1.2 16V (BB05, BB0W, BB11, BB27, BB2T, BB2U, BB2V, CB05,...",16104,Berline bicorps trois ou cinq portes,Essence,55,75,1149,2026-08-08 22:47:30,,,,,,4,,"{""vehicleId"": 16104, ""manufacturerName"": ""RENAULT"", ""modelName"": ""CLIO II (BB_, CB_)"", ""typeEngineName"": ""1.2 16V (BB05, BB0W, BB11, BB27, BB2T, BB2U, BB2V, CB05,..."", ""constructionIntervalStart"": ""2001-06-01"", ""constructionIntervalEnd"": ""2016-08-01"", ""powerKw"": ""55.0000"", ""powerPs"": ""75.0000"", ""capacityTax"": null, ""fuelType"": ""Essence"", ""bodyType"": ""Berline bicorps trois ou cinq portes"", ""numberOfCylinders"": 4, ""capacityLt"": ""1.2000"", ""capacityTech"": ""1149.0000"", ""engineCodes"": ""D4F 712"", ""engId"": 16186}",RAPID-9685650
b4fa9a90-210f-4b37-bffa-7b830cb69501,108453,RENAULT,"CLIO II (BB_, CB_)",2001,2016,"1.2 16V (BB05, BB0W, BB11, BB27, BB2T, BB2U, BB2V, CB05,...",16104,Berline bicorps trois ou cinq portes,Essence,55,75,1149,2026-08-08 22:47:30,,,,,,4,,"{""vehicleId"": 16104, ""manufacturerName"": ""RENAULT"", ""modelName"": ""CLIO II (BB_, CB_)"", ""typeEngineName"": ""1.2 16V (BB05, BB0W, BB11, BB27, BB2T, BB2U, BB2V, CB05,..."", ""constructionIntervalStart"": ""2001-06-01"", ""constructionIntervalEnd"": ""2016-08-01"", ""powerKw"": ""55.0000"", ""powerPs"": ""75.0000"", ""capacityTax"": null, ""fuelType"": ""Essence"", ""bodyType"": ""Berline bicorps trois ou cinq portes"", ""numberOfCylinders"": 4, ""capacityLt"": ""1.2000"", ""capacityTech"": ""1149.0000"", ""engineCodes"": ""D4F 712"", ""engId"": 16186}",RAPID-1465967
b52085b2-f395-4aef-9b2f-06fc0468c54d,108159,RENAULT,"CLIO II (BB_, CB_)",2001,2016,"1.2 16V (BB05, BB0W, BB11, BB27, BB2T, BB2U, BB2V, CB05,...",16104,Berline bicorps trois ou cinq portes,Essence,55,75,1149,2026-08-08 22:47:30,,,,,,4,,"{""vehicleId"": 16104, ""manufacturerName"": ""RENAULT"", ""modelName"": ""CLIO II (BB_, CB_)"", ""typeEngineName"": ""1.2 16V (BB05, BB0W, BB11, BB27, BB2T, BB2U, BB2V, CB05,..."", ""constructionIntervalStart"": ""2001-06-01"", ""constructionIntervalEnd"": ""2016-08-01"", ""powerKw"": ""55.0000"", ""powerPs"": ""75.0000"", ""capacityTax"": null, ""fuelType"": ""Essence"", ""bodyType"": ""Berline bicorps trois ou cinq portes"", ""numberOfCylinders"": 4, ""capacityLt"": ""1.2000"", ""capacityTech"": ""1149.0000"", ""engineCodes"": ""D4F 712"", ""engId"": 16186}",RAPID-54955204
b5943769-79e2-47e6-8fc8-049504d0f004,108408,RENAULT,"CLIO II (BB_, CB_)",2001,2016,"1.2 16V (BB05, BB0W, BB11, BB27, BB2T, BB2U, BB2V, CB05,...",16104,Berline bicorps trois ou cinq portes,Essence,55,75,1149,2026-08-08 22:47:30,,,,,,4,,"{""vehicleId"": 16104, ""manufacturerName"": ""RENAULT"", ""modelName"": ""CLIO II (BB_, CB_)"", ""typeEngineName"": ""1.2 16V (BB05, BB0W, BB11, BB27, BB2T, BB2U, BB2V, CB05,..."", ""constructionIntervalStart"": ""2001-06-01"", ""constructionIntervalEnd"": ""2016-08-01"", ""powerKw"": ""55.0000"", ""powerPs"": ""75.0000"", ""capacityTax"": null, ""fuelType"": ""Essence"", ""bodyType"": ""Berline bicorps trois ou cinq portes"", ""numberOfCylinders"": 4, ""capacityLt"": ""1.2000"", ""capacityTech"": ""1149.0000"", ""engineCodes"": ""D4F 712"", ""engId"": 16186}",RAPID-85549909
b5c85011-56b8-4bb2-97ff-e4eac7b69cc6,108294,RENAULT,"CLIO II (BB_, CB_)",2001,2016,"1.2 16V (BB05, BB0W, BB11, BB27, BB2T, BB2U, BB2V, CB05,...",16104,Berline bicorps trois ou cinq portes,Essence,55,75,1149,2026-08-08 22:47:30,,,,,,4,,"{""vehicleId"": 16104, ""manufacturerName"": ""RENAULT"", ""modelName"": ""CLIO II (BB_, CB_)"", ""typeEngineName"": ""1.2 16V (BB05, BB0W, BB11, BB27, BB2T, BB2U, BB2V, CB05,..."", ""constructionIntervalStart"": ""2001-06-01"", ""constructionIntervalEnd"": ""2016-08-01"", ""powerKw"": ""55.0000"", ""powerPs"": ""75.0000"", ""capacityTax"": null, ""fuelType"": ""Essence"", ""bodyType"": ""Berline bicorps trois ou cinq portes"", ""numberOfCylinders"": 4, ""capacityLt"": ""1.2000"", ""capacityTech"": ""1149.0000"", ""engineCodes"": ""D4F 712"", ""engId"": 16186}",RAPID-4612459
b5eda41c-8746-4dac-934b-5dc66e369383,108472,RENAULT,"CLIO II (BB_, CB_)",2001,2016,"1.2 16V (BB05, BB0W, BB11, BB27, BB2T, BB2U, BB2V, CB05,...",16104,Berline bicorps trois ou cinq portes,Essence,55,75,1149,2026-08-08 22:47:30,,,,,,4,,"{""vehicleId"": 16104, ""manufacturerName"": ""RENAULT"", ""modelName"": ""CLIO II (BB_, CB_)"", ""typeEngineName"": ""1.2 16V (BB05, BB0W, BB11, BB27, BB2T, BB2U, BB2V, CB05,..."", ""constructionIntervalStart"": ""2001-06-01"", ""constructionIntervalEnd"": ""2016-08-01"", ""powerKw"": ""55.0000"", ""powerPs"": ""75.0000"", ""capacityTax"": null, ""fuelType"": ""Essence"", ""bodyType"": ""Berline bicorps trois ou cinq portes"", ""numberOfCylinders"": 4, ""capacityLt"": ""1.2000"", ""capacityTech"": ""1149.0000"", ""engineCodes"": ""D4F 712"", ""engId"": 16186}",RAPID-9192201
b67e7357-2817-446e-9bbe-62dbb9ebc31b,108573,RENAULT,"CLIO II (BB_, CB_)",2001,2016,"1.2 16V (BB05, BB0W, BB11, BB27, BB2T, BB2U, BB2V, CB05,...",16104,Berline bicorps trois ou cinq portes,Essence,55,75,1149,2026-08-08 22:47:30,,,,,,4,,"{""vehicleId"": 16104, ""manufacturerName"": ""RENAULT"", ""modelName"": ""CLIO II (BB_, CB_)"", ""typeEngineName"": ""1.2 16V (BB05, BB0W, BB11, BB27, BB2T, BB2U, BB2V, CB05,..."", ""constructionIntervalStart"": ""2001-06-01"", ""constructionIntervalEnd"": ""2016-08-01"", ""powerKw"": ""55.0000"", ""powerPs"": ""75.0000"", ""capacityTax"": null, ""fuelType"": ""Essence"", ""bodyType"": ""Berline bicorps trois ou cinq portes"", ""numberOfCylinders"": 4, ""capacityLt"": ""1.2000"", ""capacityTech"": ""1149.0000"", ""engineCodes"": ""D4F 712"", ""engId"": 16186}",RAPID-107727
b68afae9-30d1-4401-8e6d-c89ba52a38c2,108502,RENAULT,"CLIO II (BB_, CB_)",2001,2016,"1.2 16V (BB05, BB0W, BB11, BB27, BB2T, BB2U, BB2V, CB05,...",16104,Berline bicorps trois ou cinq portes,Essence,55,75,1149,2026-08-08 22:47:30,,,,,,4,,"{""vehicleId"": 16104, ""manufacturerName"": ""RENAULT"", ""modelName"": ""CLIO II (BB_, CB_)"", ""typeEngineName"": ""1.2 16V (BB05, BB0W, BB11, BB27, BB2T, BB2U, BB2V, CB05,..."", ""constructionIntervalStart"": ""2001-06-01"", ""constructionIntervalEnd"": ""2016-08-01"", ""powerKw"": ""55.0000"", ""powerPs"": ""75.0000"", ""capacityTax"": null, ""fuelType"": ""Essence"", ""bodyType"": ""Berline bicorps trois ou cinq portes"", ""numberOfCylinders"": 4, ""capacityLt"": ""1.2000"", ""capacityTech"": ""1149.0000"", ""engineCodes"": ""D4F 712"", ""engId"": 16186}",RAPID-2382465
b6e92fef-7ec7-4b13-9892-d12ec69c7dc5,108368,RENAULT,"CLIO II (BB_, CB_)",2001,2016,"1.2 16V (BB05, BB0W, BB11, BB27, BB2T, BB2U, BB2V, CB05,...",16104,Berline bicorps trois ou cinq portes,Essence,55,75,1149,2026-08-08 22:47:30,,,,,,4,,"{""vehicleId"": 16104, ""manufacturerName"": ""RENAULT"", ""modelName"": ""CLIO II (BB_, CB_)"", ""typeEngineName"": ""1.2 16V (BB05, BB0W, BB11, BB27, BB2T, BB2U, BB2V, CB05,..."", ""constructionIntervalStart"": ""2001-06-01"", ""constructionIntervalEnd"": ""2016-08-01"", ""powerKw"": ""55.0000"", ""powerPs"": ""75.0000"", ""capacityTax"": null, ""fuelType"": ""Essence"", ""bodyType"": ""Berline bicorps trois ou cinq portes"", ""numberOfCylinders"": 4, ""capacityLt"": ""1.2000"", ""capacityTech"": ""1149.0000"", ""engineCodes"": ""D4F 712"", ""engId"": 16186}",RAPID-4170449
b72a0fad-eae8-42af-a30d-b2e6ff428897,108247,RENAULT,"CLIO II (BB_, CB_)",2001,2016,"1.2 16V (BB05, BB0W, BB11, BB27, BB2T, BB2U, BB2V, CB05,...",16104,Berline bicorps trois ou cinq portes,Essence,55,75,1149,2026-08-08 22:47:30,,,,,,4,,"{""vehicleId"": 16104, ""manufacturerName"": ""RENAULT"", ""modelName"": ""CLIO II (BB_, CB_)"", ""typeEngineName"": ""1.2 16V (BB05, BB0W, BB11, BB27, BB2T, BB2U, BB2V, CB05,..."", ""constructionIntervalStart"": ""2001-06-01"", ""constructionIntervalEnd"": ""2016-08-01"", ""powerKw"": ""55.0000"", ""powerPs"": ""75.0000"", ""capacityTax"": null, ""fuelType"": ""Essence"", ""bodyType"": ""Berline bicorps trois ou cinq portes"", ""numberOfCylinders"": 4, ""capacityLt"": ""1.2000"", ""capacityTech"": ""1149.0000"", ""engineCodes"": ""D4F 712"", ""engId"": 16186}",RAPID-2512451
b79dbb36-7995-4389-8697-6e0c9d1eaf09,108724,RENAULT,"CLIO II (BB_, CB_)",2001,2016,"1.2 16V (BB05, BB0W, BB11, BB27, BB2T, BB2U, BB2V, CB05,...",16104,Berline bicorps trois ou cinq portes,Essence,55,75,1149,2026-08-08 22:47:30,,,,,,4,,"{""vehicleId"": 16104, ""manufacturerName"": ""RENAULT"", ""modelName"": ""CLIO II (BB_, CB_)"", ""typeEngineName"": ""1.2 16V (BB05, BB0W, BB11, BB27, BB2T, BB2U, BB2V, CB05,..."", ""constructionIntervalStart"": ""2001-06-01"", ""constructionIntervalEnd"": ""2016-08-01"", ""powerKw"": ""55.0000"", ""powerPs"": ""75.0000"", ""capacityTax"": null, ""fuelType"": ""Essence"", ""bodyType"": ""Berline bicorps trois ou cinq portes"", ""numberOfCylinders"": 4, ""capacityLt"": ""1.2000"", ""capacityTech"": ""1149.0000"", ""engineCodes"": ""D4F 712"", ""engId"": 16186}",RAPID-5336744
b7a2798a-b3c3-4a16-8587-a4bcb273cc03,108195,RENAULT,"CLIO II (BB_, CB_)",2001,2016,"1.2 16V (BB05, BB0W, BB11, BB27, BB2T, BB2U, BB2V, CB05,...",16104,Berline bicorps trois ou cinq portes,Essence,55,75,1149,2026-08-08 22:47:30,,,,,,4,,"{""vehicleId"": 16104, ""manufacturerName"": ""RENAULT"", ""modelName"": ""CLIO II (BB_, CB_)"", ""typeEngineName"": ""1.2 16V (BB05, BB0W, BB11, BB27, BB2T, BB2U, BB2V, CB05,..."", ""constructionIntervalStart"": ""2001-06-01"", ""constructionIntervalEnd"": ""2016-08-01"", ""powerKw"": ""55.0000"", ""powerPs"": ""75.0000"", ""capacityTax"": null, ""fuelType"": ""Essence"", ""bodyType"": ""Berline bicorps trois ou cinq portes"", ""numberOfCylinders"": 4, ""capacityLt"": ""1.2000"", ""capacityTech"": ""1149.0000"", ""engineCodes"": ""D4F 712"", ""engId"": 16186}",RAPID-5789164
b7d6ca05-3717-48d1-8da6-b2a99e39d501,108521,RENAULT,"CLIO II (BB_, CB_)",2001,2016,"1.2 16V (BB05, BB0W, BB11, BB27, BB2T, BB2U, BB2V, CB05,...",16104,Berline bicorps trois ou cinq portes,Essence,55,75,1149,2026-08-08 22:47:30,,,,,,4,,"{""vehicleId"": 16104, ""manufacturerName"": ""RENAULT"", ""modelName"": ""CLIO II (BB_, CB_)"", ""typeEngineName"": ""1.2 16V (BB05, BB0W, BB11, BB27, BB2T, BB2U, BB2V, CB05,..."", ""constructionIntervalStart"": ""2001-06-01"", ""constructionIntervalEnd"": ""2016-08-01"", ""powerKw"": ""55.0000"", ""powerPs"": ""75.0000"", ""capacityTax"": null, ""fuelType"": ""Essence"", ""bodyType"": ""Berline bicorps trois ou cinq portes"", ""numberOfCylinders"": 4, ""capacityLt"": ""1.2000"", ""capacityTech"": ""1149.0000"", ""engineCodes"": ""D4F 712"", ""engId"": 16186}",RAPID-7747736
b7fd63df-c9e0-42b2-a58b-7b9c1627d4a4,108395,RENAULT,"CLIO II (BB_, CB_)",2001,2016,"1.2 16V (BB05, BB0W, BB11, BB27, BB2T, BB2U, BB2V, CB05,...",16104,Berline bicorps trois ou cinq portes,Essence,55,75,1149,2026-08-08 22:47:30,,,,,,4,,"{""vehicleId"": 16104, ""manufacturerName"": ""RENAULT"", ""modelName"": ""CLIO II (BB_, CB_)"", ""typeEngineName"": ""1.2 16V (BB05, BB0W, BB11, BB27, BB2T, BB2U, BB2V, CB05,..."", ""constructionIntervalStart"": ""2001-06-01"", ""constructionIntervalEnd"": ""2016-08-01"", ""powerKw"": ""55.0000"", ""powerPs"": ""75.0000"", ""capacityTax"": null, ""fuelType"": ""Essence"", ""bodyType"": ""Berline bicorps trois ou cinq portes"", ""numberOfCylinders"": 4, ""capacityLt"": ""1.2000"", ""capacityTech"": ""1149.0000"", ""engineCodes"": ""D4F 712"", ""engId"": 16186}",RAPID-18344449
b93995f1-a89b-4696-9eb3-1b7eb7fb17ba,108554,RENAULT,"CLIO II (BB_, CB_)",2001,2016,"1.2 16V (BB05, BB0W, BB11, BB27, BB2T, BB2U, BB2V, CB05,...",16104,Berline bicorps trois ou cinq portes,Essence,55,75,1149,2026-08-08 22:47:30,,,,,,4,,"{""vehicleId"": 16104, ""manufacturerName"": ""RENAULT"", ""modelName"": ""CLIO II (BB_, CB_)"", ""typeEngineName"": ""1.2 16V (BB05, BB0W, BB11, BB27, BB2T, BB2U, BB2V, CB05,..."", ""constructionIntervalStart"": ""2001-06-01"", ""constructionIntervalEnd"": ""2016-08-01"", ""powerKw"": ""55.0000"", ""powerPs"": ""75.0000"", ""capacityTax"": null, ""fuelType"": ""Essence"", ""bodyType"": ""Berline bicorps trois ou cinq portes"", ""numberOfCylinders"": 4, ""capacityLt"": ""1.2000"", ""capacityTech"": ""1149.0000"", ""engineCodes"": ""D4F 712"", ""engId"": 16186}",RAPID-7961554
b96970d2-b726-49be-b38b-7e4eedd97b7e,108715,RENAULT,"CLIO II (BB_, CB_)",2001,2016,"1.2 16V (BB05, BB0W, BB11, BB27, BB2T, BB2U, BB2V, CB05,...",16104,Berline bicorps trois ou cinq portes,Essence,55,75,1149,2026-08-08 22:47:30,,,,,,4,,"{""vehicleId"": 16104, ""manufacturerName"": ""RENAULT"", ""modelName"": ""CLIO II (BB_, CB_)"", ""typeEngineName"": ""1.2 16V (BB05, BB0W, BB11, BB27, BB2T, BB2U, BB2V, CB05,..."", ""constructionIntervalStart"": ""2001-06-01"", ""constructionIntervalEnd"": ""2016-08-01"", ""powerKw"": ""55.0000"", ""powerPs"": ""75.0000"", ""capacityTax"": null, ""fuelType"": ""Essence"", ""bodyType"": ""Berline bicorps trois ou cinq portes"", ""numberOfCylinders"": 4, ""capacityLt"": ""1.2000"", ""capacityTech"": ""1149.0000"", ""engineCodes"": ""D4F 712"", ""engId"": 16186}",RAPID-2358042
b974655a-3ab6-48e1-b9f4-37627b72effe,108036,AUDI,80 B4 Saloon (8C2),1991,1994,1.9 TD,1392,Saloon,Diesel,,,,2026-08-06 14:24:09,,,,,,,,,RAPID-80953801
b98506e8-c621-4261-ab6d-f1af84a3fc1a,108768,RENAULT,"CLIO II (BB_, CB_)",2001,2016,"1.2 16V (BB05, BB0W, BB11, BB27, BB2T, BB2U, BB2V, CB05,...",16104,Berline bicorps trois ou cinq portes,Essence,55,75,1149,2026-08-08 22:47:30,,,,,,4,,"{""vehicleId"": 16104, ""manufacturerName"": ""RENAULT"", ""modelName"": ""CLIO II (BB_, CB_)"", ""typeEngineName"": ""1.2 16V (BB05, BB0W, BB11, BB27, BB2T, BB2U, BB2V, CB05,..."", ""constructionIntervalStart"": ""2001-06-01"", ""constructionIntervalEnd"": ""2016-08-01"", ""powerKw"": ""55.0000"", ""powerPs"": ""75.0000"", ""capacityTax"": null, ""fuelType"": ""Essence"", ""bodyType"": ""Berline bicorps trois ou cinq portes"", ""numberOfCylinders"": 4, ""capacityLt"": ""1.2000"", ""capacityTech"": ""1149.0000"", ""engineCodes"": ""D4F 712"", ""engId"": 16186}",RAPID-2478005
b99f1527-ef26-4700-a18b-5d99883bc169,108160,RENAULT,"CLIO II (BB_, CB_)",2001,2016,"1.2 16V (BB05, BB0W, BB11, BB27, BB2T, BB2U, BB2V, CB05,...",16104,Berline bicorps trois ou cinq portes,Essence,55,75,1149,2026-08-08 22:47:30,,,,,,4,,"{""vehicleId"": 16104, ""manufacturerName"": ""RENAULT"", ""modelName"": ""CLIO II (BB_, CB_)"", ""typeEngineName"": ""1.2 16V (BB05, BB0W, BB11, BB27, BB2T, BB2U, BB2V, CB05,..."", ""constructionIntervalStart"": ""2001-06-01"", ""constructionIntervalEnd"": ""2016-08-01"", ""powerKw"": ""55.0000"", ""powerPs"": ""75.0000"", ""capacityTax"": null, ""fuelType"": ""Essence"", ""bodyType"": ""Berline bicorps trois ou cinq portes"", ""numberOfCylinders"": 4, ""capacityLt"": ""1.2000"", ""capacityTech"": ""1149.0000"", ""engineCodes"": ""D4F 712"", ""engId"": 16186}",RAPID-54563697
b9a980b4-f948-4274-b86b-4ae52c21fae0,108394,RENAULT,"CLIO II (BB_, CB_)",2001,2016,"1.2 16V (BB05, BB0W, BB11, BB27, BB2T, BB2U, BB2V, CB05,...",16104,Berline bicorps trois ou cinq portes,Essence,55,75,1149,2026-08-08 22:47:30,,,,,,4,,"{""vehicleId"": 16104, ""manufacturerName"": ""RENAULT"", ""modelName"": ""CLIO II (BB_, CB_)"", ""typeEngineName"": ""1.2 16V (BB05, BB0W, BB11, BB27, BB2T, BB2U, BB2V, CB05,..."", ""constructionIntervalStart"": ""2001-06-01"", ""constructionIntervalEnd"": ""2016-08-01"", ""powerKw"": ""55.0000"", ""powerPs"": ""75.0000"", ""capacityTax"": null, ""fuelType"": ""Essence"", ""bodyType"": ""Berline bicorps trois ou cinq portes"", ""numberOfCylinders"": 4, ""capacityLt"": ""1.2000"", ""capacityTech"": ""1149.0000"", ""engineCodes"": ""D4F 712"", ""engId"": 16186}",RAPID-15752757
b9aa394c-0c4a-4586-ab82-704eb3fe19de,108675,RENAULT,"CLIO II (BB_, CB_)",2001,2016,"1.2 16V (BB05, BB0W, BB11, BB27, BB2T, BB2U, BB2V, CB05,...",16104,Berline bicorps trois ou cinq portes,Essence,55,75,1149,2026-08-08 22:47:30,,,,,,4,,"{""vehicleId"": 16104, ""manufacturerName"": ""RENAULT"", ""modelName"": ""CLIO II (BB_, CB_)"", ""typeEngineName"": ""1.2 16V (BB05, BB0W, BB11, BB27, BB2T, BB2U, BB2V, CB05,..."", ""constructionIntervalStart"": ""2001-06-01"", ""constructionIntervalEnd"": ""2016-08-01"", ""powerKw"": ""55.0000"", ""powerPs"": ""75.0000"", ""capacityTax"": null, ""fuelType"": ""Essence"", ""bodyType"": ""Berline bicorps trois ou cinq portes"", ""numberOfCylinders"": 4, ""capacityLt"": ""1.2000"", ""capacityTech"": ""1149.0000"", ""engineCodes"": ""D4F 712"", ""engId"": 16186}",RAPID-8303209
b9b3b188-7669-474e-b177-02d484533aba,108118,RENAULT,"CLIO II (BB_, CB_)",2001,2016,"1.2 16V (BB05, BB0W, BB11, BB27, BB2T, BB2U, BB2V, CB05,...",16104,Berline bicorps trois ou cinq portes,Essence,55,75,1149,2026-08-08 22:47:30,,,,,,4,,"{""vehicleId"": 16104, ""manufacturerName"": ""RENAULT"", ""modelName"": ""CLIO II (BB_, CB_)"", ""typeEngineName"": ""1.2 16V (BB05, BB0W, BB11, BB27, BB2T, BB2U, BB2V, CB05,..."", ""constructionIntervalStart"": ""2001-06-01"", ""constructionIntervalEnd"": ""2016-08-01"", ""powerKw"": ""55.0000"", ""powerPs"": ""75.0000"", ""capacityTax"": null, ""fuelType"": ""Essence"", ""bodyType"": ""Berline bicorps trois ou cinq portes"", ""numberOfCylinders"": 4, ""capacityLt"": ""1.2000"", ""capacityTech"": ""1149.0000"", ""engineCodes"": ""D4F 712"", ""engId"": 16186}",RAPID-5386825
b9ee37c4-393f-4f8a-85cc-76a1b5d2166e,108474,RENAULT,"CLIO II (BB_, CB_)",2001,2016,"1.2 16V (BB05, BB0W, BB11, BB27, BB2T, BB2U, BB2V, CB05,...",16104,Berline bicorps trois ou cinq portes,Essence,55,75,1149,2026-08-08 22:47:30,,,,,,4,,"{""vehicleId"": 16104, ""manufacturerName"": ""RENAULT"", ""modelName"": ""CLIO II (BB_, CB_)"", ""typeEngineName"": ""1.2 16V (BB05, BB0W, BB11, BB27, BB2T, BB2U, BB2V, CB05,..."", ""constructionIntervalStart"": ""2001-06-01"", ""constructionIntervalEnd"": ""2016-08-01"", ""powerKw"": ""55.0000"", ""powerPs"": ""75.0000"", ""capacityTax"": null, ""fuelType"": ""Essence"", ""bodyType"": ""Berline bicorps trois ou cinq portes"", ""numberOfCylinders"": 4, ""capacityLt"": ""1.2000"", ""capacityTech"": ""1149.0000"", ""engineCodes"": ""D4F 712"", ""engId"": 16186}",RAPID-9192183
ba74233f-69d6-490d-b12c-5747b7d060b4,108290,RENAULT,"CLIO II (BB_, CB_)",2001,2016,"1.2 16V (BB05, BB0W, BB11, BB27, BB2T, BB2U, BB2V, CB05,...",16104,Berline bicorps trois ou cinq portes,Essence,55,75,1149,2026-08-08 22:47:30,,,,,,4,,"{""vehicleId"": 16104, ""manufacturerName"": ""RENAULT"", ""modelName"": ""CLIO II (BB_, CB_)"", ""typeEngineName"": ""1.2 16V (BB05, BB0W, BB11, BB27, BB2T, BB2U, BB2V, CB05,..."", ""constructionIntervalStart"": ""2001-06-01"", ""constructionIntervalEnd"": ""2016-08-01"", ""powerKw"": ""55.0000"", ""powerPs"": ""75.0000"", ""capacityTax"": null, ""fuelType"": ""Essence"", ""bodyType"": ""Berline bicorps trois ou cinq portes"", ""numberOfCylinders"": 4, ""capacityLt"": ""1.2000"", ""capacityTech"": ""1149.0000"", ""engineCodes"": ""D4F 712"", ""engId"": 16186}",RAPID-4612438
bb1ee85c-7959-4293-8af7-3d7d709b7e88,108527,RENAULT,"CLIO II (BB_, CB_)",2001,2016,"1.2 16V (BB05, BB0W, BB11, BB27, BB2T, BB2U, BB2V, CB05,...",16104,Berline bicorps trois ou cinq portes,Essence,55,75,1149,2026-08-08 22:47:30,,,,,,4,,"{""vehicleId"": 16104, ""manufacturerName"": ""RENAULT"", ""modelName"": ""CLIO II (BB_, CB_)"", ""typeEngineName"": ""1.2 16V (BB05, BB0W, BB11, BB27, BB2T, BB2U, BB2V, CB05,..."", ""constructionIntervalStart"": ""2001-06-01"", ""constructionIntervalEnd"": ""2016-08-01"", ""powerKw"": ""55.0000"", ""powerPs"": ""75.0000"", ""capacityTax"": null, ""fuelType"": ""Essence"", ""bodyType"": ""Berline bicorps trois ou cinq portes"", ""numberOfCylinders"": 4, ""capacityLt"": ""1.2000"", ""capacityTech"": ""1149.0000"", ""engineCodes"": ""D4F 712"", ""engId"": 16186}",RAPID-2715572
bb5eb91a-271b-4b75-8f22-3fa089793f79,108849,RENAULT,"CLIO II (BB_, CB_)",2001,2016,"1.2 16V (BB05, BB0W, BB11, BB27, BB2T, BB2U, BB2V, CB05,...",16104,Berline bicorps trois ou cinq portes,Essence,55,75,1149,2026-08-08 22:47:30,,,,,,4,,"{""vehicleId"": 16104, ""manufacturerName"": ""RENAULT"", ""modelName"": ""CLIO II (BB_, CB_)"", ""typeEngineName"": ""1.2 16V (BB05, BB0W, BB11, BB27, BB2T, BB2U, BB2V, CB05,..."", ""constructionIntervalStart"": ""2001-06-01"", ""constructionIntervalEnd"": ""2016-08-01"", ""powerKw"": ""55.0000"", ""powerPs"": ""75.0000"", ""capacityTax"": null, ""fuelType"": ""Essence"", ""bodyType"": ""Berline bicorps trois ou cinq portes"", ""numberOfCylinders"": 4, ""capacityLt"": ""1.2000"", ""capacityTech"": ""1149.0000"", ""engineCodes"": ""D4F 712"", ""engId"": 16186}",RAPID-1872682
bbca321a-bdcd-4f98-b097-57cfe9dc8f2d,108795,RENAULT,"CLIO II (BB_, CB_)",2001,2016,"1.2 16V (BB05, BB0W, BB11, BB27, BB2T, BB2U, BB2V, CB05,...",16104,Berline bicorps trois ou cinq portes,Essence,55,75,1149,2026-08-08 22:47:30,,,,,,4,,"{""vehicleId"": 16104, ""manufacturerName"": ""RENAULT"", ""modelName"": ""CLIO II (BB_, CB_)"", ""typeEngineName"": ""1.2 16V (BB05, BB0W, BB11, BB27, BB2T, BB2U, BB2V, CB05,..."", ""constructionIntervalStart"": ""2001-06-01"", ""constructionIntervalEnd"": ""2016-08-01"", ""powerKw"": ""55.0000"", ""powerPs"": ""75.0000"", ""capacityTax"": null, ""fuelType"": ""Essence"", ""bodyType"": ""Berline bicorps trois ou cinq portes"", ""numberOfCylinders"": 4, ""capacityLt"": ""1.2000"", ""capacityTech"": ""1149.0000"", ""engineCodes"": ""D4F 712"", ""engId"": 16186}",RAPID-7927560
bbd0549e-8685-421e-858c-f80be8c1eb01,108183,RENAULT,"CLIO II (BB_, CB_)",2001,2016,"1.2 16V (BB05, BB0W, BB11, BB27, BB2T, BB2U, BB2V, CB05,...",16104,Berline bicorps trois ou cinq portes,Essence,55,75,1149,2026-08-08 22:47:30,,,,,,4,,"{""vehicleId"": 16104, ""manufacturerName"": ""RENAULT"", ""modelName"": ""CLIO II (BB_, CB_)"", ""typeEngineName"": ""1.2 16V (BB05, BB0W, BB11, BB27, BB2T, BB2U, BB2V, CB05,..."", ""constructionIntervalStart"": ""2001-06-01"", ""constructionIntervalEnd"": ""2016-08-01"", ""powerKw"": ""55.0000"", ""powerPs"": ""75.0000"", ""capacityTax"": null, ""fuelType"": ""Essence"", ""bodyType"": ""Berline bicorps trois ou cinq portes"", ""numberOfCylinders"": 4, ""capacityLt"": ""1.2000"", ""capacityTech"": ""1149.0000"", ""engineCodes"": ""D4F 712"", ""engId"": 16186}",RAPID-9680207
bbf231a2-eb4c-4c88-a1f5-a07da9de2553,108284,RENAULT,"CLIO II (BB_, CB_)",2001,2016,"1.2 16V (BB05, BB0W, BB11, BB27, BB2T, BB2U, BB2V, CB05,...",16104,Berline bicorps trois ou cinq portes,Essence,55,75,1149,2026-08-08 22:47:30,,,,,,4,,"{""vehicleId"": 16104, ""manufacturerName"": ""RENAULT"", ""modelName"": ""CLIO II (BB_, CB_)"", ""typeEngineName"": ""1.2 16V (BB05, BB0W, BB11, BB27, BB2T, BB2U, BB2V, CB05,..."", ""constructionIntervalStart"": ""2001-06-01"", ""constructionIntervalEnd"": ""2016-08-01"", ""powerKw"": ""55.0000"", ""powerPs"": ""75.0000"", ""capacityTax"": null, ""fuelType"": ""Essence"", ""bodyType"": ""Berline bicorps trois ou cinq portes"", ""numberOfCylinders"": 4, ""capacityLt"": ""1.2000"", ""capacityTech"": ""1149.0000"", ""engineCodes"": ""D4F 712"", ""engId"": 16186}",RAPID-2513190
bc2344f1-db75-4eb4-8fd7-954b91bfae6f,108524,RENAULT,"CLIO II (BB_, CB_)",2001,2016,"1.2 16V (BB05, BB0W, BB11, BB27, BB2T, BB2U, BB2V, CB05,...",16104,Berline bicorps trois ou cinq portes,Essence,55,75,1149,2026-08-08 22:47:30,,,,,,4,,"{""vehicleId"": 16104, ""manufacturerName"": ""RENAULT"", ""modelName"": ""CLIO II (BB_, CB_)"", ""typeEngineName"": ""1.2 16V (BB05, BB0W, BB11, BB27, BB2T, BB2U, BB2V, CB05,..."", ""constructionIntervalStart"": ""2001-06-01"", ""constructionIntervalEnd"": ""2016-08-01"", ""powerKw"": ""55.0000"", ""powerPs"": ""75.0000"", ""capacityTax"": null, ""fuelType"": ""Essence"", ""bodyType"": ""Berline bicorps trois ou cinq portes"", ""numberOfCylinders"": 4, ""capacityLt"": ""1.2000"", ""capacityTech"": ""1149.0000"", ""engineCodes"": ""D4F 712"", ""engId"": 16186}",RAPID-2715553
bc4c99e9-3619-4413-b77c-a7005c852327,108624,RENAULT,"CLIO II (BB_, CB_)",2001,2016,"1.2 16V (BB05, BB0W, BB11, BB27, BB2T, BB2U, BB2V, CB05,...",16104,Berline bicorps trois ou cinq portes,Essence,55,75,1149,2026-08-08 22:47:30,,,,,,4,,"{""vehicleId"": 16104, ""manufacturerName"": ""RENAULT"", ""modelName"": ""CLIO II (BB_, CB_)"", ""typeEngineName"": ""1.2 16V (BB05, BB0W, BB11, BB27, BB2T, BB2U, BB2V, CB05,..."", ""constructionIntervalStart"": ""2001-06-01"", ""constructionIntervalEnd"": ""2016-08-01"", ""powerKw"": ""55.0000"", ""powerPs"": ""75.0000"", ""capacityTax"": null, ""fuelType"": ""Essence"", ""bodyType"": ""Berline bicorps trois ou cinq portes"", ""numberOfCylinders"": 4, ""capacityLt"": ""1.2000"", ""capacityTech"": ""1149.0000"", ""engineCodes"": ""D4F 712"", ""engId"": 16186}",RAPID-6763929
bca6e9d2-aacd-41db-8068-bdcaf69f314e,108185,RENAULT,"CLIO II (BB_, CB_)",2001,2016,"1.2 16V (BB05, BB0W, BB11, BB27, BB2T, BB2U, BB2V, CB05,...",16104,Berline bicorps trois ou cinq portes,Essence,55,75,1149,2026-08-08 22:47:30,,,,,,4,,"{""vehicleId"": 16104, ""manufacturerName"": ""RENAULT"", ""modelName"": ""CLIO II (BB_, CB_)"", ""typeEngineName"": ""1.2 16V (BB05, BB0W, BB11, BB27, BB2T, BB2U, BB2V, CB05,..."", ""constructionIntervalStart"": ""2001-06-01"", ""constructionIntervalEnd"": ""2016-08-01"", ""powerKw"": ""55.0000"", ""powerPs"": ""75.0000"", ""capacityTax"": null, ""fuelType"": ""Essence"", ""bodyType"": ""Berline bicorps trois ou cinq portes"", ""numberOfCylinders"": 4, ""capacityLt"": ""1.2000"", ""capacityTech"": ""1149.0000"", ""engineCodes"": ""D4F 712"", ""engId"": 16186}",RAPID-9680218
bcb074db-6500-4620-86b1-8b046d58dbb0,108150,RENAULT,"CLIO II (BB_, CB_)",2001,2016,"1.2 16V (BB05, BB0W, BB11, BB27, BB2T, BB2U, BB2V, CB05,...",16104,Berline bicorps trois ou cinq portes,Essence,55,75,1149,2026-08-08 22:47:30,,,,,,4,,"{""vehicleId"": 16104, ""manufacturerName"": ""RENAULT"", ""modelName"": ""CLIO II (BB_, CB_)"", ""typeEngineName"": ""1.2 16V (BB05, BB0W, BB11, BB27, BB2T, BB2U, BB2V, CB05,..."", ""constructionIntervalStart"": ""2001-06-01"", ""constructionIntervalEnd"": ""2016-08-01"", ""powerKw"": ""55.0000"", ""powerPs"": ""75.0000"", ""capacityTax"": null, ""fuelType"": ""Essence"", ""bodyType"": ""Berline bicorps trois ou cinq portes"", ""numberOfCylinders"": 4, ""capacityLt"": ""1.2000"", ""capacityTech"": ""1149.0000"", ""engineCodes"": ""D4F 712"", ""engId"": 16186}",RAPID-2966827
bd4d503c-13e1-47e9-9b61-354dd5f063ec,108714,RENAULT,"CLIO II (BB_, CB_)",2001,2016,"1.2 16V (BB05, BB0W, BB11, BB27, BB2T, BB2U, BB2V, CB05,...",16104,Berline bicorps trois ou cinq portes,Essence,55,75,1149,2026-08-08 22:47:30,,,,,,4,,"{""vehicleId"": 16104, ""manufacturerName"": ""RENAULT"", ""modelName"": ""CLIO II (BB_, CB_)"", ""typeEngineName"": ""1.2 16V (BB05, BB0W, BB11, BB27, BB2T, BB2U, BB2V, CB05,..."", ""constructionIntervalStart"": ""2001-06-01"", ""constructionIntervalEnd"": ""2016-08-01"", ""powerKw"": ""55.0000"", ""powerPs"": ""75.0000"", ""capacityTax"": null, ""fuelType"": ""Essence"", ""bodyType"": ""Berline bicorps trois ou cinq portes"", ""numberOfCylinders"": 4, ""capacityLt"": ""1.2000"", ""capacityTech"": ""1149.0000"", ""engineCodes"": ""D4F 712"", ""engId"": 16186}",RAPID-2301132
bd6f7297-9152-4dd5-94af-785a1a4fbfdf,108140,RENAULT,"CLIO II (BB_, CB_)",2001,2016,"1.2 16V (BB05, BB0W, BB11, BB27, BB2T, BB2U, BB2V, CB05,...",16104,Berline bicorps trois ou cinq portes,Essence,55,75,1149,2026-08-08 22:47:30,,,,,,4,,"{""vehicleId"": 16104, ""manufacturerName"": ""RENAULT"", ""modelName"": ""CLIO II (BB_, CB_)"", ""typeEngineName"": ""1.2 16V (BB05, BB0W, BB11, BB27, BB2T, BB2U, BB2V, CB05,..."", ""constructionIntervalStart"": ""2001-06-01"", ""constructionIntervalEnd"": ""2016-08-01"", ""powerKw"": ""55.0000"", ""powerPs"": ""75.0000"", ""capacityTax"": null, ""fuelType"": ""Essence"", ""bodyType"": ""Berline bicorps trois ou cinq portes"", ""numberOfCylinders"": 4, ""capacityLt"": ""1.2000"", ""capacityTech"": ""1149.0000"", ""engineCodes"": ""D4F 712"", ""engId"": 16186}",RAPID-3022870
bd9ed6a8-9c7d-4eef-b2b2-d3ee138789ee,108111,RENAULT,"CLIO II (BB_, CB_)",2001,2016,"1.2 16V (BB05, BB0W, BB11, BB27, BB2T, BB2U, BB2V, CB05,...",16104,Berline bicorps trois ou cinq portes,Essence,55,75,1149,2026-08-08 22:47:30,,,,,,4,,"{""vehicleId"": 16104, ""manufacturerName"": ""RENAULT"", ""modelName"": ""CLIO II (BB_, CB_)"", ""typeEngineName"": ""1.2 16V (BB05, BB0W, BB11, BB27, BB2T, BB2U, BB2V, CB05,..."", ""constructionIntervalStart"": ""2001-06-01"", ""constructionIntervalEnd"": ""2016-08-01"", ""powerKw"": ""55.0000"", ""powerPs"": ""75.0000"", ""capacityTax"": null, ""fuelType"": ""Essence"", ""bodyType"": ""Berline bicorps trois ou cinq portes"", ""numberOfCylinders"": 4, ""capacityLt"": ""1.2000"", ""capacityTech"": ""1149.0000"", ""engineCodes"": ""D4F 712"", ""engId"": 16186}",RAPID-42027007
be8ee267-d530-4dab-b5f1-afa03ef7d678,108370,RENAULT,"CLIO II (BB_, CB_)",2001,2016,"1.2 16V (BB05, BB0W, BB11, BB27, BB2T, BB2U, BB2V, CB05,...",16104,Berline bicorps trois ou cinq portes,Essence,55,75,1149,2026-08-08 22:47:30,,,,,,4,,"{""vehicleId"": 16104, ""manufacturerName"": ""RENAULT"", ""modelName"": ""CLIO II (BB_, CB_)"", ""typeEngineName"": ""1.2 16V (BB05, BB0W, BB11, BB27, BB2T, BB2U, BB2V, CB05,..."", ""constructionIntervalStart"": ""2001-06-01"", ""constructionIntervalEnd"": ""2016-08-01"", ""powerKw"": ""55.0000"", ""powerPs"": ""75.0000"", ""capacityTax"": null, ""fuelType"": ""Essence"", ""bodyType"": ""Berline bicorps trois ou cinq portes"", ""numberOfCylinders"": 4, ""capacityLt"": ""1.2000"", ""capacityTech"": ""1149.0000"", ""engineCodes"": ""D4F 712"", ""engId"": 16186}",RAPID-6870818
bf6c6153-878f-4953-b582-07883d6c4425,108431,RENAULT,"CLIO II (BB_, CB_)",2001,2016,"1.2 16V (BB05, BB0W, BB11, BB27, BB2T, BB2U, BB2V, CB05,...",16104,Berline bicorps trois ou cinq portes,Essence,55,75,1149,2026-08-08 22:47:30,,,,,,4,,"{""vehicleId"": 16104, ""manufacturerName"": ""RENAULT"", ""modelName"": ""CLIO II (BB_, CB_)"", ""typeEngineName"": ""1.2 16V (BB05, BB0W, BB11, BB27, BB2T, BB2U, BB2V, CB05,..."", ""constructionIntervalStart"": ""2001-06-01"", ""constructionIntervalEnd"": ""2016-08-01"", ""powerKw"": ""55.0000"", ""powerPs"": ""75.0000"", ""capacityTax"": null, ""fuelType"": ""Essence"", ""bodyType"": ""Berline bicorps trois ou cinq portes"", ""numberOfCylinders"": 4, ""capacityLt"": ""1.2000"", ""capacityTech"": ""1149.0000"", ""engineCodes"": ""D4F 712"", ""engId"": 16186}",RAPID-5414544
bffd9440-a712-49df-a594-d98641dd42a3,108085,RENAULT,"CLIO II (BB_, CB_)",2001,2016,"1.2 16V (BB05, BB0W, BB11, BB27, BB2T, BB2U, BB2V, CB05,...",16104,Berline bicorps trois ou cinq portes,Essence,55,75,1149,2026-08-08 22:47:30,,,,,,4,,"{""vehicleId"": 16104, ""manufacturerName"": ""RENAULT"", ""modelName"": ""CLIO II (BB_, CB_)"", ""typeEngineName"": ""1.2 16V (BB05, BB0W, BB11, BB27, BB2T, BB2U, BB2V, CB05,..."", ""constructionIntervalStart"": ""2001-06-01"", ""constructionIntervalEnd"": ""2016-08-01"", ""powerKw"": ""55.0000"", ""powerPs"": ""75.0000"", ""capacityTax"": null, ""fuelType"": ""Essence"", ""bodyType"": ""Berline bicorps trois ou cinq portes"", ""numberOfCylinders"": 4, ""capacityLt"": ""1.2000"", ""capacityTech"": ""1149.0000"", ""engineCodes"": ""D4F 712"", ""engId"": 16186}",RAPID-5094457
c01f7e2d-7eaf-43f5-bbcb-567ac815fe6f,108429,RENAULT,"CLIO II (BB_, CB_)",2001,2016,"1.2 16V (BB05, BB0W, BB11, BB27, BB2T, BB2U, BB2V, CB05,...",16104,Berline bicorps trois ou cinq portes,Essence,55,75,1149,2026-08-08 22:47:30,,,,,,4,,"{""vehicleId"": 16104, ""manufacturerName"": ""RENAULT"", ""modelName"": ""CLIO II (BB_, CB_)"", ""typeEngineName"": ""1.2 16V (BB05, BB0W, BB11, BB27, BB2T, BB2U, BB2V, CB05,..."", ""constructionIntervalStart"": ""2001-06-01"", ""constructionIntervalEnd"": ""2016-08-01"", ""powerKw"": ""55.0000"", ""powerPs"": ""75.0000"", ""capacityTax"": null, ""fuelType"": ""Essence"", ""bodyType"": ""Berline bicorps trois ou cinq portes"", ""numberOfCylinders"": 4, ""capacityLt"": ""1.2000"", ""capacityTech"": ""1149.0000"", ""engineCodes"": ""D4F 712"", ""engId"": 16186}",RAPID-5414491
c0b80b46-a720-4035-a5a9-de5d293c38e2,108320,RENAULT,"CLIO II (BB_, CB_)",2001,2016,"1.2 16V (BB05, BB0W, BB11, BB27, BB2T, BB2U, BB2V, CB05,...",16104,Berline bicorps trois ou cinq portes,Essence,55,75,1149,2026-08-08 22:47:30,,,,,,4,,"{""vehicleId"": 16104, ""manufacturerName"": ""RENAULT"", ""modelName"": ""CLIO II (BB_, CB_)"", ""typeEngineName"": ""1.2 16V (BB05, BB0W, BB11, BB27, BB2T, BB2U, BB2V, CB05,..."", ""constructionIntervalStart"": ""2001-06-01"", ""constructionIntervalEnd"": ""2016-08-01"", ""powerKw"": ""55.0000"", ""powerPs"": ""75.0000"", ""capacityTax"": null, ""fuelType"": ""Essence"", ""bodyType"": ""Berline bicorps trois ou cinq portes"", ""numberOfCylinders"": 4, ""capacityLt"": ""1.2000"", ""capacityTech"": ""1149.0000"", ""engineCodes"": ""D4F 712"", ""engId"": 16186}",RAPID-2394534
c15c97a1-75c4-44ac-917f-bbfddf747c57,108762,RENAULT,"CLIO II (BB_, CB_)",2001,2016,"1.2 16V (BB05, BB0W, BB11, BB27, BB2T, BB2U, BB2V, CB05,...",16104,Berline bicorps trois ou cinq portes,Essence,55,75,1149,2026-08-08 22:47:30,,,,,,4,,"{""vehicleId"": 16104, ""manufacturerName"": ""RENAULT"", ""modelName"": ""CLIO II (BB_, CB_)"", ""typeEngineName"": ""1.2 16V (BB05, BB0W, BB11, BB27, BB2T, BB2U, BB2V, CB05,..."", ""constructionIntervalStart"": ""2001-06-01"", ""constructionIntervalEnd"": ""2016-08-01"", ""powerKw"": ""55.0000"", ""powerPs"": ""75.0000"", ""capacityTax"": null, ""fuelType"": ""Essence"", ""bodyType"": ""Berline bicorps trois ou cinq portes"", ""numberOfCylinders"": 4, ""capacityLt"": ""1.2000"", ""capacityTech"": ""1149.0000"", ""engineCodes"": ""D4F 712"", ""engId"": 16186}",RAPID-8804702
c15de564-3c7d-40b1-ae2c-6453cc69e3aa,108237,RENAULT,"CLIO II (BB_, CB_)",2001,2016,"1.2 16V (BB05, BB0W, BB11, BB27, BB2T, BB2U, BB2V, CB05,...",16104,Berline bicorps trois ou cinq portes,Essence,55,75,1149,2026-08-08 22:47:30,,,,,,4,,"{""vehicleId"": 16104, ""manufacturerName"": ""RENAULT"", ""modelName"": ""CLIO II (BB_, CB_)"", ""typeEngineName"": ""1.2 16V (BB05, BB0W, BB11, BB27, BB2T, BB2U, BB2V, CB05,..."", ""constructionIntervalStart"": ""2001-06-01"", ""constructionIntervalEnd"": ""2016-08-01"", ""powerKw"": ""55.0000"", ""powerPs"": ""75.0000"", ""capacityTax"": null, ""fuelType"": ""Essence"", ""bodyType"": ""Berline bicorps trois ou cinq portes"", ""numberOfCylinders"": 4, ""capacityLt"": ""1.2000"", ""capacityTech"": ""1149.0000"", ""engineCodes"": ""D4F 712"", ""engId"": 16186}",RAPID-6142303
c2125c56-16d0-44b3-ae7d-b85d49816a4b,108553,RENAULT,"CLIO II (BB_, CB_)",2001,2016,"1.2 16V (BB05, BB0W, BB11, BB27, BB2T, BB2U, BB2V, CB05,...",16104,Berline bicorps trois ou cinq portes,Essence,55,75,1149,2026-08-08 22:47:30,,,,,,4,,"{""vehicleId"": 16104, ""manufacturerName"": ""RENAULT"", ""modelName"": ""CLIO II (BB_, CB_)"", ""typeEngineName"": ""1.2 16V (BB05, BB0W, BB11, BB27, BB2T, BB2U, BB2V, CB05,..."", ""constructionIntervalStart"": ""2001-06-01"", ""constructionIntervalEnd"": ""2016-08-01"", ""powerKw"": ""55.0000"", ""powerPs"": ""75.0000"", ""capacityTax"": null, ""fuelType"": ""Essence"", ""bodyType"": ""Berline bicorps trois ou cinq portes"", ""numberOfCylinders"": 4, ""capacityLt"": ""1.2000"", ""capacityTech"": ""1149.0000"", ""engineCodes"": ""D4F 712"", ""engId"": 16186}",RAPID-7961507
c2baa823-77dd-49e0-919a-9bec4d6a4ec7,108056,RENAULT,"CLIO II (BB_, CB_)",2001,2016,"1.2 16V (BB05, BB0W, BB11, BB27, BB2T, BB2U, BB2V, CB05,...",16104,Berline bicorps trois ou cinq portes,Essence,55,75,1149,2026-08-08 22:47:30,,,,,,4,,"{""vehicleId"": 16104, ""manufacturerName"": ""RENAULT"", ""modelName"": ""CLIO II (BB_, CB_)"", ""typeEngineName"": ""1.2 16V (BB05, BB0W, BB11, BB27, BB2T, BB2U, BB2V, CB05,..."", ""constructionIntervalStart"": ""2001-06-01"", ""constructionIntervalEnd"": ""2016-08-01"", ""powerKw"": ""55.0000"", ""powerPs"": ""75.0000"", ""capacityTax"": null, ""fuelType"": ""Essence"", ""bodyType"": ""Berline bicorps trois ou cinq portes"", ""numberOfCylinders"": 4, ""capacityLt"": ""1.2000"", ""capacityTech"": ""1149.0000"", ""engineCodes"": ""D4F 712"", ""engId"": 16186}",RAPID-4182073
c30e3735-24d9-4d48-bbf9-92a2145db808,108679,RENAULT,"CLIO II (BB_, CB_)",2001,2016,"1.2 16V (BB05, BB0W, BB11, BB27, BB2T, BB2U, BB2V, CB05,...",16104,Berline bicorps trois ou cinq portes,Essence,55,75,1149,2026-08-08 22:47:30,,,,,,4,,"{""vehicleId"": 16104, ""manufacturerName"": ""RENAULT"", ""modelName"": ""CLIO II (BB_, CB_)"", ""typeEngineName"": ""1.2 16V (BB05, BB0W, BB11, BB27, BB2T, BB2U, BB2V, CB05,..."", ""constructionIntervalStart"": ""2001-06-01"", ""constructionIntervalEnd"": ""2016-08-01"", ""powerKw"": ""55.0000"", ""powerPs"": ""75.0000"", ""capacityTax"": null, ""fuelType"": ""Essence"", ""bodyType"": ""Berline bicorps trois ou cinq portes"", ""numberOfCylinders"": 4, ""capacityLt"": ""1.2000"", ""capacityTech"": ""1149.0000"", ""engineCodes"": ""D4F 712"", ""engId"": 16186}",RAPID-24686321
c32ad7ca-0e1e-4fdd-a670-f35f3ba6d5b2,108145,RENAULT,"CLIO II (BB_, CB_)",2001,2016,"1.2 16V (BB05, BB0W, BB11, BB27, BB2T, BB2U, BB2V, CB05,...",16104,Berline bicorps trois ou cinq portes,Essence,55,75,1149,2026-08-08 22:47:30,,,,,,4,,"{""vehicleId"": 16104, ""manufacturerName"": ""RENAULT"", ""modelName"": ""CLIO II (BB_, CB_)"", ""typeEngineName"": ""1.2 16V (BB05, BB0W, BB11, BB27, BB2T, BB2U, BB2V, CB05,..."", ""constructionIntervalStart"": ""2001-06-01"", ""constructionIntervalEnd"": ""2016-08-01"", ""powerKw"": ""55.0000"", ""powerPs"": ""75.0000"", ""capacityTax"": null, ""fuelType"": ""Essence"", ""bodyType"": ""Berline bicorps trois ou cinq portes"", ""numberOfCylinders"": 4, ""capacityLt"": ""1.2000"", ""capacityTech"": ""1149.0000"", ""engineCodes"": ""D4F 712"", ""engId"": 16186}",RAPID-2862240
c339aa01-f85d-4656-a4fb-b65a1a788a07,108822,RENAULT,"CLIO II (BB_, CB_)",2001,2016,"1.2 16V (BB05, BB0W, BB11, BB27, BB2T, BB2U, BB2V, CB05,...",16104,Berline bicorps trois ou cinq portes,Essence,55,75,1149,2026-08-08 22:47:30,,,,,,4,,"{""vehicleId"": 16104, ""manufacturerName"": ""RENAULT"", ""modelName"": ""CLIO II (BB_, CB_)"", ""typeEngineName"": ""1.2 16V (BB05, BB0W, BB11, BB27, BB2T, BB2U, BB2V, CB05,..."", ""constructionIntervalStart"": ""2001-06-01"", ""constructionIntervalEnd"": ""2016-08-01"", ""powerKw"": ""55.0000"", ""powerPs"": ""75.0000"", ""capacityTax"": null, ""fuelType"": ""Essence"", ""bodyType"": ""Berline bicorps trois ou cinq portes"", ""numberOfCylinders"": 4, ""capacityLt"": ""1.2000"", ""capacityTech"": ""1149.0000"", ""engineCodes"": ""D4F 712"", ""engId"": 16186}",RAPID-9110270
c36ed9c9-bb08-4317-9b7f-d504b5aa12b4,108387,RENAULT,"CLIO II (BB_, CB_)",2001,2016,"1.2 16V (BB05, BB0W, BB11, BB27, BB2T, BB2U, BB2V, CB05,...",16104,Berline bicorps trois ou cinq portes,Essence,55,75,1149,2026-08-08 22:47:30,,,,,,4,,"{""vehicleId"": 16104, ""manufacturerName"": ""RENAULT"", ""modelName"": ""CLIO II (BB_, CB_)"", ""typeEngineName"": ""1.2 16V (BB05, BB0W, BB11, BB27, BB2T, BB2U, BB2V, CB05,..."", ""constructionIntervalStart"": ""2001-06-01"", ""constructionIntervalEnd"": ""2016-08-01"", ""powerKw"": ""55.0000"", ""powerPs"": ""75.0000"", ""capacityTax"": null, ""fuelType"": ""Essence"", ""bodyType"": ""Berline bicorps trois ou cinq portes"", ""numberOfCylinders"": 4, ""capacityLt"": ""1.2000"", ""capacityTech"": ""1149.0000"", ""engineCodes"": ""D4F 712"", ""engId"": 16186}",RAPID-2014061
c3e43e07-b5c2-4fd6-adff-0b1aaf9ef45f,108078,RENAULT,"CLIO II (BB_, CB_)",2001,2016,"1.2 16V (BB05, BB0W, BB11, BB27, BB2T, BB2U, BB2V, CB05,...",16104,Berline bicorps trois ou cinq portes,Essence,55,75,1149,2026-08-08 22:47:30,,,,,,4,,"{""vehicleId"": 16104, ""manufacturerName"": ""RENAULT"", ""modelName"": ""CLIO II (BB_, CB_)"", ""typeEngineName"": ""1.2 16V (BB05, BB0W, BB11, BB27, BB2T, BB2U, BB2V, CB05,..."", ""constructionIntervalStart"": ""2001-06-01"", ""constructionIntervalEnd"": ""2016-08-01"", ""powerKw"": ""55.0000"", ""powerPs"": ""75.0000"", ""capacityTax"": null, ""fuelType"": ""Essence"", ""bodyType"": ""Berline bicorps trois ou cinq portes"", ""numberOfCylinders"": 4, ""capacityLt"": ""1.2000"", ""capacityTech"": ""1149.0000"", ""engineCodes"": ""D4F 712"", ""engId"": 16186}",RAPID-17545327
c3ee63ea-d287-4811-96e4-ac8cb5590491,108440,RENAULT,"CLIO II (BB_, CB_)",2001,2016,"1.2 16V (BB05, BB0W, BB11, BB27, BB2T, BB2U, BB2V, CB05,...",16104,Berline bicorps trois ou cinq portes,Essence,55,75,1149,2026-08-08 22:47:30,,,,,,4,,"{""vehicleId"": 16104, ""manufacturerName"": ""RENAULT"", ""modelName"": ""CLIO II (BB_, CB_)"", ""typeEngineName"": ""1.2 16V (BB05, BB0W, BB11, BB27, BB2T, BB2U, BB2V, CB05,..."", ""constructionIntervalStart"": ""2001-06-01"", ""constructionIntervalEnd"": ""2016-08-01"", ""powerKw"": ""55.0000"", ""powerPs"": ""75.0000"", ""capacityTax"": null, ""fuelType"": ""Essence"", ""bodyType"": ""Berline bicorps trois ou cinq portes"", ""numberOfCylinders"": 4, ""capacityLt"": ""1.2000"", ""capacityTech"": ""1149.0000"", ""engineCodes"": ""D4F 712"", ""engId"": 16186}",RAPID-30669349
c3f52f38-2408-4d4d-9274-f2cb4cd7d39b,108014,AUDI,80 B4 Saloon (8C2),1991,1994,1.9 TD,1392,Saloon,Diesel,,,,2026-08-06 14:24:09,,,,,,,,,RAPID-6828058
c42419d7-a175-41f2-8ff5-a267426bda05,108018,AUDI,80 B4 Saloon (8C2),1991,1994,1.9 TD,1392,Saloon,Diesel,,,,2026-08-06 14:24:09,,,,,,,,,RAPID-73928733
c42b6808-2db8-4011-8426-06e10c8884a8,108488,RENAULT,"CLIO II (BB_, CB_)",2001,2016,"1.2 16V (BB05, BB0W, BB11, BB27, BB2T, BB2U, BB2V, CB05,...",16104,Berline bicorps trois ou cinq portes,Essence,55,75,1149,2026-08-08 22:47:30,,,,,,4,,"{""vehicleId"": 16104, ""manufacturerName"": ""RENAULT"", ""modelName"": ""CLIO II (BB_, CB_)"", ""typeEngineName"": ""1.2 16V (BB05, BB0W, BB11, BB27, BB2T, BB2U, BB2V, CB05,..."", ""constructionIntervalStart"": ""2001-06-01"", ""constructionIntervalEnd"": ""2016-08-01"", ""powerKw"": ""55.0000"", ""powerPs"": ""75.0000"", ""capacityTax"": null, ""fuelType"": ""Essence"", ""bodyType"": ""Berline bicorps trois ou cinq portes"", ""numberOfCylinders"": 4, ""capacityLt"": ""1.2000"", ""capacityTech"": ""1149.0000"", ""engineCodes"": ""D4F 712"", ""engId"": 16186}",RAPID-47585805
c4a1e56d-8fe9-4154-9f9a-ff19a06fb21a,108556,RENAULT,"CLIO II (BB_, CB_)",2001,2016,"1.2 16V (BB05, BB0W, BB11, BB27, BB2T, BB2U, BB2V, CB05,...",16104,Berline bicorps trois ou cinq portes,Essence,55,75,1149,2026-08-08 22:47:30,,,,,,4,,"{""vehicleId"": 16104, ""manufacturerName"": ""RENAULT"", ""modelName"": ""CLIO II (BB_, CB_)"", ""typeEngineName"": ""1.2 16V (BB05, BB0W, BB11, BB27, BB2T, BB2U, BB2V, CB05,..."", ""constructionIntervalStart"": ""2001-06-01"", ""constructionIntervalEnd"": ""2016-08-01"", ""powerKw"": ""55.0000"", ""powerPs"": ""75.0000"", ""capacityTax"": null, ""fuelType"": ""Essence"", ""bodyType"": ""Berline bicorps trois ou cinq portes"", ""numberOfCylinders"": 4, ""capacityLt"": ""1.2000"", ""capacityTech"": ""1149.0000"", ""engineCodes"": ""D4F 712"", ""engId"": 16186}",RAPID-7917764
c4cf5144-af12-43e6-8fda-0d1ed51ef922,108206,RENAULT,"CLIO II (BB_, CB_)",2001,2016,"1.2 16V (BB05, BB0W, BB11, BB27, BB2T, BB2U, BB2V, CB05,...",16104,Berline bicorps trois ou cinq portes,Essence,55,75,1149,2026-08-08 22:47:30,,,,,,4,,"{""vehicleId"": 16104, ""manufacturerName"": ""RENAULT"", ""modelName"": ""CLIO II (BB_, CB_)"", ""typeEngineName"": ""1.2 16V (BB05, BB0W, BB11, BB27, BB2T, BB2U, BB2V, CB05,..."", ""constructionIntervalStart"": ""2001-06-01"", ""constructionIntervalEnd"": ""2016-08-01"", ""powerKw"": ""55.0000"", ""powerPs"": ""75.0000"", ""capacityTax"": null, ""fuelType"": ""Essence"", ""bodyType"": ""Berline bicorps trois ou cinq portes"", ""numberOfCylinders"": 4, ""capacityLt"": ""1.2000"", ""capacityTech"": ""1149.0000"", ""engineCodes"": ""D4F 712"", ""engId"": 16186}",RAPID-9686314
c588baf9-2319-4e76-8812-ea6e09d70f4c,108495,RENAULT,"CLIO II (BB_, CB_)",2001,2016,"1.2 16V (BB05, BB0W, BB11, BB27, BB2T, BB2U, BB2V, CB05,...",16104,Berline bicorps trois ou cinq portes,Essence,55,75,1149,2026-08-08 22:47:30,,,,,,4,,"{""vehicleId"": 16104, ""manufacturerName"": ""RENAULT"", ""modelName"": ""CLIO II (BB_, CB_)"", ""typeEngineName"": ""1.2 16V (BB05, BB0W, BB11, BB27, BB2T, BB2U, BB2V, CB05,..."", ""constructionIntervalStart"": ""2001-06-01"", ""constructionIntervalEnd"": ""2016-08-01"", ""powerKw"": ""55.0000"", ""powerPs"": ""75.0000"", ""capacityTax"": null, ""fuelType"": ""Essence"", ""bodyType"": ""Berline bicorps trois ou cinq portes"", ""numberOfCylinders"": 4, ""capacityLt"": ""1.2000"", ""capacityTech"": ""1149.0000"", ""engineCodes"": ""D4F 712"", ""engId"": 16186}",RAPID-2339408
c5f9d3eb-320a-4300-bee9-f35c3f614bb7,108585,RENAULT,"CLIO II (BB_, CB_)",2001,2016,"1.2 16V (BB05, BB0W, BB11, BB27, BB2T, BB2U, BB2V, CB05,...",16104,Berline bicorps trois ou cinq portes,Essence,55,75,1149,2026-08-08 22:47:30,,,,,,4,,"{""vehicleId"": 16104, ""manufacturerName"": ""RENAULT"", ""modelName"": ""CLIO II (BB_, CB_)"", ""typeEngineName"": ""1.2 16V (BB05, BB0W, BB11, BB27, BB2T, BB2U, BB2V, CB05,..."", ""constructionIntervalStart"": ""2001-06-01"", ""constructionIntervalEnd"": ""2016-08-01"", ""powerKw"": ""55.0000"", ""powerPs"": ""75.0000"", ""capacityTax"": null, ""fuelType"": ""Essence"", ""bodyType"": ""Berline bicorps trois ou cinq portes"", ""numberOfCylinders"": 4, ""capacityLt"": ""1.2000"", ""capacityTech"": ""1149.0000"", ""engineCodes"": ""D4F 712"", ""engId"": 16186}",RAPID-3031793
c61cca79-4ced-493d-b3fb-1d4629919c56,108829,RENAULT,"CLIO II (BB_, CB_)",2001,2016,"1.2 16V (BB05, BB0W, BB11, BB27, BB2T, BB2U, BB2V, CB05,...",16104,Berline bicorps trois ou cinq portes,Essence,55,75,1149,2026-08-08 22:47:30,,,,,,4,,"{""vehicleId"": 16104, ""manufacturerName"": ""RENAULT"", ""modelName"": ""CLIO II (BB_, CB_)"", ""typeEngineName"": ""1.2 16V (BB05, BB0W, BB11, BB27, BB2T, BB2U, BB2V, CB05,..."", ""constructionIntervalStart"": ""2001-06-01"", ""constructionIntervalEnd"": ""2016-08-01"", ""powerKw"": ""55.0000"", ""powerPs"": ""75.0000"", ""capacityTax"": null, ""fuelType"": ""Essence"", ""bodyType"": ""Berline bicorps trois ou cinq portes"", ""numberOfCylinders"": 4, ""capacityLt"": ""1.2000"", ""capacityTech"": ""1149.0000"", ""engineCodes"": ""D4F 712"", ""engId"": 16186}",RAPID-9210669
c6fae769-c6f1-41ed-ab35-e407c1732f36,108716,RENAULT,"CLIO II (BB_, CB_)",2001,2016,"1.2 16V (BB05, BB0W, BB11, BB27, BB2T, BB2U, BB2V, CB05,...",16104,Berline bicorps trois ou cinq portes,Essence,55,75,1149,2026-08-08 22:47:30,,,,,,4,,"{""vehicleId"": 16104, ""manufacturerName"": ""RENAULT"", ""modelName"": ""CLIO II (BB_, CB_)"", ""typeEngineName"": ""1.2 16V (BB05, BB0W, BB11, BB27, BB2T, BB2U, BB2V, CB05,..."", ""constructionIntervalStart"": ""2001-06-01"", ""constructionIntervalEnd"": ""2016-08-01"", ""powerKw"": ""55.0000"", ""powerPs"": ""75.0000"", ""capacityTax"": null, ""fuelType"": ""Essence"", ""bodyType"": ""Berline bicorps trois ou cinq portes"", ""numberOfCylinders"": 4, ""capacityLt"": ""1.2000"", ""capacityTech"": ""1149.0000"", ""engineCodes"": ""D4F 712"", ""engId"": 16186}",RAPID-8218217
c7571b1a-117c-4ebd-940d-aa3e0394676c,108325,RENAULT,"CLIO II (BB_, CB_)",2001,2016,"1.2 16V (BB05, BB0W, BB11, BB27, BB2T, BB2U, BB2V, CB05,...",16104,Berline bicorps trois ou cinq portes,Essence,55,75,1149,2026-08-08 22:47:30,,,,,,4,,"{""vehicleId"": 16104, ""manufacturerName"": ""RENAULT"", ""modelName"": ""CLIO II (BB_, CB_)"", ""typeEngineName"": ""1.2 16V (BB05, BB0W, BB11, BB27, BB2T, BB2U, BB2V, CB05,..."", ""constructionIntervalStart"": ""2001-06-01"", ""constructionIntervalEnd"": ""2016-08-01"", ""powerKw"": ""55.0000"", ""powerPs"": ""75.0000"", ""capacityTax"": null, ""fuelType"": ""Essence"", ""bodyType"": ""Berline bicorps trois ou cinq portes"", ""numberOfCylinders"": 4, ""capacityLt"": ""1.2000"", ""capacityTech"": ""1149.0000"", ""engineCodes"": ""D4F 712"", ""engId"": 16186}",RAPID-21134698
c77daeed-bbc0-4156-b4c7-865a238b9c3e,108352,RENAULT,"CLIO II (BB_, CB_)",2001,2016,"1.2 16V (BB05, BB0W, BB11, BB27, BB2T, BB2U, BB2V, CB05,...",16104,Berline bicorps trois ou cinq portes,Essence,55,75,1149,2026-08-08 22:47:30,,,,,,4,,"{""vehicleId"": 16104, ""manufacturerName"": ""RENAULT"", ""modelName"": ""CLIO II (BB_, CB_)"", ""typeEngineName"": ""1.2 16V (BB05, BB0W, BB11, BB27, BB2T, BB2U, BB2V, CB05,..."", ""constructionIntervalStart"": ""2001-06-01"", ""constructionIntervalEnd"": ""2016-08-01"", ""powerKw"": ""55.0000"", ""powerPs"": ""75.0000"", ""capacityTax"": null, ""fuelType"": ""Essence"", ""bodyType"": ""Berline bicorps trois ou cinq portes"", ""numberOfCylinders"": 4, ""capacityLt"": ""1.2000"", ""capacityTech"": ""1149.0000"", ""engineCodes"": ""D4F 712"", ""engId"": 16186}",RAPID-6678280
c80cd551-7f1f-4707-97c5-c61b90aed2f0,108646,RENAULT,"CLIO II (BB_, CB_)",2001,2016,"1.2 16V (BB05, BB0W, BB11, BB27, BB2T, BB2U, BB2V, CB05,...",16104,Berline bicorps trois ou cinq portes,Essence,55,75,1149,2026-08-08 22:47:30,,,,,,4,,"{""vehicleId"": 16104, ""manufacturerName"": ""RENAULT"", ""modelName"": ""CLIO II (BB_, CB_)"", ""typeEngineName"": ""1.2 16V (BB05, BB0W, BB11, BB27, BB2T, BB2U, BB2V, CB05,..."", ""constructionIntervalStart"": ""2001-06-01"", ""constructionIntervalEnd"": ""2016-08-01"", ""powerKw"": ""55.0000"", ""powerPs"": ""75.0000"", ""capacityTax"": null, ""fuelType"": ""Essence"", ""bodyType"": ""Berline bicorps trois ou cinq portes"", ""numberOfCylinders"": 4, ""capacityLt"": ""1.2000"", ""capacityTech"": ""1149.0000"", ""engineCodes"": ""D4F 712"", ""engId"": 16186}",RAPID-6467403
c843550c-4466-431d-aeb2-444c7fabb319,108008,AUDI,80 B4 Saloon (8C2),1991,1994,1.9 TD,1392,Saloon,Diesel,,,,2026-08-06 14:24:09,,,,,,,,,RAPID-6489749
c86da59e-e05f-45e4-acda-481ad519e9d7,108346,RENAULT,"CLIO II (BB_, CB_)",2001,2016,"1.2 16V (BB05, BB0W, BB11, BB27, BB2T, BB2U, BB2V, CB05,...",16104,Berline bicorps trois ou cinq portes,Essence,55,75,1149,2026-08-08 22:47:30,,,,,,4,,"{""vehicleId"": 16104, ""manufacturerName"": ""RENAULT"", ""modelName"": ""CLIO II (BB_, CB_)"", ""typeEngineName"": ""1.2 16V (BB05, BB0W, BB11, BB27, BB2T, BB2U, BB2V, CB05,..."", ""constructionIntervalStart"": ""2001-06-01"", ""constructionIntervalEnd"": ""2016-08-01"", ""powerKw"": ""55.0000"", ""powerPs"": ""75.0000"", ""capacityTax"": null, ""fuelType"": ""Essence"", ""bodyType"": ""Berline bicorps trois ou cinq portes"", ""numberOfCylinders"": 4, ""capacityLt"": ""1.2000"", ""capacityTech"": ""1149.0000"", ""engineCodes"": ""D4F 712"", ""engId"": 16186}",RAPID-6677576
c8cab332-dc11-493a-8fc5-a5fd36aa1e67,108116,RENAULT,"CLIO II (BB_, CB_)",2001,2016,"1.2 16V (BB05, BB0W, BB11, BB27, BB2T, BB2U, BB2V, CB05,...",16104,Berline bicorps trois ou cinq portes,Essence,55,75,1149,2026-08-08 22:47:30,,,,,,4,,"{""vehicleId"": 16104, ""manufacturerName"": ""RENAULT"", ""modelName"": ""CLIO II (BB_, CB_)"", ""typeEngineName"": ""1.2 16V (BB05, BB0W, BB11, BB27, BB2T, BB2U, BB2V, CB05,..."", ""constructionIntervalStart"": ""2001-06-01"", ""constructionIntervalEnd"": ""2016-08-01"", ""powerKw"": ""55.0000"", ""powerPs"": ""75.0000"", ""capacityTax"": null, ""fuelType"": ""Essence"", ""bodyType"": ""Berline bicorps trois ou cinq portes"", ""numberOfCylinders"": 4, ""capacityLt"": ""1.2000"", ""capacityTech"": ""1149.0000"", ""engineCodes"": ""D4F 712"", ""engId"": 16186}",RAPID-2276882
c8fb2508-b8d6-4925-b603-da333fae8840,108754,RENAULT,"CLIO II (BB_, CB_)",2001,2016,"1.2 16V (BB05, BB0W, BB11, BB27, BB2T, BB2U, BB2V, CB05,...",16104,Berline bicorps trois ou cinq portes,Essence,55,75,1149,2026-08-08 22:47:30,,,,,,4,,"{""vehicleId"": 16104, ""manufacturerName"": ""RENAULT"", ""modelName"": ""CLIO II (BB_, CB_)"", ""typeEngineName"": ""1.2 16V (BB05, BB0W, BB11, BB27, BB2T, BB2U, BB2V, CB05,..."", ""constructionIntervalStart"": ""2001-06-01"", ""constructionIntervalEnd"": ""2016-08-01"", ""powerKw"": ""55.0000"", ""powerPs"": ""75.0000"", ""capacityTax"": null, ""fuelType"": ""Essence"", ""bodyType"": ""Berline bicorps trois ou cinq portes"", ""numberOfCylinders"": 4, ""capacityLt"": ""1.2000"", ""capacityTech"": ""1149.0000"", ""engineCodes"": ""D4F 712"", ""engId"": 16186}",RAPID-1776607
caf28ab1-d646-41eb-bfe5-610335be1483,108198,RENAULT,"CLIO II (BB_, CB_)",2001,2016,"1.2 16V (BB05, BB0W, BB11, BB27, BB2T, BB2U, BB2V, CB05,...",16104,Berline bicorps trois ou cinq portes,Essence,55,75,1149,2026-08-08 22:47:30,,,,,,4,,"{""vehicleId"": 16104, ""manufacturerName"": ""RENAULT"", ""modelName"": ""CLIO II (BB_, CB_)"", ""typeEngineName"": ""1.2 16V (BB05, BB0W, BB11, BB27, BB2T, BB2U, BB2V, CB05,..."", ""constructionIntervalStart"": ""2001-06-01"", ""constructionIntervalEnd"": ""2016-08-01"", ""powerKw"": ""55.0000"", ""powerPs"": ""75.0000"", ""capacityTax"": null, ""fuelType"": ""Essence"", ""bodyType"": ""Berline bicorps trois ou cinq portes"", ""numberOfCylinders"": 4, ""capacityLt"": ""1.2000"", ""capacityTech"": ""1149.0000"", ""engineCodes"": ""D4F 712"", ""engId"": 16186}",RAPID-5788982
cb2d5ca7-6b0e-4db4-9c36-99617a2276e6,108559,RENAULT,"CLIO II (BB_, CB_)",2001,2016,"1.2 16V (BB05, BB0W, BB11, BB27, BB2T, BB2U, BB2V, CB05,...",16104,Berline bicorps trois ou cinq portes,Essence,55,75,1149,2026-08-08 22:47:30,,,,,,4,,"{""vehicleId"": 16104, ""manufacturerName"": ""RENAULT"", ""modelName"": ""CLIO II (BB_, CB_)"", ""typeEngineName"": ""1.2 16V (BB05, BB0W, BB11, BB27, BB2T, BB2U, BB2V, CB05,..."", ""constructionIntervalStart"": ""2001-06-01"", ""constructionIntervalEnd"": ""2016-08-01"", ""powerKw"": ""55.0000"", ""powerPs"": ""75.0000"", ""capacityTax"": null, ""fuelType"": ""Essence"", ""bodyType"": ""Berline bicorps trois ou cinq portes"", ""numberOfCylinders"": 4, ""capacityLt"": ""1.2000"", ""capacityTech"": ""1149.0000"", ""engineCodes"": ""D4F 712"", ""engId"": 16186}",RAPID-7968195
cb3ba9d8-9e77-4c7d-b211-d5f5fdff4222,108726,RENAULT,"CLIO II (BB_, CB_)",2001,2016,"1.2 16V (BB05, BB0W, BB11, BB27, BB2T, BB2U, BB2V, CB05,...",16104,Berline bicorps trois ou cinq portes,Essence,55,75,1149,2026-08-08 22:47:30,,,,,,4,,"{""vehicleId"": 16104, ""manufacturerName"": ""RENAULT"", ""modelName"": ""CLIO II (BB_, CB_)"", ""typeEngineName"": ""1.2 16V (BB05, BB0W, BB11, BB27, BB2T, BB2U, BB2V, CB05,..."", ""constructionIntervalStart"": ""2001-06-01"", ""constructionIntervalEnd"": ""2016-08-01"", ""powerKw"": ""55.0000"", ""powerPs"": ""75.0000"", ""capacityTax"": null, ""fuelType"": ""Essence"", ""bodyType"": ""Berline bicorps trois ou cinq portes"", ""numberOfCylinders"": 4, ""capacityLt"": ""1.2000"", ""capacityTech"": ""1149.0000"", ""engineCodes"": ""D4F 712"", ""engId"": 16186}",RAPID-7650093
cbc481b2-a058-4ba5-b48a-99d851e1d61c,108194,RENAULT,"CLIO II (BB_, CB_)",2001,2016,"1.2 16V (BB05, BB0W, BB11, BB27, BB2T, BB2U, BB2V, CB05,...",16104,Berline bicorps trois ou cinq portes,Essence,55,75,1149,2026-08-08 22:47:30,,,,,,4,,"{""vehicleId"": 16104, ""manufacturerName"": ""RENAULT"", ""modelName"": ""CLIO II (BB_, CB_)"", ""typeEngineName"": ""1.2 16V (BB05, BB0W, BB11, BB27, BB2T, BB2U, BB2V, CB05,..."", ""constructionIntervalStart"": ""2001-06-01"", ""constructionIntervalEnd"": ""2016-08-01"", ""powerKw"": ""55.0000"", ""powerPs"": ""75.0000"", ""capacityTax"": null, ""fuelType"": ""Essence"", ""bodyType"": ""Berline bicorps trois ou cinq portes"", ""numberOfCylinders"": 4, ""capacityLt"": ""1.2000"", ""capacityTech"": ""1149.0000"", ""engineCodes"": ""D4F 712"", ""engId"": 16186}",RAPID-5789225
cc18c3dc-c85b-47bf-93b7-978cc26ea0b3,108095,RENAULT,"CLIO II (BB_, CB_)",2001,2016,"1.2 16V (BB05, BB0W, BB11, BB27, BB2T, BB2U, BB2V, CB05,...",16104,Berline bicorps trois ou cinq portes,Essence,55,75,1149,2026-08-08 22:47:30,,,,,,4,,"{""vehicleId"": 16104, ""manufacturerName"": ""RENAULT"", ""modelName"": ""CLIO II (BB_, CB_)"", ""typeEngineName"": ""1.2 16V (BB05, BB0W, BB11, BB27, BB2T, BB2U, BB2V, CB05,..."", ""constructionIntervalStart"": ""2001-06-01"", ""constructionIntervalEnd"": ""2016-08-01"", ""powerKw"": ""55.0000"", ""powerPs"": ""75.0000"", ""capacityTax"": null, ""fuelType"": ""Essence"", ""bodyType"": ""Berline bicorps trois ou cinq portes"", ""numberOfCylinders"": 4, ""capacityLt"": ""1.2000"", ""capacityTech"": ""1149.0000"", ""engineCodes"": ""D4F 712"", ""engId"": 16186}",RAPID-8269643
cc5184ad-ac9e-407c-8edb-4f980fb687d1,108834,RENAULT,"CLIO II (BB_, CB_)",2001,2016,"1.2 16V (BB05, BB0W, BB11, BB27, BB2T, BB2U, BB2V, CB05,...",16104,Berline bicorps trois ou cinq portes,Essence,55,75,1149,2026-08-08 22:47:30,,,,,,4,,"{""vehicleId"": 16104, ""manufacturerName"": ""RENAULT"", ""modelName"": ""CLIO II (BB_, CB_)"", ""typeEngineName"": ""1.2 16V (BB05, BB0W, BB11, BB27, BB2T, BB2U, BB2V, CB05,..."", ""constructionIntervalStart"": ""2001-06-01"", ""constructionIntervalEnd"": ""2016-08-01"", ""powerKw"": ""55.0000"", ""powerPs"": ""75.0000"", ""capacityTax"": null, ""fuelType"": ""Essence"", ""bodyType"": ""Berline bicorps trois ou cinq portes"", ""numberOfCylinders"": 4, ""capacityLt"": ""1.2000"", ""capacityTech"": ""1149.0000"", ""engineCodes"": ""D4F 712"", ""engId"": 16186}",RAPID-1090578
cc5d7a8d-a26e-4d0f-a993-c41a2af0ab99,108272,RENAULT,"CLIO II (BB_, CB_)",2001,2016,"1.2 16V (BB05, BB0W, BB11, BB27, BB2T, BB2U, BB2V, CB05,...",16104,Berline bicorps trois ou cinq portes,Essence,55,75,1149,2026-08-08 22:47:30,,,,,,4,,"{""vehicleId"": 16104, ""manufacturerName"": ""RENAULT"", ""modelName"": ""CLIO II (BB_, CB_)"", ""typeEngineName"": ""1.2 16V (BB05, BB0W, BB11, BB27, BB2T, BB2U, BB2V, CB05,..."", ""constructionIntervalStart"": ""2001-06-01"", ""constructionIntervalEnd"": ""2016-08-01"", ""powerKw"": ""55.0000"", ""powerPs"": ""75.0000"", ""capacityTax"": null, ""fuelType"": ""Essence"", ""bodyType"": ""Berline bicorps trois ou cinq portes"", ""numberOfCylinders"": 4, ""capacityLt"": ""1.2000"", ""capacityTech"": ""1149.0000"", ""engineCodes"": ""D4F 712"", ""engId"": 16186}",RAPID-2513311
cc5e3352-d347-4972-8a09-6f7f55d0833f,108426,RENAULT,"CLIO II (BB_, CB_)",2001,2016,"1.2 16V (BB05, BB0W, BB11, BB27, BB2T, BB2U, BB2V, CB05,...",16104,Berline bicorps trois ou cinq portes,Essence,55,75,1149,2026-08-08 22:47:30,,,,,,4,,"{""vehicleId"": 16104, ""manufacturerName"": ""RENAULT"", ""modelName"": ""CLIO II (BB_, CB_)"", ""typeEngineName"": ""1.2 16V (BB05, BB0W, BB11, BB27, BB2T, BB2U, BB2V, CB05,..."", ""constructionIntervalStart"": ""2001-06-01"", ""constructionIntervalEnd"": ""2016-08-01"", ""powerKw"": ""55.0000"", ""powerPs"": ""75.0000"", ""capacityTax"": null, ""fuelType"": ""Essence"", ""bodyType"": ""Berline bicorps trois ou cinq portes"", ""numberOfCylinders"": 4, ""capacityLt"": ""1.2000"", ""capacityTech"": ""1149.0000"", ""engineCodes"": ""D4F 712"", ""engId"": 16186}",RAPID-12571775
ccb3927d-966c-45d3-9e37-c82045186291,108412,RENAULT,"CLIO II (BB_, CB_)",2001,2016,"1.2 16V (BB05, BB0W, BB11, BB27, BB2T, BB2U, BB2V, CB05,...",16104,Berline bicorps trois ou cinq portes,Essence,55,75,1149,2026-08-08 22:47:30,,,,,,4,,"{""vehicleId"": 16104, ""manufacturerName"": ""RENAULT"", ""modelName"": ""CLIO II (BB_, CB_)"", ""typeEngineName"": ""1.2 16V (BB05, BB0W, BB11, BB27, BB2T, BB2U, BB2V, CB05,..."", ""constructionIntervalStart"": ""2001-06-01"", ""constructionIntervalEnd"": ""2016-08-01"", ""powerKw"": ""55.0000"", ""powerPs"": ""75.0000"", ""capacityTax"": null, ""fuelType"": ""Essence"", ""bodyType"": ""Berline bicorps trois ou cinq portes"", ""numberOfCylinders"": 4, ""capacityLt"": ""1.2000"", ""capacityTech"": ""1149.0000"", ""engineCodes"": ""D4F 712"", ""engId"": 16186}",RAPID-10345275
ccf7f0e4-039d-4138-9eee-8f14d0b68db7,108043,AUDI,80 B4 Saloon (8C2),1991,1994,1.9 TD,1392,Saloon,Diesel,,,,2026-08-06 14:24:09,,,,,,,,,RAPID-10662616
cd14a15a-9dcd-4458-9ac4-54070f5ccb41,108306,RENAULT,"CLIO II (BB_, CB_)",2001,2016,"1.2 16V (BB05, BB0W, BB11, BB27, BB2T, BB2U, BB2V, CB05,...",16104,Berline bicorps trois ou cinq portes,Essence,55,75,1149,2026-08-08 22:47:30,,,,,,4,,"{""vehicleId"": 16104, ""manufacturerName"": ""RENAULT"", ""modelName"": ""CLIO II (BB_, CB_)"", ""typeEngineName"": ""1.2 16V (BB05, BB0W, BB11, BB27, BB2T, BB2U, BB2V, CB05,..."", ""constructionIntervalStart"": ""2001-06-01"", ""constructionIntervalEnd"": ""2016-08-01"", ""powerKw"": ""55.0000"", ""powerPs"": ""75.0000"", ""capacityTax"": null, ""fuelType"": ""Essence"", ""bodyType"": ""Berline bicorps trois ou cinq portes"", ""numberOfCylinders"": 4, ""capacityLt"": ""1.2000"", ""capacityTech"": ""1149.0000"", ""engineCodes"": ""D4F 712"", ""engId"": 16186}",RAPID-6467336
cda2de73-4dcc-4c7b-b91c-8e72840a2800,108455,RENAULT,"CLIO II (BB_, CB_)",2001,2016,"1.2 16V (BB05, BB0W, BB11, BB27, BB2T, BB2U, BB2V, CB05,...",16104,Berline bicorps trois ou cinq portes,Essence,55,75,1149,2026-08-08 22:47:30,,,,,,4,,"{""vehicleId"": 16104, ""manufacturerName"": ""RENAULT"", ""modelName"": ""CLIO II (BB_, CB_)"", ""typeEngineName"": ""1.2 16V (BB05, BB0W, BB11, BB27, BB2T, BB2U, BB2V, CB05,..."", ""constructionIntervalStart"": ""2001-06-01"", ""constructionIntervalEnd"": ""2016-08-01"", ""powerKw"": ""55.0000"", ""powerPs"": ""75.0000"", ""capacityTax"": null, ""fuelType"": ""Essence"", ""bodyType"": ""Berline bicorps trois ou cinq portes"", ""numberOfCylinders"": 4, ""capacityLt"": ""1.2000"", ""capacityTech"": ""1149.0000"", ""engineCodes"": ""D4F 712"", ""engId"": 16186}",RAPID-1492213
cdd99158-4262-4003-803a-023fe7a43b0b,108166,RENAULT,"CLIO II (BB_, CB_)",2001,2016,"1.2 16V (BB05, BB0W, BB11, BB27, BB2T, BB2U, BB2V, CB05,...",16104,Berline bicorps trois ou cinq portes,Essence,55,75,1149,2026-08-08 22:47:30,,,,,,4,,"{""vehicleId"": 16104, ""manufacturerName"": ""RENAULT"", ""modelName"": ""CLIO II (BB_, CB_)"", ""typeEngineName"": ""1.2 16V (BB05, BB0W, BB11, BB27, BB2T, BB2U, BB2V, CB05,..."", ""constructionIntervalStart"": ""2001-06-01"", ""constructionIntervalEnd"": ""2016-08-01"", ""powerKw"": ""55.0000"", ""powerPs"": ""75.0000"", ""capacityTax"": null, ""fuelType"": ""Essence"", ""bodyType"": ""Berline bicorps trois ou cinq portes"", ""numberOfCylinders"": 4, ""capacityLt"": ""1.2000"", ""capacityTech"": ""1149.0000"", ""engineCodes"": ""D4F 712"", ""engId"": 16186}",RAPID-48975348
ce226e84-2c81-451f-b97e-b52079fc0f12,108601,RENAULT,"CLIO II (BB_, CB_)",2001,2016,"1.2 16V (BB05, BB0W, BB11, BB27, BB2T, BB2U, BB2V, CB05,...",16104,Berline bicorps trois ou cinq portes,Essence,55,75,1149,2026-08-08 22:47:30,,,,,,4,,"{""vehicleId"": 16104, ""manufacturerName"": ""RENAULT"", ""modelName"": ""CLIO II (BB_, CB_)"", ""typeEngineName"": ""1.2 16V (BB05, BB0W, BB11, BB27, BB2T, BB2U, BB2V, CB05,..."", ""constructionIntervalStart"": ""2001-06-01"", ""constructionIntervalEnd"": ""2016-08-01"", ""powerKw"": ""55.0000"", ""powerPs"": ""75.0000"", ""capacityTax"": null, ""fuelType"": ""Essence"", ""bodyType"": ""Berline bicorps trois ou cinq portes"", ""numberOfCylinders"": 4, ""capacityLt"": ""1.2000"", ""capacityTech"": ""1149.0000"", ""engineCodes"": ""D4F 712"", ""engId"": 16186}",RAPID-3032886
ce6c2634-3264-47ca-b603-070b0102fc8e,108149,RENAULT,"CLIO II (BB_, CB_)",2001,2016,"1.2 16V (BB05, BB0W, BB11, BB27, BB2T, BB2U, BB2V, CB05,...",16104,Berline bicorps trois ou cinq portes,Essence,55,75,1149,2026-08-08 22:47:30,,,,,,4,,"{""vehicleId"": 16104, ""manufacturerName"": ""RENAULT"", ""modelName"": ""CLIO II (BB_, CB_)"", ""typeEngineName"": ""1.2 16V (BB05, BB0W, BB11, BB27, BB2T, BB2U, BB2V, CB05,..."", ""constructionIntervalStart"": ""2001-06-01"", ""constructionIntervalEnd"": ""2016-08-01"", ""powerKw"": ""55.0000"", ""powerPs"": ""75.0000"", ""capacityTax"": null, ""fuelType"": ""Essence"", ""bodyType"": ""Berline bicorps trois ou cinq portes"", ""numberOfCylinders"": 4, ""capacityLt"": ""1.2000"", ""capacityTech"": ""1149.0000"", ""engineCodes"": ""D4F 712"", ""engId"": 16186}",RAPID-2966047
cef91088-480c-4cd5-a7eb-1c7935e72b09,108333,RENAULT,"CLIO II (BB_, CB_)",2001,2016,"1.2 16V (BB05, BB0W, BB11, BB27, BB2T, BB2U, BB2V, CB05,...",16104,Berline bicorps trois ou cinq portes,Essence,55,75,1149,2026-08-08 22:47:30,,,,,,4,,"{""vehicleId"": 16104, ""manufacturerName"": ""RENAULT"", ""modelName"": ""CLIO II (BB_, CB_)"", ""typeEngineName"": ""1.2 16V (BB05, BB0W, BB11, BB27, BB2T, BB2U, BB2V, CB05,..."", ""constructionIntervalStart"": ""2001-06-01"", ""constructionIntervalEnd"": ""2016-08-01"", ""powerKw"": ""55.0000"", ""powerPs"": ""75.0000"", ""capacityTax"": null, ""fuelType"": ""Essence"", ""bodyType"": ""Berline bicorps trois ou cinq portes"", ""numberOfCylinders"": 4, ""capacityLt"": ""1.2000"", ""capacityTech"": ""1149.0000"", ""engineCodes"": ""D4F 712"", ""engId"": 16186}",RAPID-9628155
cf01cf1d-e6d4-437b-b2c7-4e2fcf70a452,108560,RENAULT,"CLIO II (BB_, CB_)",2001,2016,"1.2 16V (BB05, BB0W, BB11, BB27, BB2T, BB2U, BB2V, CB05,...",16104,Berline bicorps trois ou cinq portes,Essence,55,75,1149,2026-08-08 22:47:30,,,,,,4,,"{""vehicleId"": 16104, ""manufacturerName"": ""RENAULT"", ""modelName"": ""CLIO II (BB_, CB_)"", ""typeEngineName"": ""1.2 16V (BB05, BB0W, BB11, BB27, BB2T, BB2U, BB2V, CB05,..."", ""constructionIntervalStart"": ""2001-06-01"", ""constructionIntervalEnd"": ""2016-08-01"", ""powerKw"": ""55.0000"", ""powerPs"": ""75.0000"", ""capacityTax"": null, ""fuelType"": ""Essence"", ""bodyType"": ""Berline bicorps trois ou cinq portes"", ""numberOfCylinders"": 4, ""capacityLt"": ""1.2000"", ""capacityTech"": ""1149.0000"", ""engineCodes"": ""D4F 712"", ""engId"": 16186}",RAPID-7968199
cf430fbf-3801-4548-a90a-d5be38158ebd,108413,RENAULT,"CLIO II (BB_, CB_)",2001,2016,"1.2 16V (BB05, BB0W, BB11, BB27, BB2T, BB2U, BB2V, CB05,...",16104,Berline bicorps trois ou cinq portes,Essence,55,75,1149,2026-08-08 22:47:30,,,,,,4,,"{""vehicleId"": 16104, ""manufacturerName"": ""RENAULT"", ""modelName"": ""CLIO II (BB_, CB_)"", ""typeEngineName"": ""1.2 16V (BB05, BB0W, BB11, BB27, BB2T, BB2U, BB2V, CB05,..."", ""constructionIntervalStart"": ""2001-06-01"", ""constructionIntervalEnd"": ""2016-08-01"", ""powerKw"": ""55.0000"", ""powerPs"": ""75.0000"", ""capacityTax"": null, ""fuelType"": ""Essence"", ""bodyType"": ""Berline bicorps trois ou cinq portes"", ""numberOfCylinders"": 4, ""capacityLt"": ""1.2000"", ""capacityTech"": ""1149.0000"", ""engineCodes"": ""D4F 712"", ""engId"": 16186}",RAPID-82857942
cf4ca34f-40d0-4f19-b521-6c326270adae,108634,RENAULT,"CLIO II (BB_, CB_)",2001,2016,"1.2 16V (BB05, BB0W, BB11, BB27, BB2T, BB2U, BB2V, CB05,...",16104,Berline bicorps trois ou cinq portes,Essence,55,75,1149,2026-08-08 22:47:30,,,,,,4,,"{""vehicleId"": 16104, ""manufacturerName"": ""RENAULT"", ""modelName"": ""CLIO II (BB_, CB_)"", ""typeEngineName"": ""1.2 16V (BB05, BB0W, BB11, BB27, BB2T, BB2U, BB2V, CB05,..."", ""constructionIntervalStart"": ""2001-06-01"", ""constructionIntervalEnd"": ""2016-08-01"", ""powerKw"": ""55.0000"", ""powerPs"": ""75.0000"", ""capacityTax"": null, ""fuelType"": ""Essence"", ""bodyType"": ""Berline bicorps trois ou cinq portes"", ""numberOfCylinders"": 4, ""capacityLt"": ""1.2000"", ""capacityTech"": ""1149.0000"", ""engineCodes"": ""D4F 712"", ""engId"": 16186}",RAPID-21195037
cf648508-21fb-4329-b498-d0a4fd89a9f6,108629,RENAULT,"CLIO II (BB_, CB_)",2001,2016,"1.2 16V (BB05, BB0W, BB11, BB27, BB2T, BB2U, BB2V, CB05,...",16104,Berline bicorps trois ou cinq portes,Essence,55,75,1149,2026-08-08 22:47:30,,,,,,4,,"{""vehicleId"": 16104, ""manufacturerName"": ""RENAULT"", ""modelName"": ""CLIO II (BB_, CB_)"", ""typeEngineName"": ""1.2 16V (BB05, BB0W, BB11, BB27, BB2T, BB2U, BB2V, CB05,..."", ""constructionIntervalStart"": ""2001-06-01"", ""constructionIntervalEnd"": ""2016-08-01"", ""powerKw"": ""55.0000"", ""powerPs"": ""75.0000"", ""capacityTax"": null, ""fuelType"": ""Essence"", ""bodyType"": ""Berline bicorps trois ou cinq portes"", ""numberOfCylinders"": 4, ""capacityLt"": ""1.2000"", ""capacityTech"": ""1149.0000"", ""engineCodes"": ""D4F 712"", ""engId"": 16186}",RAPID-8159120
cfa542c3-a8df-46fb-9a7a-16fafd902555,108508,RENAULT,"CLIO II (BB_, CB_)",2001,2016,"1.2 16V (BB05, BB0W, BB11, BB27, BB2T, BB2U, BB2V, CB05,...",16104,Berline bicorps trois ou cinq portes,Essence,55,75,1149,2026-08-08 22:47:30,,,,,,4,,"{""vehicleId"": 16104, ""manufacturerName"": ""RENAULT"", ""modelName"": ""CLIO II (BB_, CB_)"", ""typeEngineName"": ""1.2 16V (BB05, BB0W, BB11, BB27, BB2T, BB2U, BB2V, CB05,..."", ""constructionIntervalStart"": ""2001-06-01"", ""constructionIntervalEnd"": ""2016-08-01"", ""powerKw"": ""55.0000"", ""powerPs"": ""75.0000"", ""capacityTax"": null, ""fuelType"": ""Essence"", ""bodyType"": ""Berline bicorps trois ou cinq portes"", ""numberOfCylinders"": 4, ""capacityLt"": ""1.2000"", ""capacityTech"": ""1149.0000"", ""engineCodes"": ""D4F 712"", ""engId"": 16186}",RAPID-9690876
cfefd3b7-4430-41ac-811e-eb6538bbb4ed,108371,RENAULT,"CLIO II (BB_, CB_)",2001,2016,"1.2 16V (BB05, BB0W, BB11, BB27, BB2T, BB2U, BB2V, CB05,...",16104,Berline bicorps trois ou cinq portes,Essence,55,75,1149,2026-08-08 22:47:30,,,,,,4,,"{""vehicleId"": 16104, ""manufacturerName"": ""RENAULT"", ""modelName"": ""CLIO II (BB_, CB_)"", ""typeEngineName"": ""1.2 16V (BB05, BB0W, BB11, BB27, BB2T, BB2U, BB2V, CB05,..."", ""constructionIntervalStart"": ""2001-06-01"", ""constructionIntervalEnd"": ""2016-08-01"", ""powerKw"": ""55.0000"", ""powerPs"": ""75.0000"", ""capacityTax"": null, ""fuelType"": ""Essence"", ""bodyType"": ""Berline bicorps trois ou cinq portes"", ""numberOfCylinders"": 4, ""capacityLt"": ""1.2000"", ""capacityTech"": ""1149.0000"", ""engineCodes"": ""D4F 712"", ""engId"": 16186}",RAPID-6870849
d11f4945-b571-4201-bf3f-33fcf04c8e44,108134,RENAULT,"CLIO II (BB_, CB_)",2001,2016,"1.2 16V (BB05, BB0W, BB11, BB27, BB2T, BB2U, BB2V, CB05,...",16104,Berline bicorps trois ou cinq portes,Essence,55,75,1149,2026-08-08 22:47:30,,,,,,4,,"{""vehicleId"": 16104, ""manufacturerName"": ""RENAULT"", ""modelName"": ""CLIO II (BB_, CB_)"", ""typeEngineName"": ""1.2 16V (BB05, BB0W, BB11, BB27, BB2T, BB2U, BB2V, CB05,..."", ""constructionIntervalStart"": ""2001-06-01"", ""constructionIntervalEnd"": ""2016-08-01"", ""powerKw"": ""55.0000"", ""powerPs"": ""75.0000"", ""capacityTax"": null, ""fuelType"": ""Essence"", ""bodyType"": ""Berline bicorps trois ou cinq portes"", ""numberOfCylinders"": 4, ""capacityLt"": ""1.2000"", ""capacityTech"": ""1149.0000"", ""engineCodes"": ""D4F 712"", ""engId"": 16186}",RAPID-869986
d1210256-38e5-4bf5-8201-c905a8926626,108222,RENAULT,"CLIO II (BB_, CB_)",2001,2016,"1.2 16V (BB05, BB0W, BB11, BB27, BB2T, BB2U, BB2V, CB05,...",16104,Berline bicorps trois ou cinq portes,Essence,55,75,1149,2026-08-08 22:47:30,,,,,,4,,"{""vehicleId"": 16104, ""manufacturerName"": ""RENAULT"", ""modelName"": ""CLIO II (BB_, CB_)"", ""typeEngineName"": ""1.2 16V (BB05, BB0W, BB11, BB27, BB2T, BB2U, BB2V, CB05,..."", ""constructionIntervalStart"": ""2001-06-01"", ""constructionIntervalEnd"": ""2016-08-01"", ""powerKw"": ""55.0000"", ""powerPs"": ""75.0000"", ""capacityTax"": null, ""fuelType"": ""Essence"", ""bodyType"": ""Berline bicorps trois ou cinq portes"", ""numberOfCylinders"": 4, ""capacityLt"": ""1.2000"", ""capacityTech"": ""1149.0000"", ""engineCodes"": ""D4F 712"", ""engId"": 16186}",RAPID-52694112
d1d97c33-c716-462b-8b8b-086cbf6459ae,108622,RENAULT,"CLIO II (BB_, CB_)",2001,2016,"1.2 16V (BB05, BB0W, BB11, BB27, BB2T, BB2U, BB2V, CB05,...",16104,Berline bicorps trois ou cinq portes,Essence,55,75,1149,2026-08-08 22:47:30,,,,,,4,,"{""vehicleId"": 16104, ""manufacturerName"": ""RENAULT"", ""modelName"": ""CLIO II (BB_, CB_)"", ""typeEngineName"": ""1.2 16V (BB05, BB0W, BB11, BB27, BB2T, BB2U, BB2V, CB05,..."", ""constructionIntervalStart"": ""2001-06-01"", ""constructionIntervalEnd"": ""2016-08-01"", ""powerKw"": ""55.0000"", ""powerPs"": ""75.0000"", ""capacityTax"": null, ""fuelType"": ""Essence"", ""bodyType"": ""Berline bicorps trois ou cinq portes"", ""numberOfCylinders"": 4, ""capacityLt"": ""1.2000"", ""capacityTech"": ""1149.0000"", ""engineCodes"": ""D4F 712"", ""engId"": 16186}",RAPID-6763931
d1eeb28e-6913-42ed-a838-65b223b8fabf,108846,RENAULT,"CLIO II (BB_, CB_)",2001,2016,"1.2 16V (BB05, BB0W, BB11, BB27, BB2T, BB2U, BB2V, CB05,...",16104,Berline bicorps trois ou cinq portes,Essence,55,75,1149,2026-08-08 22:47:30,,,,,,4,,"{""vehicleId"": 16104, ""manufacturerName"": ""RENAULT"", ""modelName"": ""CLIO II (BB_, CB_)"", ""typeEngineName"": ""1.2 16V (BB05, BB0W, BB11, BB27, BB2T, BB2U, BB2V, CB05,..."", ""constructionIntervalStart"": ""2001-06-01"", ""constructionIntervalEnd"": ""2016-08-01"", ""powerKw"": ""55.0000"", ""powerPs"": ""75.0000"", ""capacityTax"": null, ""fuelType"": ""Essence"", ""bodyType"": ""Berline bicorps trois ou cinq portes"", ""numberOfCylinders"": 4, ""capacityLt"": ""1.2000"", ""capacityTech"": ""1149.0000"", ""engineCodes"": ""D4F 712"", ""engId"": 16186}",RAPID-1833309
d2236825-4389-4f7a-8275-33b81b501dd2,108460,RENAULT,"CLIO II (BB_, CB_)",2001,2016,"1.2 16V (BB05, BB0W, BB11, BB27, BB2T, BB2U, BB2V, CB05,...",16104,Berline bicorps trois ou cinq portes,Essence,55,75,1149,2026-08-08 22:47:30,,,,,,4,,"{""vehicleId"": 16104, ""manufacturerName"": ""RENAULT"", ""modelName"": ""CLIO II (BB_, CB_)"", ""typeEngineName"": ""1.2 16V (BB05, BB0W, BB11, BB27, BB2T, BB2U, BB2V, CB05,..."", ""constructionIntervalStart"": ""2001-06-01"", ""constructionIntervalEnd"": ""2016-08-01"", ""powerKw"": ""55.0000"", ""powerPs"": ""75.0000"", ""capacityTax"": null, ""fuelType"": ""Essence"", ""bodyType"": ""Berline bicorps trois ou cinq portes"", ""numberOfCylinders"": 4, ""capacityLt"": ""1.2000"", ""capacityTech"": ""1149.0000"", ""engineCodes"": ""D4F 712"", ""engId"": 16186}",RAPID-367880
d2254951-01e2-4bd4-9bb6-370c0f3698e5,108243,RENAULT,"CLIO II (BB_, CB_)",2001,2016,"1.2 16V (BB05, BB0W, BB11, BB27, BB2T, BB2U, BB2V, CB05,...",16104,Berline bicorps trois ou cinq portes,Essence,55,75,1149,2026-08-08 22:47:30,,,,,,4,,"{""vehicleId"": 16104, ""manufacturerName"": ""RENAULT"", ""modelName"": ""CLIO II (BB_, CB_)"", ""typeEngineName"": ""1.2 16V (BB05, BB0W, BB11, BB27, BB2T, BB2U, BB2V, CB05,..."", ""constructionIntervalStart"": ""2001-06-01"", ""constructionIntervalEnd"": ""2016-08-01"", ""powerKw"": ""55.0000"", ""powerPs"": ""75.0000"", ""capacityTax"": null, ""fuelType"": ""Essence"", ""bodyType"": ""Berline bicorps trois ou cinq portes"", ""numberOfCylinders"": 4, ""capacityLt"": ""1.2000"", ""capacityTech"": ""1149.0000"", ""engineCodes"": ""D4F 712"", ""engId"": 16186}",RAPID-6142334
d28a593b-2666-4890-a369-3b55a3d32661,108181,RENAULT,"CLIO II (BB_, CB_)",2001,2016,"1.2 16V (BB05, BB0W, BB11, BB27, BB2T, BB2U, BB2V, CB05,...",16104,Berline bicorps trois ou cinq portes,Essence,55,75,1149,2026-08-08 22:47:30,,,,,,4,,"{""vehicleId"": 16104, ""manufacturerName"": ""RENAULT"", ""modelName"": ""CLIO II (BB_, CB_)"", ""typeEngineName"": ""1.2 16V (BB05, BB0W, BB11, BB27, BB2T, BB2U, BB2V, CB05,..."", ""constructionIntervalStart"": ""2001-06-01"", ""constructionIntervalEnd"": ""2016-08-01"", ""powerKw"": ""55.0000"", ""powerPs"": ""75.0000"", ""capacityTax"": null, ""fuelType"": ""Essence"", ""bodyType"": ""Berline bicorps trois ou cinq portes"", ""numberOfCylinders"": 4, ""capacityLt"": ""1.2000"", ""capacityTech"": ""1149.0000"", ""engineCodes"": ""D4F 712"", ""engId"": 16186}",RAPID-50499364
d2c39ca0-4ffd-481e-9632-35e69c4f24fd,108756,RENAULT,"CLIO II (BB_, CB_)",2001,2016,"1.2 16V (BB05, BB0W, BB11, BB27, BB2T, BB2U, BB2V, CB05,...",16104,Berline bicorps trois ou cinq portes,Essence,55,75,1149,2026-08-08 22:47:30,,,,,,4,,"{""vehicleId"": 16104, ""manufacturerName"": ""RENAULT"", ""modelName"": ""CLIO II (BB_, CB_)"", ""typeEngineName"": ""1.2 16V (BB05, BB0W, BB11, BB27, BB2T, BB2U, BB2V, CB05,..."", ""constructionIntervalStart"": ""2001-06-01"", ""constructionIntervalEnd"": ""2016-08-01"", ""powerKw"": ""55.0000"", ""powerPs"": ""75.0000"", ""capacityTax"": null, ""fuelType"": ""Essence"", ""bodyType"": ""Berline bicorps trois ou cinq portes"", ""numberOfCylinders"": 4, ""capacityLt"": ""1.2000"", ""capacityTech"": ""1149.0000"", ""engineCodes"": ""D4F 712"", ""engId"": 16186}",RAPID-1776723
d33fb50f-3e79-4aa5-a84a-05543e6ae320,108804,RENAULT,"CLIO II (BB_, CB_)",2001,2016,"1.2 16V (BB05, BB0W, BB11, BB27, BB2T, BB2U, BB2V, CB05,...",16104,Berline bicorps trois ou cinq portes,Essence,55,75,1149,2026-08-08 22:47:30,,,,,,4,,"{""vehicleId"": 16104, ""manufacturerName"": ""RENAULT"", ""modelName"": ""CLIO II (BB_, CB_)"", ""typeEngineName"": ""1.2 16V (BB05, BB0W, BB11, BB27, BB2T, BB2U, BB2V, CB05,..."", ""constructionIntervalStart"": ""2001-06-01"", ""constructionIntervalEnd"": ""2016-08-01"", ""powerKw"": ""55.0000"", ""powerPs"": ""75.0000"", ""capacityTax"": null, ""fuelType"": ""Essence"", ""bodyType"": ""Berline bicorps trois ou cinq portes"", ""numberOfCylinders"": 4, ""capacityLt"": ""1.2000"", ""capacityTech"": ""1149.0000"", ""engineCodes"": ""D4F 712"", ""engId"": 16186}",RAPID-90146231
d351da44-d83e-4dd0-8a78-c81aef73f3c3,108572,RENAULT,"CLIO II (BB_, CB_)",2001,2016,"1.2 16V (BB05, BB0W, BB11, BB27, BB2T, BB2U, BB2V, CB05,...",16104,Berline bicorps trois ou cinq portes,Essence,55,75,1149,2026-08-08 22:47:30,,,,,,4,,"{""vehicleId"": 16104, ""manufacturerName"": ""RENAULT"", ""modelName"": ""CLIO II (BB_, CB_)"", ""typeEngineName"": ""1.2 16V (BB05, BB0W, BB11, BB27, BB2T, BB2U, BB2V, CB05,..."", ""constructionIntervalStart"": ""2001-06-01"", ""constructionIntervalEnd"": ""2016-08-01"", ""powerKw"": ""55.0000"", ""powerPs"": ""75.0000"", ""capacityTax"": null, ""fuelType"": ""Essence"", ""bodyType"": ""Berline bicorps trois ou cinq portes"", ""numberOfCylinders"": 4, ""capacityLt"": ""1.2000"", ""capacityTech"": ""1149.0000"", ""engineCodes"": ""D4F 712"", ""engId"": 16186}",RAPID-107714
d38987f3-fc65-4b19-9f9a-07be35c22c59,108456,RENAULT,"CLIO II (BB_, CB_)",2001,2016,"1.2 16V (BB05, BB0W, BB11, BB27, BB2T, BB2U, BB2V, CB05,...",16104,Berline bicorps trois ou cinq portes,Essence,55,75,1149,2026-08-08 22:47:30,,,,,,4,,"{""vehicleId"": 16104, ""manufacturerName"": ""RENAULT"", ""modelName"": ""CLIO II (BB_, CB_)"", ""typeEngineName"": ""1.2 16V (BB05, BB0W, BB11, BB27, BB2T, BB2U, BB2V, CB05,..."", ""constructionIntervalStart"": ""2001-06-01"", ""constructionIntervalEnd"": ""2016-08-01"", ""powerKw"": ""55.0000"", ""powerPs"": ""75.0000"", ""capacityTax"": null, ""fuelType"": ""Essence"", ""bodyType"": ""Berline bicorps trois ou cinq portes"", ""numberOfCylinders"": 4, ""capacityLt"": ""1.2000"", ""capacityTech"": ""1149.0000"", ""engineCodes"": ""D4F 712"", ""engId"": 16186}",RAPID-642850
d3e16027-cebd-45dd-8a2b-0fa851e96008,108411,RENAULT,"CLIO II (BB_, CB_)",2001,2016,"1.2 16V (BB05, BB0W, BB11, BB27, BB2T, BB2U, BB2V, CB05,...",16104,Berline bicorps trois ou cinq portes,Essence,55,75,1149,2026-08-08 22:47:30,,,,,,4,,"{""vehicleId"": 16104, ""manufacturerName"": ""RENAULT"", ""modelName"": ""CLIO II (BB_, CB_)"", ""typeEngineName"": ""1.2 16V (BB05, BB0W, BB11, BB27, BB2T, BB2U, BB2V, CB05,..."", ""constructionIntervalStart"": ""2001-06-01"", ""constructionIntervalEnd"": ""2016-08-01"", ""powerKw"": ""55.0000"", ""powerPs"": ""75.0000"", ""capacityTax"": null, ""fuelType"": ""Essence"", ""bodyType"": ""Berline bicorps trois ou cinq portes"", ""numberOfCylinders"": 4, ""capacityLt"": ""1.2000"", ""capacityTech"": ""1149.0000"", ""engineCodes"": ""D4F 712"", ""engId"": 16186}",RAPID-10345318
d3ea67b7-078c-4b07-8c6f-0362d62e5af8,108331,RENAULT,"CLIO II (BB_, CB_)",2001,2016,"1.2 16V (BB05, BB0W, BB11, BB27, BB2T, BB2U, BB2V, CB05,...",16104,Berline bicorps trois ou cinq portes,Essence,55,75,1149,2026-08-08 22:47:30,,,,,,4,,"{""vehicleId"": 16104, ""manufacturerName"": ""RENAULT"", ""modelName"": ""CLIO II (BB_, CB_)"", ""typeEngineName"": ""1.2 16V (BB05, BB0W, BB11, BB27, BB2T, BB2U, BB2V, CB05,..."", ""constructionIntervalStart"": ""2001-06-01"", ""constructionIntervalEnd"": ""2016-08-01"", ""powerKw"": ""55.0000"", ""powerPs"": ""75.0000"", ""capacityTax"": null, ""fuelType"": ""Essence"", ""bodyType"": ""Berline bicorps trois ou cinq portes"", ""numberOfCylinders"": 4, ""capacityLt"": ""1.2000"", ""capacityTech"": ""1149.0000"", ""engineCodes"": ""D4F 712"", ""engId"": 16186}",RAPID-9577173
d3eae6e3-1ddb-42ea-b562-d4c357b49169,108638,RENAULT,"CLIO II (BB_, CB_)",2001,2016,"1.2 16V (BB05, BB0W, BB11, BB27, BB2T, BB2U, BB2V, CB05,...",16104,Berline bicorps trois ou cinq portes,Essence,55,75,1149,2026-08-08 22:47:30,,,,,,4,,"{""vehicleId"": 16104, ""manufacturerName"": ""RENAULT"", ""modelName"": ""CLIO II (BB_, CB_)"", ""typeEngineName"": ""1.2 16V (BB05, BB0W, BB11, BB27, BB2T, BB2U, BB2V, CB05,..."", ""constructionIntervalStart"": ""2001-06-01"", ""constructionIntervalEnd"": ""2016-08-01"", ""powerKw"": ""55.0000"", ""powerPs"": ""75.0000"", ""capacityTax"": null, ""fuelType"": ""Essence"", ""bodyType"": ""Berline bicorps trois ou cinq portes"", ""numberOfCylinders"": 4, ""capacityLt"": ""1.2000"", ""capacityTech"": ""1149.0000"", ""engineCodes"": ""D4F 712"", ""engId"": 16186}",RAPID-6467384
d4412c70-3c48-4dba-965b-0239885fbc99,108608,RENAULT,"CLIO II (BB_, CB_)",2001,2016,"1.2 16V (BB05, BB0W, BB11, BB27, BB2T, BB2U, BB2V, CB05,...",16104,Berline bicorps trois ou cinq portes,Essence,55,75,1149,2026-08-08 22:47:30,,,,,,4,,"{""vehicleId"": 16104, ""manufacturerName"": ""RENAULT"", ""modelName"": ""CLIO II (BB_, CB_)"", ""typeEngineName"": ""1.2 16V (BB05, BB0W, BB11, BB27, BB2T, BB2U, BB2V, CB05,..."", ""constructionIntervalStart"": ""2001-06-01"", ""constructionIntervalEnd"": ""2016-08-01"", ""powerKw"": ""55.0000"", ""powerPs"": ""75.0000"", ""capacityTax"": null, ""fuelType"": ""Essence"", ""bodyType"": ""Berline bicorps trois ou cinq portes"", ""numberOfCylinders"": 4, ""capacityLt"": ""1.2000"", ""capacityTech"": ""1149.0000"", ""engineCodes"": ""D4F 712"", ""engId"": 16186}",RAPID-86699363
d456b2c3-127d-4c91-b342-d14e2d291648,108749,RENAULT,"CLIO II (BB_, CB_)",2001,2016,"1.2 16V (BB05, BB0W, BB11, BB27, BB2T, BB2U, BB2V, CB05,...",16104,Berline bicorps trois ou cinq portes,Essence,55,75,1149,2026-08-08 22:47:30,,,,,,4,,"{""vehicleId"": 16104, ""manufacturerName"": ""RENAULT"", ""modelName"": ""CLIO II (BB_, CB_)"", ""typeEngineName"": ""1.2 16V (BB05, BB0W, BB11, BB27, BB2T, BB2U, BB2V, CB05,..."", ""constructionIntervalStart"": ""2001-06-01"", ""constructionIntervalEnd"": ""2016-08-01"", ""powerKw"": ""55.0000"", ""powerPs"": ""75.0000"", ""capacityTax"": null, ""fuelType"": ""Essence"", ""bodyType"": ""Berline bicorps trois ou cinq portes"", ""numberOfCylinders"": 4, ""capacityLt"": ""1.2000"", ""capacityTech"": ""1149.0000"", ""engineCodes"": ""D4F 712"", ""engId"": 16186}",RAPID-10858265
d492fbe0-0160-434f-aa1f-f0ce53e315a7,108311,RENAULT,"CLIO II (BB_, CB_)",2001,2016,"1.2 16V (BB05, BB0W, BB11, BB27, BB2T, BB2U, BB2V, CB05,...",16104,Berline bicorps trois ou cinq portes,Essence,55,75,1149,2026-08-08 22:47:30,,,,,,4,,"{""vehicleId"": 16104, ""manufacturerName"": ""RENAULT"", ""modelName"": ""CLIO II (BB_, CB_)"", ""typeEngineName"": ""1.2 16V (BB05, BB0W, BB11, BB27, BB2T, BB2U, BB2V, CB05,..."", ""constructionIntervalStart"": ""2001-06-01"", ""constructionIntervalEnd"": ""2016-08-01"", ""powerKw"": ""55.0000"", ""powerPs"": ""75.0000"", ""capacityTax"": null, ""fuelType"": ""Essence"", ""bodyType"": ""Berline bicorps trois ou cinq portes"", ""numberOfCylinders"": 4, ""capacityLt"": ""1.2000"", ""capacityTech"": ""1149.0000"", ""engineCodes"": ""D4F 712"", ""engId"": 16186}",RAPID-6298703
d49d475e-3e20-4034-968b-82e2b50763d5,108376,RENAULT,"CLIO II (BB_, CB_)",2001,2016,"1.2 16V (BB05, BB0W, BB11, BB27, BB2T, BB2U, BB2V, CB05,...",16104,Berline bicorps trois ou cinq portes,Essence,55,75,1149,2026-08-08 22:47:30,,,,,,4,,"{""vehicleId"": 16104, ""manufacturerName"": ""RENAULT"", ""modelName"": ""CLIO II (BB_, CB_)"", ""typeEngineName"": ""1.2 16V (BB05, BB0W, BB11, BB27, BB2T, BB2U, BB2V, CB05,..."", ""constructionIntervalStart"": ""2001-06-01"", ""constructionIntervalEnd"": ""2016-08-01"", ""powerKw"": ""55.0000"", ""powerPs"": ""75.0000"", ""capacityTax"": null, ""fuelType"": ""Essence"", ""bodyType"": ""Berline bicorps trois ou cinq portes"", ""numberOfCylinders"": 4, ""capacityLt"": ""1.2000"", ""capacityTech"": ""1149.0000"", ""engineCodes"": ""D4F 712"", ""engId"": 16186}",RAPID-49713706
d4d6a64f-2476-4d84-84b9-a810da6c9db1,108277,RENAULT,"CLIO II (BB_, CB_)",2001,2016,"1.2 16V (BB05, BB0W, BB11, BB27, BB2T, BB2U, BB2V, CB05,...",16104,Berline bicorps trois ou cinq portes,Essence,55,75,1149,2026-08-08 22:47:30,,,,,,4,,"{""vehicleId"": 16104, ""manufacturerName"": ""RENAULT"", ""modelName"": ""CLIO II (BB_, CB_)"", ""typeEngineName"": ""1.2 16V (BB05, BB0W, BB11, BB27, BB2T, BB2U, BB2V, CB05,..."", ""constructionIntervalStart"": ""2001-06-01"", ""constructionIntervalEnd"": ""2016-08-01"", ""powerKw"": ""55.0000"", ""powerPs"": ""75.0000"", ""capacityTax"": null, ""fuelType"": ""Essence"", ""bodyType"": ""Berline bicorps trois ou cinq portes"", ""numberOfCylinders"": 4, ""capacityLt"": ""1.2000"", ""capacityTech"": ""1149.0000"", ""engineCodes"": ""D4F 712"", ""engId"": 16186}",RAPID-2514804
d5003653-be92-4cb6-81ba-1faabd9bcfa2,108249,RENAULT,"CLIO II (BB_, CB_)",2001,2016,"1.2 16V (BB05, BB0W, BB11, BB27, BB2T, BB2U, BB2V, CB05,...",16104,Berline bicorps trois ou cinq portes,Essence,55,75,1149,2026-08-08 22:47:30,,,,,,4,,"{""vehicleId"": 16104, ""manufacturerName"": ""RENAULT"", ""modelName"": ""CLIO II (BB_, CB_)"", ""typeEngineName"": ""1.2 16V (BB05, BB0W, BB11, BB27, BB2T, BB2U, BB2V, CB05,..."", ""constructionIntervalStart"": ""2001-06-01"", ""constructionIntervalEnd"": ""2016-08-01"", ""powerKw"": ""55.0000"", ""powerPs"": ""75.0000"", ""capacityTax"": null, ""fuelType"": ""Essence"", ""bodyType"": ""Berline bicorps trois ou cinq portes"", ""numberOfCylinders"": 4, ""capacityLt"": ""1.2000"", ""capacityTech"": ""1149.0000"", ""engineCodes"": ""D4F 712"", ""engId"": 16186}",RAPID-2512454
d54eec34-139f-49e2-a1ed-63ae93bb315d,108126,RENAULT,"CLIO II (BB_, CB_)",2001,2016,"1.2 16V (BB05, BB0W, BB11, BB27, BB2T, BB2U, BB2V, CB05,...",16104,Berline bicorps trois ou cinq portes,Essence,55,75,1149,2026-08-08 22:47:30,,,,,,4,,"{""vehicleId"": 16104, ""manufacturerName"": ""RENAULT"", ""modelName"": ""CLIO II (BB_, CB_)"", ""typeEngineName"": ""1.2 16V (BB05, BB0W, BB11, BB27, BB2T, BB2U, BB2V, CB05,..."", ""constructionIntervalStart"": ""2001-06-01"", ""constructionIntervalEnd"": ""2016-08-01"", ""powerKw"": ""55.0000"", ""powerPs"": ""75.0000"", ""capacityTax"": null, ""fuelType"": ""Essence"", ""bodyType"": ""Berline bicorps trois ou cinq portes"", ""numberOfCylinders"": 4, ""capacityLt"": ""1.2000"", ""capacityTech"": ""1149.0000"", ""engineCodes"": ""D4F 712"", ""engId"": 16186}",RAPID-6847987
d5b7e033-deda-4aea-abb6-05b4c51e46ed,108464,RENAULT,"CLIO II (BB_, CB_)",2001,2016,"1.2 16V (BB05, BB0W, BB11, BB27, BB2T, BB2U, BB2V, CB05,...",16104,Berline bicorps trois ou cinq portes,Essence,55,75,1149,2026-08-08 22:47:30,,,,,,4,,"{""vehicleId"": 16104, ""manufacturerName"": ""RENAULT"", ""modelName"": ""CLIO II (BB_, CB_)"", ""typeEngineName"": ""1.2 16V (BB05, BB0W, BB11, BB27, BB2T, BB2U, BB2V, CB05,..."", ""constructionIntervalStart"": ""2001-06-01"", ""constructionIntervalEnd"": ""2016-08-01"", ""powerKw"": ""55.0000"", ""powerPs"": ""75.0000"", ""capacityTax"": null, ""fuelType"": ""Essence"", ""bodyType"": ""Berline bicorps trois ou cinq portes"", ""numberOfCylinders"": 4, ""capacityLt"": ""1.2000"", ""capacityTech"": ""1149.0000"", ""engineCodes"": ""D4F 712"", ""engId"": 16186}",RAPID-12309937
d5cf2b62-2fc5-4142-84e7-e9798337c6ca,108029,AUDI,80 B4 Saloon (8C2),1991,1994,1.9 TD,1392,Saloon,Diesel,,,,2026-08-06 14:24:09,,,,,,,,,RAPID-77113107
d6ea528b-9786-47d2-a0df-8d922769f357,108212,RENAULT,"CLIO II (BB_, CB_)",2001,2016,"1.2 16V (BB05, BB0W, BB11, BB27, BB2T, BB2U, BB2V, CB05,...",16104,Berline bicorps trois ou cinq portes,Essence,55,75,1149,2026-08-08 22:47:30,,,,,,4,,"{""vehicleId"": 16104, ""manufacturerName"": ""RENAULT"", ""modelName"": ""CLIO II (BB_, CB_)"", ""typeEngineName"": ""1.2 16V (BB05, BB0W, BB11, BB27, BB2T, BB2U, BB2V, CB05,..."", ""constructionIntervalStart"": ""2001-06-01"", ""constructionIntervalEnd"": ""2016-08-01"", ""powerKw"": ""55.0000"", ""powerPs"": ""75.0000"", ""capacityTax"": null, ""fuelType"": ""Essence"", ""bodyType"": ""Berline bicorps trois ou cinq portes"", ""numberOfCylinders"": 4, ""capacityLt"": ""1.2000"", ""capacityTech"": ""1149.0000"", ""engineCodes"": ""D4F 712"", ""engId"": 16186}",RAPID-9689086
d79d6311-7941-478e-a90b-2a581d7c43e2,108367,RENAULT,"CLIO II (BB_, CB_)",2001,2016,"1.2 16V (BB05, BB0W, BB11, BB27, BB2T, BB2U, BB2V, CB05,...",16104,Berline bicorps trois ou cinq portes,Essence,55,75,1149,2026-08-08 22:47:30,,,,,,4,,"{""vehicleId"": 16104, ""manufacturerName"": ""RENAULT"", ""modelName"": ""CLIO II (BB_, CB_)"", ""typeEngineName"": ""1.2 16V (BB05, BB0W, BB11, BB27, BB2T, BB2U, BB2V, CB05,..."", ""constructionIntervalStart"": ""2001-06-01"", ""constructionIntervalEnd"": ""2016-08-01"", ""powerKw"": ""55.0000"", ""powerPs"": ""75.0000"", ""capacityTax"": null, ""fuelType"": ""Essence"", ""bodyType"": ""Berline bicorps trois ou cinq portes"", ""numberOfCylinders"": 4, ""capacityLt"": ""1.2000"", ""capacityTech"": ""1149.0000"", ""engineCodes"": ""D4F 712"", ""engId"": 16186}",RAPID-4170447
d7a2a3ff-53c2-4488-b017-54d5c6ca16de,108766,RENAULT,"CLIO II (BB_, CB_)",2001,2016,"1.2 16V (BB05, BB0W, BB11, BB27, BB2T, BB2U, BB2V, CB05,...",16104,Berline bicorps trois ou cinq portes,Essence,55,75,1149,2026-08-08 22:47:30,,,,,,4,,"{""vehicleId"": 16104, ""manufacturerName"": ""RENAULT"", ""modelName"": ""CLIO II (BB_, CB_)"", ""typeEngineName"": ""1.2 16V (BB05, BB0W, BB11, BB27, BB2T, BB2U, BB2V, CB05,..."", ""constructionIntervalStart"": ""2001-06-01"", ""constructionIntervalEnd"": ""2016-08-01"", ""powerKw"": ""55.0000"", ""powerPs"": ""75.0000"", ""capacityTax"": null, ""fuelType"": ""Essence"", ""bodyType"": ""Berline bicorps trois ou cinq portes"", ""numberOfCylinders"": 4, ""capacityLt"": ""1.2000"", ""capacityTech"": ""1149.0000"", ""engineCodes"": ""D4F 712"", ""engId"": 16186}",RAPID-3286753
d7df035c-7b60-41eb-af61-413ab4048d83,108389,RENAULT,"CLIO II (BB_, CB_)",2001,2016,"1.2 16V (BB05, BB0W, BB11, BB27, BB2T, BB2U, BB2V, CB05,...",16104,Berline bicorps trois ou cinq portes,Essence,55,75,1149,2026-08-08 22:47:30,,,,,,4,,"{""vehicleId"": 16104, ""manufacturerName"": ""RENAULT"", ""modelName"": ""CLIO II (BB_, CB_)"", ""typeEngineName"": ""1.2 16V (BB05, BB0W, BB11, BB27, BB2T, BB2U, BB2V, CB05,..."", ""constructionIntervalStart"": ""2001-06-01"", ""constructionIntervalEnd"": ""2016-08-01"", ""powerKw"": ""55.0000"", ""powerPs"": ""75.0000"", ""capacityTax"": null, ""fuelType"": ""Essence"", ""bodyType"": ""Berline bicorps trois ou cinq portes"", ""numberOfCylinders"": 4, ""capacityLt"": ""1.2000"", ""capacityTech"": ""1149.0000"", ""engineCodes"": ""D4F 712"", ""engId"": 16186}",RAPID-7150609
d80a5c90-aed8-47e5-a9cc-8745551d057b,108297,RENAULT,"CLIO II (BB_, CB_)",2001,2016,"1.2 16V (BB05, BB0W, BB11, BB27, BB2T, BB2U, BB2V, CB05,...",16104,Berline bicorps trois ou cinq portes,Essence,55,75,1149,2026-08-08 22:47:30,,,,,,4,,"{""vehicleId"": 16104, ""manufacturerName"": ""RENAULT"", ""modelName"": ""CLIO II (BB_, CB_)"", ""typeEngineName"": ""1.2 16V (BB05, BB0W, BB11, BB27, BB2T, BB2U, BB2V, CB05,..."", ""constructionIntervalStart"": ""2001-06-01"", ""constructionIntervalEnd"": ""2016-08-01"", ""powerKw"": ""55.0000"", ""powerPs"": ""75.0000"", ""capacityTax"": null, ""fuelType"": ""Essence"", ""bodyType"": ""Berline bicorps trois ou cinq portes"", ""numberOfCylinders"": 4, ""capacityLt"": ""1.2000"", ""capacityTech"": ""1149.0000"", ""engineCodes"": ""D4F 712"", ""engId"": 16186}",RAPID-4612499
d8c495ab-8baf-4903-aa54-0b034d1604c4,108540,RENAULT,"CLIO II (BB_, CB_)",2001,2016,"1.2 16V (BB05, BB0W, BB11, BB27, BB2T, BB2U, BB2V, CB05,...",16104,Berline bicorps trois ou cinq portes,Essence,55,75,1149,2026-08-08 22:47:30,,,,,,4,,"{""vehicleId"": 16104, ""manufacturerName"": ""RENAULT"", ""modelName"": ""CLIO II (BB_, CB_)"", ""typeEngineName"": ""1.2 16V (BB05, BB0W, BB11, BB27, BB2T, BB2U, BB2V, CB05,..."", ""constructionIntervalStart"": ""2001-06-01"", ""constructionIntervalEnd"": ""2016-08-01"", ""powerKw"": ""55.0000"", ""powerPs"": ""75.0000"", ""capacityTax"": null, ""fuelType"": ""Essence"", ""bodyType"": ""Berline bicorps trois ou cinq portes"", ""numberOfCylinders"": 4, ""capacityLt"": ""1.2000"", ""capacityTech"": ""1149.0000"", ""engineCodes"": ""D4F 712"", ""engId"": 16186}",RAPID-2722214
d95595fa-9fdb-415d-8046-da573ccca39f,108127,RENAULT,"CLIO II (BB_, CB_)",2001,2016,"1.2 16V (BB05, BB0W, BB11, BB27, BB2T, BB2U, BB2V, CB05,...",16104,Berline bicorps trois ou cinq portes,Essence,55,75,1149,2026-08-08 22:47:30,,,,,,4,,"{""vehicleId"": 16104, ""manufacturerName"": ""RENAULT"", ""modelName"": ""CLIO II (BB_, CB_)"", ""typeEngineName"": ""1.2 16V (BB05, BB0W, BB11, BB27, BB2T, BB2U, BB2V, CB05,..."", ""constructionIntervalStart"": ""2001-06-01"", ""constructionIntervalEnd"": ""2016-08-01"", ""powerKw"": ""55.0000"", ""powerPs"": ""75.0000"", ""capacityTax"": null, ""fuelType"": ""Essence"", ""bodyType"": ""Berline bicorps trois ou cinq portes"", ""numberOfCylinders"": 4, ""capacityLt"": ""1.2000"", ""capacityTech"": ""1149.0000"", ""engineCodes"": ""D4F 712"", ""engId"": 16186}",RAPID-6848003
d9925540-577d-4ff4-9278-e0e89b4e5914,108279,RENAULT,"CLIO II (BB_, CB_)",2001,2016,"1.2 16V (BB05, BB0W, BB11, BB27, BB2T, BB2U, BB2V, CB05,...",16104,Berline bicorps trois ou cinq portes,Essence,55,75,1149,2026-08-08 22:47:30,,,,,,4,,"{""vehicleId"": 16104, ""manufacturerName"": ""RENAULT"", ""modelName"": ""CLIO II (BB_, CB_)"", ""typeEngineName"": ""1.2 16V (BB05, BB0W, BB11, BB27, BB2T, BB2U, BB2V, CB05,..."", ""constructionIntervalStart"": ""2001-06-01"", ""constructionIntervalEnd"": ""2016-08-01"", ""powerKw"": ""55.0000"", ""powerPs"": ""75.0000"", ""capacityTax"": null, ""fuelType"": ""Essence"", ""bodyType"": ""Berline bicorps trois ou cinq portes"", ""numberOfCylinders"": 4, ""capacityLt"": ""1.2000"", ""capacityTech"": ""1149.0000"", ""engineCodes"": ""D4F 712"", ""engId"": 16186}",RAPID-2514841
d998dd6e-86d5-48f9-944f-0763214f1350,108304,RENAULT,"CLIO II (BB_, CB_)",2001,2016,"1.2 16V (BB05, BB0W, BB11, BB27, BB2T, BB2U, BB2V, CB05,...",16104,Berline bicorps trois ou cinq portes,Essence,55,75,1149,2026-08-08 22:47:30,,,,,,4,,"{""vehicleId"": 16104, ""manufacturerName"": ""RENAULT"", ""modelName"": ""CLIO II (BB_, CB_)"", ""typeEngineName"": ""1.2 16V (BB05, BB0W, BB11, BB27, BB2T, BB2U, BB2V, CB05,..."", ""constructionIntervalStart"": ""2001-06-01"", ""constructionIntervalEnd"": ""2016-08-01"", ""powerKw"": ""55.0000"", ""powerPs"": ""75.0000"", ""capacityTax"": null, ""fuelType"": ""Essence"", ""bodyType"": ""Berline bicorps trois ou cinq portes"", ""numberOfCylinders"": 4, ""capacityLt"": ""1.2000"", ""capacityTech"": ""1149.0000"", ""engineCodes"": ""D4F 712"", ""engId"": 16186}",RAPID-4612566
d9bb47bd-6472-4649-9d41-ed572a9846df,108010,AUDI,80 B4 Saloon (8C2),1991,1994,1.9 TD,1392,Saloon,Diesel,,,,2026-08-06 14:24:09,,,,,,,,,RAPID-1309951
da2d812e-e8f6-4fc3-abf2-606b9ef85c33,108504,RENAULT,"CLIO II (BB_, CB_)",2001,2016,"1.2 16V (BB05, BB0W, BB11, BB27, BB2T, BB2U, BB2V, CB05,...",16104,Berline bicorps trois ou cinq portes,Essence,55,75,1149,2026-08-08 22:47:30,,,,,,4,,"{""vehicleId"": 16104, ""manufacturerName"": ""RENAULT"", ""modelName"": ""CLIO II (BB_, CB_)"", ""typeEngineName"": ""1.2 16V (BB05, BB0W, BB11, BB27, BB2T, BB2U, BB2V, CB05,..."", ""constructionIntervalStart"": ""2001-06-01"", ""constructionIntervalEnd"": ""2016-08-01"", ""powerKw"": ""55.0000"", ""powerPs"": ""75.0000"", ""capacityTax"": null, ""fuelType"": ""Essence"", ""bodyType"": ""Berline bicorps trois ou cinq portes"", ""numberOfCylinders"": 4, ""capacityLt"": ""1.2000"", ""capacityTech"": ""1149.0000"", ""engineCodes"": ""D4F 712"", ""engId"": 16186}",RAPID-9690875
dbab5620-fa04-4628-989c-43b7f99ff54f,108583,RENAULT,"CLIO II (BB_, CB_)",2001,2016,"1.2 16V (BB05, BB0W, BB11, BB27, BB2T, BB2U, BB2V, CB05,...",16104,Berline bicorps trois ou cinq portes,Essence,55,75,1149,2026-08-08 22:47:30,,,,,,4,,"{""vehicleId"": 16104, ""manufacturerName"": ""RENAULT"", ""modelName"": ""CLIO II (BB_, CB_)"", ""typeEngineName"": ""1.2 16V (BB05, BB0W, BB11, BB27, BB2T, BB2U, BB2V, CB05,..."", ""constructionIntervalStart"": ""2001-06-01"", ""constructionIntervalEnd"": ""2016-08-01"", ""powerKw"": ""55.0000"", ""powerPs"": ""75.0000"", ""capacityTax"": null, ""fuelType"": ""Essence"", ""bodyType"": ""Berline bicorps trois ou cinq portes"", ""numberOfCylinders"": 4, ""capacityLt"": ""1.2000"", ""capacityTech"": ""1149.0000"", ""engineCodes"": ""D4F 712"", ""engId"": 16186}",RAPID-896996
dbf47487-628b-49b7-a158-7633e83c085c,108774,RENAULT,"CLIO II (BB_, CB_)",2001,2016,"1.2 16V (BB05, BB0W, BB11, BB27, BB2T, BB2U, BB2V, CB05,...",16104,Berline bicorps trois ou cinq portes,Essence,55,75,1149,2026-08-08 22:47:30,,,,,,4,,"{""vehicleId"": 16104, ""manufacturerName"": ""RENAULT"", ""modelName"": ""CLIO II (BB_, CB_)"", ""typeEngineName"": ""1.2 16V (BB05, BB0W, BB11, BB27, BB2T, BB2U, BB2V, CB05,..."", ""constructionIntervalStart"": ""2001-06-01"", ""constructionIntervalEnd"": ""2016-08-01"", ""powerKw"": ""55.0000"", ""powerPs"": ""75.0000"", ""capacityTax"": null, ""fuelType"": ""Essence"", ""bodyType"": ""Berline bicorps trois ou cinq portes"", ""numberOfCylinders"": 4, ""capacityLt"": ""1.2000"", ""capacityTech"": ""1149.0000"", ""engineCodes"": ""D4F 712"", ""engId"": 16186}",RAPID-2478069
dc28ae79-5d46-47cc-9bac-08691441c6a1,108763,RENAULT,"CLIO II (BB_, CB_)",2001,2016,"1.2 16V (BB05, BB0W, BB11, BB27, BB2T, BB2U, BB2V, CB05,...",16104,Berline bicorps trois ou cinq portes,Essence,55,75,1149,2026-08-08 22:47:30,,,,,,4,,"{""vehicleId"": 16104, ""manufacturerName"": ""RENAULT"", ""modelName"": ""CLIO II (BB_, CB_)"", ""typeEngineName"": ""1.2 16V (BB05, BB0W, BB11, BB27, BB2T, BB2U, BB2V, CB05,..."", ""constructionIntervalStart"": ""2001-06-01"", ""constructionIntervalEnd"": ""2016-08-01"", ""powerKw"": ""55.0000"", ""powerPs"": ""75.0000"", ""capacityTax"": null, ""fuelType"": ""Essence"", ""bodyType"": ""Berline bicorps trois ou cinq portes"", ""numberOfCylinders"": 4, ""capacityLt"": ""1.2000"", ""capacityTech"": ""1149.0000"", ""engineCodes"": ""D4F 712"", ""engId"": 16186}",RAPID-3286519
de05485f-a9c6-41e5-94fa-67b1ea06fdd7,108053,RENAULT,"CLIO II (BB_, CB_)",2001,2016,"1.2 16V (BB05, BB0W, BB11, BB27, BB2T, BB2U, BB2V, CB05,...",16104,Berline bicorps trois ou cinq portes,Essence,55,75,1149,2026-08-08 22:47:30,,,,,,4,,"{""vehicleId"": 16104, ""manufacturerName"": ""RENAULT"", ""modelName"": ""CLIO II (BB_, CB_)"", ""typeEngineName"": ""1.2 16V (BB05, BB0W, BB11, BB27, BB2T, BB2U, BB2V, CB05,..."", ""constructionIntervalStart"": ""2001-06-01"", ""constructionIntervalEnd"": ""2016-08-01"", ""powerKw"": ""55.0000"", ""powerPs"": ""75.0000"", ""capacityTax"": null, ""fuelType"": ""Essence"", ""bodyType"": ""Berline bicorps trois ou cinq portes"", ""numberOfCylinders"": 4, ""capacityLt"": ""1.2000"", ""capacityTech"": ""1149.0000"", ""engineCodes"": ""D4F 712"", ""engId"": 16186}",RAPID-44174154
df409076-cf51-42bb-8b91-91f5c29b1b9b,108793,RENAULT,"CLIO II (BB_, CB_)",2001,2016,"1.2 16V (BB05, BB0W, BB11, BB27, BB2T, BB2U, BB2V, CB05,...",16104,Berline bicorps trois ou cinq portes,Essence,55,75,1149,2026-08-08 22:47:30,,,,,,4,,"{""vehicleId"": 16104, ""manufacturerName"": ""RENAULT"", ""modelName"": ""CLIO II (BB_, CB_)"", ""typeEngineName"": ""1.2 16V (BB05, BB0W, BB11, BB27, BB2T, BB2U, BB2V, CB05,..."", ""constructionIntervalStart"": ""2001-06-01"", ""constructionIntervalEnd"": ""2016-08-01"", ""powerKw"": ""55.0000"", ""powerPs"": ""75.0000"", ""capacityTax"": null, ""fuelType"": ""Essence"", ""bodyType"": ""Berline bicorps trois ou cinq portes"", ""numberOfCylinders"": 4, ""capacityLt"": ""1.2000"", ""capacityTech"": ""1149.0000"", ""engineCodes"": ""D4F 712"", ""engId"": 16186}",RAPID-6046684
dfc9ae36-5f95-4109-97ae-194cfb409b70,108784,RENAULT,"CLIO II (BB_, CB_)",2001,2016,"1.2 16V (BB05, BB0W, BB11, BB27, BB2T, BB2U, BB2V, CB05,...",16104,Berline bicorps trois ou cinq portes,Essence,55,75,1149,2026-08-08 22:47:30,,,,,,4,,"{""vehicleId"": 16104, ""manufacturerName"": ""RENAULT"", ""modelName"": ""CLIO II (BB_, CB_)"", ""typeEngineName"": ""1.2 16V (BB05, BB0W, BB11, BB27, BB2T, BB2U, BB2V, CB05,..."", ""constructionIntervalStart"": ""2001-06-01"", ""constructionIntervalEnd"": ""2016-08-01"", ""powerKw"": ""55.0000"", ""powerPs"": ""75.0000"", ""capacityTax"": null, ""fuelType"": ""Essence"", ""bodyType"": ""Berline bicorps trois ou cinq portes"", ""numberOfCylinders"": 4, ""capacityLt"": ""1.2000"", ""capacityTech"": ""1149.0000"", ""engineCodes"": ""D4F 712"", ""engId"": 16186}",RAPID-2477895
dfe4a09a-3333-4df0-9900-878062e5712d,108552,RENAULT,"CLIO II (BB_, CB_)",2001,2016,"1.2 16V (BB05, BB0W, BB11, BB27, BB2T, BB2U, BB2V, CB05,...",16104,Berline bicorps trois ou cinq portes,Essence,55,75,1149,2026-08-08 22:47:30,,,,,,4,,"{""vehicleId"": 16104, ""manufacturerName"": ""RENAULT"", ""modelName"": ""CLIO II (BB_, CB_)"", ""typeEngineName"": ""1.2 16V (BB05, BB0W, BB11, BB27, BB2T, BB2U, BB2V, CB05,..."", ""constructionIntervalStart"": ""2001-06-01"", ""constructionIntervalEnd"": ""2016-08-01"", ""powerKw"": ""55.0000"", ""powerPs"": ""75.0000"", ""capacityTax"": null, ""fuelType"": ""Essence"", ""bodyType"": ""Berline bicorps trois ou cinq portes"", ""numberOfCylinders"": 4, ""capacityLt"": ""1.2000"", ""capacityTech"": ""1149.0000"", ""engineCodes"": ""D4F 712"", ""engId"": 16186}",RAPID-7961447
e07559ea-4f06-4a34-8d02-c0a9eeef7e01,108831,RENAULT,"CLIO II (BB_, CB_)",2001,2016,"1.2 16V (BB05, BB0W, BB11, BB27, BB2T, BB2U, BB2V, CB05,...",16104,Berline bicorps trois ou cinq portes,Essence,55,75,1149,2026-08-08 22:47:30,,,,,,4,,"{""vehicleId"": 16104, ""manufacturerName"": ""RENAULT"", ""modelName"": ""CLIO II (BB_, CB_)"", ""typeEngineName"": ""1.2 16V (BB05, BB0W, BB11, BB27, BB2T, BB2U, BB2V, CB05,..."", ""constructionIntervalStart"": ""2001-06-01"", ""constructionIntervalEnd"": ""2016-08-01"", ""powerKw"": ""55.0000"", ""powerPs"": ""75.0000"", ""capacityTax"": null, ""fuelType"": ""Essence"", ""bodyType"": ""Berline bicorps trois ou cinq portes"", ""numberOfCylinders"": 4, ""capacityLt"": ""1.2000"", ""capacityTech"": ""1149.0000"", ""engineCodes"": ""D4F 712"", ""engId"": 16186}",RAPID-9210670
e0878d1e-79aa-4f56-971f-cf516b04a297,108558,RENAULT,"CLIO II (BB_, CB_)",2001,2016,"1.2 16V (BB05, BB0W, BB11, BB27, BB2T, BB2U, BB2V, CB05,...",16104,Berline bicorps trois ou cinq portes,Essence,55,75,1149,2026-08-08 22:47:30,,,,,,4,,"{""vehicleId"": 16104, ""manufacturerName"": ""RENAULT"", ""modelName"": ""CLIO II (BB_, CB_)"", ""typeEngineName"": ""1.2 16V (BB05, BB0W, BB11, BB27, BB2T, BB2U, BB2V, CB05,..."", ""constructionIntervalStart"": ""2001-06-01"", ""constructionIntervalEnd"": ""2016-08-01"", ""powerKw"": ""55.0000"", ""powerPs"": ""75.0000"", ""capacityTax"": null, ""fuelType"": ""Essence"", ""bodyType"": ""Berline bicorps trois ou cinq portes"", ""numberOfCylinders"": 4, ""capacityLt"": ""1.2000"", ""capacityTech"": ""1149.0000"", ""engineCodes"": ""D4F 712"", ""engId"": 16186}",RAPID-7960662
e0d973f8-ad3a-406b-b4cf-04d6eb6abf59,108357,RENAULT,"CLIO II (BB_, CB_)",2001,2016,"1.2 16V (BB05, BB0W, BB11, BB27, BB2T, BB2U, BB2V, CB05,...",16104,Berline bicorps trois ou cinq portes,Essence,55,75,1149,2026-08-08 22:47:30,,,,,,4,,"{""vehicleId"": 16104, ""manufacturerName"": ""RENAULT"", ""modelName"": ""CLIO II (BB_, CB_)"", ""typeEngineName"": ""1.2 16V (BB05, BB0W, BB11, BB27, BB2T, BB2U, BB2V, CB05,..."", ""constructionIntervalStart"": ""2001-06-01"", ""constructionIntervalEnd"": ""2016-08-01"", ""powerKw"": ""55.0000"", ""powerPs"": ""75.0000"", ""capacityTax"": null, ""fuelType"": ""Essence"", ""bodyType"": ""Berline bicorps trois ou cinq portes"", ""numberOfCylinders"": 4, ""capacityLt"": ""1.2000"", ""capacityTech"": ""1149.0000"", ""engineCodes"": ""D4F 712"", ""engId"": 16186}",RAPID-6678473
e1516df6-c143-4524-b0f0-01fc21dd0f22,108528,RENAULT,"CLIO II (BB_, CB_)",2001,2016,"1.2 16V (BB05, BB0W, BB11, BB27, BB2T, BB2U, BB2V, CB05,...",16104,Berline bicorps trois ou cinq portes,Essence,55,75,1149,2026-08-08 22:47:30,,,,,,4,,"{""vehicleId"": 16104, ""manufacturerName"": ""RENAULT"", ""modelName"": ""CLIO II (BB_, CB_)"", ""typeEngineName"": ""1.2 16V (BB05, BB0W, BB11, BB27, BB2T, BB2U, BB2V, CB05,..."", ""constructionIntervalStart"": ""2001-06-01"", ""constructionIntervalEnd"": ""2016-08-01"", ""powerKw"": ""55.0000"", ""powerPs"": ""75.0000"", ""capacityTax"": null, ""fuelType"": ""Essence"", ""bodyType"": ""Berline bicorps trois ou cinq portes"", ""numberOfCylinders"": 4, ""capacityLt"": ""1.2000"", ""capacityTech"": ""1149.0000"", ""engineCodes"": ""D4F 712"", ""engId"": 16186}",RAPID-2717403
e16182f1-c516-4bb2-bbd3-3f079a2d2048,108131,RENAULT,"CLIO II (BB_, CB_)",2001,2016,"1.2 16V (BB05, BB0W, BB11, BB27, BB2T, BB2U, BB2V, CB05,...",16104,Berline bicorps trois ou cinq portes,Essence,55,75,1149,2026-08-08 22:47:30,,,,,,4,,"{""vehicleId"": 16104, ""manufacturerName"": ""RENAULT"", ""modelName"": ""CLIO II (BB_, CB_)"", ""typeEngineName"": ""1.2 16V (BB05, BB0W, BB11, BB27, BB2T, BB2U, BB2V, CB05,..."", ""constructionIntervalStart"": ""2001-06-01"", ""constructionIntervalEnd"": ""2016-08-01"", ""powerKw"": ""55.0000"", ""powerPs"": ""75.0000"", ""capacityTax"": null, ""fuelType"": ""Essence"", ""bodyType"": ""Berline bicorps trois ou cinq portes"", ""numberOfCylinders"": 4, ""capacityLt"": ""1.2000"", ""capacityTech"": ""1149.0000"", ""engineCodes"": ""D4F 712"", ""engId"": 16186}",RAPID-6848020
e199c4a0-ab86-4d3e-b37b-4c87a00e92b5,108490,RENAULT,"CLIO II (BB_, CB_)",2001,2016,"1.2 16V (BB05, BB0W, BB11, BB27, BB2T, BB2U, BB2V, CB05,...",16104,Berline bicorps trois ou cinq portes,Essence,55,75,1149,2026-08-08 22:47:30,,,,,,4,,"{""vehicleId"": 16104, ""manufacturerName"": ""RENAULT"", ""modelName"": ""CLIO II (BB_, CB_)"", ""typeEngineName"": ""1.2 16V (BB05, BB0W, BB11, BB27, BB2T, BB2U, BB2V, CB05,..."", ""constructionIntervalStart"": ""2001-06-01"", ""constructionIntervalEnd"": ""2016-08-01"", ""powerKw"": ""55.0000"", ""powerPs"": ""75.0000"", ""capacityTax"": null, ""fuelType"": ""Essence"", ""bodyType"": ""Berline bicorps trois ou cinq portes"", ""numberOfCylinders"": 4, ""capacityLt"": ""1.2000"", ""capacityTech"": ""1149.0000"", ""engineCodes"": ""D4F 712"", ""engId"": 16186}",RAPID-28434674
e2258528-c2d4-47d3-8840-13a53f7c6bf4,108808,RENAULT,"CLIO II (BB_, CB_)",2001,2016,"1.2 16V (BB05, BB0W, BB11, BB27, BB2T, BB2U, BB2V, CB05,...",16104,Berline bicorps trois ou cinq portes,Essence,55,75,1149,2026-08-08 22:47:30,,,,,,4,,"{""vehicleId"": 16104, ""manufacturerName"": ""RENAULT"", ""modelName"": ""CLIO II (BB_, CB_)"", ""typeEngineName"": ""1.2 16V (BB05, BB0W, BB11, BB27, BB2T, BB2U, BB2V, CB05,..."", ""constructionIntervalStart"": ""2001-06-01"", ""constructionIntervalEnd"": ""2016-08-01"", ""powerKw"": ""55.0000"", ""powerPs"": ""75.0000"", ""capacityTax"": null, ""fuelType"": ""Essence"", ""bodyType"": ""Berline bicorps trois ou cinq portes"", ""numberOfCylinders"": 4, ""capacityLt"": ""1.2000"", ""capacityTech"": ""1149.0000"", ""engineCodes"": ""D4F 712"", ""engId"": 16186}",RAPID-9110003
e22690b2-920d-4778-a19c-fca292cd9dbb,108136,RENAULT,"CLIO II (BB_, CB_)",2001,2016,"1.2 16V (BB05, BB0W, BB11, BB27, BB2T, BB2U, BB2V, CB05,...",16104,Berline bicorps trois ou cinq portes,Essence,55,75,1149,2026-08-08 22:47:30,,,,,,4,,"{""vehicleId"": 16104, ""manufacturerName"": ""RENAULT"", ""modelName"": ""CLIO II (BB_, CB_)"", ""typeEngineName"": ""1.2 16V (BB05, BB0W, BB11, BB27, BB2T, BB2U, BB2V, CB05,..."", ""constructionIntervalStart"": ""2001-06-01"", ""constructionIntervalEnd"": ""2016-08-01"", ""powerKw"": ""55.0000"", ""powerPs"": ""75.0000"", ""capacityTax"": null, ""fuelType"": ""Essence"", ""bodyType"": ""Berline bicorps trois ou cinq portes"", ""numberOfCylinders"": 4, ""capacityLt"": ""1.2000"", ""capacityTech"": ""1149.0000"", ""engineCodes"": ""D4F 712"", ""engId"": 16186}",RAPID-870639
e24b11ce-2fdc-4308-bbe3-2b2111de431b,108110,RENAULT,"CLIO II (BB_, CB_)",2001,2016,"1.2 16V (BB05, BB0W, BB11, BB27, BB2T, BB2U, BB2V, CB05,...",16104,Berline bicorps trois ou cinq portes,Essence,55,75,1149,2026-08-08 22:47:30,,,,,,4,,"{""vehicleId"": 16104, ""manufacturerName"": ""RENAULT"", ""modelName"": ""CLIO II (BB_, CB_)"", ""typeEngineName"": ""1.2 16V (BB05, BB0W, BB11, BB27, BB2T, BB2U, BB2V, CB05,..."", ""constructionIntervalStart"": ""2001-06-01"", ""constructionIntervalEnd"": ""2016-08-01"", ""powerKw"": ""55.0000"", ""powerPs"": ""75.0000"", ""capacityTax"": null, ""fuelType"": ""Essence"", ""bodyType"": ""Berline bicorps trois ou cinq portes"", ""numberOfCylinders"": 4, ""capacityLt"": ""1.2000"", ""capacityTech"": ""1149.0000"", ""engineCodes"": ""D4F 712"", ""engId"": 16186}",RAPID-35425970
e2b85c6e-a4ff-4ec0-a91a-82e7d1e18b74,108161,RENAULT,"CLIO II (BB_, CB_)",2001,2016,"1.2 16V (BB05, BB0W, BB11, BB27, BB2T, BB2U, BB2V, CB05,...",16104,Berline bicorps trois ou cinq portes,Essence,55,75,1149,2026-08-08 22:47:30,,,,,,4,,"{""vehicleId"": 16104, ""manufacturerName"": ""RENAULT"", ""modelName"": ""CLIO II (BB_, CB_)"", ""typeEngineName"": ""1.2 16V (BB05, BB0W, BB11, BB27, BB2T, BB2U, BB2V, CB05,..."", ""constructionIntervalStart"": ""2001-06-01"", ""constructionIntervalEnd"": ""2016-08-01"", ""powerKw"": ""55.0000"", ""powerPs"": ""75.0000"", ""capacityTax"": null, ""fuelType"": ""Essence"", ""bodyType"": ""Berline bicorps trois ou cinq portes"", ""numberOfCylinders"": 4, ""capacityLt"": ""1.2000"", ""capacityTech"": ""1149.0000"", ""engineCodes"": ""D4F 712"", ""engId"": 16186}",RAPID-47436407
e2e50d06-18ca-4c16-bcf2-09ff25fd668f,108505,RENAULT,"CLIO II (BB_, CB_)",2001,2016,"1.2 16V (BB05, BB0W, BB11, BB27, BB2T, BB2U, BB2V, CB05,...",16104,Berline bicorps trois ou cinq portes,Essence,55,75,1149,2026-08-08 22:47:30,,,,,,4,,"{""vehicleId"": 16104, ""manufacturerName"": ""RENAULT"", ""modelName"": ""CLIO II (BB_, CB_)"", ""typeEngineName"": ""1.2 16V (BB05, BB0W, BB11, BB27, BB2T, BB2U, BB2V, CB05,..."", ""constructionIntervalStart"": ""2001-06-01"", ""constructionIntervalEnd"": ""2016-08-01"", ""powerKw"": ""55.0000"", ""powerPs"": ""75.0000"", ""capacityTax"": null, ""fuelType"": ""Essence"", ""bodyType"": ""Berline bicorps trois ou cinq portes"", ""numberOfCylinders"": 4, ""capacityLt"": ""1.2000"", ""capacityTech"": ""1149.0000"", ""engineCodes"": ""D4F 712"", ""engId"": 16186}",RAPID-9690870
e3105fdd-4ec0-4f08-a18c-45a787c26007,108020,AUDI,80 B4 Saloon (8C2),1991,1994,1.9 TD,1392,Saloon,Diesel,,,,2026-08-06 14:24:09,,,,,,,,,RAPID-82102237
e3900f81-792a-46bf-a50e-dce039186c4c,108713,RENAULT,"CLIO II (BB_, CB_)",2001,2016,"1.2 16V (BB05, BB0W, BB11, BB27, BB2T, BB2U, BB2V, CB05,...",16104,Berline bicorps trois ou cinq portes,Essence,55,75,1149,2026-08-08 22:47:30,,,,,,4,,"{""vehicleId"": 16104, ""manufacturerName"": ""RENAULT"", ""modelName"": ""CLIO II (BB_, CB_)"", ""typeEngineName"": ""1.2 16V (BB05, BB0W, BB11, BB27, BB2T, BB2U, BB2V, CB05,..."", ""constructionIntervalStart"": ""2001-06-01"", ""constructionIntervalEnd"": ""2016-08-01"", ""powerKw"": ""55.0000"", ""powerPs"": ""75.0000"", ""capacityTax"": null, ""fuelType"": ""Essence"", ""bodyType"": ""Berline bicorps trois ou cinq portes"", ""numberOfCylinders"": 4, ""capacityLt"": ""1.2000"", ""capacityTech"": ""1149.0000"", ""engineCodes"": ""D4F 712"", ""engId"": 16186}",RAPID-2301073
e39809b4-18f6-4a71-af58-39ca5f8e1143,108040,AUDI,80 B4 Saloon (8C2),1991,1994,1.9 TD,1392,Saloon,Diesel,,,,2026-08-06 14:24:09,,,,,,,,,RAPID-10419898
e39e1975-3b36-4cb9-80eb-5f7997f50522,108386,RENAULT,"CLIO II (BB_, CB_)",2001,2016,"1.2 16V (BB05, BB0W, BB11, BB27, BB2T, BB2U, BB2V, CB05,...",16104,Berline bicorps trois ou cinq portes,Essence,55,75,1149,2026-08-08 22:47:30,,,,,,4,,"{""vehicleId"": 16104, ""manufacturerName"": ""RENAULT"", ""modelName"": ""CLIO II (BB_, CB_)"", ""typeEngineName"": ""1.2 16V (BB05, BB0W, BB11, BB27, BB2T, BB2U, BB2V, CB05,..."", ""constructionIntervalStart"": ""2001-06-01"", ""constructionIntervalEnd"": ""2016-08-01"", ""powerKw"": ""55.0000"", ""powerPs"": ""75.0000"", ""capacityTax"": null, ""fuelType"": ""Essence"", ""bodyType"": ""Berline bicorps trois ou cinq portes"", ""numberOfCylinders"": 4, ""capacityLt"": ""1.2000"", ""capacityTech"": ""1149.0000"", ""engineCodes"": ""D4F 712"", ""engId"": 16186}",RAPID-2014165
e3bcbef3-fbd8-4b56-a2f2-54e7b60f16c5,108750,RENAULT,"CLIO II (BB_, CB_)",2001,2016,"1.2 16V (BB05, BB0W, BB11, BB27, BB2T, BB2U, BB2V, CB05,...",16104,Berline bicorps trois ou cinq portes,Essence,55,75,1149,2026-08-08 22:47:30,,,,,,4,,"{""vehicleId"": 16104, ""manufacturerName"": ""RENAULT"", ""modelName"": ""CLIO II (BB_, CB_)"", ""typeEngineName"": ""1.2 16V (BB05, BB0W, BB11, BB27, BB2T, BB2U, BB2V, CB05,..."", ""constructionIntervalStart"": ""2001-06-01"", ""constructionIntervalEnd"": ""2016-08-01"", ""powerKw"": ""55.0000"", ""powerPs"": ""75.0000"", ""capacityTax"": null, ""fuelType"": ""Essence"", ""bodyType"": ""Berline bicorps trois ou cinq portes"", ""numberOfCylinders"": 4, ""capacityLt"": ""1.2000"", ""capacityTech"": ""1149.0000"", ""engineCodes"": ""D4F 712"", ""engId"": 16186}",RAPID-1776619
e43ae81d-e29b-42d9-ad35-44541b4e8073,108461,RENAULT,"CLIO II (BB_, CB_)",2001,2016,"1.2 16V (BB05, BB0W, BB11, BB27, BB2T, BB2U, BB2V, CB05,...",16104,Berline bicorps trois ou cinq portes,Essence,55,75,1149,2026-08-08 22:47:30,,,,,,4,,"{""vehicleId"": 16104, ""manufacturerName"": ""RENAULT"", ""modelName"": ""CLIO II (BB_, CB_)"", ""typeEngineName"": ""1.2 16V (BB05, BB0W, BB11, BB27, BB2T, BB2U, BB2V, CB05,..."", ""constructionIntervalStart"": ""2001-06-01"", ""constructionIntervalEnd"": ""2016-08-01"", ""powerKw"": ""55.0000"", ""powerPs"": ""75.0000"", ""capacityTax"": null, ""fuelType"": ""Essence"", ""bodyType"": ""Berline bicorps trois ou cinq portes"", ""numberOfCylinders"": 4, ""capacityLt"": ""1.2000"", ""capacityTech"": ""1149.0000"", ""engineCodes"": ""D4F 712"", ""engId"": 16186}",RAPID-2378371
e4ac2b34-e78f-46bf-a25d-39b78d811959,108536,RENAULT,"CLIO II (BB_, CB_)",2001,2016,"1.2 16V (BB05, BB0W, BB11, BB27, BB2T, BB2U, BB2V, CB05,...",16104,Berline bicorps trois ou cinq portes,Essence,55,75,1149,2026-08-08 22:47:30,,,,,,4,,"{""vehicleId"": 16104, ""manufacturerName"": ""RENAULT"", ""modelName"": ""CLIO II (BB_, CB_)"", ""typeEngineName"": ""1.2 16V (BB05, BB0W, BB11, BB27, BB2T, BB2U, BB2V, CB05,..."", ""constructionIntervalStart"": ""2001-06-01"", ""constructionIntervalEnd"": ""2016-08-01"", ""powerKw"": ""55.0000"", ""powerPs"": ""75.0000"", ""capacityTax"": null, ""fuelType"": ""Essence"", ""bodyType"": ""Berline bicorps trois ou cinq portes"", ""numberOfCylinders"": 4, ""capacityLt"": ""1.2000"", ""capacityTech"": ""1149.0000"", ""engineCodes"": ""D4F 712"", ""engId"": 16186}",RAPID-2722154
e50551ed-0b83-48d4-955f-2a1217ad5273,108354,RENAULT,"CLIO II (BB_, CB_)",2001,2016,"1.2 16V (BB05, BB0W, BB11, BB27, BB2T, BB2U, BB2V, CB05,...",16104,Berline bicorps trois ou cinq portes,Essence,55,75,1149,2026-08-08 22:47:30,,,,,,4,,"{""vehicleId"": 16104, ""manufacturerName"": ""RENAULT"", ""modelName"": ""CLIO II (BB_, CB_)"", ""typeEngineName"": ""1.2 16V (BB05, BB0W, BB11, BB27, BB2T, BB2U, BB2V, CB05,..."", ""constructionIntervalStart"": ""2001-06-01"", ""constructionIntervalEnd"": ""2016-08-01"", ""powerKw"": ""55.0000"", ""powerPs"": ""75.0000"", ""capacityTax"": null, ""fuelType"": ""Essence"", ""bodyType"": ""Berline bicorps trois ou cinq portes"", ""numberOfCylinders"": 4, ""capacityLt"": ""1.2000"", ""capacityTech"": ""1149.0000"", ""engineCodes"": ""D4F 712"", ""engId"": 16186}",RAPID-6678476
e51d15b1-6937-4e3b-92a7-2acd47ea6700,108571,RENAULT,"CLIO II (BB_, CB_)",2001,2016,"1.2 16V (BB05, BB0W, BB11, BB27, BB2T, BB2U, BB2V, CB05,...",16104,Berline bicorps trois ou cinq portes,Essence,55,75,1149,2026-08-08 22:47:30,,,,,,4,,"{""vehicleId"": 16104, ""manufacturerName"": ""RENAULT"", ""modelName"": ""CLIO II (BB_, CB_)"", ""typeEngineName"": ""1.2 16V (BB05, BB0W, BB11, BB27, BB2T, BB2U, BB2V, CB05,..."", ""constructionIntervalStart"": ""2001-06-01"", ""constructionIntervalEnd"": ""2016-08-01"", ""powerKw"": ""55.0000"", ""powerPs"": ""75.0000"", ""capacityTax"": null, ""fuelType"": ""Essence"", ""bodyType"": ""Berline bicorps trois ou cinq portes"", ""numberOfCylinders"": 4, ""capacityLt"": ""1.2000"", ""capacityTech"": ""1149.0000"", ""engineCodes"": ""D4F 712"", ""engId"": 16186}",RAPID-107570
e5b67d73-96fd-4294-b21d-8e5b9105805e,108205,RENAULT,"CLIO II (BB_, CB_)",2001,2016,"1.2 16V (BB05, BB0W, BB11, BB27, BB2T, BB2U, BB2V, CB05,...",16104,Berline bicorps trois ou cinq portes,Essence,55,75,1149,2026-08-08 22:47:30,,,,,,4,,"{""vehicleId"": 16104, ""manufacturerName"": ""RENAULT"", ""modelName"": ""CLIO II (BB_, CB_)"", ""typeEngineName"": ""1.2 16V (BB05, BB0W, BB11, BB27, BB2T, BB2U, BB2V, CB05,..."", ""constructionIntervalStart"": ""2001-06-01"", ""constructionIntervalEnd"": ""2016-08-01"", ""powerKw"": ""55.0000"", ""powerPs"": ""75.0000"", ""capacityTax"": null, ""fuelType"": ""Essence"", ""bodyType"": ""Berline bicorps trois ou cinq portes"", ""numberOfCylinders"": 4, ""capacityLt"": ""1.2000"", ""capacityTech"": ""1149.0000"", ""engineCodes"": ""D4F 712"", ""engId"": 16186}",RAPID-9686317
e5ca2eff-0594-48cd-8fe8-f0382d305549,108458,RENAULT,"CLIO II (BB_, CB_)",2001,2016,"1.2 16V (BB05, BB0W, BB11, BB27, BB2T, BB2U, BB2V, CB05,...",16104,Berline bicorps trois ou cinq portes,Essence,55,75,1149,2026-08-08 22:47:30,,,,,,4,,"{""vehicleId"": 16104, ""manufacturerName"": ""RENAULT"", ""modelName"": ""CLIO II (BB_, CB_)"", ""typeEngineName"": ""1.2 16V (BB05, BB0W, BB11, BB27, BB2T, BB2U, BB2V, CB05,..."", ""constructionIntervalStart"": ""2001-06-01"", ""constructionIntervalEnd"": ""2016-08-01"", ""powerKw"": ""55.0000"", ""powerPs"": ""75.0000"", ""capacityTax"": null, ""fuelType"": ""Essence"", ""bodyType"": ""Berline bicorps trois ou cinq portes"", ""numberOfCylinders"": 4, ""capacityLt"": ""1.2000"", ""capacityTech"": ""1149.0000"", ""engineCodes"": ""D4F 712"", ""engId"": 16186}",RAPID-673061
e5dc56b1-c29c-4f00-beff-d8baf2fb4e7a,108034,AUDI,80 B4 Saloon (8C2),1991,1994,1.9 TD,1392,Saloon,Diesel,,,,2026-08-06 14:24:09,,,,,,,,,RAPID-76751619
e623f147-fe2d-49dc-9d3b-994bf11520d8,108402,RENAULT,"CLIO II (BB_, CB_)",2001,2016,"1.2 16V (BB05, BB0W, BB11, BB27, BB2T, BB2U, BB2V, CB05,...",16104,Berline bicorps trois ou cinq portes,Essence,55,75,1149,2026-08-08 22:47:30,,,,,,4,,"{""vehicleId"": 16104, ""manufacturerName"": ""RENAULT"", ""modelName"": ""CLIO II (BB_, CB_)"", ""typeEngineName"": ""1.2 16V (BB05, BB0W, BB11, BB27, BB2T, BB2U, BB2V, CB05,..."", ""constructionIntervalStart"": ""2001-06-01"", ""constructionIntervalEnd"": ""2016-08-01"", ""powerKw"": ""55.0000"", ""powerPs"": ""75.0000"", ""capacityTax"": null, ""fuelType"": ""Essence"", ""bodyType"": ""Berline bicorps trois ou cinq portes"", ""numberOfCylinders"": 4, ""capacityLt"": ""1.2000"", ""capacityTech"": ""1149.0000"", ""engineCodes"": ""D4F 712"", ""engId"": 16186}",RAPID-6029843
e66eaf25-bf33-4da0-b7e1-8dda12139d77,108597,RENAULT,"CLIO II (BB_, CB_)",2001,2016,"1.2 16V (BB05, BB0W, BB11, BB27, BB2T, BB2U, BB2V, CB05,...",16104,Berline bicorps trois ou cinq portes,Essence,55,75,1149,2026-08-08 22:47:30,,,,,,4,,"{""vehicleId"": 16104, ""manufacturerName"": ""RENAULT"", ""modelName"": ""CLIO II (BB_, CB_)"", ""typeEngineName"": ""1.2 16V (BB05, BB0W, BB11, BB27, BB2T, BB2U, BB2V, CB05,..."", ""constructionIntervalStart"": ""2001-06-01"", ""constructionIntervalEnd"": ""2016-08-01"", ""powerKw"": ""55.0000"", ""powerPs"": ""75.0000"", ""capacityTax"": null, ""fuelType"": ""Essence"", ""bodyType"": ""Berline bicorps trois ou cinq portes"", ""numberOfCylinders"": 4, ""capacityLt"": ""1.2000"", ""capacityTech"": ""1149.0000"", ""engineCodes"": ""D4F 712"", ""engId"": 16186}",RAPID-3032888
e6ac926c-645c-4a62-b2e3-a588dacc0a02,108651,RENAULT,"CLIO II (BB_, CB_)",2001,2016,"1.2 16V (BB05, BB0W, BB11, BB27, BB2T, BB2U, BB2V, CB05,...",16104,Berline bicorps trois ou cinq portes,Essence,55,75,1149,2026-08-08 22:47:30,,,,,,4,,"{""vehicleId"": 16104, ""manufacturerName"": ""RENAULT"", ""modelName"": ""CLIO II (BB_, CB_)"", ""typeEngineName"": ""1.2 16V (BB05, BB0W, BB11, BB27, BB2T, BB2U, BB2V, CB05,..."", ""constructionIntervalStart"": ""2001-06-01"", ""constructionIntervalEnd"": ""2016-08-01"", ""powerKw"": ""55.0000"", ""powerPs"": ""75.0000"", ""capacityTax"": null, ""fuelType"": ""Essence"", ""bodyType"": ""Berline bicorps trois ou cinq portes"", ""numberOfCylinders"": 4, ""capacityLt"": ""1.2000"", ""capacityTech"": ""1149.0000"", ""engineCodes"": ""D4F 712"", ""engId"": 16186}",RAPID-6467357
e6ba0bfd-45da-49cf-a356-d42b94fc3d55,108543,RENAULT,"CLIO II (BB_, CB_)",2001,2016,"1.2 16V (BB05, BB0W, BB11, BB27, BB2T, BB2U, BB2V, CB05,...",16104,Berline bicorps trois ou cinq portes,Essence,55,75,1149,2026-08-08 22:47:30,,,,,,4,,"{""vehicleId"": 16104, ""manufacturerName"": ""RENAULT"", ""modelName"": ""CLIO II (BB_, CB_)"", ""typeEngineName"": ""1.2 16V (BB05, BB0W, BB11, BB27, BB2T, BB2U, BB2V, CB05,..."", ""constructionIntervalStart"": ""2001-06-01"", ""constructionIntervalEnd"": ""2016-08-01"", ""powerKw"": ""55.0000"", ""powerPs"": ""75.0000"", ""capacityTax"": null, ""fuelType"": ""Essence"", ""bodyType"": ""Berline bicorps trois ou cinq portes"", ""numberOfCylinders"": 4, ""capacityLt"": ""1.2000"", ""capacityTech"": ""1149.0000"", ""engineCodes"": ""D4F 712"", ""engId"": 16186}",RAPID-2722167
e711cddb-af66-4aff-807c-567e57d10fb5,108042,AUDI,80 B4 Saloon (8C2),1991,1994,1.9 TD,1392,Saloon,Diesel,,,,2026-08-06 14:24:09,,,,,,,,,RAPID-5054000
e87e651f-dc25-4570-adaa-723cc786cf3d,108151,RENAULT,"CLIO II (BB_, CB_)",2001,2016,"1.2 16V (BB05, BB0W, BB11, BB27, BB2T, BB2U, BB2V, CB05,...",16104,Berline bicorps trois ou cinq portes,Essence,55,75,1149,2026-08-08 22:47:30,,,,,,4,,"{""vehicleId"": 16104, ""manufacturerName"": ""RENAULT"", ""modelName"": ""CLIO II (BB_, CB_)"", ""typeEngineName"": ""1.2 16V (BB05, BB0W, BB11, BB27, BB2T, BB2U, BB2V, CB05,..."", ""constructionIntervalStart"": ""2001-06-01"", ""constructionIntervalEnd"": ""2016-08-01"", ""powerKw"": ""55.0000"", ""powerPs"": ""75.0000"", ""capacityTax"": null, ""fuelType"": ""Essence"", ""bodyType"": ""Berline bicorps trois ou cinq portes"", ""numberOfCylinders"": 4, ""capacityLt"": ""1.2000"", ""capacityTech"": ""1149.0000"", ""engineCodes"": ""D4F 712"", ""engId"": 16186}",RAPID-2967483
e91d9e05-7c65-4339-a603-855129f9db58,108301,RENAULT,"CLIO II (BB_, CB_)",2001,2016,"1.2 16V (BB05, BB0W, BB11, BB27, BB2T, BB2U, BB2V, CB05,...",16104,Berline bicorps trois ou cinq portes,Essence,55,75,1149,2026-08-08 22:47:30,,,,,,4,,"{""vehicleId"": 16104, ""manufacturerName"": ""RENAULT"", ""modelName"": ""CLIO II (BB_, CB_)"", ""typeEngineName"": ""1.2 16V (BB05, BB0W, BB11, BB27, BB2T, BB2U, BB2V, CB05,..."", ""constructionIntervalStart"": ""2001-06-01"", ""constructionIntervalEnd"": ""2016-08-01"", ""powerKw"": ""55.0000"", ""powerPs"": ""75.0000"", ""capacityTax"": null, ""fuelType"": ""Essence"", ""bodyType"": ""Berline bicorps trois ou cinq portes"", ""numberOfCylinders"": 4, ""capacityLt"": ""1.2000"", ""capacityTech"": ""1149.0000"", ""engineCodes"": ""D4F 712"", ""engId"": 16186}",RAPID-4612551
e997d103-696c-46e7-9510-fd24e5bf2789,108121,RENAULT,"CLIO II (BB_, CB_)",2001,2016,"1.2 16V (BB05, BB0W, BB11, BB27, BB2T, BB2U, BB2V, CB05,...",16104,Berline bicorps trois ou cinq portes,Essence,55,75,1149,2026-08-08 22:47:30,,,,,,4,,"{""vehicleId"": 16104, ""manufacturerName"": ""RENAULT"", ""modelName"": ""CLIO II (BB_, CB_)"", ""typeEngineName"": ""1.2 16V (BB05, BB0W, BB11, BB27, BB2T, BB2U, BB2V, CB05,..."", ""constructionIntervalStart"": ""2001-06-01"", ""constructionIntervalEnd"": ""2016-08-01"", ""powerKw"": ""55.0000"", ""powerPs"": ""75.0000"", ""capacityTax"": null, ""fuelType"": ""Essence"", ""bodyType"": ""Berline bicorps trois ou cinq portes"", ""numberOfCylinders"": 4, ""capacityLt"": ""1.2000"", ""capacityTech"": ""1149.0000"", ""engineCodes"": ""D4F 712"", ""engId"": 16186}",RAPID-9564360
eaf367b8-c6e3-400d-8b7e-e69b29413d2b,108315,RENAULT,"CLIO II (BB_, CB_)",2001,2016,"1.2 16V (BB05, BB0W, BB11, BB27, BB2T, BB2U, BB2V, CB05,...",16104,Berline bicorps trois ou cinq portes,Essence,55,75,1149,2026-08-08 22:47:30,,,,,,4,,"{""vehicleId"": 16104, ""manufacturerName"": ""RENAULT"", ""modelName"": ""CLIO II (BB_, CB_)"", ""typeEngineName"": ""1.2 16V (BB05, BB0W, BB11, BB27, BB2T, BB2U, BB2V, CB05,..."", ""constructionIntervalStart"": ""2001-06-01"", ""constructionIntervalEnd"": ""2016-08-01"", ""powerKw"": ""55.0000"", ""powerPs"": ""75.0000"", ""capacityTax"": null, ""fuelType"": ""Essence"", ""bodyType"": ""Berline bicorps trois ou cinq portes"", ""numberOfCylinders"": 4, ""capacityLt"": ""1.2000"", ""capacityTech"": ""1149.0000"", ""engineCodes"": ""D4F 712"", ""engId"": 16186}",RAPID-6467243
eb0fe65f-78c7-4e4b-a22b-d7857b3ae2ae,108404,RENAULT,"CLIO II (BB_, CB_)",2001,2016,"1.2 16V (BB05, BB0W, BB11, BB27, BB2T, BB2U, BB2V, CB05,...",16104,Berline bicorps trois ou cinq portes,Essence,55,75,1149,2026-08-08 22:47:30,,,,,,4,,"{""vehicleId"": 16104, ""manufacturerName"": ""RENAULT"", ""modelName"": ""CLIO II (BB_, CB_)"", ""typeEngineName"": ""1.2 16V (BB05, BB0W, BB11, BB27, BB2T, BB2U, BB2V, CB05,..."", ""constructionIntervalStart"": ""2001-06-01"", ""constructionIntervalEnd"": ""2016-08-01"", ""powerKw"": ""55.0000"", ""powerPs"": ""75.0000"", ""capacityTax"": null, ""fuelType"": ""Essence"", ""bodyType"": ""Berline bicorps trois ou cinq portes"", ""numberOfCylinders"": 4, ""capacityLt"": ""1.2000"", ""capacityTech"": ""1149.0000"", ""engineCodes"": ""D4F 712"", ""engId"": 16186}",RAPID-85025885
eb7ef0d5-ef7a-4b84-ac7e-c1158de19051,108836,RENAULT,"CLIO II (BB_, CB_)",2001,2016,"1.2 16V (BB05, BB0W, BB11, BB27, BB2T, BB2U, BB2V, CB05,...",16104,Berline bicorps trois ou cinq portes,Essence,55,75,1149,2026-08-08 22:47:30,,,,,,4,,"{""vehicleId"": 16104, ""manufacturerName"": ""RENAULT"", ""modelName"": ""CLIO II (BB_, CB_)"", ""typeEngineName"": ""1.2 16V (BB05, BB0W, BB11, BB27, BB2T, BB2U, BB2V, CB05,..."", ""constructionIntervalStart"": ""2001-06-01"", ""constructionIntervalEnd"": ""2016-08-01"", ""powerKw"": ""55.0000"", ""powerPs"": ""75.0000"", ""capacityTax"": null, ""fuelType"": ""Essence"", ""bodyType"": ""Berline bicorps trois ou cinq portes"", ""numberOfCylinders"": 4, ""capacityLt"": ""1.2000"", ""capacityTech"": ""1149.0000"", ""engineCodes"": ""D4F 712"", ""engId"": 16186}",RAPID-1147343
ebe4ed27-b522-4359-adbe-9eade0dbe7ca,108813,RENAULT,"CLIO II (BB_, CB_)",2001,2016,"1.2 16V (BB05, BB0W, BB11, BB27, BB2T, BB2U, BB2V, CB05,...",16104,Berline bicorps trois ou cinq portes,Essence,55,75,1149,2026-08-08 22:47:30,,,,,,4,,"{""vehicleId"": 16104, ""manufacturerName"": ""RENAULT"", ""modelName"": ""CLIO II (BB_, CB_)"", ""typeEngineName"": ""1.2 16V (BB05, BB0W, BB11, BB27, BB2T, BB2U, BB2V, CB05,..."", ""constructionIntervalStart"": ""2001-06-01"", ""constructionIntervalEnd"": ""2016-08-01"", ""powerKw"": ""55.0000"", ""powerPs"": ""75.0000"", ""capacityTax"": null, ""fuelType"": ""Essence"", ""bodyType"": ""Berline bicorps trois ou cinq portes"", ""numberOfCylinders"": 4, ""capacityLt"": ""1.2000"", ""capacityTech"": ""1149.0000"", ""engineCodes"": ""D4F 712"", ""engId"": 16186}",RAPID-9110140
ebf966c7-7ebe-4460-a3be-d5a82a5fc0ea,108098,RENAULT,"CLIO II (BB_, CB_)",2001,2016,"1.2 16V (BB05, BB0W, BB11, BB27, BB2T, BB2U, BB2V, CB05,...",16104,Berline bicorps trois ou cinq portes,Essence,55,75,1149,2026-08-08 22:47:30,,,,,,4,,"{""vehicleId"": 16104, ""manufacturerName"": ""RENAULT"", ""modelName"": ""CLIO II (BB_, CB_)"", ""typeEngineName"": ""1.2 16V (BB05, BB0W, BB11, BB27, BB2T, BB2U, BB2V, CB05,..."", ""constructionIntervalStart"": ""2001-06-01"", ""constructionIntervalEnd"": ""2016-08-01"", ""powerKw"": ""55.0000"", ""powerPs"": ""75.0000"", ""capacityTax"": null, ""fuelType"": ""Essence"", ""bodyType"": ""Berline bicorps trois ou cinq portes"", ""numberOfCylinders"": 4, ""capacityLt"": ""1.2000"", ""capacityTech"": ""1149.0000"", ""engineCodes"": ""D4F 712"", ""engId"": 16186}",RAPID-1575147
ec1c16c4-4e41-4639-afdf-3dab6d4d9aa5,108400,RENAULT,"CLIO II (BB_, CB_)",2001,2016,"1.2 16V (BB05, BB0W, BB11, BB27, BB2T, BB2U, BB2V, CB05,...",16104,Berline bicorps trois ou cinq portes,Essence,55,75,1149,2026-08-08 22:47:30,,,,,,4,,"{""vehicleId"": 16104, ""manufacturerName"": ""RENAULT"", ""modelName"": ""CLIO II (BB_, CB_)"", ""typeEngineName"": ""1.2 16V (BB05, BB0W, BB11, BB27, BB2T, BB2U, BB2V, CB05,..."", ""constructionIntervalStart"": ""2001-06-01"", ""constructionIntervalEnd"": ""2016-08-01"", ""powerKw"": ""55.0000"", ""powerPs"": ""75.0000"", ""capacityTax"": null, ""fuelType"": ""Essence"", ""bodyType"": ""Berline bicorps trois ou cinq portes"", ""numberOfCylinders"": 4, ""capacityLt"": ""1.2000"", ""capacityTech"": ""1149.0000"", ""engineCodes"": ""D4F 712"", ""engId"": 16186}",RAPID-18936891
ec8c8719-b98b-4d5c-932f-443364133921,108636,RENAULT,"CLIO II (BB_, CB_)",2001,2016,"1.2 16V (BB05, BB0W, BB11, BB27, BB2T, BB2U, BB2V, CB05,...",16104,Berline bicorps trois ou cinq portes,Essence,55,75,1149,2026-08-08 22:47:30,,,,,,4,,"{""vehicleId"": 16104, ""manufacturerName"": ""RENAULT"", ""modelName"": ""CLIO II (BB_, CB_)"", ""typeEngineName"": ""1.2 16V (BB05, BB0W, BB11, BB27, BB2T, BB2U, BB2V, CB05,..."", ""constructionIntervalStart"": ""2001-06-01"", ""constructionIntervalEnd"": ""2016-08-01"", ""powerKw"": ""55.0000"", ""powerPs"": ""75.0000"", ""capacityTax"": null, ""fuelType"": ""Essence"", ""bodyType"": ""Berline bicorps trois ou cinq portes"", ""numberOfCylinders"": 4, ""capacityLt"": ""1.2000"", ""capacityTech"": ""1149.0000"", ""engineCodes"": ""D4F 712"", ""engId"": 16186}",RAPID-6467375
ed794aa7-5d0f-4510-b6ce-af9110c4a9fe,108765,RENAULT,"CLIO II (BB_, CB_)",2001,2016,"1.2 16V (BB05, BB0W, BB11, BB27, BB2T, BB2U, BB2V, CB05,...",16104,Berline bicorps trois ou cinq portes,Essence,55,75,1149,2026-08-08 22:47:30,,,,,,4,,"{""vehicleId"": 16104, ""manufacturerName"": ""RENAULT"", ""modelName"": ""CLIO II (BB_, CB_)"", ""typeEngineName"": ""1.2 16V (BB05, BB0W, BB11, BB27, BB2T, BB2U, BB2V, CB05,..."", ""constructionIntervalStart"": ""2001-06-01"", ""constructionIntervalEnd"": ""2016-08-01"", ""powerKw"": ""55.0000"", ""powerPs"": ""75.0000"", ""capacityTax"": null, ""fuelType"": ""Essence"", ""bodyType"": ""Berline bicorps trois ou cinq portes"", ""numberOfCylinders"": 4, ""capacityLt"": ""1.2000"", ""capacityTech"": ""1149.0000"", ""engineCodes"": ""D4F 712"", ""engId"": 16186}",RAPID-3286744
ed8105c2-1cf8-43b9-a8ee-21f44e9c904c,108338,RENAULT,"CLIO II (BB_, CB_)",2001,2016,"1.2 16V (BB05, BB0W, BB11, BB27, BB2T, BB2U, BB2V, CB05,...",16104,Berline bicorps trois ou cinq portes,Essence,55,75,1149,2026-08-08 22:47:30,,,,,,4,,"{""vehicleId"": 16104, ""manufacturerName"": ""RENAULT"", ""modelName"": ""CLIO II (BB_, CB_)"", ""typeEngineName"": ""1.2 16V (BB05, BB0W, BB11, BB27, BB2T, BB2U, BB2V, CB05,..."", ""constructionIntervalStart"": ""2001-06-01"", ""constructionIntervalEnd"": ""2016-08-01"", ""powerKw"": ""55.0000"", ""powerPs"": ""75.0000"", ""capacityTax"": null, ""fuelType"": ""Essence"", ""bodyType"": ""Berline bicorps trois ou cinq portes"", ""numberOfCylinders"": 4, ""capacityLt"": ""1.2000"", ""capacityTech"": ""1149.0000"", ""engineCodes"": ""D4F 712"", ""engId"": 16186}",RAPID-51777116
edaafc98-af71-4ef1-bc15-3ce601e946f6,108414,RENAULT,"CLIO II (BB_, CB_)",2001,2016,"1.2 16V (BB05, BB0W, BB11, BB27, BB2T, BB2U, BB2V, CB05,...",16104,Berline bicorps trois ou cinq portes,Essence,55,75,1149,2026-08-08 22:47:30,,,,,,4,,"{""vehicleId"": 16104, ""manufacturerName"": ""RENAULT"", ""modelName"": ""CLIO II (BB_, CB_)"", ""typeEngineName"": ""1.2 16V (BB05, BB0W, BB11, BB27, BB2T, BB2U, BB2V, CB05,..."", ""constructionIntervalStart"": ""2001-06-01"", ""constructionIntervalEnd"": ""2016-08-01"", ""powerKw"": ""55.0000"", ""powerPs"": ""75.0000"", ""capacityTax"": null, ""fuelType"": ""Essence"", ""bodyType"": ""Berline bicorps trois ou cinq portes"", ""numberOfCylinders"": 4, ""capacityLt"": ""1.2000"", ""capacityTech"": ""1149.0000"", ""engineCodes"": ""D4F 712"", ""engId"": 16186}",RAPID-164998
edb21d0c-00e3-4680-9fca-3f490b41ed5f,108709,RENAULT,"CLIO II (BB_, CB_)",2001,2016,"1.2 16V (BB05, BB0W, BB11, BB27, BB2T, BB2U, BB2V, CB05,...",16104,Berline bicorps trois ou cinq portes,Essence,55,75,1149,2026-08-08 22:47:30,,,,,,4,,"{""vehicleId"": 16104, ""manufacturerName"": ""RENAULT"", ""modelName"": ""CLIO II (BB_, CB_)"", ""typeEngineName"": ""1.2 16V (BB05, BB0W, BB11, BB27, BB2T, BB2U, BB2V, CB05,..."", ""constructionIntervalStart"": ""2001-06-01"", ""constructionIntervalEnd"": ""2016-08-01"", ""powerKw"": ""55.0000"", ""powerPs"": ""75.0000"", ""capacityTax"": null, ""fuelType"": ""Essence"", ""bodyType"": ""Berline bicorps trois ou cinq portes"", ""numberOfCylinders"": 4, ""capacityLt"": ""1.2000"", ""capacityTech"": ""1149.0000"", ""engineCodes"": ""D4F 712"", ""engId"": 16186}",RAPID-424742
edc3271a-e49b-4ab3-9247-713faa6ff61f,108088,RENAULT,"CLIO II (BB_, CB_)",2001,2016,"1.2 16V (BB05, BB0W, BB11, BB27, BB2T, BB2U, BB2V, CB05,...",16104,Berline bicorps trois ou cinq portes,Essence,55,75,1149,2026-08-08 22:47:30,,,,,,4,,"{""vehicleId"": 16104, ""manufacturerName"": ""RENAULT"", ""modelName"": ""CLIO II (BB_, CB_)"", ""typeEngineName"": ""1.2 16V (BB05, BB0W, BB11, BB27, BB2T, BB2U, BB2V, CB05,..."", ""constructionIntervalStart"": ""2001-06-01"", ""constructionIntervalEnd"": ""2016-08-01"", ""powerKw"": ""55.0000"", ""powerPs"": ""75.0000"", ""capacityTax"": null, ""fuelType"": ""Essence"", ""bodyType"": ""Berline bicorps trois ou cinq portes"", ""numberOfCylinders"": 4, ""capacityLt"": ""1.2000"", ""capacityTech"": ""1149.0000"", ""engineCodes"": ""D4F 712"", ""engId"": 16186}",RAPID-68694873
ede2e80e-3e02-4bff-b283-8651c0112858,108332,RENAULT,"CLIO II (BB_, CB_)",2001,2016,"1.2 16V (BB05, BB0W, BB11, BB27, BB2T, BB2U, BB2V, CB05,...",16104,Berline bicorps trois ou cinq portes,Essence,55,75,1149,2026-08-08 22:47:30,,,,,,4,,"{""vehicleId"": 16104, ""manufacturerName"": ""RENAULT"", ""modelName"": ""CLIO II (BB_, CB_)"", ""typeEngineName"": ""1.2 16V (BB05, BB0W, BB11, BB27, BB2T, BB2U, BB2V, CB05,..."", ""constructionIntervalStart"": ""2001-06-01"", ""constructionIntervalEnd"": ""2016-08-01"", ""powerKw"": ""55.0000"", ""powerPs"": ""75.0000"", ""capacityTax"": null, ""fuelType"": ""Essence"", ""bodyType"": ""Berline bicorps trois ou cinq portes"", ""numberOfCylinders"": 4, ""capacityLt"": ""1.2000"", ""capacityTech"": ""1149.0000"", ""engineCodes"": ""D4F 712"", ""engId"": 16186}",RAPID-9628158
ee45206f-bc62-4def-b1a3-a72d56d5d87a,108328,RENAULT,"CLIO II (BB_, CB_)",2001,2016,"1.2 16V (BB05, BB0W, BB11, BB27, BB2T, BB2U, BB2V, CB05,...",16104,Berline bicorps trois ou cinq portes,Essence,55,75,1149,2026-08-08 22:47:30,,,,,,4,,"{""vehicleId"": 16104, ""manufacturerName"": ""RENAULT"", ""modelName"": ""CLIO II (BB_, CB_)"", ""typeEngineName"": ""1.2 16V (BB05, BB0W, BB11, BB27, BB2T, BB2U, BB2V, CB05,..."", ""constructionIntervalStart"": ""2001-06-01"", ""constructionIntervalEnd"": ""2016-08-01"", ""powerKw"": ""55.0000"", ""powerPs"": ""75.0000"", ""capacityTax"": null, ""fuelType"": ""Essence"", ""bodyType"": ""Berline bicorps trois ou cinq portes"", ""numberOfCylinders"": 4, ""capacityLt"": ""1.2000"", ""capacityTech"": ""1149.0000"", ""engineCodes"": ""D4F 712"", ""engId"": 16186}",RAPID-2394373
ee551a75-ed10-46b5-98cb-190120614077,108469,RENAULT,"CLIO II (BB_, CB_)",2001,2016,"1.2 16V (BB05, BB0W, BB11, BB27, BB2T, BB2U, BB2V, CB05,...",16104,Berline bicorps trois ou cinq portes,Essence,55,75,1149,2026-08-08 22:47:30,,,,,,4,,"{""vehicleId"": 16104, ""manufacturerName"": ""RENAULT"", ""modelName"": ""CLIO II (BB_, CB_)"", ""typeEngineName"": ""1.2 16V (BB05, BB0W, BB11, BB27, BB2T, BB2U, BB2V, CB05,..."", ""constructionIntervalStart"": ""2001-06-01"", ""constructionIntervalEnd"": ""2016-08-01"", ""powerKw"": ""55.0000"", ""powerPs"": ""75.0000"", ""capacityTax"": null, ""fuelType"": ""Essence"", ""bodyType"": ""Berline bicorps trois ou cinq portes"", ""numberOfCylinders"": 4, ""capacityLt"": ""1.2000"", ""capacityTech"": ""1149.0000"", ""engineCodes"": ""D4F 712"", ""engId"": 16186}",RAPID-15231449
ee5c9078-be7f-4834-ae27-9352e5f6b189,108419,RENAULT,"CLIO II (BB_, CB_)",2001,2016,"1.2 16V (BB05, BB0W, BB11, BB27, BB2T, BB2U, BB2V, CB05,...",16104,Berline bicorps trois ou cinq portes,Essence,55,75,1149,2026-08-08 22:47:30,,,,,,4,,"{""vehicleId"": 16104, ""manufacturerName"": ""RENAULT"", ""modelName"": ""CLIO II (BB_, CB_)"", ""typeEngineName"": ""1.2 16V (BB05, BB0W, BB11, BB27, BB2T, BB2U, BB2V, CB05,..."", ""constructionIntervalStart"": ""2001-06-01"", ""constructionIntervalEnd"": ""2016-08-01"", ""powerKw"": ""55.0000"", ""powerPs"": ""75.0000"", ""capacityTax"": null, ""fuelType"": ""Essence"", ""bodyType"": ""Berline bicorps trois ou cinq portes"", ""numberOfCylinders"": 4, ""capacityLt"": ""1.2000"", ""capacityTech"": ""1149.0000"", ""engineCodes"": ""D4F 712"", ""engId"": 16186}",RAPID-168638
ee6fa8c3-ee13-4b30-86ff-cdcc5a4c9401,108434,RENAULT,"CLIO II (BB_, CB_)",2001,2016,"1.2 16V (BB05, BB0W, BB11, BB27, BB2T, BB2U, BB2V, CB05,...",16104,Berline bicorps trois ou cinq portes,Essence,55,75,1149,2026-08-08 22:47:30,,,,,,4,,"{""vehicleId"": 16104, ""manufacturerName"": ""RENAULT"", ""modelName"": ""CLIO II (BB_, CB_)"", ""typeEngineName"": ""1.2 16V (BB05, BB0W, BB11, BB27, BB2T, BB2U, BB2V, CB05,..."", ""constructionIntervalStart"": ""2001-06-01"", ""constructionIntervalEnd"": ""2016-08-01"", ""powerKw"": ""55.0000"", ""powerPs"": ""75.0000"", ""capacityTax"": null, ""fuelType"": ""Essence"", ""bodyType"": ""Berline bicorps trois ou cinq portes"", ""numberOfCylinders"": 4, ""capacityLt"": ""1.2000"", ""capacityTech"": ""1149.0000"", ""engineCodes"": ""D4F 712"", ""engId"": 16186}",RAPID-5414519
ee750225-b7d9-4e57-9750-aae7c37bb737,108596,RENAULT,"CLIO II (BB_, CB_)",2001,2016,"1.2 16V (BB05, BB0W, BB11, BB27, BB2T, BB2U, BB2V, CB05,...",16104,Berline bicorps trois ou cinq portes,Essence,55,75,1149,2026-08-08 22:47:30,,,,,,4,,"{""vehicleId"": 16104, ""manufacturerName"": ""RENAULT"", ""modelName"": ""CLIO II (BB_, CB_)"", ""typeEngineName"": ""1.2 16V (BB05, BB0W, BB11, BB27, BB2T, BB2U, BB2V, CB05,..."", ""constructionIntervalStart"": ""2001-06-01"", ""constructionIntervalEnd"": ""2016-08-01"", ""powerKw"": ""55.0000"", ""powerPs"": ""75.0000"", ""capacityTax"": null, ""fuelType"": ""Essence"", ""bodyType"": ""Berline bicorps trois ou cinq portes"", ""numberOfCylinders"": 4, ""capacityLt"": ""1.2000"", ""capacityTech"": ""1149.0000"", ""engineCodes"": ""D4F 712"", ""engId"": 16186}",RAPID-3032919
ef821aad-2546-417d-b0af-eee22261654d,108645,RENAULT,"CLIO II (BB_, CB_)",2001,2016,"1.2 16V (BB05, BB0W, BB11, BB27, BB2T, BB2U, BB2V, CB05,...",16104,Berline bicorps trois ou cinq portes,Essence,55,75,1149,2026-08-08 22:47:30,,,,,,4,,"{""vehicleId"": 16104, ""manufacturerName"": ""RENAULT"", ""modelName"": ""CLIO II (BB_, CB_)"", ""typeEngineName"": ""1.2 16V (BB05, BB0W, BB11, BB27, BB2T, BB2U, BB2V, CB05,..."", ""constructionIntervalStart"": ""2001-06-01"", ""constructionIntervalEnd"": ""2016-08-01"", ""powerKw"": ""55.0000"", ""powerPs"": ""75.0000"", ""capacityTax"": null, ""fuelType"": ""Essence"", ""bodyType"": ""Berline bicorps trois ou cinq portes"", ""numberOfCylinders"": 4, ""capacityLt"": ""1.2000"", ""capacityTech"": ""1149.0000"", ""engineCodes"": ""D4F 712"", ""engId"": 16186}",RAPID-6467402
ef9fffd1-51f6-4ad8-a8ba-b7e6bf7665f0,108630,RENAULT,"CLIO II (BB_, CB_)",2001,2016,"1.2 16V (BB05, BB0W, BB11, BB27, BB2T, BB2U, BB2V, CB05,...",16104,Berline bicorps trois ou cinq portes,Essence,55,75,1149,2026-08-08 22:47:30,,,,,,4,,"{""vehicleId"": 16104, ""manufacturerName"": ""RENAULT"", ""modelName"": ""CLIO II (BB_, CB_)"", ""typeEngineName"": ""1.2 16V (BB05, BB0W, BB11, BB27, BB2T, BB2U, BB2V, CB05,..."", ""constructionIntervalStart"": ""2001-06-01"", ""constructionIntervalEnd"": ""2016-08-01"", ""powerKw"": ""55.0000"", ""powerPs"": ""75.0000"", ""capacityTax"": null, ""fuelType"": ""Essence"", ""bodyType"": ""Berline bicorps trois ou cinq portes"", ""numberOfCylinders"": 4, ""capacityLt"": ""1.2000"", ""capacityTech"": ""1149.0000"", ""engineCodes"": ""D4F 712"", ""engId"": 16186}",RAPID-9217428
efd0ea9c-4367-4802-96c3-4fd8055d9e1b,108847,RENAULT,"CLIO II (BB_, CB_)",2001,2016,"1.2 16V (BB05, BB0W, BB11, BB27, BB2T, BB2U, BB2V, CB05,...",16104,Berline bicorps trois ou cinq portes,Essence,55,75,1149,2026-08-08 22:47:30,,,,,,4,,"{""vehicleId"": 16104, ""manufacturerName"": ""RENAULT"", ""modelName"": ""CLIO II (BB_, CB_)"", ""typeEngineName"": ""1.2 16V (BB05, BB0W, BB11, BB27, BB2T, BB2U, BB2V, CB05,..."", ""constructionIntervalStart"": ""2001-06-01"", ""constructionIntervalEnd"": ""2016-08-01"", ""powerKw"": ""55.0000"", ""powerPs"": ""75.0000"", ""capacityTax"": null, ""fuelType"": ""Essence"", ""bodyType"": ""Berline bicorps trois ou cinq portes"", ""numberOfCylinders"": 4, ""capacityLt"": ""1.2000"", ""capacityTech"": ""1149.0000"", ""engineCodes"": ""D4F 712"", ""engId"": 16186}",RAPID-1833429
efe7b2fb-9fab-4113-b7ee-59ff23a23a0a,108246,RENAULT,"CLIO II (BB_, CB_)",2001,2016,"1.2 16V (BB05, BB0W, BB11, BB27, BB2T, BB2U, BB2V, CB05,...",16104,Berline bicorps trois ou cinq portes,Essence,55,75,1149,2026-08-08 22:47:30,,,,,,4,,"{""vehicleId"": 16104, ""manufacturerName"": ""RENAULT"", ""modelName"": ""CLIO II (BB_, CB_)"", ""typeEngineName"": ""1.2 16V (BB05, BB0W, BB11, BB27, BB2T, BB2U, BB2V, CB05,..."", ""constructionIntervalStart"": ""2001-06-01"", ""constructionIntervalEnd"": ""2016-08-01"", ""powerKw"": ""55.0000"", ""powerPs"": ""75.0000"", ""capacityTax"": null, ""fuelType"": ""Essence"", ""bodyType"": ""Berline bicorps trois ou cinq portes"", ""numberOfCylinders"": 4, ""capacityLt"": ""1.2000"", ""capacityTech"": ""1149.0000"", ""engineCodes"": ""D4F 712"", ""engId"": 16186}",RAPID-2512267
f032ba5d-6178-4c41-b84a-211426087574,108094,RENAULT,"CLIO II (BB_, CB_)",2001,2016,"1.2 16V (BB05, BB0W, BB11, BB27, BB2T, BB2U, BB2V, CB05,...",16104,Berline bicorps trois ou cinq portes,Essence,55,75,1149,2026-08-08 22:47:30,,,,,,4,,"{""vehicleId"": 16104, ""manufacturerName"": ""RENAULT"", ""modelName"": ""CLIO II (BB_, CB_)"", ""typeEngineName"": ""1.2 16V (BB05, BB0W, BB11, BB27, BB2T, BB2U, BB2V, CB05,..."", ""constructionIntervalStart"": ""2001-06-01"", ""constructionIntervalEnd"": ""2016-08-01"", ""powerKw"": ""55.0000"", ""powerPs"": ""75.0000"", ""capacityTax"": null, ""fuelType"": ""Essence"", ""bodyType"": ""Berline bicorps trois ou cinq portes"", ""numberOfCylinders"": 4, ""capacityLt"": ""1.2000"", ""capacityTech"": ""1149.0000"", ""engineCodes"": ""D4F 712"", ""engId"": 16186}",RAPID-32644377
f0428eb2-229a-4e6c-844b-3ddbe1c92c42,108595,RENAULT,"CLIO II (BB_, CB_)",2001,2016,"1.2 16V (BB05, BB0W, BB11, BB27, BB2T, BB2U, BB2V, CB05,...",16104,Berline bicorps trois ou cinq portes,Essence,55,75,1149,2026-08-08 22:47:30,,,,,,4,,"{""vehicleId"": 16104, ""manufacturerName"": ""RENAULT"", ""modelName"": ""CLIO II (BB_, CB_)"", ""typeEngineName"": ""1.2 16V (BB05, BB0W, BB11, BB27, BB2T, BB2U, BB2V, CB05,..."", ""constructionIntervalStart"": ""2001-06-01"", ""constructionIntervalEnd"": ""2016-08-01"", ""powerKw"": ""55.0000"", ""powerPs"": ""75.0000"", ""capacityTax"": null, ""fuelType"": ""Essence"", ""bodyType"": ""Berline bicorps trois ou cinq portes"", ""numberOfCylinders"": 4, ""capacityLt"": ""1.2000"", ""capacityTech"": ""1149.0000"", ""engineCodes"": ""D4F 712"", ""engId"": 16186}",RAPID-3032921
f0aba199-48b9-4e74-b467-103cf6f486bc,108021,AUDI,80 B4 Saloon (8C2),1991,1994,1.9 TD,1392,Saloon,Diesel,,,,2026-08-06 14:24:09,,,,,,,,,RAPID-73828702
f10919ee-7a51-4306-ac0d-89a3382b4cb4,108313,RENAULT,"CLIO II (BB_, CB_)",2001,2016,"1.2 16V (BB05, BB0W, BB11, BB27, BB2T, BB2U, BB2V, CB05,...",16104,Berline bicorps trois ou cinq portes,Essence,55,75,1149,2026-08-08 22:47:30,,,,,,4,,"{""vehicleId"": 16104, ""manufacturerName"": ""RENAULT"", ""modelName"": ""CLIO II (BB_, CB_)"", ""typeEngineName"": ""1.2 16V (BB05, BB0W, BB11, BB27, BB2T, BB2U, BB2V, CB05,..."", ""constructionIntervalStart"": ""2001-06-01"", ""constructionIntervalEnd"": ""2016-08-01"", ""powerKw"": ""55.0000"", ""powerPs"": ""75.0000"", ""capacityTax"": null, ""fuelType"": ""Essence"", ""bodyType"": ""Berline bicorps trois ou cinq portes"", ""numberOfCylinders"": 4, ""capacityLt"": ""1.2000"", ""capacityTech"": ""1149.0000"", ""engineCodes"": ""D4F 712"", ""engId"": 16186}",RAPID-6388627
f1225dcd-b2e1-4342-b69e-5de415eea866,108576,RENAULT,"CLIO II (BB_, CB_)",2001,2016,"1.2 16V (BB05, BB0W, BB11, BB27, BB2T, BB2U, BB2V, CB05,...",16104,Berline bicorps trois ou cinq portes,Essence,55,75,1149,2026-08-08 22:47:30,,,,,,4,,"{""vehicleId"": 16104, ""manufacturerName"": ""RENAULT"", ""modelName"": ""CLIO II (BB_, CB_)"", ""typeEngineName"": ""1.2 16V (BB05, BB0W, BB11, BB27, BB2T, BB2U, BB2V, CB05,..."", ""constructionIntervalStart"": ""2001-06-01"", ""constructionIntervalEnd"": ""2016-08-01"", ""powerKw"": ""55.0000"", ""powerPs"": ""75.0000"", ""capacityTax"": null, ""fuelType"": ""Essence"", ""bodyType"": ""Berline bicorps trois ou cinq portes"", ""numberOfCylinders"": 4, ""capacityLt"": ""1.2000"", ""capacityTech"": ""1149.0000"", ""engineCodes"": ""D4F 712"", ""engId"": 16186}",RAPID-107693
f1670b69-711c-4e14-ac15-c5d871c778d9,108487,RENAULT,"CLIO II (BB_, CB_)",2001,2016,"1.2 16V (BB05, BB0W, BB11, BB27, BB2T, BB2U, BB2V, CB05,...",16104,Berline bicorps trois ou cinq portes,Essence,55,75,1149,2026-08-08 22:47:30,,,,,,4,,"{""vehicleId"": 16104, ""manufacturerName"": ""RENAULT"", ""modelName"": ""CLIO II (BB_, CB_)"", ""typeEngineName"": ""1.2 16V (BB05, BB0W, BB11, BB27, BB2T, BB2U, BB2V, CB05,..."", ""constructionIntervalStart"": ""2001-06-01"", ""constructionIntervalEnd"": ""2016-08-01"", ""powerKw"": ""55.0000"", ""powerPs"": ""75.0000"", ""capacityTax"": null, ""fuelType"": ""Essence"", ""bodyType"": ""Berline bicorps trois ou cinq portes"", ""numberOfCylinders"": 4, ""capacityLt"": ""1.2000"", ""capacityTech"": ""1149.0000"", ""engineCodes"": ""D4F 712"", ""engId"": 16186}",RAPID-55429195
f1983c10-7377-444f-af54-969342051d58,108751,RENAULT,"CLIO II (BB_, CB_)",2001,2016,"1.2 16V (BB05, BB0W, BB11, BB27, BB2T, BB2U, BB2V, CB05,...",16104,Berline bicorps trois ou cinq portes,Essence,55,75,1149,2026-08-08 22:47:30,,,,,,4,,"{""vehicleId"": 16104, ""manufacturerName"": ""RENAULT"", ""modelName"": ""CLIO II (BB_, CB_)"", ""typeEngineName"": ""1.2 16V (BB05, BB0W, BB11, BB27, BB2T, BB2U, BB2V, CB05,..."", ""constructionIntervalStart"": ""2001-06-01"", ""constructionIntervalEnd"": ""2016-08-01"", ""powerKw"": ""55.0000"", ""powerPs"": ""75.0000"", ""capacityTax"": null, ""fuelType"": ""Essence"", ""bodyType"": ""Berline bicorps trois ou cinq portes"", ""numberOfCylinders"": 4, ""capacityLt"": ""1.2000"", ""capacityTech"": ""1149.0000"", ""engineCodes"": ""D4F 712"", ""engId"": 16186}",RAPID-1776620
f19ef7c7-015b-4968-9cd2-eb17a3900f01,108569,RENAULT,"CLIO II (BB_, CB_)",2001,2016,"1.2 16V (BB05, BB0W, BB11, BB27, BB2T, BB2U, BB2V, CB05,...",16104,Berline bicorps trois ou cinq portes,Essence,55,75,1149,2026-08-08 22:47:30,,,,,,4,,"{""vehicleId"": 16104, ""manufacturerName"": ""RENAULT"", ""modelName"": ""CLIO II (BB_, CB_)"", ""typeEngineName"": ""1.2 16V (BB05, BB0W, BB11, BB27, BB2T, BB2U, BB2V, CB05,..."", ""constructionIntervalStart"": ""2001-06-01"", ""constructionIntervalEnd"": ""2016-08-01"", ""powerKw"": ""55.0000"", ""powerPs"": ""75.0000"", ""capacityTax"": null, ""fuelType"": ""Essence"", ""bodyType"": ""Berline bicorps trois ou cinq portes"", ""numberOfCylinders"": 4, ""capacityLt"": ""1.2000"", ""capacityTech"": ""1149.0000"", ""engineCodes"": ""D4F 712"", ""engId"": 16186}",RAPID-107690
f1c5bc21-ae22-4abe-989a-bb9819c92424,108220,RENAULT,"CLIO II (BB_, CB_)",2001,2016,"1.2 16V (BB05, BB0W, BB11, BB27, BB2T, BB2U, BB2V, CB05,...",16104,Berline bicorps trois ou cinq portes,Essence,55,75,1149,2026-08-08 22:47:30,,,,,,4,,"{""vehicleId"": 16104, ""manufacturerName"": ""RENAULT"", ""modelName"": ""CLIO II (BB_, CB_)"", ""typeEngineName"": ""1.2 16V (BB05, BB0W, BB11, BB27, BB2T, BB2U, BB2V, CB05,..."", ""constructionIntervalStart"": ""2001-06-01"", ""constructionIntervalEnd"": ""2016-08-01"", ""powerKw"": ""55.0000"", ""powerPs"": ""75.0000"", ""capacityTax"": null, ""fuelType"": ""Essence"", ""bodyType"": ""Berline bicorps trois ou cinq portes"", ""numberOfCylinders"": 4, ""capacityLt"": ""1.2000"", ""capacityTech"": ""1149.0000"", ""engineCodes"": ""D4F 712"", ""engId"": 16186}",RAPID-55693719
f233b4d0-711e-42be-8a59-fc85326a3047,108052,RENAULT,"CLIO II (BB_, CB_)",2001,2016,"1.2 16V (BB05, BB0W, BB11, BB27, BB2T, BB2U, BB2V, CB05,...",16104,Berline bicorps trois ou cinq portes,Essence,55,75,1149,2026-08-08 22:47:30,,,,,,4,,"{""vehicleId"": 16104, ""manufacturerName"": ""RENAULT"", ""modelName"": ""CLIO II (BB_, CB_)"", ""typeEngineName"": ""1.2 16V (BB05, BB0W, BB11, BB27, BB2T, BB2U, BB2V, CB05,..."", ""constructionIntervalStart"": ""2001-06-01"", ""constructionIntervalEnd"": ""2016-08-01"", ""powerKw"": ""55.0000"", ""powerPs"": ""75.0000"", ""capacityTax"": null, ""fuelType"": ""Essence"", ""bodyType"": ""Berline bicorps trois ou cinq portes"", ""numberOfCylinders"": 4, ""capacityLt"": ""1.2000"", ""capacityTech"": ""1149.0000"", ""engineCodes"": ""D4F 712"", ""engId"": 16186}",RAPID-16155990
f39c9c8f-f0fa-4c63-bce4-34520bf962eb,108342,RENAULT,"CLIO II (BB_, CB_)",2001,2016,"1.2 16V (BB05, BB0W, BB11, BB27, BB2T, BB2U, BB2V, CB05,...",16104,Berline bicorps trois ou cinq portes,Essence,55,75,1149,2026-08-08 22:47:30,,,,,,4,,"{""vehicleId"": 16104, ""manufacturerName"": ""RENAULT"", ""modelName"": ""CLIO II (BB_, CB_)"", ""typeEngineName"": ""1.2 16V (BB05, BB0W, BB11, BB27, BB2T, BB2U, BB2V, CB05,..."", ""constructionIntervalStart"": ""2001-06-01"", ""constructionIntervalEnd"": ""2016-08-01"", ""powerKw"": ""55.0000"", ""powerPs"": ""75.0000"", ""capacityTax"": null, ""fuelType"": ""Essence"", ""bodyType"": ""Berline bicorps trois ou cinq portes"", ""numberOfCylinders"": 4, ""capacityLt"": ""1.2000"", ""capacityTech"": ""1149.0000"", ""engineCodes"": ""D4F 712"", ""engId"": 16186}",RAPID-6617676
f3ebfa78-7c9b-4695-a468-1eed08fe8d1d,108109,RENAULT,"CLIO II (BB_, CB_)",2001,2016,"1.2 16V (BB05, BB0W, BB11, BB27, BB2T, BB2U, BB2V, CB05,...",16104,Berline bicorps trois ou cinq portes,Essence,55,75,1149,2026-08-08 22:47:30,,,,,,4,,"{""vehicleId"": 16104, ""manufacturerName"": ""RENAULT"", ""modelName"": ""CLIO II (BB_, CB_)"", ""typeEngineName"": ""1.2 16V (BB05, BB0W, BB11, BB27, BB2T, BB2U, BB2V, CB05,..."", ""constructionIntervalStart"": ""2001-06-01"", ""constructionIntervalEnd"": ""2016-08-01"", ""powerKw"": ""55.0000"", ""powerPs"": ""75.0000"", ""capacityTax"": null, ""fuelType"": ""Essence"", ""bodyType"": ""Berline bicorps trois ou cinq portes"", ""numberOfCylinders"": 4, ""capacityLt"": ""1.2000"", ""capacityTech"": ""1149.0000"", ""engineCodes"": ""D4F 712"", ""engId"": 16186}",RAPID-46097464
f423d46b-071a-4874-ab60-83f8273dcda1,108009,AUDI,80 B4 Saloon (8C2),1991,1994,1.9 TD,1392,Saloon,Diesel,,,,2026-08-06 14:24:09,,,,,,,,,RAPID-6489812
f432da82-e25a-4ddc-be59-6a64ae5e2d53,108686,RENAULT,"CLIO II (BB_, CB_)",2001,2016,"1.2 16V (BB05, BB0W, BB11, BB27, BB2T, BB2U, BB2V, CB05,...",16104,Berline bicorps trois ou cinq portes,Essence,55,75,1149,2026-08-08 22:47:30,,,,,,4,,"{""vehicleId"": 16104, ""manufacturerName"": ""RENAULT"", ""modelName"": ""CLIO II (BB_, CB_)"", ""typeEngineName"": ""1.2 16V (BB05, BB0W, BB11, BB27, BB2T, BB2U, BB2V, CB05,..."", ""constructionIntervalStart"": ""2001-06-01"", ""constructionIntervalEnd"": ""2016-08-01"", ""powerKw"": ""55.0000"", ""powerPs"": ""75.0000"", ""capacityTax"": null, ""fuelType"": ""Essence"", ""bodyType"": ""Berline bicorps trois ou cinq portes"", ""numberOfCylinders"": 4, ""capacityLt"": ""1.2000"", ""capacityTech"": ""1149.0000"", ""engineCodes"": ""D4F 712"", ""engId"": 16186}",RAPID-9495951
f45fa9d6-ecce-4d4c-9e90-ec7f68352639,108614,RENAULT,"CLIO II (BB_, CB_)",2001,2016,"1.2 16V (BB05, BB0W, BB11, BB27, BB2T, BB2U, BB2V, CB05,...",16104,Berline bicorps trois ou cinq portes,Essence,55,75,1149,2026-08-08 22:47:30,,,,,,4,,"{""vehicleId"": 16104, ""manufacturerName"": ""RENAULT"", ""modelName"": ""CLIO II (BB_, CB_)"", ""typeEngineName"": ""1.2 16V (BB05, BB0W, BB11, BB27, BB2T, BB2U, BB2V, CB05,..."", ""constructionIntervalStart"": ""2001-06-01"", ""constructionIntervalEnd"": ""2016-08-01"", ""powerKw"": ""55.0000"", ""powerPs"": ""75.0000"", ""capacityTax"": null, ""fuelType"": ""Essence"", ""bodyType"": ""Berline bicorps trois ou cinq portes"", ""numberOfCylinders"": 4, ""capacityLt"": ""1.2000"", ""capacityTech"": ""1149.0000"", ""engineCodes"": ""D4F 712"", ""engId"": 16186}",RAPID-2019255
f4a2cba9-71d3-4854-b391-473e01aaccb9,108826,RENAULT,"CLIO II (BB_, CB_)",2001,2016,"1.2 16V (BB05, BB0W, BB11, BB27, BB2T, BB2U, BB2V, CB05,...",16104,Berline bicorps trois ou cinq portes,Essence,55,75,1149,2026-08-08 22:47:30,,,,,,4,,"{""vehicleId"": 16104, ""manufacturerName"": ""RENAULT"", ""modelName"": ""CLIO II (BB_, CB_)"", ""typeEngineName"": ""1.2 16V (BB05, BB0W, BB11, BB27, BB2T, BB2U, BB2V, CB05,..."", ""constructionIntervalStart"": ""2001-06-01"", ""constructionIntervalEnd"": ""2016-08-01"", ""powerKw"": ""55.0000"", ""powerPs"": ""75.0000"", ""capacityTax"": null, ""fuelType"": ""Essence"", ""bodyType"": ""Berline bicorps trois ou cinq portes"", ""numberOfCylinders"": 4, ""capacityLt"": ""1.2000"", ""capacityTech"": ""1149.0000"", ""engineCodes"": ""D4F 712"", ""engId"": 16186}",RAPID-9210663
f5472332-6a02-454b-a37b-ff9697c61d70,108112,RENAULT,"CLIO II (BB_, CB_)",2001,2016,"1.2 16V (BB05, BB0W, BB11, BB27, BB2T, BB2U, BB2V, CB05,...",16104,Berline bicorps trois ou cinq portes,Essence,55,75,1149,2026-08-08 22:47:30,,,,,,4,,"{""vehicleId"": 16104, ""manufacturerName"": ""RENAULT"", ""modelName"": ""CLIO II (BB_, CB_)"", ""typeEngineName"": ""1.2 16V (BB05, BB0W, BB11, BB27, BB2T, BB2U, BB2V, CB05,..."", ""constructionIntervalStart"": ""2001-06-01"", ""constructionIntervalEnd"": ""2016-08-01"", ""powerKw"": ""55.0000"", ""powerPs"": ""75.0000"", ""capacityTax"": null, ""fuelType"": ""Essence"", ""bodyType"": ""Berline bicorps trois ou cinq portes"", ""numberOfCylinders"": 4, ""capacityLt"": ""1.2000"", ""capacityTech"": ""1149.0000"", ""engineCodes"": ""D4F 712"", ""engId"": 16186}",RAPID-91361032
f583522a-7e66-4d2c-87e5-9bcc6f36d2de,108452,RENAULT,"CLIO II (BB_, CB_)",2001,2016,"1.2 16V (BB05, BB0W, BB11, BB27, BB2T, BB2U, BB2V, CB05,...",16104,Berline bicorps trois ou cinq portes,Essence,55,75,1149,2026-08-08 22:47:30,,,,,,4,,"{""vehicleId"": 16104, ""manufacturerName"": ""RENAULT"", ""modelName"": ""CLIO II (BB_, CB_)"", ""typeEngineName"": ""1.2 16V (BB05, BB0W, BB11, BB27, BB2T, BB2U, BB2V, CB05,..."", ""constructionIntervalStart"": ""2001-06-01"", ""constructionIntervalEnd"": ""2016-08-01"", ""powerKw"": ""55.0000"", ""powerPs"": ""75.0000"", ""capacityTax"": null, ""fuelType"": ""Essence"", ""bodyType"": ""Berline bicorps trois ou cinq portes"", ""numberOfCylinders"": 4, ""capacityLt"": ""1.2000"", ""capacityTech"": ""1149.0000"", ""engineCodes"": ""D4F 712"", ""engId"": 16186}",RAPID-25705792
f5f8105d-e1c0-44b7-a45b-c341ad4d3832,108448,RENAULT,"CLIO II (BB_, CB_)",2001,2016,"1.2 16V (BB05, BB0W, BB11, BB27, BB2T, BB2U, BB2V, CB05,...",16104,Berline bicorps trois ou cinq portes,Essence,55,75,1149,2026-08-08 22:47:30,,,,,,4,,"{""vehicleId"": 16104, ""manufacturerName"": ""RENAULT"", ""modelName"": ""CLIO II (BB_, CB_)"", ""typeEngineName"": ""1.2 16V (BB05, BB0W, BB11, BB27, BB2T, BB2U, BB2V, CB05,..."", ""constructionIntervalStart"": ""2001-06-01"", ""constructionIntervalEnd"": ""2016-08-01"", ""powerKw"": ""55.0000"", ""powerPs"": ""75.0000"", ""capacityTax"": null, ""fuelType"": ""Essence"", ""bodyType"": ""Berline bicorps trois ou cinq portes"", ""numberOfCylinders"": 4, ""capacityLt"": ""1.2000"", ""capacityTech"": ""1149.0000"", ""engineCodes"": ""D4F 712"", ""engId"": 16186}",RAPID-5414441
f621a1b2-7b1f-4b23-8822-844d3ede2227,108711,RENAULT,"CLIO II (BB_, CB_)",2001,2016,"1.2 16V (BB05, BB0W, BB11, BB27, BB2T, BB2U, BB2V, CB05,...",16104,Berline bicorps trois ou cinq portes,Essence,55,75,1149,2026-08-08 22:47:30,,,,,,4,,"{""vehicleId"": 16104, ""manufacturerName"": ""RENAULT"", ""modelName"": ""CLIO II (BB_, CB_)"", ""typeEngineName"": ""1.2 16V (BB05, BB0W, BB11, BB27, BB2T, BB2U, BB2V, CB05,..."", ""constructionIntervalStart"": ""2001-06-01"", ""constructionIntervalEnd"": ""2016-08-01"", ""powerKw"": ""55.0000"", ""powerPs"": ""75.0000"", ""capacityTax"": null, ""fuelType"": ""Essence"", ""bodyType"": ""Berline bicorps trois ou cinq portes"", ""numberOfCylinders"": 4, ""capacityLt"": ""1.2000"", ""capacityTech"": ""1149.0000"", ""engineCodes"": ""D4F 712"", ""engId"": 16186}",RAPID-2781571
f6a3b4bc-1062-44af-88bf-60c8ed30a292,108405,RENAULT,"CLIO II (BB_, CB_)",2001,2016,"1.2 16V (BB05, BB0W, BB11, BB27, BB2T, BB2U, BB2V, CB05,...",16104,Berline bicorps trois ou cinq portes,Essence,55,75,1149,2026-08-08 22:47:30,,,,,,4,,"{""vehicleId"": 16104, ""manufacturerName"": ""RENAULT"", ""modelName"": ""CLIO II (BB_, CB_)"", ""typeEngineName"": ""1.2 16V (BB05, BB0W, BB11, BB27, BB2T, BB2U, BB2V, CB05,..."", ""constructionIntervalStart"": ""2001-06-01"", ""constructionIntervalEnd"": ""2016-08-01"", ""powerKw"": ""55.0000"", ""powerPs"": ""75.0000"", ""capacityTax"": null, ""fuelType"": ""Essence"", ""bodyType"": ""Berline bicorps trois ou cinq portes"", ""numberOfCylinders"": 4, ""capacityLt"": ""1.2000"", ""capacityTech"": ""1149.0000"", ""engineCodes"": ""D4F 712"", ""engId"": 16186}",RAPID-80561556
f7311fed-e6e5-4606-b6aa-e6b603ab2070,108238,RENAULT,"CLIO II (BB_, CB_)",2001,2016,"1.2 16V (BB05, BB0W, BB11, BB27, BB2T, BB2U, BB2V, CB05,...",16104,Berline bicorps trois ou cinq portes,Essence,55,75,1149,2026-08-08 22:47:30,,,,,,4,,"{""vehicleId"": 16104, ""manufacturerName"": ""RENAULT"", ""modelName"": ""CLIO II (BB_, CB_)"", ""typeEngineName"": ""1.2 16V (BB05, BB0W, BB11, BB27, BB2T, BB2U, BB2V, CB05,..."", ""constructionIntervalStart"": ""2001-06-01"", ""constructionIntervalEnd"": ""2016-08-01"", ""powerKw"": ""55.0000"", ""powerPs"": ""75.0000"", ""capacityTax"": null, ""fuelType"": ""Essence"", ""bodyType"": ""Berline bicorps trois ou cinq portes"", ""numberOfCylinders"": 4, ""capacityLt"": ""1.2000"", ""capacityTech"": ""1149.0000"", ""engineCodes"": ""D4F 712"", ""engId"": 16186}",RAPID-6142073
f7326438-f24e-4def-98a1-2296f9df45df,108176,RENAULT,"CLIO II (BB_, CB_)",2001,2016,"1.2 16V (BB05, BB0W, BB11, BB27, BB2T, BB2U, BB2V, CB05,...",16104,Berline bicorps trois ou cinq portes,Essence,55,75,1149,2026-08-08 22:47:30,,,,,,4,,"{""vehicleId"": 16104, ""manufacturerName"": ""RENAULT"", ""modelName"": ""CLIO II (BB_, CB_)"", ""typeEngineName"": ""1.2 16V (BB05, BB0W, BB11, BB27, BB2T, BB2U, BB2V, CB05,..."", ""constructionIntervalStart"": ""2001-06-01"", ""constructionIntervalEnd"": ""2016-08-01"", ""powerKw"": ""55.0000"", ""powerPs"": ""75.0000"", ""capacityTax"": null, ""fuelType"": ""Essence"", ""bodyType"": ""Berline bicorps trois ou cinq portes"", ""numberOfCylinders"": 4, ""capacityLt"": ""1.2000"", ""capacityTech"": ""1149.0000"", ""engineCodes"": ""D4F 712"", ""engId"": 16186}",RAPID-8956992
f733ee02-fd35-4069-9b70-b21d418da082,108308,RENAULT,"CLIO II (BB_, CB_)",2001,2016,"1.2 16V (BB05, BB0W, BB11, BB27, BB2T, BB2U, BB2V, CB05,...",16104,Berline bicorps trois ou cinq portes,Essence,55,75,1149,2026-08-08 22:47:30,,,,,,4,,"{""vehicleId"": 16104, ""manufacturerName"": ""RENAULT"", ""modelName"": ""CLIO II (BB_, CB_)"", ""typeEngineName"": ""1.2 16V (BB05, BB0W, BB11, BB27, BB2T, BB2U, BB2V, CB05,..."", ""constructionIntervalStart"": ""2001-06-01"", ""constructionIntervalEnd"": ""2016-08-01"", ""powerKw"": ""55.0000"", ""powerPs"": ""75.0000"", ""capacityTax"": null, ""fuelType"": ""Essence"", ""bodyType"": ""Berline bicorps trois ou cinq portes"", ""numberOfCylinders"": 4, ""capacityLt"": ""1.2000"", ""capacityTech"": ""1149.0000"", ""engineCodes"": ""D4F 712"", ""engId"": 16186}",RAPID-4529997
f74debc8-8f8e-4e05-ab5f-7b1ed1c55f5b,108722,RENAULT,"CLIO II (BB_, CB_)",2001,2016,"1.2 16V (BB05, BB0W, BB11, BB27, BB2T, BB2U, BB2V, CB05,...",16104,Berline bicorps trois ou cinq portes,Essence,55,75,1149,2026-08-08 22:47:30,,,,,,4,,"{""vehicleId"": 16104, ""manufacturerName"": ""RENAULT"", ""modelName"": ""CLIO II (BB_, CB_)"", ""typeEngineName"": ""1.2 16V (BB05, BB0W, BB11, BB27, BB2T, BB2U, BB2V, CB05,..."", ""constructionIntervalStart"": ""2001-06-01"", ""constructionIntervalEnd"": ""2016-08-01"", ""powerKw"": ""55.0000"", ""powerPs"": ""75.0000"", ""capacityTax"": null, ""fuelType"": ""Essence"", ""bodyType"": ""Berline bicorps trois ou cinq portes"", ""numberOfCylinders"": 4, ""capacityLt"": ""1.2000"", ""capacityTech"": ""1149.0000"", ""engineCodes"": ""D4F 712"", ""engId"": 16186}",RAPID-10367149
f7737053-5094-426c-9da2-9201acdee2bb,108514,RENAULT,"CLIO II (BB_, CB_)",2001,2016,"1.2 16V (BB05, BB0W, BB11, BB27, BB2T, BB2U, BB2V, CB05,...",16104,Berline bicorps trois ou cinq portes,Essence,55,75,1149,2026-08-08 22:47:30,,,,,,4,,"{""vehicleId"": 16104, ""manufacturerName"": ""RENAULT"", ""modelName"": ""CLIO II (BB_, CB_)"", ""typeEngineName"": ""1.2 16V (BB05, BB0W, BB11, BB27, BB2T, BB2U, BB2V, CB05,..."", ""constructionIntervalStart"": ""2001-06-01"", ""constructionIntervalEnd"": ""2016-08-01"", ""powerKw"": ""55.0000"", ""powerPs"": ""75.0000"", ""capacityTax"": null, ""fuelType"": ""Essence"", ""bodyType"": ""Berline bicorps trois ou cinq portes"", ""numberOfCylinders"": 4, ""capacityLt"": ""1.2000"", ""capacityTech"": ""1149.0000"", ""engineCodes"": ""D4F 712"", ""engId"": 16186}",RAPID-7817463
f810b400-c56c-43ff-a597-9cc37c8e3167,108445,RENAULT,"CLIO II (BB_, CB_)",2001,2016,"1.2 16V (BB05, BB0W, BB11, BB27, BB2T, BB2U, BB2V, CB05,...",16104,Berline bicorps trois ou cinq portes,Essence,55,75,1149,2026-08-08 22:47:30,,,,,,4,,"{""vehicleId"": 16104, ""manufacturerName"": ""RENAULT"", ""modelName"": ""CLIO II (BB_, CB_)"", ""typeEngineName"": ""1.2 16V (BB05, BB0W, BB11, BB27, BB2T, BB2U, BB2V, CB05,..."", ""constructionIntervalStart"": ""2001-06-01"", ""constructionIntervalEnd"": ""2016-08-01"", ""powerKw"": ""55.0000"", ""powerPs"": ""75.0000"", ""capacityTax"": null, ""fuelType"": ""Essence"", ""bodyType"": ""Berline bicorps trois ou cinq portes"", ""numberOfCylinders"": 4, ""capacityLt"": ""1.2000"", ""capacityTech"": ""1149.0000"", ""engineCodes"": ""D4F 712"", ""engId"": 16186}",RAPID-16753044
f8e2dac4-f24c-4a54-b084-6ea0587ba959,108144,RENAULT,"CLIO II (BB_, CB_)",2001,2016,"1.2 16V (BB05, BB0W, BB11, BB27, BB2T, BB2U, BB2V, CB05,...",16104,Berline bicorps trois ou cinq portes,Essence,55,75,1149,2026-08-08 22:47:30,,,,,,4,,"{""vehicleId"": 16104, ""manufacturerName"": ""RENAULT"", ""modelName"": ""CLIO II (BB_, CB_)"", ""typeEngineName"": ""1.2 16V (BB05, BB0W, BB11, BB27, BB2T, BB2U, BB2V, CB05,..."", ""constructionIntervalStart"": ""2001-06-01"", ""constructionIntervalEnd"": ""2016-08-01"", ""powerKw"": ""55.0000"", ""powerPs"": ""75.0000"", ""capacityTax"": null, ""fuelType"": ""Essence"", ""bodyType"": ""Berline bicorps trois ou cinq portes"", ""numberOfCylinders"": 4, ""capacityLt"": ""1.2000"", ""capacityTech"": ""1149.0000"", ""engineCodes"": ""D4F 712"", ""engId"": 16186}",RAPID-4834585
f9372903-c40f-4f3a-852c-0f04d3ed8ac3,108600,RENAULT,"CLIO II (BB_, CB_)",2001,2016,"1.2 16V (BB05, BB0W, BB11, BB27, BB2T, BB2U, BB2V, CB05,...",16104,Berline bicorps trois ou cinq portes,Essence,55,75,1149,2026-08-08 22:47:30,,,,,,4,,"{""vehicleId"": 16104, ""manufacturerName"": ""RENAULT"", ""modelName"": ""CLIO II (BB_, CB_)"", ""typeEngineName"": ""1.2 16V (BB05, BB0W, BB11, BB27, BB2T, BB2U, BB2V, CB05,..."", ""constructionIntervalStart"": ""2001-06-01"", ""constructionIntervalEnd"": ""2016-08-01"", ""powerKw"": ""55.0000"", ""powerPs"": ""75.0000"", ""capacityTax"": null, ""fuelType"": ""Essence"", ""bodyType"": ""Berline bicorps trois ou cinq portes"", ""numberOfCylinders"": 4, ""capacityLt"": ""1.2000"", ""capacityTech"": ""1149.0000"", ""engineCodes"": ""D4F 712"", ""engId"": 16186}",RAPID-3032889
f938ce9f-e91c-4178-b2da-a52836031c0f,108026,AUDI,80 B4 Saloon (8C2),1991,1994,1.9 TD,1392,Saloon,Diesel,,,,2026-08-06 14:24:09,,,,,,,,,RAPID-81905782
f959e65d-b155-4a6f-866e-d00b1ea5413d,108123,RENAULT,"CLIO II (BB_, CB_)",2001,2016,"1.2 16V (BB05, BB0W, BB11, BB27, BB2T, BB2U, BB2V, CB05,...",16104,Berline bicorps trois ou cinq portes,Essence,55,75,1149,2026-08-08 22:47:30,,,,,,4,,"{""vehicleId"": 16104, ""manufacturerName"": ""RENAULT"", ""modelName"": ""CLIO II (BB_, CB_)"", ""typeEngineName"": ""1.2 16V (BB05, BB0W, BB11, BB27, BB2T, BB2U, BB2V, CB05,..."", ""constructionIntervalStart"": ""2001-06-01"", ""constructionIntervalEnd"": ""2016-08-01"", ""powerKw"": ""55.0000"", ""powerPs"": ""75.0000"", ""capacityTax"": null, ""fuelType"": ""Essence"", ""bodyType"": ""Berline bicorps trois ou cinq portes"", ""numberOfCylinders"": 4, ""capacityLt"": ""1.2000"", ""capacityTech"": ""1149.0000"", ""engineCodes"": ""D4F 712"", ""engId"": 16186}",RAPID-7910506
f95f24fe-116c-41c4-aef2-f010f9cb49ef,108609,RENAULT,"CLIO II (BB_, CB_)",2001,2016,"1.2 16V (BB05, BB0W, BB11, BB27, BB2T, BB2U, BB2V, CB05,...",16104,Berline bicorps trois ou cinq portes,Essence,55,75,1149,2026-08-08 22:47:30,,,,,,4,,"{""vehicleId"": 16104, ""manufacturerName"": ""RENAULT"", ""modelName"": ""CLIO II (BB_, CB_)"", ""typeEngineName"": ""1.2 16V (BB05, BB0W, BB11, BB27, BB2T, BB2U, BB2V, CB05,..."", ""constructionIntervalStart"": ""2001-06-01"", ""constructionIntervalEnd"": ""2016-08-01"", ""powerKw"": ""55.0000"", ""powerPs"": ""75.0000"", ""capacityTax"": null, ""fuelType"": ""Essence"", ""bodyType"": ""Berline bicorps trois ou cinq portes"", ""numberOfCylinders"": 4, ""capacityLt"": ""1.2000"", ""capacityTech"": ""1149.0000"", ""engineCodes"": ""D4F 712"", ""engId"": 16186}",RAPID-98623279
f99b7430-5974-4d6c-8ad3-5f5dfc2f821b,108655,RENAULT,"CLIO II (BB_, CB_)",2001,2016,"1.2 16V (BB05, BB0W, BB11, BB27, BB2T, BB2U, BB2V, CB05,...",16104,Berline bicorps trois ou cinq portes,Essence,55,75,1149,2026-08-08 22:47:30,,,,,,4,,"{""vehicleId"": 16104, ""manufacturerName"": ""RENAULT"", ""modelName"": ""CLIO II (BB_, CB_)"", ""typeEngineName"": ""1.2 16V (BB05, BB0W, BB11, BB27, BB2T, BB2U, BB2V, CB05,..."", ""constructionIntervalStart"": ""2001-06-01"", ""constructionIntervalEnd"": ""2016-08-01"", ""powerKw"": ""55.0000"", ""powerPs"": ""75.0000"", ""capacityTax"": null, ""fuelType"": ""Essence"", ""bodyType"": ""Berline bicorps trois ou cinq portes"", ""numberOfCylinders"": 4, ""capacityLt"": ""1.2000"", ""capacityTech"": ""1149.0000"", ""engineCodes"": ""D4F 712"", ""engId"": 16186}",RAPID-12443963
f9d0fd88-cf4d-4584-a7ea-c05607422591,108647,RENAULT,"CLIO II (BB_, CB_)",2001,2016,"1.2 16V (BB05, BB0W, BB11, BB27, BB2T, BB2U, BB2V, CB05,...",16104,Berline bicorps trois ou cinq portes,Essence,55,75,1149,2026-08-08 22:47:30,,,,,,4,,"{""vehicleId"": 16104, ""manufacturerName"": ""RENAULT"", ""modelName"": ""CLIO II (BB_, CB_)"", ""typeEngineName"": ""1.2 16V (BB05, BB0W, BB11, BB27, BB2T, BB2U, BB2V, CB05,..."", ""constructionIntervalStart"": ""2001-06-01"", ""constructionIntervalEnd"": ""2016-08-01"", ""powerKw"": ""55.0000"", ""powerPs"": ""75.0000"", ""capacityTax"": null, ""fuelType"": ""Essence"", ""bodyType"": ""Berline bicorps trois ou cinq portes"", ""numberOfCylinders"": 4, ""capacityLt"": ""1.2000"", ""capacityTech"": ""1149.0000"", ""engineCodes"": ""D4F 712"", ""engId"": 16186}",RAPID-19995881
fa42c530-1a5c-4e7b-9c35-55662efbbc62,108142,RENAULT,"CLIO II (BB_, CB_)",2001,2016,"1.2 16V (BB05, BB0W, BB11, BB27, BB2T, BB2U, BB2V, CB05,...",16104,Berline bicorps trois ou cinq portes,Essence,55,75,1149,2026-08-08 22:47:30,,,,,,4,,"{""vehicleId"": 16104, ""manufacturerName"": ""RENAULT"", ""modelName"": ""CLIO II (BB_, CB_)"", ""typeEngineName"": ""1.2 16V (BB05, BB0W, BB11, BB27, BB2T, BB2U, BB2V, CB05,..."", ""constructionIntervalStart"": ""2001-06-01"", ""constructionIntervalEnd"": ""2016-08-01"", ""powerKw"": ""55.0000"", ""powerPs"": ""75.0000"", ""capacityTax"": null, ""fuelType"": ""Essence"", ""bodyType"": ""Berline bicorps trois ou cinq portes"", ""numberOfCylinders"": 4, ""capacityLt"": ""1.2000"", ""capacityTech"": ""1149.0000"", ""engineCodes"": ""D4F 712"", ""engId"": 16186}",RAPID-3023899
fab692d9-6353-471e-bb51-a078645fa7c9,108356,RENAULT,"CLIO II (BB_, CB_)",2001,2016,"1.2 16V (BB05, BB0W, BB11, BB27, BB2T, BB2U, BB2V, CB05,...",16104,Berline bicorps trois ou cinq portes,Essence,55,75,1149,2026-08-08 22:47:30,,,,,,4,,"{""vehicleId"": 16104, ""manufacturerName"": ""RENAULT"", ""modelName"": ""CLIO II (BB_, CB_)"", ""typeEngineName"": ""1.2 16V (BB05, BB0W, BB11, BB27, BB2T, BB2U, BB2V, CB05,..."", ""constructionIntervalStart"": ""2001-06-01"", ""constructionIntervalEnd"": ""2016-08-01"", ""powerKw"": ""55.0000"", ""powerPs"": ""75.0000"", ""capacityTax"": null, ""fuelType"": ""Essence"", ""bodyType"": ""Berline bicorps trois ou cinq portes"", ""numberOfCylinders"": 4, ""capacityLt"": ""1.2000"", ""capacityTech"": ""1149.0000"", ""engineCodes"": ""D4F 712"", ""engId"": 16186}",RAPID-8354960
fabe0c63-f27a-4f46-ac8d-8abded9f1a55,108013,AUDI,80 B4 Saloon (8C2),1991,1994,1.9 TD,1392,Saloon,Diesel,,,,2026-08-06 14:24:09,,,,,,,,,RAPID-6825636
fada7ff1-97b0-4d57-a3dc-7329abc2831d,108483,RENAULT,"CLIO II (BB_, CB_)",2001,2016,"1.2 16V (BB05, BB0W, BB11, BB27, BB2T, BB2U, BB2V, CB05,...",16104,Berline bicorps trois ou cinq portes,Essence,55,75,1149,2026-08-08 22:47:30,,,,,,4,,"{""vehicleId"": 16104, ""manufacturerName"": ""RENAULT"", ""modelName"": ""CLIO II (BB_, CB_)"", ""typeEngineName"": ""1.2 16V (BB05, BB0W, BB11, BB27, BB2T, BB2U, BB2V, CB05,..."", ""constructionIntervalStart"": ""2001-06-01"", ""constructionIntervalEnd"": ""2016-08-01"", ""powerKw"": ""55.0000"", ""powerPs"": ""75.0000"", ""capacityTax"": null, ""fuelType"": ""Essence"", ""bodyType"": ""Berline bicorps trois ou cinq portes"", ""numberOfCylinders"": 4, ""capacityLt"": ""1.2000"", ""capacityTech"": ""1149.0000"", ""engineCodes"": ""D4F 712"", ""engId"": 16186}",RAPID-9049164
fb5e95a2-c682-4ada-a08a-54aa87ec77ca,108341,RENAULT,"CLIO II (BB_, CB_)",2001,2016,"1.2 16V (BB05, BB0W, BB11, BB27, BB2T, BB2U, BB2V, CB05,...",16104,Berline bicorps trois ou cinq portes,Essence,55,75,1149,2026-08-08 22:47:30,,,,,,4,,"{""vehicleId"": 16104, ""manufacturerName"": ""RENAULT"", ""modelName"": ""CLIO II (BB_, CB_)"", ""typeEngineName"": ""1.2 16V (BB05, BB0W, BB11, BB27, BB2T, BB2U, BB2V, CB05,..."", ""constructionIntervalStart"": ""2001-06-01"", ""constructionIntervalEnd"": ""2016-08-01"", ""powerKw"": ""55.0000"", ""powerPs"": ""75.0000"", ""capacityTax"": null, ""fuelType"": ""Essence"", ""bodyType"": ""Berline bicorps trois ou cinq portes"", ""numberOfCylinders"": 4, ""capacityLt"": ""1.2000"", ""capacityTech"": ""1149.0000"", ""engineCodes"": ""D4F 712"", ""engId"": 16186}",RAPID-6617686
fb85f95b-104b-4c07-9920-96211d9294c1,108269,RENAULT,"CLIO II (BB_, CB_)",2001,2016,"1.2 16V (BB05, BB0W, BB11, BB27, BB2T, BB2U, BB2V, CB05,...",16104,Berline bicorps trois ou cinq portes,Essence,55,75,1149,2026-08-08 22:47:30,,,,,,4,,"{""vehicleId"": 16104, ""manufacturerName"": ""RENAULT"", ""modelName"": ""CLIO II (BB_, CB_)"", ""typeEngineName"": ""1.2 16V (BB05, BB0W, BB11, BB27, BB2T, BB2U, BB2V, CB05,..."", ""constructionIntervalStart"": ""2001-06-01"", ""constructionIntervalEnd"": ""2016-08-01"", ""powerKw"": ""55.0000"", ""powerPs"": ""75.0000"", ""capacityTax"": null, ""fuelType"": ""Essence"", ""bodyType"": ""Berline bicorps trois ou cinq portes"", ""numberOfCylinders"": 4, ""capacityLt"": ""1.2000"", ""capacityTech"": ""1149.0000"", ""engineCodes"": ""D4F 712"", ""engId"": 16186}",RAPID-2513126
fb9a8a11-ffe9-4c05-a5c6-a7fcc6954962,108497,RENAULT,"CLIO II (BB_, CB_)",2001,2016,"1.2 16V (BB05, BB0W, BB11, BB27, BB2T, BB2U, BB2V, CB05,...",16104,Berline bicorps trois ou cinq portes,Essence,55,75,1149,2026-08-08 22:47:30,,,,,,4,,"{""vehicleId"": 16104, ""manufacturerName"": ""RENAULT"", ""modelName"": ""CLIO II (BB_, CB_)"", ""typeEngineName"": ""1.2 16V (BB05, BB0W, BB11, BB27, BB2T, BB2U, BB2V, CB05,..."", ""constructionIntervalStart"": ""2001-06-01"", ""constructionIntervalEnd"": ""2016-08-01"", ""powerKw"": ""55.0000"", ""powerPs"": ""75.0000"", ""capacityTax"": null, ""fuelType"": ""Essence"", ""bodyType"": ""Berline bicorps trois ou cinq portes"", ""numberOfCylinders"": 4, ""capacityLt"": ""1.2000"", ""capacityTech"": ""1149.0000"", ""engineCodes"": ""D4F 712"", ""engId"": 16186}",RAPID-2369983
fc1c0960-bea0-4685-bcf0-00f18a12a0f1,108162,RENAULT,"CLIO II (BB_, CB_)",2001,2016,"1.2 16V (BB05, BB0W, BB11, BB27, BB2T, BB2U, BB2V, CB05,...",16104,Berline bicorps trois ou cinq portes,Essence,55,75,1149,2026-08-08 22:47:30,,,,,,4,,"{""vehicleId"": 16104, ""manufacturerName"": ""RENAULT"", ""modelName"": ""CLIO II (BB_, CB_)"", ""typeEngineName"": ""1.2 16V (BB05, BB0W, BB11, BB27, BB2T, BB2U, BB2V, CB05,..."", ""constructionIntervalStart"": ""2001-06-01"", ""constructionIntervalEnd"": ""2016-08-01"", ""powerKw"": ""55.0000"", ""powerPs"": ""75.0000"", ""capacityTax"": null, ""fuelType"": ""Essence"", ""bodyType"": ""Berline bicorps trois ou cinq portes"", ""numberOfCylinders"": 4, ""capacityLt"": ""1.2000"", ""capacityTech"": ""1149.0000"", ""engineCodes"": ""D4F 712"", ""engId"": 16186}",RAPID-46517535
fcd74263-df13-4f2b-bd01-016a9fd1eb78,108347,RENAULT,"CLIO II (BB_, CB_)",2001,2016,"1.2 16V (BB05, BB0W, BB11, BB27, BB2T, BB2U, BB2V, CB05,...",16104,Berline bicorps trois ou cinq portes,Essence,55,75,1149,2026-08-08 22:47:30,,,,,,4,,"{""vehicleId"": 16104, ""manufacturerName"": ""RENAULT"", ""modelName"": ""CLIO II (BB_, CB_)"", ""typeEngineName"": ""1.2 16V (BB05, BB0W, BB11, BB27, BB2T, BB2U, BB2V, CB05,..."", ""constructionIntervalStart"": ""2001-06-01"", ""constructionIntervalEnd"": ""2016-08-01"", ""powerKw"": ""55.0000"", ""powerPs"": ""75.0000"", ""capacityTax"": null, ""fuelType"": ""Essence"", ""bodyType"": ""Berline bicorps trois ou cinq portes"", ""numberOfCylinders"": 4, ""capacityLt"": ""1.2000"", ""capacityTech"": ""1149.0000"", ""engineCodes"": ""D4F 712"", ""engId"": 16186}",RAPID-6677582
fd4c348d-1025-4287-a33e-a7a8f96fa3bc,108523,RENAULT,"CLIO II (BB_, CB_)",2001,2016,"1.2 16V (BB05, BB0W, BB11, BB27, BB2T, BB2U, BB2V, CB05,...",16104,Berline bicorps trois ou cinq portes,Essence,55,75,1149,2026-08-08 22:47:30,,,,,,4,,"{""vehicleId"": 16104, ""manufacturerName"": ""RENAULT"", ""modelName"": ""CLIO II (BB_, CB_)"", ""typeEngineName"": ""1.2 16V (BB05, BB0W, BB11, BB27, BB2T, BB2U, BB2V, CB05,..."", ""constructionIntervalStart"": ""2001-06-01"", ""constructionIntervalEnd"": ""2016-08-01"", ""powerKw"": ""55.0000"", ""powerPs"": ""75.0000"", ""capacityTax"": null, ""fuelType"": ""Essence"", ""bodyType"": ""Berline bicorps trois ou cinq portes"", ""numberOfCylinders"": 4, ""capacityLt"": ""1.2000"", ""capacityTech"": ""1149.0000"", ""engineCodes"": ""D4F 712"", ""engId"": 16186}",RAPID-6082080
fddc51be-dae6-4f2b-a387-458e1cd73be0,108323,RENAULT,"CLIO II (BB_, CB_)",2001,2016,"1.2 16V (BB05, BB0W, BB11, BB27, BB2T, BB2U, BB2V, CB05,...",16104,Berline bicorps trois ou cinq portes,Essence,55,75,1149,2026-08-08 22:47:30,,,,,,4,,"{""vehicleId"": 16104, ""manufacturerName"": ""RENAULT"", ""modelName"": ""CLIO II (BB_, CB_)"", ""typeEngineName"": ""1.2 16V (BB05, BB0W, BB11, BB27, BB2T, BB2U, BB2V, CB05,..."", ""constructionIntervalStart"": ""2001-06-01"", ""constructionIntervalEnd"": ""2016-08-01"", ""powerKw"": ""55.0000"", ""powerPs"": ""75.0000"", ""capacityTax"": null, ""fuelType"": ""Essence"", ""bodyType"": ""Berline bicorps trois ou cinq portes"", ""numberOfCylinders"": 4, ""capacityLt"": ""1.2000"", ""capacityTech"": ""1149.0000"", ""engineCodes"": ""D4F 712"", ""engId"": 16186}",RAPID-14500658
fe1f0783-8c2b-4743-9cdb-b383d6282e73,108525,RENAULT,"CLIO II (BB_, CB_)",2001,2016,"1.2 16V (BB05, BB0W, BB11, BB27, BB2T, BB2U, BB2V, CB05,...",16104,Berline bicorps trois ou cinq portes,Essence,55,75,1149,2026-08-08 22:47:30,,,,,,4,,"{""vehicleId"": 16104, ""manufacturerName"": ""RENAULT"", ""modelName"": ""CLIO II (BB_, CB_)"", ""typeEngineName"": ""1.2 16V (BB05, BB0W, BB11, BB27, BB2T, BB2U, BB2V, CB05,..."", ""constructionIntervalStart"": ""2001-06-01"", ""constructionIntervalEnd"": ""2016-08-01"", ""powerKw"": ""55.0000"", ""powerPs"": ""75.0000"", ""capacityTax"": null, ""fuelType"": ""Essence"", ""bodyType"": ""Berline bicorps trois ou cinq portes"", ""numberOfCylinders"": 4, ""capacityLt"": ""1.2000"", ""capacityTech"": ""1149.0000"", ""engineCodes"": ""D4F 712"", ""engId"": 16186}",RAPID-2715556
fe23c876-9477-4814-9c03-8c786c994cf4,108241,RENAULT,"CLIO II (BB_, CB_)",2001,2016,"1.2 16V (BB05, BB0W, BB11, BB27, BB2T, BB2U, BB2V, CB05,...",16104,Berline bicorps trois ou cinq portes,Essence,55,75,1149,2026-08-08 22:47:30,,,,,,4,,"{""vehicleId"": 16104, ""manufacturerName"": ""RENAULT"", ""modelName"": ""CLIO II (BB_, CB_)"", ""typeEngineName"": ""1.2 16V (BB05, BB0W, BB11, BB27, BB2T, BB2U, BB2V, CB05,..."", ""constructionIntervalStart"": ""2001-06-01"", ""constructionIntervalEnd"": ""2016-08-01"", ""powerKw"": ""55.0000"", ""powerPs"": ""75.0000"", ""capacityTax"": null, ""fuelType"": ""Essence"", ""bodyType"": ""Berline bicorps trois ou cinq portes"", ""numberOfCylinders"": 4, ""capacityLt"": ""1.2000"", ""capacityTech"": ""1149.0000"", ""engineCodes"": ""D4F 712"", ""engId"": 16186}",RAPID-6142308
fef3b513-6eaa-4070-bf5a-853d78b1f2da,108233,RENAULT,"CLIO II (BB_, CB_)",2001,2016,"1.2 16V (BB05, BB0W, BB11, BB27, BB2T, BB2U, BB2V, CB05,...",16104,Berline bicorps trois ou cinq portes,Essence,55,75,1149,2026-08-08 22:47:30,,,,,,4,,"{""vehicleId"": 16104, ""manufacturerName"": ""RENAULT"", ""modelName"": ""CLIO II (BB_, CB_)"", ""typeEngineName"": ""1.2 16V (BB05, BB0W, BB11, BB27, BB2T, BB2U, BB2V, CB05,..."", ""constructionIntervalStart"": ""2001-06-01"", ""constructionIntervalEnd"": ""2016-08-01"", ""powerKw"": ""55.0000"", ""powerPs"": ""75.0000"", ""capacityTax"": null, ""fuelType"": ""Essence"", ""bodyType"": ""Berline bicorps trois ou cinq portes"", ""numberOfCylinders"": 4, ""capacityLt"": ""1.2000"", ""capacityTech"": ""1149.0000"", ""engineCodes"": ""D4F 712"", ""engId"": 16186}",RAPID-6142306
ff2c23f3-61ee-4aff-87f5-c5b87dfeda28,108616,RENAULT,"CLIO II (BB_, CB_)",2001,2016,"1.2 16V (BB05, BB0W, BB11, BB27, BB2T, BB2U, BB2V, CB05,...",16104,Berline bicorps trois ou cinq portes,Essence,55,75,1149,2026-08-08 22:47:30,,,,,,4,,"{""vehicleId"": 16104, ""manufacturerName"": ""RENAULT"", ""modelName"": ""CLIO II (BB_, CB_)"", ""typeEngineName"": ""1.2 16V (BB05, BB0W, BB11, BB27, BB2T, BB2U, BB2V, CB05,..."", ""constructionIntervalStart"": ""2001-06-01"", ""constructionIntervalEnd"": ""2016-08-01"", ""powerKw"": ""55.0000"", ""powerPs"": ""75.0000"", ""capacityTax"": null, ""fuelType"": ""Essence"", ""bodyType"": ""Berline bicorps trois ou cinq portes"", ""numberOfCylinders"": 4, ""capacityLt"": ""1.2000"", ""capacityTech"": ""1149.0000"", ""engineCodes"": ""D4F 712"", ""engId"": 16186}",RAPID-337056
ff565659-bb45-434c-b6d9-a9becadc0576,108199,RENAULT,"CLIO II (BB_, CB_)",2001,2016,"1.2 16V (BB05, BB0W, BB11, BB27, BB2T, BB2U, BB2V, CB05,...",16104,Berline bicorps trois ou cinq portes,Essence,55,75,1149,2026-08-08 22:47:30,,,,,,4,,"{""vehicleId"": 16104, ""manufacturerName"": ""RENAULT"", ""modelName"": ""CLIO II (BB_, CB_)"", ""typeEngineName"": ""1.2 16V (BB05, BB0W, BB11, BB27, BB2T, BB2U, BB2V, CB05,..."", ""constructionIntervalStart"": ""2001-06-01"", ""constructionIntervalEnd"": ""2016-08-01"", ""powerKw"": ""55.0000"", ""powerPs"": ""75.0000"", ""capacityTax"": null, ""fuelType"": ""Essence"", ""bodyType"": ""Berline bicorps trois ou cinq portes"", ""numberOfCylinders"": 4, ""capacityLt"": ""1.2000"", ""capacityTech"": ""1149.0000"", ""engineCodes"": ""D4F 712"", ""engId"": 16186}",RAPID-5776093
ffd2f35c-3738-47d3-bad2-7c1294ebbf44,108588,RENAULT,"CLIO II (BB_, CB_)",2001,2016,"1.2 16V (BB05, BB0W, BB11, BB27, BB2T, BB2U, BB2V, CB05,...",16104,Berline bicorps trois ou cinq portes,Essence,55,75,1149,2026-08-08 22:47:30,,,,,,4,,"{""vehicleId"": 16104, ""manufacturerName"": ""RENAULT"", ""modelName"": ""CLIO II (BB_, CB_)"", ""typeEngineName"": ""1.2 16V (BB05, BB0W, BB11, BB27, BB2T, BB2U, BB2V, CB05,..."", ""constructionIntervalStart"": ""2001-06-01"", ""constructionIntervalEnd"": ""2016-08-01"", ""powerKw"": ""55.0000"", ""powerPs"": ""75.0000"", ""capacityTax"": null, ""fuelType"": ""Essence"", ""bodyType"": ""Berline bicorps trois ou cinq portes"", ""numberOfCylinders"": 4, ""capacityLt"": ""1.2000"", ""capacityTech"": ""1149.0000"", ""engineCodes"": ""D4F 712"", ""engId"": 16186}",RAPID-3031935
ffd38ac8-87a4-40e0-9a36-d067adda77ee,108463,RENAULT,"CLIO II (BB_, CB_)",2001,2016,"1.2 16V (BB05, BB0W, BB11, BB27, BB2T, BB2U, BB2V, CB05,...",16104,Berline bicorps trois ou cinq portes,Essence,55,75,1149,2026-08-08 22:47:30,,,,,,4,,"{""vehicleId"": 16104, ""manufacturerName"": ""RENAULT"", ""modelName"": ""CLIO II (BB_, CB_)"", ""typeEngineName"": ""1.2 16V (BB05, BB0W, BB11, BB27, BB2T, BB2U, BB2V, CB05,..."", ""constructionIntervalStart"": ""2001-06-01"", ""constructionIntervalEnd"": ""2016-08-01"", ""powerKw"": ""55.0000"", ""powerPs"": ""75.0000"", ""capacityTax"": null, ""fuelType"": ""Essence"", ""bodyType"": ""Berline bicorps trois ou cinq portes"", ""numberOfCylinders"": 4, ""capacityLt"": ""1.2000"", ""capacityTech"": ""1149.0000"", ""engineCodes"": ""D4F 712"", ""engId"": 16186}",RAPID-14563422
fff68d78-0ad4-4168-9dc2-aead64754563,108825,RENAULT,"CLIO II (BB_, CB_)",2001,2016,"1.2 16V (BB05, BB0W, BB11, BB27, BB2T, BB2U, BB2V, CB05,...",16104,Berline bicorps trois ou cinq portes,Essence,55,75,1149,2026-08-08 22:47:30,,,,,,4,,"{""vehicleId"": 16104, ""manufacturerName"": ""RENAULT"", ""modelName"": ""CLIO II (BB_, CB_)"", ""typeEngineName"": ""1.2 16V (BB05, BB0W, BB11, BB27, BB2T, BB2U, BB2V, CB05,..."", ""constructionIntervalStart"": ""2001-06-01"", ""constructionIntervalEnd"": ""2016-08-01"", ""powerKw"": ""55.0000"", ""powerPs"": ""75.0000"", ""capacityTax"": null, ""fuelType"": ""Essence"", ""bodyType"": ""Berline bicorps trois ou cinq portes"", ""numberOfCylinders"": 4, ""capacityLt"": ""1.2000"", ""capacityTech"": ""1149.0000"", ""engineCodes"": ""D4F 712"", ""engId"": 16186}",RAPID-9108892
fffce457-69e5-4a67-88ab-51692ff37814,108104,RENAULT,"CLIO II (BB_, CB_)",2001,2016,"1.2 16V (BB05, BB0W, BB11, BB27, BB2T, BB2U, BB2V, CB05,...",16104,Berline bicorps trois ou cinq portes,Essence,55,75,1149,2026-08-08 22:47:30,,,,,,4,,"{""vehicleId"": 16104, ""manufacturerName"": ""RENAULT"", ""modelName"": ""CLIO II (BB_, CB_)"", ""typeEngineName"": ""1.2 16V (BB05, BB0W, BB11, BB27, BB2T, BB2U, BB2V, CB05,..."", ""constructionIntervalStart"": ""2001-06-01"", ""constructionIntervalEnd"": ""2016-08-01"", ""powerKw"": ""55.0000"", ""powerPs"": ""75.0000"", ""capacityTax"": null, ""fuelType"": ""Essence"", ""bodyType"": ""Berline bicorps trois ou cinq portes"", ""numberOfCylinders"": 4, ""capacityLt"": ""1.2000"", ""capacityTech"": ""1149.0000"", ""engineCodes"": ""D4F 712"", ""engId"": 16186}",RAPID-1220295
