Id,ProductId,Url,AltText,IsMain,SortOrder,CreatedBy,UpdatedBy,CreatedAt,UpdatedAt,ErpProductId
0026a299-9a8d-41ae-a45c-1638b7fa2b92,108782,https://fsn1.your-objectstorage.com/tecdoc2025/media_files/images/6358/e3c0cae86f921ce3817b0a07595e6a292d9f0e77.webp,,0,1,,,2026-08-08 22:47:30,,RAPID-2477871
00a33680-3c6b-4075-96f8-977fed9a5ae5,108646,https://fsn1.your-objectstorage.com/tecdoc2025/media_files/images/6495/356c0bf9b0720681def6eae22e2601f050ba08db.webp,,1,0,,,2026-08-08 22:47:30,,RAPID-6467403
00c3a4a2-d762-4756-b127-4edcc91f60b8,108748,https://fsn1.your-objectstorage.com/tecdoc2025/media_files/images/6995/65c2e3e7439eec634cfc79b5b88d12f403c83f5a.webp,,1,0,,,2026-08-08 22:47:30,,RAPID-13775283
00c4b0f1-751e-4881-a3d9-ce00e6f6dfc9,108769,https://fsn1.your-objectstorage.com/tecdoc2025/media_files/images/6358/efb19e39d8133cc498b92ad28987f1ccc5d8d10f.webp,,0,1,,,2026-08-08 22:47:30,,RAPID-2478046
00c9ac49-69ca-4dc2-aaf0-ee033f1def02,108038,https://fsn1.your-objectstorage.com/tecdoc2025/media_files/images/6903/29eb1a9734a83407fce60428e38e3addd55fb5ad.webp,"Brake Pad Set, disc brake",1,0,,,2026-08-06 14:47:26,,RAPID-76620330
011bdfde-611c-4407-a49e-4c63be975c33,108260,https://fsn1.your-objectstorage.com/tecdoc2025/media_files/images/30/b03313055b85628dc0ebb28bcf00a0fa30469132.webp,,0,2,,,2026-08-08 22:47:30,,RAPID-2512729
0122433f-2304-46a5-8b2e-47629d6c4d03,108390,https://fsn1.your-objectstorage.com/tecdoc2025/media_files/images/4938/4ecca2deb1ad64e0d055c7355a5b140a63888a46.webp,,1,0,,,2026-08-08 22:47:30,,RAPID-7150610
0139a537-7eaf-4498-b912-a2dfc5673a07,108223,https://fsn1.your-objectstorage.com/tecdoc2025/media_files/images/7673/6a15ca81fd94a448d583147ffd5ec5d21dc995a3.webp,,1,0,,,2026-08-08 22:47:30,,RAPID-52972322
0142ee88-13ea-4fb4-8ac0-7ca2b87e55e4,108299,https://fsn1.your-objectstorage.com/tecdoc2025/media_files/images/363/31dcb0ebb45bb546c9740ef1011ad8191dbde34e.webp,,1,0,,,2026-08-08 22:47:30,,RAPID-4612481
019d5856-7d7a-4cc2-a120-c2cd0cfeed2e,108346,https://fsn1.your-objectstorage.com/tecdoc2025/media_files/images/66/a100172198edd5a49275830772ba1636b56288a1.webp,,0,1,,,2026-08-08 22:47:30,,RAPID-6677576
01e8a72f-9db8-419f-bb7b-55aa303d12c5,108406,https://fsn1.your-objectstorage.com/tecdoc2025/media_files/images/7669/6fba3bf6bafdb7b1c3040d931784d868e1f94aac.webp,,0,2,,,2026-08-08 22:47:30,,RAPID-84830164
01eab364-4ffd-46fe-aac0-927678840ce2,108462,https://fsn1.your-objectstorage.com/tecdoc2025/media_files/images/4840/7c76341e3cd7e884252f0c6ab4af9e6a1256bd10.webp,,0,1,,,2026-08-08 22:47:30,,RAPID-2400341
0206771c-ac4d-4a5b-859e-fd4b74362a31,108675,https://fsn1.your-objectstorage.com/tecdoc2025/media_files/images/6473/fb0311c0b863fb88ac41ba98f850173be39b573c.webp,,1,0,,,2026-08-08 22:47:30,,RAPID-8303209
0217623d-5a7b-45f6-a2f3-6a4aaf1fb7f1,108267,https://fsn1.your-objectstorage.com/tecdoc2025/media_files/images/30/fd11197d304b7c9a165a87769d6f9a97aa44cf60.webp,,0,3,,,2026-08-08 22:47:30,,RAPID-2513002
022b64b5-d153-478d-b476-fe7e2cd2487e,108393,https://fsn1.your-objectstorage.com/tecdoc2025/media_files/images/271/13b04093894591e2ae5c758ee2d819712b23a058.webp,,0,2,,,2026-08-08 22:47:30,,RAPID-13049770
02e92972-6380-4619-a508-69a380fd583f,108621,https://fsn1.your-objectstorage.com/tecdoc2025/media_files/images/249/3cc10e59cfbdae93f2ae492835e66e406afa24d1.webp,,1,0,,,2026-08-08 22:47:30,,RAPID-6762347
0320d374-3a37-40fe-aafe-9c1577aed271,108280,https://fsn1.your-objectstorage.com/tecdoc2025/media_files/PDF/30/710eeedcab31768c7bd93199b4efada5cb2fb3a8.pdf,,0,1,,,2026-08-08 22:47:30,,RAPID-2514802
0333dfd5-96cd-412b-a07e-2880c3cb44c3,108783,https://fsn1.your-objectstorage.com/tecdoc2025/media_files/images/6358/fef325bbc3f23e260dc15f94a805b881defef6f8.webp,,0,2,,,2026-08-08 22:47:30,,RAPID-2477887
03595f96-be19-4a5e-be0c-ddc3917acaca,108081,https://fsn1.your-objectstorage.com/tecdoc2025/media_files/images/234/be6bbf826356c74fde7eacc9e2e7a33c6d46945e.webp,,0,1,,,2026-08-08 22:47:30,,RAPID-13841753
037f4739-646e-4a16-afd4-ec26e298c17b,108558,https://fsn1.your-objectstorage.com/tecdoc2025/media_files/PDF/4600/4471354793cd03b1e53b451c3718108dff09fdf1.pdf,,1,0,,,2026-08-08 22:47:30,,RAPID-7960662
03a65841-c0c2-4c93-a372-137ae66ff780,108262,https://fsn1.your-objectstorage.com/tecdoc2025/media_files/PDF/30/b0d4e99e1f7a188bc1e4bc51b66353fc52647196.pdf,,1,0,,,2026-08-08 22:47:30,,RAPID-2512830
04232b9e-92a3-4e50-af2e-b248da4bca33,108474,https://fsn1.your-objectstorage.com/tecdoc2025/media_files/images/156/549fa46d05dcd10404051c8861c5c1014b32f44f.webp,,1,0,,,2026-08-08 22:47:30,,RAPID-9192183
0427c8ee-6670-4601-ab6c-068415e02ef5,108593,https://fsn1.your-objectstorage.com/tecdoc2025/media_files/images/403/df4651516458bb567c640eb30c43a128bb741b99.webp,,1,0,,,2026-08-08 22:47:30,,RAPID-3032541
0470b751-f9e1-4bfb-bf40-f6db6249a898,108766,https://fsn1.your-objectstorage.com/tecdoc2025/media_files/images/4869/328a8218e617bb2a552552372e0f36b84ae8f825.webp,,1,0,,,2026-08-08 22:47:30,,RAPID-3286753
04723106-45c5-4a95-a48c-341785b2efb2,108219,https://fsn1.your-objectstorage.com/tecdoc2025/media_files/images/5349/62da922a7e59dd3038be58c13d95c71adc7e48f5.webp,,1,0,,,2026-08-08 22:47:30,,RAPID-66585973
04a87e5d-6a68-4a3a-9561-18c3d283036e,108717,https://fsn1.your-objectstorage.com/tecdoc2025/media_files/images/6267/f7a5ae4d62c196e96908ebc7b588c06fc62729da.webp,,0,5,,,2026-08-08 22:47:30,,RAPID-8218363
04e9f4ef-19ee-415b-bbad-7e065c61b4f7,108257,https://fsn1.your-objectstorage.com/tecdoc2025/media_files/images/30/59bee65b00a9470f29cbc3190755ddeb97090ed6.webp,,0,2,,,2026-08-08 22:47:30,,RAPID-2512621
04ede16f-1a16-473f-b577-1606170e078a,108202,https://fsn1.your-objectstorage.com/tecdoc2025/media_files/images/4464/f56ad6294a4d40ec5c676a0aba5f2cb42e1c6877.webp,,1,0,,,2026-08-08 22:47:30,,RAPID-9686272
053b541e-bf71-4e3c-8f8c-574f48f7235c,108821,https://fsn1.your-objectstorage.com/tecdoc2025/media_files/images/6357/b4aab759ec879e96c901fb07e8960c12600e2ffa.webp,,0,4,,,2026-08-08 22:47:30,,RAPID-9110205
0567dac9-5afa-47e5-b20a-aa98a63de63f,108782,https://fsn1.your-objectstorage.com/tecdoc2025/media_files/images/6358/47c97fbd1f7525f54a6d7dc6b8c80f984ae4c997.webp,,1,0,,,2026-08-08 22:47:30,,RAPID-2477871
058ff0ae-15ed-4418-86f8-3cc45bb6462e,108742,https://fsn1.your-objectstorage.com/tecdoc2025/media_files/images/6990/e3c9b7221928ada1ce098971bd7cb9874f8ad9c3.webp,,0,1,,,2026-08-08 22:47:30,,RAPID-8524529
05a5e307-b308-4b78-8f59-c13044cd4807,108391,https://fsn1.your-objectstorage.com/tecdoc2025/media_files/images/271/cf1e0bfc6284d2c3dfcc88c7a410c4668f7cb88f.webp,,0,6,,,2026-08-08 22:47:30,,RAPID-15622509
05a7e4d8-0c1e-4f7f-8c5a-b881d10c6f6c,108311,https://fsn1.your-objectstorage.com/tecdoc2025/media_files/images/421/394854caa4b1ed9c21d2b1d198c1e5b32ca8a1ec.webp,,1,0,,,2026-08-08 22:47:30,,RAPID-6298703
0625ae91-8d4c-4294-acaf-09f512e2421d,108800,https://fsn1.your-objectstorage.com/tecdoc2025/media_files/images/7788/6f5bf04bb4b4e80d84792bad67a73011c162f6ec.webp,,0,1,,,2026-08-08 22:47:30,,RAPID-89818080
063a7e9d-e081-4997-baca-e07024b67d8f,108160,https://fsn1.your-objectstorage.com/tecdoc2025/media_files/images/4826/b9d7014743afca2fe96118e139f8fdc2682e4fe4.webp,,0,5,,,2026-08-08 22:47:30,,RAPID-54563697
0658418b-47fe-4f5e-87bb-b8821960f52e,108161,https://fsn1.your-objectstorage.com/tecdoc2025/media_files/images/4826/3a2116e8b2f91f327ad12187df56390ab061d195.webp,,1,0,,,2026-08-08 22:47:30,,RAPID-47436407
069926e0-5775-4140-b43b-65e326f4e942,108395,https://fsn1.your-objectstorage.com/tecdoc2025/media_files/images/271/92f9b5c41b2dac40836408d4e026f6f6851788ff.webp,,0,7,,,2026-08-08 22:47:30,,RAPID-18344449
07297332-f1d6-4629-a497-548435aea25b,108823,https://fsn1.your-objectstorage.com/tecdoc2025/media_files/images/6357/c7940a6b0e02240940e4963ebf3e0f7905561f75.webp,,0,2,,,2026-08-08 22:47:30,,RAPID-9110356
0735ed07-26d8-4237-a11a-42da03149679,108540,https://fsn1.your-objectstorage.com/tecdoc2025/media_files/images/4522/10a9ed03bfdbdddec25b6c81f78172a496afddf7.webp,,1,0,,,2026-08-08 22:47:30,,RAPID-2722214
0755ede7-ae8e-4a16-bbcf-09f9a7eb4a80,108523,https://fsn1.your-objectstorage.com/tecdoc2025/media_files/images/5314/1ed33bc2d249ee9b42f7568e879ea26cc513b998.webp,,1,0,,,2026-08-08 22:47:30,,RAPID-6082080
07a802a6-2f91-4bc6-af4a-7cea1fc76d44,108310,https://fsn1.your-objectstorage.com/tecdoc2025/media_files/images/421/aa3cd7db761aed17799837a7634535b52346cf76.webp,,1,0,,,2026-08-08 22:47:30,,RAPID-6278787
07ac6587-dcfa-40d6-832b-8cbeb171bb16,108413,https://fsn1.your-objectstorage.com/tecdoc2025/media_files/images/7794/9ff66744ebccad8fa94b538173113aa4c59ea28d.webp,,1,0,,,2026-08-08 22:47:30,,RAPID-82857942
07b60201-9866-4f21-88a8-02675dd58140,108400,https://fsn1.your-objectstorage.com/tecdoc2025/media_files/images/271/a81145256eb3b4efa590f046a2d661df4befc872.webp,,0,2,,,2026-08-08 22:47:30,,RAPID-18936891
07c5cfe7-5398-40b4-8aa4-a09d3545a582,108684,https://fsn1.your-objectstorage.com/tecdoc2025/media_files/images/440/7eeddd4e2cc54fd3e994ecb25b54d9dcc529f12b.webp,,0,2,,,2026-08-08 22:47:30,,RAPID-9495946
07df2ad9-eca8-4600-9a46-73779ee75d22,108428,https://fsn1.your-objectstorage.com/tecdoc2025/media_files/images/2/8511d1c35668fd83c87819ffd0e8ec8389670a65.webp,,1,0,,,2026-08-08 22:47:30,,RAPID-5414488
07ed8092-246c-432b-9730-1d9e5d79f9c9,108568,https://fsn1.your-objectstorage.com/tecdoc2025/media_files/images/95/851164c7660bbb24c66d5f730bc38b445f40ec2d.webp,,0,1,,,2026-08-08 22:47:30,,RAPID-19534318
0804e70a-5ef4-4bc0-906e-978d6ab22817,108633,https://fsn1.your-objectstorage.com/tecdoc2025/media_files/images/6925/75719ca4ad786a1859a716faa494084c37015312.webp,,0,4,,,2026-08-08 22:47:30,,RAPID-19338321
080981f8-b517-43d9-9456-c59d864bf952,108778,https://fsn1.your-objectstorage.com/tecdoc2025/media_files/images/6358/7d6bb24ef876020fc5c15691bb901e125082f8ff.webp,,0,4,,,2026-08-08 22:47:30,,RAPID-2478206
08286eaa-9dc9-40b1-aeab-198cf28ad298,108747,https://fsn1.your-objectstorage.com/tecdoc2025/media_files/images/340/0cb9d1410d569b120bedb5d71153d46874d2e980.webp,,1,0,,,2026-08-08 22:47:30,,RAPID-9685653
082ee6e6-277b-43a6-bcd2-c2699c975986,108716,https://fsn1.your-objectstorage.com/tecdoc2025/media_files/images/6267/0dcbf8dba726913bc52c5e464fa8681bc897fde1.webp,,0,4,,,2026-08-08 22:47:30,,RAPID-8218217
083f59c3-d772-459d-8755-62a65a2f16d9,108394,https://fsn1.your-objectstorage.com/tecdoc2025/media_files/images/271/05afb525f5f0f1fe8c96b26e29c61ac079a941be.webp,,0,1,,,2026-08-08 22:47:30,,RAPID-15752757
0846f3b2-a8af-4bf1-bd9c-adc688f93239,108337,https://fsn1.your-objectstorage.com/tecdoc2025/media_files/images/186/f019d65f175fed605ffe5eadb50cca39f2602667.webp,,0,1,,,2026-08-08 22:47:30,,RAPID-9642243
0852458e-8500-4dd6-818c-75c4321cea76,108249,https://fsn1.your-objectstorage.com/tecdoc2025/media_files/images/30/087895544002994df9534d0aca42746a87dbbb65.webp,,0,3,,,2026-08-08 22:47:30,,RAPID-2512454
0857e788-6452-4083-ab37-27d67ae58c9a,108276,https://fsn1.your-objectstorage.com/tecdoc2025/media_files/images/30/a229c7dc0bc332e27b54771725ed7de33a5240e1.webp,,0,6,,,2026-08-08 22:47:30,,RAPID-2513475
08775daf-5002-41b2-9ad1-1416c342fa3b,108508,https://fsn1.your-objectstorage.com/tecdoc2025/media_files/images/201/39db5cdd8dc33cceaa7922a40930d98d7d419746.webp,,0,2,,,2026-08-08 22:47:30,,RAPID-9690876
089ea9f8-9876-46d8-b0a5-7f8d8237e721,108135,https://fsn1.your-objectstorage.com/tecdoc2025/media_files/images/4657/319716912e9d97eb5874d4a16cfc603e12d191a1.webp,,1,0,,,2026-08-08 22:47:30,,RAPID-870642
08cf4a5b-7678-46f0-921b-6f95c58a340e,108161,https://fsn1.your-objectstorage.com/tecdoc2025/media_files/images/4826/1bc4d87f2a1af95fa74d130d5bff1f50ed347ee7.webp,,0,6,,,2026-08-08 22:47:30,,RAPID-47436407
08d09ea5-dbc1-407b-b321-0713fd2817bb,108665,https://fsn1.your-objectstorage.com/tecdoc2025/media_files/PDF/4564/2385db38c684100da82b9f44be33c6c159dd8ec3.pdf,,1,0,,,2026-08-08 22:47:30,,RAPID-9665047
08ef487e-c708-48d0-a32c-eef130ab841b,108022,https://fsn1.your-objectstorage.com/tecdoc2025/media_files/images/6903/9dd9934bc99d3b91ef31495645dea5a76d64d988.webp,"Brake Pad Set, disc brake",1,0,,,2026-08-06 14:47:26,,RAPID-82430893
08f26694-5aff-4ba7-9f5d-648723298bfa,108261,https://fsn1.your-objectstorage.com/tecdoc2025/media_files/images/30/dc458b7738bb1ab039eefc0ea99b142e93a37c85.webp,,0,1,,,2026-08-08 22:47:30,,RAPID-2512716
0918e1be-5909-4e39-a079-9500c5cb11ee,108421,https://fsn1.your-objectstorage.com/tecdoc2025/media_files/images/5251/50c0572cbbc6790cdcc514612a420733f84711cb.webp,,1,0,,,2026-08-08 22:47:30,,RAPID-502059
0944344c-8dcd-46d4-a9bd-31927826c164,108270,https://fsn1.your-objectstorage.com/tecdoc2025/media_files/images/30/4e94cae77d28ecb81cdd4cdfc2ec7fa652b4ae88.webp,,0,2,,,2026-08-08 22:47:30,,RAPID-2513127
09606c11-ca13-451e-b77a-4b2d2d99b033,108185,https://fsn1.your-objectstorage.com/tecdoc2025/media_files/images/442/480f2ab2a87e892c982afe03353378f9482a27ed.webp,,1,0,,,2026-08-08 22:47:30,,RAPID-9680218
098f7bda-af0a-44fd-8f6a-67a6d7bb9262,108376,https://fsn1.your-objectstorage.com/tecdoc2025/media_files/images/435/b3098b42283245193b5a65ae3207a8c41f70da47.webp,,1,0,,,2026-08-08 22:47:30,,RAPID-49713706
09a7d69e-ee18-421b-bca8-b598716c7930,108596,https://fsn1.your-objectstorage.com/tecdoc2025/media_files/images/403/25efcd380ad00da236a7389f2370f98b3a669af5.webp,,1,0,,,2026-08-08 22:47:30,,RAPID-3032919
09cae073-6a4b-4339-8bac-27b888dc5c20,108187,https://fsn1.your-objectstorage.com/tecdoc2025/media_files/images/442/3f249429b768f3bd653f14e410fb2c569385378e.webp,,1,0,,,2026-08-08 22:47:30,,RAPID-9680214
09d03835-0a6b-4224-bb7c-f63ae38e9d33,108145,https://fsn1.your-objectstorage.com/tecdoc2025/media_files/images/6390/143364f3a691fe7e1fd92b648f0fd0681b4e7b09.webp,,1,0,,,2026-08-08 22:47:30,,RAPID-2862240
0a1b9426-b608-454f-92a2-7a8c58da0bbc,108772,https://fsn1.your-objectstorage.com/tecdoc2025/media_files/images/6358/2046c09d56227dbd994c7a677ab664f7e3f6418b.webp,,0,3,,,2026-08-08 22:47:30,,RAPID-2478060
0a3af824-e926-4fa3-965a-c6cd429d3138,108528,https://fsn1.your-objectstorage.com/tecdoc2025/media_files/images/4522/f884ec0fe36bb41f694f966e0dfced740b697e57.webp,,0,1,,,2026-08-08 22:47:30,,RAPID-2717403
0a6b9703-7ce3-4f88-bc5b-f9bda0320d28,108164,https://fsn1.your-objectstorage.com/tecdoc2025/media_files/images/4826/7fa1aa17c270ce1f09f9544896c0593300a51137.webp,,0,2,,,2026-08-08 22:47:30,,RAPID-50712759
0a6d508a-8729-4bc1-9791-b83a470c22fe,108066,https://fsn1.your-objectstorage.com/tecdoc2025/media_files/images/30/8647e70a764387404093de9ad0a66589998dfc7b.webp,,0,3,,,2026-08-08 22:47:30,,RAPID-737375
0aa52285-b43e-4cc0-8a3e-a3cdcd9e2966,108165,https://fsn1.your-objectstorage.com/tecdoc2025/media_files/images/4826/ea0ce25b82874d76b8d3809c52e62eda0560f8e6.webp,,1,0,,,2026-08-08 22:47:30,,RAPID-54695406
0ab69c39-8445-445f-a23d-418d3bde1e4e,108698,https://fsn1.your-objectstorage.com/tecdoc2025/media_files/PDF/378/7dad069cbae8e3ce575e52aabbfdb28d94e9b1bc.pdf,,1,0,,,2026-08-08 22:47:30,,RAPID-9686302
0ace7d0b-128d-4771-98db-d6d11184d91b,108161,https://fsn1.your-objectstorage.com/tecdoc2025/media_files/images/4826/b9d7014743afca2fe96118e139f8fdc2682e4fe4.webp,,0,5,,,2026-08-08 22:47:30,,RAPID-47436407
0adf6e7e-fb17-413c-b7ce-028f60bb4af8,108063,https://fsn1.your-objectstorage.com/tecdoc2025/media_files/images/7391/f9cc1cf12ca3a211528b8b0246e325c0184cf2d7.webp,,1,0,,,2026-08-08 22:47:30,,RAPID-41676174
0b0df8f5-3679-4bf1-96f3-8ec0aecdfc16,108247,https://fsn1.your-objectstorage.com/tecdoc2025/media_files/PDF/30/c97d325bb954384fde686c8bb5d8c63a9030676c.pdf,,1,0,,,2026-08-08 22:47:30,,RAPID-2512451
0b1b66e7-846c-42b1-93a9-0e88f7822976,108823,https://fsn1.your-objectstorage.com/tecdoc2025/media_files/images/6357/2480896b4581b3f63efa60acc206f0a7c3c90979.webp,,0,6,,,2026-08-08 22:47:30,,RAPID-9110356
0b206c58-59cd-4f6c-92b1-9110c27b0b9c,108271,https://fsn1.your-objectstorage.com/tecdoc2025/media_files/images/30/6dae4588b19b3a502fa4121c5d96433eafa37b2e.webp,,0,3,,,2026-08-08 22:47:30,,RAPID-2513193
0b372b8a-91b4-4336-8bb9-4e34d2848ab8,108778,https://fsn1.your-objectstorage.com/tecdoc2025/media_files/images/6358/5166044cfa3fc8bf19c19d3efeb3cd33d42e08b4.webp,,0,2,,,2026-08-08 22:47:30,,RAPID-2478206
0b4ec156-27d4-467d-85d8-2b57bd200d8b,108331,https://fsn1.your-objectstorage.com/tecdoc2025/media_files/images/186/26e393d4fbae34fe1240f41cfe2659bc0e5eb46c.webp,,1,0,,,2026-08-08 22:47:30,,RAPID-9577173
0b8c4fde-b4db-4e99-8c16-84a53125aad5,108277,https://fsn1.your-objectstorage.com/tecdoc2025/media_files/images/30/30cb8fe19d91586a9f35755cf969efbe2a17a726.webp,,0,3,,,2026-08-08 22:47:30,,RAPID-2514804
0b8ea849-6626-4550-8aff-5bb7f4eba837,108613,https://fsn1.your-objectstorage.com/tecdoc2025/media_files/images/4664/58f1721a2e4603a64e920d24a8d55e63775ae50a.webp,,1,0,,,2026-08-08 22:47:30,,RAPID-4268174
0b9ff0ae-e8e5-4957-9453-5cdb27e9274e,108815,https://fsn1.your-objectstorage.com/tecdoc2025/media_files/images/6357/d6e7d6481bdfa7d047e9b2c61fdf42e4b0917c6b.webp,,0,1,,,2026-08-08 22:47:30,,RAPID-9110139
0ba488d6-37d3-4928-9767-f27d572dab8d,108444,https://fsn1.your-objectstorage.com/tecdoc2025/media_files/images/2/b68e6807c3c4980f1d276be8830dc0252f77d561.webp,,0,2,,,2026-08-08 22:47:30,,RAPID-5414408
0be1af9a-2891-4588-9914-54fca7e517d2,108258,https://fsn1.your-objectstorage.com/tecdoc2025/media_files/images/30/493ed67d3e400ebdc9e300643120884503d56412.webp,,1,0,,,2026-08-08 22:47:30,,RAPID-2512847
0c358593-dee4-41be-8864-e31fe28188aa,108276,https://fsn1.your-objectstorage.com/tecdoc2025/media_files/PDF/30/710eeedcab31768c7bd93199b4efada5cb2fb3a8.pdf,,0,1,,,2026-08-08 22:47:30,,RAPID-2513475
0c3f7960-072b-40df-a37a-b02ae24d7807,108649,https://fsn1.your-objectstorage.com/tecdoc2025/media_files/PDF/6495/cb1e283f978087500a6609c520512fd3fddec96c.pdf,,0,3,,,2026-08-08 22:47:30,,RAPID-6469467
0c50cd33-dcd1-4dc7-856d-1e43d6557aec,108072,https://fsn1.your-objectstorage.com/tecdoc2025/media_files/images/4344/c0ca7cc6f8e1caa79e567a2f3019157e6cb7db52.webp,,1,0,,,2026-08-08 22:47:30,,RAPID-62773408
0c70941b-d157-4171-ad9a-4fdaa6034fdb,108822,https://fsn1.your-objectstorage.com/tecdoc2025/media_files/images/6357/4cfc5bf510aca3237d53a039300dc195880a7e14.webp,,0,4,,,2026-08-08 22:47:30,,RAPID-9110270
0c89e28e-3d6d-4d8c-90b3-e712af65dc1e,108077,https://fsn1.your-objectstorage.com/tecdoc2025/media_files/images/234/79f9a0c831c9833ed79170a44567f14eaffb2d73.webp,,1,0,,,2026-08-08 22:47:30,,RAPID-19475374
0c943c4e-878f-422e-b306-4614355007cf,108427,https://fsn1.your-objectstorage.com/tecdoc2025/media_files/images/2/156f396731e52748996e4f1d9fd21fff562b60e9.webp,,0,4,,,2026-08-08 22:47:30,,RAPID-5414490
0cbf657b-a431-428d-9bc6-edecaa78c346,108485,https://fsn1.your-objectstorage.com/tecdoc2025/media_files/images/481/f19c4b23afae6e23368f896fcb880e7b303021cc.webp,,1,0,,,2026-08-08 22:47:30,,RAPID-9049146
0d10f735-327c-4a5d-9524-d4862e783128,108155,https://fsn1.your-objectstorage.com/tecdoc2025/media_files/images/4826/6bbf1c6dca6fe627815d35659c7e668302180acd.webp,,0,1,,,2026-08-08 22:47:30,,RAPID-51433062
0d11ec26-d59d-4a77-84f7-b7f7ad974858,108580,https://fsn1.your-objectstorage.com/tecdoc2025/media_files/images/95/b4f29cca60a0f4d0e4873270c415b7770185f003.webp,,1,0,,,2026-08-08 22:47:30,,RAPID-80953906
0d170800-e58a-4d88-ab88-88238c5c9d7c,108564,https://fsn1.your-objectstorage.com/tecdoc2025/media_files/images/4600/94c5c8075194713d6af00bd5101d134025cd48e9.webp,,1,0,,,2026-08-08 22:47:30,,RAPID-3381152
0d312168-9b3e-4c32-bad0-7c53c5852c77,108723,https://fsn1.your-objectstorage.com/tecdoc2025/media_files/images/6267/084ba3c3e8b44353ae0a92f3733c0f9ee8466aac.webp,,0,2,,,2026-08-08 22:47:30,,RAPID-10363134
0d5b44bb-75a5-453f-bee6-f5a3ba80aba9,108586,https://fsn1.your-objectstorage.com/tecdoc2025/media_files/images/403/0d23871b55500520bcdef5f7e1d0aa468d026b4c.webp,,0,1,,,2026-08-08 22:47:30,,RAPID-3031819
0d85c666-3c37-4b9e-9d04-2bc7e617a5d7,108278,https://fsn1.your-objectstorage.com/tecdoc2025/media_files/images/30/88ea73fc57359c7447d9d6ce0cd4f086a2c1d466.webp,,0,2,,,2026-08-08 22:47:30,,RAPID-2514803
0d89cef9-e7fb-4f23-b9aa-73f3741142ee,108768,https://fsn1.your-objectstorage.com/tecdoc2025/media_files/images/6358/7a5b707b913c7eba3e10d5f1d70004461b5958dd.webp,,0,3,,,2026-08-08 22:47:30,,RAPID-2478005
0d92cd79-aa5a-4834-92a5-db8d2876942f,108717,https://fsn1.your-objectstorage.com/tecdoc2025/media_files/images/6267/657a7d67aaa4b64ba6f8c6a177b8a8f422a0250f.webp,,0,1,,,2026-08-08 22:47:30,,RAPID-8218363
0da3cf08-37c5-491f-b44e-3ac6798e0bcd,108803,https://fsn1.your-objectstorage.com/tecdoc2025/media_files/images/7788/f3e1f2dc7485c1d0853793772b1a98a7675516c6.webp,,0,1,,,2026-08-08 22:47:30,,RAPID-92117366
0dba80f3-4cb4-4ffb-9f25-2ee90c8aa483,108069,https://fsn1.your-objectstorage.com/tecdoc2025/media_files/images/30/42cf784dba078e63f6f764134970ebead324a166.webp,,1,0,,,2026-08-08 22:47:30,,RAPID-737152
0dc7cce4-19b6-4b2c-a8e9-138e74c822ed,108156,https://fsn1.your-objectstorage.com/tecdoc2025/media_files/images/4826/be0819e85f50a6353ad2779ddae33fa329c229a9.webp,,0,2,,,2026-08-08 22:47:30,,RAPID-56953185
0de129b7-eac6-44fa-a7f3-92a4fb503ade,108162,https://fsn1.your-objectstorage.com/tecdoc2025/media_files/images/4826/71bf7311b9a80f8884e8b49b9757d7afde622af7.webp,,1,0,,,2026-08-08 22:47:30,,RAPID-46517535
0dfffe00-0296-4106-b2eb-5887c144af58,108271,https://fsn1.your-objectstorage.com/tecdoc2025/media_files/PDF/30/b0d4e99e1f7a188bc1e4bc51b66353fc52647196.pdf,,1,0,,,2026-08-08 22:47:30,,RAPID-2513193
0e04a300-ef95-4f2f-b53d-cb62befd31a8,108397,https://fsn1.your-objectstorage.com/tecdoc2025/media_files/images/271/1cf741b1524963d28b77dc66005cc7ebca5dc745.webp,,0,5,,,2026-08-08 22:47:30,,RAPID-21264884
0e173d93-ac4e-4cb2-ac95-f56a91dfaa0a,108350,https://fsn1.your-objectstorage.com/tecdoc2025/media_files/images/4585/eae00141e65f4d75389a91763d2686b8829ce59c.webp,,1,0,,,2026-08-08 22:47:30,,RAPID-8317596
0e8d441f-4cae-4174-be9b-960fddb324eb,108799,https://fsn1.your-objectstorage.com/tecdoc2025/media_files/images/7788/6f5bf04bb4b4e80d84792bad67a73011c162f6ec.webp,,0,1,,,2026-08-08 22:47:30,,RAPID-87454226
0e996b8c-a7fd-43fe-9aa6-45e6b2b1c50d,108793,https://fsn1.your-objectstorage.com/tecdoc2025/media_files/images/6437/56baa89010cbfdfcd88434d615d378776d56fa44.webp,,1,0,,,2026-08-08 22:47:30,,RAPID-6046684
0ea3a1a4-6cc8-449a-b500-83fcac35c173,108341,https://fsn1.your-objectstorage.com/tecdoc2025/media_files/images/66/aa4b0df773ec7cbe49a26054af9b710211050ffa.webp,,0,1,,,2026-08-08 22:47:30,,RAPID-6617686
0ebe87f9-95ce-4a2c-a765-866b325d568b,108796,https://fsn1.your-objectstorage.com/tecdoc2025/media_files/images/6437/07f02a8561340ae2e6a048d235f15d3c37232faf.webp,,1,0,,,2026-08-08 22:47:30,,RAPID-7927566
0ee400b2-c5c3-4fa8-8705-2d245d3b112c,108330,https://fsn1.your-objectstorage.com/tecdoc2025/media_files/images/6476/b0dbfd22241e05a997966a79514de4feae6318ca.webp,,1,0,,,2026-08-08 22:47:30,,RAPID-6489512
0eec2ba9-edf3-4dec-8b82-0444219fd0c9,108601,https://fsn1.your-objectstorage.com/tecdoc2025/media_files/images/403/ffbc92c133f9d3c0e7373eb35877457f50d7988e.webp,,0,2,,,2026-08-08 22:47:30,,RAPID-3032886
0f608922-061c-4632-ab76-84a93b7a7103,108284,https://fsn1.your-objectstorage.com/tecdoc2025/media_files/images/30/a35ae128e787ec727496b6dee6fd3d5cc284425f.webp,,0,1,,,2026-08-08 22:47:30,,RAPID-2513190
0f70f2f6-cc0d-4d35-95c7-5486a197c3b2,108774,https://fsn1.your-objectstorage.com/tecdoc2025/media_files/images/6358/2e193afe24ae5fcdc58f9adb08d68a0364e3f226.webp,,0,5,,,2026-08-08 22:47:30,,RAPID-2478069
0fcbaaef-a625-4ae8-97a4-d4a80989e47a,108054,https://fsn1.your-objectstorage.com/tecdoc2025/media_files/PDF/67/0e4ee0465a2bfcef8d8cfece1093d68f0254e0ce.pdf,,1,0,,,2026-08-08 22:47:30,,RAPID-4181904
0fe6ad7a-0c3f-4feb-b059-7041c75cf855,108631,https://fsn1.your-objectstorage.com/tecdoc2025/media_files/images/6925/73e64d48fea59df373d2267474b151f7ab5a3d47.webp,,0,7,,,2026-08-08 22:47:30,,RAPID-9217440
0ff97905-e027-4277-bc1e-25de10d31be8,108775,https://fsn1.your-objectstorage.com/tecdoc2025/media_files/images/6358/e79c51d13c3e6f068c7ac58127e6792fb0d29112.webp,,0,5,,,2026-08-08 22:47:30,,RAPID-2478092
10502a20-4b2d-424a-a9f5-585b3e50c54b,108780,https://fsn1.your-objectstorage.com/tecdoc2025/media_files/images/6358/df7201770331981e19723908f269f4e7ecadca02.webp,,0,4,,,2026-08-08 22:47:30,,RAPID-2478300
10724cc2-0155-482b-9c1d-265506cf71d8,108791,https://fsn1.your-objectstorage.com/tecdoc2025/media_files/images/4592/39f8dbda49ba1600bd7c8d9a67b0107ce14aa425.webp,,0,4,,,2026-08-08 22:47:30,,RAPID-9245854
10938b5f-1b08-4d87-8d1b-ce0360cb7b9f,108579,https://fsn1.your-objectstorage.com/tecdoc2025/media_files/images/95/f9956d405ef6ef7f9c7995a7ab63ce64dd8e1f86.webp,,0,2,,,2026-08-08 22:47:30,,RAPID-80626971
10b65e2c-ba20-4a14-a2d0-c302f51da731,108249,https://fsn1.your-objectstorage.com/tecdoc2025/media_files/images/30/729536e0f965e9e310601e6f86c5a6ab403918f1.webp,,0,4,,,2026-08-08 22:47:30,,RAPID-2512454
10d4d14a-cc90-4382-a589-0a1a2d7bdb97,108348,https://fsn1.your-objectstorage.com/tecdoc2025/media_files/images/66/62753dfdfd85d1bde9f60b563796d537e09350d2.webp,,0,1,,,2026-08-08 22:47:30,,RAPID-6677581
10e77470-1139-4096-85ff-20e560a44568,108422,https://fsn1.your-objectstorage.com/tecdoc2025/media_files/images/5251/50c0572cbbc6790cdcc514612a420733f84711cb.webp,,1,0,,,2026-08-08 22:47:30,,RAPID-502057
1126c803-3413-4c1a-a7cd-0b61fedb7f18,108674,https://fsn1.your-objectstorage.com/tecdoc2025/media_files/images/6473/fb0311c0b863fb88ac41ba98f850173be39b573c.webp,,1,0,,,2026-08-08 22:47:30,,RAPID-8303207
114964f5-3d1d-4f33-b020-b6c7a74bbd09,108513,https://fsn1.your-objectstorage.com/tecdoc2025/media_files/images/201/52a3807379ddc72973472b968a21675745d2248a.webp,,1,0,,,2026-08-08 22:47:30,,RAPID-9693161
1158ad49-e29f-40da-b31f-505b40365d4e,108784,https://fsn1.your-objectstorage.com/tecdoc2025/media_files/images/6358/58e08c7c9c80676fa12006615ece28bdb9027063.webp,,1,0,,,2026-08-08 22:47:30,,RAPID-2477895
11624162-1c70-4181-80c8-44777f15f100,108236,https://fsn1.your-objectstorage.com/tecdoc2025/media_files/images/475/49a9c845ca817950d39f6fa507e71b883e4fadd2.webp,,1,0,,,2026-08-08 22:47:30,,RAPID-6142307
117633f8-9106-4196-be69-636a9d36af8a,108030,https://fsn1.your-objectstorage.com/tecdoc2025/media_files/images/6903/61a48e2f74443218cd24e81ad7f2e50f15ab0c90.webp,"Brake Pad Set, disc brake",1,0,,,2026-08-06 14:47:26,,RAPID-78785364
118d642d-d1c4-4b87-ac52-007b105684f3,108275,https://fsn1.your-objectstorage.com/tecdoc2025/media_files/PDF/30/e789521b2466401212a0cf8cd3c696de25a57157.pdf,,0,1,,,2026-08-08 22:47:30,,RAPID-2513704
11dbc1ef-7e91-4de0-a0b7-586b09d7a5b4,108692,https://fsn1.your-objectstorage.com/tecdoc2025/media_files/images/2112/035d94708267638a57c3bef1224a541f7785d1bb.webp,,1,0,,,2026-08-08 22:47:30,,RAPID-3299641
11e2a12b-1f9b-4e88-be0a-4f92fd4479d0,108730,https://fsn1.your-objectstorage.com/tecdoc2025/media_files/images/4652/beeac61e283e39688ddb38173202caec86d73160.webp,,1,0,,,2026-08-08 22:47:30,,RAPID-7650086
11e64389-6ce2-47c6-a5ae-73ee2d76f21c,108801,https://fsn1.your-objectstorage.com/tecdoc2025/media_files/images/7788/cdf8de8e8d2a496d21a07a07f55e81d803343f2b.webp,,0,2,,,2026-08-08 22:47:30,,RAPID-91462161
11f3e86a-50f9-4ee9-a1d7-18a56ff50cbc,108432,https://fsn1.your-objectstorage.com/tecdoc2025/media_files/images/2/7596ae51695cbb9d68c33a806d942c79f39ebe13.webp,,0,3,,,2026-08-08 22:47:30,,RAPID-5414520
12211810-ef5d-4679-9302-8826ea97a3c7,108324,https://fsn1.your-objectstorage.com/tecdoc2025/media_files/PDF/4434/48a760a44ec82db420aa64a9e774558b69fe58b4.pdf,,1,0,,,2026-08-08 22:47:30,,RAPID-2394553
1271034d-18d4-4c88-80b8-8b604a3ce16a,108742,https://fsn1.your-objectstorage.com/tecdoc2025/media_files/images/6990/11a8402fdc7cfeddf61e4d454f6697651812a5ca.webp,,0,3,,,2026-08-08 22:47:30,,RAPID-8524529
12723025-2a98-4c06-bf39-643417b5daae,108426,https://fsn1.your-objectstorage.com/tecdoc2025/media_files/images/2/2e927f99086930859554a2f01ab51df5002a5bc9.webp,,1,0,,,2026-08-08 22:47:30,,RAPID-12571775
12daec69-f448-4308-882c-72dc52fcc181,108728,https://fsn1.your-objectstorage.com/tecdoc2025/media_files/images/4652/edfceb60c69a293027ec1c1801c2e174f682c24c.webp,,1,0,,,2026-08-08 22:47:30,,RAPID-7650058
130c3b15-049b-41a9-8c22-73c36a7fa3c1,108346,https://fsn1.your-objectstorage.com/tecdoc2025/media_files/images/66/591517f137819c90a8caddd2c8d2710a72499e10.webp,,0,2,,,2026-08-08 22:47:30,,RAPID-6677576
131fa86e-b68f-42af-8317-57286662d29b,108468,https://fsn1.your-objectstorage.com/tecdoc2025/media_files/images/7789/a3487a805077026e33c064c9e63e124eb17a714e.webp,,0,2,,,2026-08-08 22:47:30,,RAPID-81840235
13338711-baa0-426a-b0ef-310314bf93ec,108245,https://fsn1.your-objectstorage.com/tecdoc2025/media_files/images/475/dd03307d96d8d87202ba43983e6cf8889ed91927.webp,,0,1,,,2026-08-08 22:47:30,,RAPID-6142333
1343883a-19a8-42a6-a697-b03e08ca9dec,108369,https://fsn1.your-objectstorage.com/tecdoc2025/media_files/images/4881/5cceb700cbebecee6a13f0580b046c264143b7ea.webp,,1,0,,,2026-08-08 22:47:30,,RAPID-4170450
134fb8d3-0702-441d-8a2c-51d01c98ac71,108339,https://fsn1.your-objectstorage.com/tecdoc2025/media_files/images/66/e283158cc0f1d26bb781e712626baad1d9ef947e.webp,,0,2,,,2026-08-08 22:47:30,,RAPID-6604009
137670ef-8b41-4456-b589-016c21e517ce,108805,https://fsn1.your-objectstorage.com/tecdoc2025/media_files/images/6357/06c534de81bf10b611890f76bae3787c0ef5f904.webp,,0,4,,,2026-08-08 22:47:30,,RAPID-9110016
13c0275d-e3c9-4945-8bf9-16f93847c2cf,108279,https://fsn1.your-objectstorage.com/tecdoc2025/media_files/PDF/30/b0d4e99e1f7a188bc1e4bc51b66353fc52647196.pdf,,1,0,,,2026-08-08 22:47:30,,RAPID-2514841
141cc717-93cd-4920-a596-4bae50ce7fd5,108798,https://fsn1.your-objectstorage.com/tecdoc2025/media_files/images/7788/82062e025314f828d2c7c57d52d061eaa44b84f4.webp,,0,2,,,2026-08-08 22:47:30,,RAPID-91790776
141ea2c4-cfa4-428f-bb11-e955ac76284b,108805,https://fsn1.your-objectstorage.com/tecdoc2025/media_files/images/6357/a5753e3877eb697ee2efd1cc6b2e56430eb9f8e4.webp,,0,2,,,2026-08-08 22:47:30,,RAPID-9110016
1434010c-4f5d-4291-ab72-28beb95d7590,108208,https://fsn1.your-objectstorage.com/tecdoc2025/media_files/images/4464/c5f44b4f5346cb30350bad1a7ae5002fe01692d3.webp,,1,0,,,2026-08-08 22:47:30,,RAPID-9686382
145cf718-333e-4a6a-957d-5cd4a86fc54f,108366,https://fsn1.your-objectstorage.com/tecdoc2025/media_files/images/4318/04912c3a07d32578775ba0d97eae52a1883d703a.webp,,1,0,,,2026-08-08 22:47:30,,RAPID-3381129
14651e9c-e05d-4c78-b01a-e093347cbdca,108161,https://fsn1.your-objectstorage.com/tecdoc2025/media_files/images/4826/9c80a1b65eabcf392f830f12dc145f1c6abfe46d.webp,,0,1,,,2026-08-08 22:47:30,,RAPID-47436407
14e448c4-6e2d-40af-861f-8411ab914a41,108811,https://fsn1.your-objectstorage.com/tecdoc2025/media_files/images/6357/a07c5f3bdd43632f15fe75a45815dfb357a32bd7.webp,,0,3,,,2026-08-08 22:47:30,,RAPID-9110126
14ef4f04-719f-4198-afea-ad34c0b41ad3,108444,https://fsn1.your-objectstorage.com/tecdoc2025/media_files/images/2/3e6ab28fcd171eb63f39e3360086f6d0a05a37f6.webp,,0,3,,,2026-08-08 22:47:30,,RAPID-5414408
14f150cf-8a14-4a4d-8733-3b2b82568920,108086,https://fsn1.your-objectstorage.com/tecdoc2025/media_files/images/72/b37e863d846194761195c13cc03abd379d7a8100.webp,,1,0,,,2026-08-08 22:47:30,,RAPID-5065833
14fd5d04-7fc0-4693-b35c-b446c8b7457a,108067,https://fsn1.your-objectstorage.com/tecdoc2025/media_files/images/30/a51a048bc7df61f00f120685f21cc4643f9fb539.webp,,0,6,,,2026-08-08 22:47:30,,RAPID-737251
150f535f-96d9-4afd-b706-0e455517d953,108838,https://fsn1.your-objectstorage.com/tecdoc2025/media_files/images/4595/196bc07b3d7e2ef796705dc6603de185b70b6ede.webp,,1,0,,,2026-08-08 22:47:30,,RAPID-869474
15326488-9b64-4456-b6e9-99a434ca91a1,108373,https://fsn1.your-objectstorage.com/tecdoc2025/media_files/images/4344/7d2db63b46a56c7d1378376a4597487ae75d28c4.webp,,1,0,,,2026-08-08 22:47:30,,RAPID-6870791
1550652f-1ab4-40b7-8727-ffa0f4d8de3c,108447,https://fsn1.your-objectstorage.com/tecdoc2025/media_files/images/2/171cc8f065dd32e8722992b61772748faf04074c.webp,,0,1,,,2026-08-08 22:47:30,,RAPID-16225763
155e8922-410e-4fcf-9496-7f8f5a72769e,108353,https://fsn1.your-objectstorage.com/tecdoc2025/media_files/images/4585/f4af9c3f6ae68351eab0a854982907a54fd9496a.webp,,1,0,,,2026-08-08 22:47:30,,RAPID-6678274
1566c9ff-6146-4f47-8f46-36c3523dd94a,108183,https://fsn1.your-objectstorage.com/tecdoc2025/media_files/images/442/74978c8c07b2bea9a8bf1af65b5b91cf91dac2c4.webp,,1,0,,,2026-08-08 22:47:30,,RAPID-9680207
156dfc8f-4768-48f4-ae67-7379afdea616,108445,https://fsn1.your-objectstorage.com/tecdoc2025/media_files/images/2/69f099ed4e95c248eb27e194095bdc7e98135072.webp,,0,1,,,2026-08-08 22:47:30,,RAPID-16753044
15991497-b424-42fb-be2c-2f4b1a053f17,108744,https://fsn1.your-objectstorage.com/tecdoc2025/media_files/images/6990/1c51ecd1205fe68a0cb6cfab75eaaddc8c1cd83f.webp,,0,1,,,2026-08-08 22:47:30,,RAPID-8526922
15b3d2aa-5d79-437c-8393-9df9d6ffba5d,108317,https://fsn1.your-objectstorage.com/tecdoc2025/media_files/PDF/4434/86a00cf2fedfd70d7fc2c247cde63f5381b27547.pdf,,1,0,,,2026-08-08 22:47:30,,RAPID-2394531
15b820ca-a3cb-492d-9534-fdb9ad973572,108827,https://fsn1.your-objectstorage.com/tecdoc2025/media_files/images/4675/cb010e1c5132503caa9669dd3a58462b29731821.webp,,1,0,,,2026-08-08 22:47:30,,RAPID-9210667
1613231a-1e42-47ac-923e-5dd3dee461e3,108807,https://fsn1.your-objectstorage.com/tecdoc2025/media_files/images/6357/735ca64f86bf3bf2372f88c0125d7c34693360b3.webp,,0,3,,,2026-08-08 22:47:30,,RAPID-9110021
1622e8ac-2ab9-4902-81ad-c8fb6e99b786,108807,https://fsn1.your-objectstorage.com/tecdoc2025/media_files/images/6357/251339cf60e3bafe402a43d15e3b83791f1441e2.webp,,0,2,,,2026-08-08 22:47:30,,RAPID-9110021
16252573-e140-46a5-b5eb-4e8bc3750ba9,108755,https://fsn1.your-objectstorage.com/tecdoc2025/media_files/images/6983/966ff5ae9770df65e434ff10be61e96c34237de8.webp,,0,1,,,2026-08-08 22:47:30,,RAPID-1776605
1657b64d-60d6-4c89-980c-91f61c4b52ca,108628,https://fsn1.your-objectstorage.com/tecdoc2025/media_files/images/6925/efaa4bead3bdde893c535996150c7d2eaaec7381.webp,,0,2,,,2026-08-08 22:47:30,,RAPID-9217199
1684438e-f615-4084-a8bb-63981700f2c4,108618,https://fsn1.your-objectstorage.com/tecdoc2025/media_files/images/144/fa06f3e8886e7327b93e033b353c8a4b193c1859.webp,,1,0,,,2026-08-08 22:47:30,,RAPID-337077
16887bab-01a3-4b3a-ad54-265c342a95f9,108091,https://fsn1.your-objectstorage.com/tecdoc2025/media_files/images/4501/3d42e18bc6305637d7cb62684ee37e63f44a3415.webp,,1,0,,,2026-08-08 22:47:30,,RAPID-7903153
16994e7b-081e-48cb-9207-ead8331dc2e4,108237,https://fsn1.your-objectstorage.com/tecdoc2025/media_files/images/475/e1eea989fd6d88c2e226a3865e8427f0c39f2419.webp,,0,1,,,2026-08-08 22:47:30,,RAPID-6142303
169e2a90-5c1b-4a0e-a930-1bd14acb2f56,108851,https://fsn1.your-objectstorage.com/tecdoc2025/media_files/images/4595/c6d60822139891977f14ed9f7efbcb0fb98989c3.webp,,1,0,,,2026-08-08 22:47:30,,RAPID-835977
16ab3201-89f1-4306-9463-cd4da2b6a366,108644,https://fsn1.your-objectstorage.com/tecdoc2025/media_files/PDF/6495/7e2fd425afe78dfb704098540a9b4b71a41dda2c.pdf,,0,1,,,2026-08-08 22:47:30,,RAPID-6467400
16bf0d15-e1c3-4f1b-b84e-9fe43009557d,108688,https://fsn1.your-objectstorage.com/tecdoc2025/media_files/images/6355/ad703f6a3cfd1a2054a00f1b4779b04d047821b0.webp,,1,0,,,2026-08-08 22:47:30,,RAPID-6871166
170970c4-415b-4aac-b10e-86dc39cf1e77,108254,https://fsn1.your-objectstorage.com/tecdoc2025/media_files/images/30/cf8bff25623d4cfcecd4015ca193d0be07f8d1dd.webp,,0,2,,,2026-08-08 22:47:30,,RAPID-2512622
170f8c5f-0457-4ac9-80bf-10d3a18f83f2,108647,https://fsn1.your-objectstorage.com/tecdoc2025/media_files/images/6495/73a2e4a0120e1b87b4b645346309ed1554af095c.webp,,0,2,,,2026-08-08 22:47:30,,RAPID-19995881
173f7a7a-2f6e-43b2-a35b-9f1475771af0,108513,https://fsn1.your-objectstorage.com/tecdoc2025/media_files/images/201/ce76aa4721f94227e970db3f40fc745557d1bdf6.webp,,0,2,,,2026-08-08 22:47:30,,RAPID-9693161
1747aba0-4899-46b7-9e2f-646aec8d6879,108312,https://fsn1.your-objectstorage.com/tecdoc2025/media_files/images/421/abe535bcf4846a6571a46d78809ea1e9a10dcd74.webp,,1,0,,,2026-08-08 22:47:30,,RAPID-6298700
17526316-a443-4b8b-a5f9-a58b5b7f0a9e,108780,https://fsn1.your-objectstorage.com/tecdoc2025/media_files/images/6358/df7201770331981e19723908f269f4e7ecadca02.webp,,0,5,,,2026-08-08 22:47:30,,RAPID-2478300
17735c04-0437-4025-8d2d-cedfabb55a62,108246,https://fsn1.your-objectstorage.com/tecdoc2025/media_files/images/30/3d873baa03fb4125b1573f318e6a3790fb5b4b25.webp,,0,7,,,2026-08-08 22:47:30,,RAPID-2512267
177cf70e-9a14-42c3-9b02-c61d07707a06,108705,https://fsn1.your-objectstorage.com/tecdoc2025/media_files/images/378/27069d3b906b8fc56273c3d88dffb07879018b6b.webp,,1,0,,,2026-08-08 22:47:30,,RAPID-11053505
17b2fc0c-6644-455e-a59f-a009eeea156f,108500,https://fsn1.your-objectstorage.com/tecdoc2025/media_files/images/185/5b9a4d5798a2bec2d931c205b557374d965bce78.webp,,1,0,,,2026-08-08 22:47:30,,RAPID-2383203
17b995be-976a-47bf-84fb-50cbf83c2d4d,108259,https://fsn1.your-objectstorage.com/tecdoc2025/media_files/images/30/57862d7bac95df073120a6b9cefe82282236c6f3.webp,,0,5,,,2026-08-08 22:47:30,,RAPID-2512832
17bcdf50-c953-4c02-8ba0-8d7b7f97b20d,108652,https://fsn1.your-objectstorage.com/tecdoc2025/media_files/PDF/6495/f471b205d03fcdde81fb8ca7c8d946f9a9bbceb6.pdf,,0,1,,,2026-08-08 22:47:30,,RAPID-6467360
17cbf597-15fd-4290-a12a-d8867a52f7ae,108823,https://fsn1.your-objectstorage.com/tecdoc2025/media_files/images/6357/89aafba45ad02df3decfa8cdc575e414497d6b51.webp,,0,4,,,2026-08-08 22:47:30,,RAPID-9110356
17e9c1a5-e500-42f5-9dd4-921a1ec78f3c,108307,https://fsn1.your-objectstorage.com/tecdoc2025/media_files/images/405/dd95d38907022bb0a2a63604156829b6a1716cb5.webp,,1,0,,,2026-08-08 22:47:30,,RAPID-4529989
17ef610a-f15d-4cda-8290-3504c10e5f92,108078,https://fsn1.your-objectstorage.com/tecdoc2025/media_files/images/234/14780086bb1c6654330324178d723c4e5953ffca.webp,,1,0,,,2026-08-08 22:47:30,,RAPID-17545327
17fe4be9-8b5a-40af-85b8-9266155cc373,108246,https://fsn1.your-objectstorage.com/tecdoc2025/media_files/images/30/22b7be6cfa913da656068cc496799df3cf565b03.webp,,0,4,,,2026-08-08 22:47:30,,RAPID-2512267
18885dc8-39a0-4b3e-b8dd-69e776bb0e54,108158,https://fsn1.your-objectstorage.com/tecdoc2025/media_files/images/4826/6cb8d340a7d70839fdbd9e404ef14d5460107f88.webp,,0,2,,,2026-08-08 22:47:30,,RAPID-56232635
18998eb9-b2d2-4e22-ba00-32c8cf3b84f2,108101,https://fsn1.your-objectstorage.com/tecdoc2025/media_files/images/4671/71c341644e3d7d97198bb0e7f8544440b13676e7.webp,,0,2,,,2026-08-08 22:47:30,,RAPID-8249595
18bc114c-6b7e-46b0-b093-f2fac6adf7aa,108244,https://fsn1.your-objectstorage.com/tecdoc2025/media_files/images/475/bef442181557b5608fe1c0abdf55ff72e46e78a6.webp,,0,1,,,2026-08-08 22:47:30,,RAPID-6142336
18beac09-5038-456d-bb5c-a3332a5181d0,108401,https://fsn1.your-objectstorage.com/tecdoc2025/media_files/images/6989/d22b6507ce98a0f7fff19122dcd260601a13095a.webp,,1,0,,,2026-08-08 22:47:30,,RAPID-6029827
18c39eb5-ec48-4d1f-9067-6bece24b856e,108594,https://fsn1.your-objectstorage.com/tecdoc2025/media_files/images/403/56f24186edb121ae208ab0bf4971a82dd418a43a.webp,,1,0,,,2026-08-08 22:47:30,,RAPID-3032431
18ee717f-804f-4580-99f4-9c9bc17e1cec,108647,https://fsn1.your-objectstorage.com/tecdoc2025/media_files/PDF/6495/2b98cf7e3ce72ef370ed74cb91d9b4d5cb3988fa.pdf,,0,1,,,2026-08-08 22:47:30,,RAPID-19995881
18ef5ade-8e6c-4627-8c19-e6cd94264f68,108598,https://fsn1.your-objectstorage.com/tecdoc2025/media_files/images/403/86940c1ab7ef3bdd74de430125353d79c3634375.webp,,1,0,,,2026-08-08 22:47:30,,RAPID-3032873
1900c756-7023-4f37-b8e9-5027521b3ee7,108820,https://fsn1.your-objectstorage.com/tecdoc2025/media_files/images/6357/a9f0b963eb4a360283cc0a3fedd7628c5d1d15a5.webp,,1,0,,,2026-08-08 22:47:30,,RAPID-9110284
19280cc2-803d-41b0-95c7-9a20c549cba8,108735,https://fsn1.your-objectstorage.com/tecdoc2025/media_files/images/7101/5c27081b9555fc7803d2ecfdca528cad6dcc3f2f.webp,,1,0,,,2026-08-08 22:47:30,,RAPID-29717510
192db91d-f231-4b73-a085-daed79e0ee47,108117,https://fsn1.your-objectstorage.com/tecdoc2025/media_files/images/45/3905942a01865f3e920184e42662ccd91b7024fc.webp,,0,1,,,2026-08-08 22:47:30,,RAPID-2275733
1937f841-06b5-4b19-ab83-16d5fce324b1,108506,https://fsn1.your-objectstorage.com/tecdoc2025/media_files/images/201/53a0bd30ecad0b5e28732d78ec55c48843fcd40d.webp,,1,0,,,2026-08-08 22:47:30,,RAPID-12181971
1939135a-881d-41e8-b608-1e491b3358df,108032,https://fsn1.your-objectstorage.com/tecdoc2025/media_files/images/6903/706e4805a5c35714a04697c56e3b49afb611177a.webp,"Brake Pad Set, disc brake",1,0,,,2026-08-06 14:47:26,,RAPID-85616011
19478ee2-df4a-4add-86bd-df4f2a971a39,108281,https://fsn1.your-objectstorage.com/tecdoc2025/media_files/images/30/bacbaf2aa93b9d7cc187dfb967f2efa367e9457f.webp,,0,3,,,2026-08-08 22:47:30,,RAPID-2514843
194f0e24-7a90-4bbc-ae36-5903f8a03cb5,108425,https://fsn1.your-objectstorage.com/tecdoc2025/media_files/images/2/fdee47df928feeb15ce43b8751f2398b1e5cc596.webp,,0,3,,,2026-08-08 22:47:30,,RAPID-5414517
197a99f0-8971-428d-894d-19aa2bf89ca9,108320,https://fsn1.your-objectstorage.com/tecdoc2025/media_files/PDF/4434/86a00cf2fedfd70d7fc2c247cde63f5381b27547.pdf,,1,0,,,2026-08-08 22:47:30,,RAPID-2394534
1996c59c-6aa9-44c5-b570-be2a784dfbf3,108033,https://fsn1.your-objectstorage.com/tecdoc2025/media_files/images/6903/a9a08403754f2f1a208e36507b2351e47ec847b8.webp,"Brake Pad Set, disc brake",1,0,,,2026-08-06 14:47:26,,RAPID-78030852
19efbc1e-47dc-44b7-b641-0fef61d27046,108647,https://fsn1.your-objectstorage.com/tecdoc2025/media_files/images/6495/bf4918a97e3819b705d2bd4682d4839b39b4b302.webp,,1,0,,,2026-08-08 22:47:30,,RAPID-19995881
1a56e262-70c2-4eb0-97b5-13bdc2ac802a,108064,https://fsn1.your-objectstorage.com/tecdoc2025/media_files/images/30/8647e70a764387404093de9ad0a66589998dfc7b.webp,,0,1,,,2026-08-08 22:47:30,,RAPID-737496
1a5b67ba-1663-4f55-af87-7f1c2fa92a7a,108776,https://fsn1.your-objectstorage.com/tecdoc2025/media_files/images/6358/8ccdcf15f4b064368a1f7943bfca56fe0143d0ec.webp,,1,0,,,2026-08-08 22:47:30,,RAPID-2478199
1a9102dc-31d0-4fad-a216-77a236690625,108489,https://fsn1.your-objectstorage.com/tecdoc2025/media_files/images/6985/7f2da1f2e91736cc2110ba9fec12092f4cbd4ffd.webp,,1,0,,,2026-08-08 22:47:30,,RAPID-30801463
1a9ba1e6-f778-4745-ba3c-061129a421de,108407,https://fsn1.your-objectstorage.com/tecdoc2025/media_files/images/7669/33a9e236d74ded40d1b4e213529e83a5d155c9f0.webp,,0,1,,,2026-08-08 22:47:30,,RAPID-76752650
1a9c1a9b-37b5-4685-82d0-bbbc3956d78a,108065,https://fsn1.your-objectstorage.com/tecdoc2025/media_files/images/30/8647e70a764387404093de9ad0a66589998dfc7b.webp,,0,1,,,2026-08-08 22:47:30,,RAPID-737422
1abbc804-5bfb-4fd3-b4e2-4475a2db6e2a,108268,https://fsn1.your-objectstorage.com/tecdoc2025/media_files/images/30/53e4f701c65f363d86a15d0243c625a3bb2a99f5.webp,,0,1,,,2026-08-08 22:47:30,,RAPID-2512849
1ac46987-7b47-48e7-8f2c-478bf44e26a7,108070,https://fsn1.your-objectstorage.com/tecdoc2025/media_files/images/30/8647e70a764387404093de9ad0a66589998dfc7b.webp,,0,1,,,2026-08-08 22:47:30,,RAPID-737115
1ad0ebfb-9b41-4597-a147-b0161bcf2894,108517,https://fsn1.your-objectstorage.com/tecdoc2025/media_files/images/4546/d2af3c973e914b0974263722f4f1c3ddf4fbcff7.webp,,1,0,,,2026-08-08 22:47:30,,RAPID-7746009
1b00943e-9e8d-4e3d-8130-5e92f8a963a4,108466,https://fsn1.your-objectstorage.com/tecdoc2025/media_files/images/7789/b465cd63cc837cd6cd6aa054f86eaf8bfb1f4dea.webp,,1,0,,,2026-08-08 22:47:30,,RAPID-83743931
1b3b0b85-5d80-4d89-9d33-5f947af441fc,108741,https://fsn1.your-objectstorage.com/tecdoc2025/media_files/images/6990/616e26933e80522e7480f27e0a2e7e1138f0480c.webp,,0,4,,,2026-08-08 22:47:30,,RAPID-8524532
1b55f2b4-e4e2-430e-a8b5-a88a80c31fc8,108750,https://fsn1.your-objectstorage.com/tecdoc2025/media_files/images/6983/cc5d93be0936ca8a513f9a3a565dc57c9c7bdbee.webp,,1,0,,,2026-08-08 22:47:30,,RAPID-1776619
1b68fd23-c2a2-4d22-b24b-eb6b1785b024,108694,https://fsn1.your-objectstorage.com/tecdoc2025/media_files/images/4380/acea82cf4498046e16c68edfc5bdb1e786cd542b.webp,,1,0,,,2026-08-08 22:47:30,,RAPID-1961480
1b72e694-1042-48bf-a4d5-52a879f1d243,108638,https://fsn1.your-objectstorage.com/tecdoc2025/media_files/images/6495/ec8a2182f1aae0fcada85280cd20e61a224718d1.webp,,1,0,,,2026-08-08 22:47:30,,RAPID-6467384
1b77b21b-538e-4c51-b45f-6378fcf89814,108557,https://fsn1.your-objectstorage.com/tecdoc2025/media_files/images/4600/3455ca2a0019c7006d4e34d05921578dd5819905.webp,,0,1,,,2026-08-08 22:47:30,,RAPID-7960701
1bd66258-5b72-4b66-b4a9-733d5799abf2,108272,https://fsn1.your-objectstorage.com/tecdoc2025/media_files/PDF/30/c97d325bb954384fde686c8bb5d8c63a9030676c.pdf,,1,0,,,2026-08-08 22:47:30,,RAPID-2513311
1bd8576e-6b37-4d0a-aa14-fd6f166a88de,108343,https://fsn1.your-objectstorage.com/tecdoc2025/media_files/images/66/4a15371396a4bb3c0833f5124b1d969044d15716.webp,,0,2,,,2026-08-08 22:47:30,,RAPID-6621121
1c133617-e8dc-4f7c-91bb-4d87c2e1e998,108629,https://fsn1.your-objectstorage.com/tecdoc2025/media_files/images/6925/f058a4ea45b514768c833ef40e761655dacc9a12.webp,,0,5,,,2026-08-08 22:47:30,,RAPID-8159120
1c44e74f-d35d-4fa9-8715-d916a943f8d0,108217,https://fsn1.your-objectstorage.com/tecdoc2025/media_files/images/350/ab46dea4a363ff5c802b1b04800d2d4ad95ddbb1.webp,,0,2,,,2026-08-08 22:47:30,,RAPID-5596879
1c72c584-94de-4911-94ba-dc3f6390afc9,108814,https://fsn1.your-objectstorage.com/tecdoc2025/media_files/images/6357/54210885a4a7696c60cfc3dac3548c69f927db0e.webp,,1,0,,,2026-08-08 22:47:30,,RAPID-9110143
1ca22d77-6af0-4e73-a77a-af742e744637,108105,https://fsn1.your-objectstorage.com/tecdoc2025/media_files/images/75/e6d9c212a512c043082db1b729a76f7b5c7cc954.webp,,0,2,,,2026-08-08 22:47:30,,RAPID-1220296
1cbe3e65-b4b1-4f6d-9975-479c8d2ffa91,108149,https://fsn1.your-objectstorage.com/tecdoc2025/media_files/images/6390/baa3678c0cec0ed9a9ce7f12cf6df0aac152837d.webp,,1,0,,,2026-08-08 22:47:30,,RAPID-2966047
1d26df18-008c-476a-9d42-5e9d5102b824,108428,https://fsn1.your-objectstorage.com/tecdoc2025/media_files/images/2/2e927f99086930859554a2f01ab51df5002a5bc9.webp,,0,6,,,2026-08-08 22:47:30,,RAPID-5414488
1d377cc2-7c18-4ebc-8995-31ed46f6b9b1,108673,https://fsn1.your-objectstorage.com/tecdoc2025/media_files/images/5377/96b3519828ff00d80a8307b0d59b125b453fe213.webp,,0,1,,,2026-08-08 22:47:30,,RAPID-24095466
1d4820ec-cb8a-4b0f-ae0b-e4ec3d08232b,108057,https://fsn1.your-objectstorage.com/tecdoc2025/media_files/PDF/67/0e4ee0465a2bfcef8d8cfece1093d68f0254e0ce.pdf,,1,0,,,2026-08-08 22:47:30,,RAPID-4181915
1d61e4fe-f686-4064-92a7-27347c18af1a,108095,https://fsn1.your-objectstorage.com/tecdoc2025/media_files/images/6473/2cf800a458b2564141e400112229e2b31f764c2f.webp,,1,0,,,2026-08-08 22:47:30,,RAPID-8269643
1d8000f6-55ac-44fb-8e96-8b0a5f0ce4b6,108154,https://fsn1.your-objectstorage.com/tecdoc2025/media_files/images/4826/eb74c46949621fc50c109c73617b3df87ab6cbe5.webp,,1,0,,,2026-08-08 22:47:30,,RAPID-58298776
1dbbb6d5-1847-4869-baf8-396c0c939d48,108066,https://fsn1.your-objectstorage.com/tecdoc2025/media_files/images/30/1a1a2ef0c22dae35b112b46d0aa3d64d0dfaa5f8.webp,,0,2,,,2026-08-08 22:47:30,,RAPID-737375
1e11ab1b-4d1d-4e86-8b02-e348403f403e,108552,https://fsn1.your-objectstorage.com/tecdoc2025/media_files/images/4501/7a9a002873057e4576daaaad10bdd2fe25ff074d.webp,,1,0,,,2026-08-08 22:47:30,,RAPID-7961447
1e3e5068-b70f-4566-8cad-11a16ea33c58,108639,https://fsn1.your-objectstorage.com/tecdoc2025/media_files/PDF/6495/cb1e283f978087500a6609c520512fd3fddec96c.pdf,,0,2,,,2026-08-08 22:47:30,,RAPID-6467363
1e4b4e8c-e32c-4744-bc49-cb73e97d129f,108108,https://fsn1.your-objectstorage.com/tecdoc2025/media_files/images/5646/028f5f918e8b5647b8bdf3f91f8b9ed9273f1142.webp,,1,0,,,2026-08-08 22:47:30,,RAPID-12375902
1e503b7f-f515-4e27-8817-7c36298f83d7,108397,https://fsn1.your-objectstorage.com/tecdoc2025/media_files/images/271/13b04093894591e2ae5c758ee2d819712b23a058.webp,,0,4,,,2026-08-08 22:47:30,,RAPID-21264884
1e820c0f-fab5-450f-9faf-b6d05fbf5213,108441,https://fsn1.your-objectstorage.com/tecdoc2025/media_files/images/2/3e6ab28fcd171eb63f39e3360086f6d0a05a37f6.webp,,0,2,,,2026-08-08 22:47:30,,RAPID-5414370
1ed585bb-ff02-4109-b020-db59f2283ce7,108684,https://fsn1.your-objectstorage.com/tecdoc2025/media_files/PDF/440/ec03350a27617f6d2ca8b1a61097bbedbaf431e2.pdf,,0,1,,,2026-08-08 22:47:30,,RAPID-9495946
1ee07ca3-00e5-4336-aa8d-27ce6bc8a08e,108248,https://fsn1.your-objectstorage.com/tecdoc2025/media_files/images/30/ab5432f3c98f78680a28a51d517e790cb3ae66f3.webp,,0,7,,,2026-08-08 22:47:30,,RAPID-2512436
1f32c6b4-9b2b-41e3-916e-cec9483f2f4c,108456,https://fsn1.your-objectstorage.com/tecdoc2025/media_files/images/4840/f3e5795815e3d6cfea15932f7b0ec6d9f2db13f9.webp,,0,2,,,2026-08-08 22:47:30,,RAPID-642850
1f9da776-15dc-4312-962b-c744774918f2,108363,https://fsn1.your-objectstorage.com/tecdoc2025/media_files/images/4318/891ec1321ae24f80060b02e9b69101888971d065.webp,,1,0,,,2026-08-08 22:47:30,,RAPID-3381217
1fa945dd-eb83-4e98-bb3c-02ca6bcebea1,108276,https://fsn1.your-objectstorage.com/tecdoc2025/media_files/images/30/b49cf1577d4231c4c262a5577a472fa2d004ec6d.webp,,0,5,,,2026-08-08 22:47:30,,RAPID-2513475
1fab8790-d925-4ff7-bf18-1b3f20a2a65f,108429,https://fsn1.your-objectstorage.com/tecdoc2025/media_files/images/2/2e927f99086930859554a2f01ab51df5002a5bc9.webp,,0,2,,,2026-08-08 22:47:30,,RAPID-5414491
1fc59be4-fe0f-4089-b506-2ce5d7bf7000,108817,https://fsn1.your-objectstorage.com/tecdoc2025/media_files/images/6357/1d7dfa222b94609846ec2ab1e84b9df8c5e1c7ba.webp,,1,0,,,2026-08-08 22:47:30,,RAPID-9110181
1ff167bf-6108-4472-b1d0-d311dbfc2596,108754,https://fsn1.your-objectstorage.com/tecdoc2025/media_files/images/6983/7c134d4eb72366e675f0ac6e1fa7fec00bafe9f3.webp,,0,2,,,2026-08-08 22:47:30,,RAPID-1776607
20602f32-51df-40cc-92ee-cac714104226,108453,https://fsn1.your-objectstorage.com/tecdoc2025/media_files/images/4840/f8e2cc6585241b0e17141d97975338333836a4b6.webp,,0,1,,,2026-08-08 22:47:30,,RAPID-1465967
20a5ecdf-f99b-4b8b-914a-5525d9e91fee,108156,https://fsn1.your-objectstorage.com/tecdoc2025/media_files/images/4826/fb4814f436816ca10ec7329ebc733f95d5eecc76.webp,,0,3,,,2026-08-08 22:47:30,,RAPID-56953185
210c1f67-c67d-4222-b728-1e5fcc459448,108527,https://fsn1.your-objectstorage.com/tecdoc2025/media_files/images/4522/68c1ae84fb6e03c86a75c1028cfd839949e5aed0.webp,,1,0,,,2026-08-08 22:47:30,,RAPID-2715572
21334a18-905c-4008-874f-cc442e190a91,108268,https://fsn1.your-objectstorage.com/tecdoc2025/media_files/images/30/b14c21881ce0a486562d8aa8c6e274e120a3ce5a.webp,,0,3,,,2026-08-08 22:47:30,,RAPID-2512849
217342a1-0bc0-4317-b83c-af13afdd924b,108577,https://fsn1.your-objectstorage.com/tecdoc2025/media_files/images/95/f4d21b4e2d74dc7dae2c0a6f279c5e923bbf4178.webp,,0,1,,,2026-08-08 22:47:30,,RAPID-107726
21a92dcc-6ef7-42b4-9c27-fc65393d3a86,108789,https://fsn1.your-objectstorage.com/tecdoc2025/media_files/images/6358/cf951e81157f0f90a2475f3351fdd5e69cd9215e.webp,,1,0,,,2026-08-08 22:47:30,,RAPID-2477992
21cfce7c-76b3-4030-a5c1-bbb67e3eb905,108686,https://fsn1.your-objectstorage.com/tecdoc2025/media_files/images/440/0cf2f951ba73fa4afe9f4e3f5876f48a294ece73.webp,,0,2,,,2026-08-08 22:47:30,,RAPID-9495951
21cfe2ff-5202-49f9-b171-e8571b57f720,108244,https://fsn1.your-objectstorage.com/tecdoc2025/media_files/images/475/78ef5bbf5d802b8c28d73e1e40af36c6bf69f7c0.webp,,1,0,,,2026-08-08 22:47:30,,RAPID-6142336
2239d0e4-b965-48e9-af10-944bf1da5313,108604,https://fsn1.your-objectstorage.com/tecdoc2025/media_files/images/403/338155621447f626e11be8aedbd8f074254cd8a4.webp,,1,0,,,2026-08-08 22:47:30,,RAPID-3032946
223e1d91-db78-4984-aef7-06fae542cdb5,108719,https://fsn1.your-objectstorage.com/tecdoc2025/media_files/images/6267/518d77492475bdfb6ecddd706b51c834346bb753.webp,,0,1,,,2026-08-08 22:47:30,,RAPID-10367119
2252338a-1ae7-4be3-8724-c887ffa3630c,108157,https://fsn1.your-objectstorage.com/tecdoc2025/media_files/images/4826/6cb283625185e18c4203af4b985eaed4e3bab492.webp,,0,1,,,2026-08-08 22:47:30,,RAPID-53825165
225ddb06-c00c-4fa8-9e2b-672da26c8a8a,108572,https://fsn1.your-objectstorage.com/tecdoc2025/media_files/images/95/23ece2b7cfdd793ba3a45b9cf2cfd2f022828eda.webp,,0,2,,,2026-08-08 22:47:30,,RAPID-107714
2297e758-6ef6-400f-9703-be59d49c4f1e,108504,https://fsn1.your-objectstorage.com/tecdoc2025/media_files/images/201/b8ed73dc9daef554cef7ceaadb375ef7c630a97c.webp,,0,1,,,2026-08-08 22:47:30,,RAPID-9690875
22a26504-c612-46b2-bb15-938572b0d14e,108572,https://fsn1.your-objectstorage.com/tecdoc2025/media_files/images/95/34e53eb0d48dadd5091cffe54b5d407a08981af1.webp,,0,1,,,2026-08-08 22:47:30,,RAPID-107714
22a7f577-7ddf-4196-b5a9-789e2c8af8ac,108542,https://fsn1.your-objectstorage.com/tecdoc2025/media_files/images/4522/10a9ed03bfdbdddec25b6c81f78172a496afddf7.webp,,1,0,,,2026-08-08 22:47:30,,RAPID-2722212
22bf3885-92d6-46d4-bf4e-5f5b4abfaefb,108263,https://fsn1.your-objectstorage.com/tecdoc2025/media_files/images/30/a21b0d0b6a9a5a2ac8945822f377d933634d96f5.webp,,0,3,,,2026-08-08 22:47:30,,RAPID-2512862
22e1f024-0ab5-441d-a2d5-0082c07c83c3,108378,https://fsn1.your-objectstorage.com/tecdoc2025/media_files/images/4391/cd1efb17dc5dd6934840f444d51b752c5b074e49.webp,,1,0,,,2026-08-08 22:47:30,,RAPID-1506334
2345bed2-494e-43b8-bbe5-adc9bd88da48,108710,https://fsn1.your-objectstorage.com/tecdoc2025/media_files/images/4683/7d590ac9cf5728289e8d9142b074dd2d2f2cd7c9.webp,,1,0,,,2026-08-08 22:47:30,,RAPID-2238050
2372f609-9dca-4507-b25f-2d96484db74f,108806,https://fsn1.your-objectstorage.com/tecdoc2025/media_files/images/6357/49813279a51dc0d9263474b5db8a410250deaff3.webp,,0,4,,,2026-08-08 22:47:30,,RAPID-9110028
2376cc99-3aba-40b6-8946-ddf2bef95e53,108788,https://fsn1.your-objectstorage.com/tecdoc2025/media_files/images/6358/db51ed45d439b2983ea2ff0531d5d2741235bfe8.webp,,0,1,,,2026-08-08 22:47:30,,RAPID-2477990
23b7dfff-299d-404f-a4b3-f956768edb38,108408,https://fsn1.your-objectstorage.com/tecdoc2025/media_files/images/7669/fc2b0c6fab8c8f5997e660b3f4ff6ba5dbea5859.webp,,0,3,,,2026-08-08 22:47:30,,RAPID-85549909
23d40bd2-c2ca-4eca-bc09-84e6d329a6c8,108250,https://fsn1.your-objectstorage.com/tecdoc2025/media_files/images/30/973167da7fccd52ae5cc5fb92976eccdb975ecb0.webp,,1,0,,,2026-08-08 22:47:30,,RAPID-2512545
245245ff-92dc-40bc-b3c9-fc5bce9299bb,108724,https://fsn1.your-objectstorage.com/tecdoc2025/media_files/images/6984/b99bc6b00dab88ea7cc4422ebaeb477a749aa4fd.webp,,1,0,,,2026-08-08 22:47:30,,RAPID-5336744
245917d4-5062-494c-ac84-2a045c4520d9,108698,https://fsn1.your-objectstorage.com/tecdoc2025/media_files/images/378/af21ab0442832a469bd7d65ff86913480f02fade.webp,,0,1,,,2026-08-08 22:47:30,,RAPID-9686302
246e8769-0837-4ded-ad9a-e2b86754fbd5,108112,https://fsn1.your-objectstorage.com/tecdoc2025/media_files/images/7788/5bba07fb460eb1a19e1136a084e8fcbb7d9b6dda.webp,,0,1,,,2026-08-08 22:47:30,,RAPID-91361032
2474672e-d30f-4500-aaa9-23f7e40fe33d,108667,https://fsn1.your-objectstorage.com/tecdoc2025/media_files/images/5377/96b3519828ff00d80a8307b0d59b125b453fe213.webp,,0,1,,,2026-08-08 22:47:30,,RAPID-4937887
247fc304-95e0-4deb-9d59-f80f5f3bb1cf,108775,https://fsn1.your-objectstorage.com/tecdoc2025/media_files/images/6358/cc7e9d3004982fafb57621051f8c4da0cf143301.webp,,1,0,,,2026-08-08 22:47:30,,RAPID-2478092
248851e6-3165-43bb-ad74-7717eb1cecc6,108774,https://fsn1.your-objectstorage.com/tecdoc2025/media_files/images/6358/6f898384b5f47fcbee7c6ec717a036c4f1177237.webp,,0,3,,,2026-08-08 22:47:30,,RAPID-2478069
24c4d69c-769b-4f18-b851-8fe639d4a277,108455,https://fsn1.your-objectstorage.com/tecdoc2025/media_files/images/4840/d22b6e3f4e59e5c5705a100269b0ee2e3440a086.webp,,1,0,,,2026-08-08 22:47:30,,RAPID-1492213
24c81411-6ad4-4af8-8d31-2738f46b3e25,108825,https://fsn1.your-objectstorage.com/tecdoc2025/media_files/images/6357/2adcbb0f8b193cb842d56f562caadab6f5da6734.webp,,1,0,,,2026-08-08 22:47:30,,RAPID-9108892
24d393c8-18dd-4c32-a6fe-082448cd2d49,108640,https://fsn1.your-objectstorage.com/tecdoc2025/media_files/PDF/6495/f471b205d03fcdde81fb8ca7c8d946f9a9bbceb6.pdf,,0,1,,,2026-08-08 22:47:30,,RAPID-6467362
24f85888-465c-43c1-8438-fd6c54ed2363,108815,https://fsn1.your-objectstorage.com/tecdoc2025/media_files/images/6357/8e21a68acf0b4e1fe5b9cf2945b0f7dc83016003.webp,,1,0,,,2026-08-08 22:47:30,,RAPID-9110139
252101cd-d74e-4f68-ba87-a1f96105ddd0,108158,https://fsn1.your-objectstorage.com/tecdoc2025/media_files/images/4826/56de4352b1dfd94cedf440142ff2347ab2a6fe6f.webp,,1,0,,,2026-08-08 22:47:30,,RAPID-56232635
2522574c-4b2c-49fd-8f43-9a50e28190c8,108119,https://fsn1.your-objectstorage.com/tecdoc2025/media_files/images/21/dfa304655a2a84bca2b9399296db9078633a1e39.webp,,1,0,,,2026-08-08 22:47:30,,RAPID-374484
2525a5f9-ec18-4d77-b02b-4848d9aba6f8,108174,https://fsn1.your-objectstorage.com/tecdoc2025/media_files/images/257/7e92058578a0be083944cf5794cf1715038daf5d.webp,,1,0,,,2026-08-08 22:47:30,,RAPID-8956998
2525c065-fe2c-47cf-a6df-a4a0bbaca987,108602,https://fsn1.your-objectstorage.com/tecdoc2025/media_files/images/403/378715f30219ddeaeeb3cde1f9f98a4e7c14ff4c.webp,,1,0,,,2026-08-08 22:47:30,,RAPID-3032871
254c2e4b-c964-4847-94f4-79d212cbf977,108265,https://fsn1.your-objectstorage.com/tecdoc2025/media_files/images/30/293e8371ce980a010c51c6b006c0a931593f7be7.webp,,1,0,,,2026-08-08 22:47:30,,RAPID-2512850
2556b874-f38f-4d7e-9e34-4d612197db98,108325,https://fsn1.your-objectstorage.com/tecdoc2025/media_files/PDF/4434/86a00cf2fedfd70d7fc2c247cde63f5381b27547.pdf,,1,0,,,2026-08-08 22:47:30,,RAPID-21134698
2558a6c4-0e6b-4b42-b2b4-bcf8a506d88a,108732,https://fsn1.your-objectstorage.com/tecdoc2025/media_files/images/5412/f962fca0abdf2ba4dc57e19edd1a0950f848c1a3.webp,,1,0,,,2026-08-08 22:47:30,,RAPID-8416354
255a945e-61ab-4270-912b-b82c3cdf4fdf,108213,https://fsn1.your-objectstorage.com/tecdoc2025/media_files/images/350/09ba33414ceabd5496a4731ba9132be21bb70a0c.webp,,1,0,,,2026-08-08 22:47:30,,RAPID-5596839
25975642-2ee3-45fb-8b81-f1b3b85608a5,108400,https://fsn1.your-objectstorage.com/tecdoc2025/media_files/images/271/2f39407b8d3d5a7d3c16f0748bcb1510932a5672.webp,,1,0,,,2026-08-08 22:47:30,,RAPID-18936891
25bb4c7e-66d6-4be0-ade0-d5faf2837128,108444,https://fsn1.your-objectstorage.com/tecdoc2025/media_files/images/2/27bda4453390f2f399b0e43b061115aaad251f59.webp,,1,0,,,2026-08-08 22:47:30,,RAPID-5414408
25d70175-42be-47b0-989d-376c3d8d92c2,108201,https://fsn1.your-objectstorage.com/tecdoc2025/media_files/images/7324/fd79c489200118f8246a1096a987aecd7f0c6da5.webp,,0,3,,,2026-08-08 22:47:30,,RAPID-27873809
25dc4672-c57f-49a6-9917-8c96e4126f62,108820,https://fsn1.your-objectstorage.com/tecdoc2025/media_files/images/6357/154ec2fbabf1fc18bd72656fb8c1cb6a5da9e420.webp,,0,1,,,2026-08-08 22:47:30,,RAPID-9110284
25dec800-9a6b-41e7-979f-7e102e35956b,108706,https://fsn1.your-objectstorage.com/tecdoc2025/media_files/images/2728/f0c3e10dd71641a33b41eb96a0e8a006d2014b4a.webp,,1,0,,,2026-08-08 22:47:30,,RAPID-3205752
25e584a6-6a44-40e5-912e-228500def049,108155,https://fsn1.your-objectstorage.com/tecdoc2025/media_files/images/4826/ce36c35203d774bacb4791d6cbc7f24c6dc27c98.webp,,0,5,,,2026-08-08 22:47:30,,RAPID-51433062
25eb222b-95b3-4034-a566-4c38c2187b55,108282,https://fsn1.your-objectstorage.com/tecdoc2025/media_files/images/30/6d16d0b9cac331852b26f382b64b2b41fe248a84.webp,,0,6,,,2026-08-08 22:47:30,,RAPID-2514801
25f84940-dd3d-4b3d-9d39-d06b28551610,108814,https://fsn1.your-objectstorage.com/tecdoc2025/media_files/images/6357/a9c9bc18d86e7545a876ac99c6efc8fc7e58c7b5.webp,,0,2,,,2026-08-08 22:47:30,,RAPID-9110143
26176f70-17b2-42aa-b5c1-7c6b1a06c098,108254,https://fsn1.your-objectstorage.com/tecdoc2025/media_files/PDF/30/710eeedcab31768c7bd93199b4efada5cb2fb3a8.pdf,,1,0,,,2026-08-08 22:47:30,,RAPID-2512622
26281632-9d64-4e70-97ab-8d339720172f,108156,https://fsn1.your-objectstorage.com/tecdoc2025/media_files/images/4826/6bbf1c6dca6fe627815d35659c7e668302180acd.webp,,0,1,,,2026-08-08 22:47:30,,RAPID-56953185
262b15d9-1c70-48c5-8805-611541b4c6be,108236,https://fsn1.your-objectstorage.com/tecdoc2025/media_files/images/475/946d923d5d357b0f62c159851f7d4cdc4a195249.webp,,0,1,,,2026-08-08 22:47:30,,RAPID-6142307
263b70af-b574-4eec-9bae-48dfbddb89e2,108695,https://fsn1.your-objectstorage.com/tecdoc2025/media_files/images/4380/11e41c3b5d12690a4f2be511e24144083e397612.webp,,0,5,,,2026-08-08 22:47:30,,RAPID-1961490
2698caab-55de-4ab7-a32a-510963146f73,108513,https://fsn1.your-objectstorage.com/tecdoc2025/media_files/images/201/571a77ea930ee1d9d718a8858ec0bd3fe2d6c719.webp,,0,3,,,2026-08-08 22:47:30,,RAPID-9693161
269b6edb-dac8-46bf-b981-a07654837ecc,108586,https://fsn1.your-objectstorage.com/tecdoc2025/media_files/images/403/8f9133fd14543557b5bd6664eab807ccc4903d10.webp,,1,0,,,2026-08-08 22:47:30,,RAPID-3031819
26a4cdb1-d3c6-4171-a144-f505c60849d0,108771,https://fsn1.your-objectstorage.com/tecdoc2025/media_files/images/6358/f21077d6bd241302b65644c1881c4f5023ed5130.webp,,1,0,,,2026-08-08 22:47:30,,RAPID-2478009
26beb65b-4b49-40d8-982c-f4278c3ee39d,108830,https://fsn1.your-objectstorage.com/tecdoc2025/media_files/images/4675/cb010e1c5132503caa9669dd3a58462b29731821.webp,,1,0,,,2026-08-08 22:47:30,,RAPID-9210671
26ed30bc-d89f-471d-bf83-90a6dca1854f,108824,https://fsn1.your-objectstorage.com/tecdoc2025/media_files/images/6357/609476f41997543b1d576d46ed0793eafc2ed944.webp,,1,0,,,2026-08-08 22:47:30,,RAPID-9108863
26ff0a02-25e5-482e-9cba-253ded609643,108220,https://fsn1.your-objectstorage.com/tecdoc2025/media_files/images/7673/66203fe2d72ffba5ae3ea2819fc22eb81537a459.webp,,1,0,,,2026-08-08 22:47:30,,RAPID-55693719
2701bfa7-a581-48aa-b60b-576ed1606798,108457,https://fsn1.your-objectstorage.com/tecdoc2025/media_files/images/4840/1c82c6bf5919caabf15203325e60896c0d5c1cd2.webp,,0,2,,,2026-08-08 22:47:30,,RAPID-332569
2718f0fd-bfc1-4864-bb9d-d6991e97cf7e,108292,https://fsn1.your-objectstorage.com/tecdoc2025/media_files/images/363/716819685343cdc732eceff4352aa3390ef2f619.webp,,1,0,,,2026-08-08 22:47:30,,RAPID-4612405
273fb794-9499-40b8-99a0-0903ae77d373,108704,https://fsn1.your-objectstorage.com/tecdoc2025/media_files/images/378/cefffaf65f67ce052c993e2b41a418987b72d153.webp,,0,1,,,2026-08-08 22:47:30,,RAPID-9688997
274878cf-0cdc-46e2-a891-51f69a7da92c,108101,https://fsn1.your-objectstorage.com/tecdoc2025/media_files/PDF/4671/79058eeca66bde3cba2afffaf078585a98b48511.pdf,,1,0,,,2026-08-08 22:47:30,,RAPID-8249595
274e9289-945f-4642-8cb8-ba2bb68915e0,108552,https://fsn1.your-objectstorage.com/tecdoc2025/media_files/images/4501/de56d96c5c9b352c9c4ec93e4cb5b7c85497bbe6.webp,,0,1,,,2026-08-08 22:47:30,,RAPID-7961447
277e136d-e4a6-40f1-b1a6-5fce050d1162,108524,https://fsn1.your-objectstorage.com/tecdoc2025/media_files/images/4522/cfbf2ccc9a630f7688991f14fd89dbac2bc71613.webp,,1,0,,,2026-08-08 22:47:30,,RAPID-2715553
277f50e8-d28a-40c1-a44c-af0966f5f2a8,108280,https://fsn1.your-objectstorage.com/tecdoc2025/media_files/images/30/8520c62bb420cfb20de52b9107890c98b52790fd.webp,,0,6,,,2026-08-08 22:47:30,,RAPID-2514802
278b7903-5e1b-40d9-8b6c-6733bfdea325,108703,https://fsn1.your-objectstorage.com/tecdoc2025/media_files/images/378/fcd7bacb3db52c613ccd3735fd8a70ba2cc8f31e.webp,,0,1,,,2026-08-08 22:47:30,,RAPID-9686790
27afacfc-277b-4dd4-ba9a-76d84e68fb73,108716,https://fsn1.your-objectstorage.com/tecdoc2025/media_files/images/6267/657a7d67aaa4b64ba6f8c6a177b8a8f422a0250f.webp,,0,1,,,2026-08-08 22:47:30,,RAPID-8218217
27b90b32-a81e-426d-93a2-e48622f13c16,108506,https://fsn1.your-objectstorage.com/tecdoc2025/media_files/images/201/5a7aae01b4d662b06cf6b7a20d4fd260b7231897.webp,,0,2,,,2026-08-08 22:47:30,,RAPID-12181971
27da8a8c-962b-41b4-ab22-e409f575fc07,108602,https://fsn1.your-objectstorage.com/tecdoc2025/media_files/images/403/cedecd5d881e681e3f0e23d67d1d457868d95335.webp,,0,1,,,2026-08-08 22:47:30,,RAPID-3032871
27dd40da-737c-4166-952f-a3331f193927,108270,https://fsn1.your-objectstorage.com/tecdoc2025/media_files/images/30/b5b62e40928485214d41fb11a6e881c885056c0a.webp,,0,3,,,2026-08-08 22:47:30,,RAPID-2513127
27fae717-2cf8-4346-b41d-b9a0176df3fd,108121,https://fsn1.your-objectstorage.com/tecdoc2025/media_files/images/183/97bab837936068ac7830a616b832c238a0a0975f.webp,,0,2,,,2026-08-08 22:47:30,,RAPID-9564360
28388e1a-60b4-4472-914f-e364223edeae,108079,https://fsn1.your-objectstorage.com/tecdoc2025/media_files/images/234/84b9180b154cec8bc8ef060ba174e556961ff905.webp,,1,0,,,2026-08-08 22:47:30,,RAPID-18151300
283d0f28-9787-45b1-9551-189add4263ad,108418,https://fsn1.your-objectstorage.com/tecdoc2025/media_files/images/5251/4708216fcc227e0f54b46b7589b0f7a4f57a1cf3.webp,,1,0,,,2026-08-08 22:47:30,,RAPID-168656
287442df-731f-4f27-9539-dcc92c70f240,108068,https://fsn1.your-objectstorage.com/tecdoc2025/media_files/images/30/3729e592325d33f411ed2755a8dce291498aa096.webp,,0,6,,,2026-08-08 22:47:30,,RAPID-737250
28887da7-57bd-4e5f-812a-5fcdfc9a599e,108743,https://fsn1.your-objectstorage.com/tecdoc2025/media_files/images/6990/5e44c5851e5fb4fbbc6b097c427e2dbcd12ca65c.webp,,0,2,,,2026-08-08 22:47:30,,RAPID-8526925
28b9bf91-f776-4079-b14f-af45e0195e16,108700,https://fsn1.your-objectstorage.com/tecdoc2025/media_files/images/378/1ba35a7dbe6eed5ed1dbc690c62f76edc2a13ed8.webp,,1,0,,,2026-08-08 22:47:30,,RAPID-9686352
28ef004d-bbe3-468b-a335-4240c492631e,108603,https://fsn1.your-objectstorage.com/tecdoc2025/media_files/images/403/24d19f7d1829624fb393b066a8ca6acb4fb36dc7.webp,,0,2,,,2026-08-08 22:47:30,,RAPID-3032943
290518e8-c5ad-4a47-ba5b-e019726596c3,108093,https://fsn1.your-objectstorage.com/tecdoc2025/media_files/images/4564/5a7060cbc36d3b38da887a13c725ddf358a7121b.webp,,1,0,,,2026-08-08 22:47:30,,RAPID-9574907
2906e73a-f523-4583-b7eb-0438f4d91d54,108808,https://fsn1.your-objectstorage.com/tecdoc2025/media_files/images/6357/cbcfb01fd0b57362f17c89b902d201c58fb179f7.webp,,0,1,,,2026-08-08 22:47:30,,RAPID-9110003
29158bc5-b813-489e-a14c-aff27617f9a9,108442,https://fsn1.your-objectstorage.com/tecdoc2025/media_files/images/2/cba33df27f5de6e256b5c1b9d0b11c6fa3010f76.webp,,0,1,,,2026-08-08 22:47:30,,RAPID-5414373
29168988-7704-4f43-b1a8-3456f9664a3c,108249,https://fsn1.your-objectstorage.com/tecdoc2025/media_files/PDF/30/c97d325bb954384fde686c8bb5d8c63a9030676c.pdf,,1,0,,,2026-08-08 22:47:30,,RAPID-2512454
2946c14c-20f2-4a4a-9de8-522235924e2f,108539,https://fsn1.your-objectstorage.com/tecdoc2025/media_files/images/4522/6778ad4f527d30b85eff8a940f5f7b449bdb91a9.webp,,1,0,,,2026-08-08 22:47:30,,RAPID-2722165
29524120-3019-40c4-946c-cf14b1ff2c65,108630,https://fsn1.your-objectstorage.com/tecdoc2025/media_files/images/6925/73e64d48fea59df373d2267474b151f7ab5a3d47.webp,,0,7,,,2026-08-08 22:47:30,,RAPID-9217428
296699c8-e866-4a40-af98-9907546ef033,108636,https://fsn1.your-objectstorage.com/tecdoc2025/media_files/PDF/6495/cb1e283f978087500a6609c520512fd3fddec96c.pdf,,0,2,,,2026-08-08 22:47:30,,RAPID-6467375
2990d8bc-2c11-49eb-a181-31bab5b0ef93,108102,https://fsn1.your-objectstorage.com/tecdoc2025/media_files/images/440/3e54ade2a7ea9233326650566e0cbe16d2561d56.webp,,1,0,,,2026-08-08 22:47:30,,RAPID-9496013
2997d12c-de85-4a1e-a1ae-cfa579c6e9fa,108177,https://fsn1.your-objectstorage.com/tecdoc2025/media_files/images/257/43b563fbe538b57244eabc8ed3fb11f7aa8bed3f.webp,,0,1,,,2026-08-08 22:47:30,,RAPID-8956981
299d4647-4f5c-41ab-902c-13bc1a8fa7e6,108317,https://fsn1.your-objectstorage.com/tecdoc2025/media_files/images/4434/6907ab1005a899c8d0d862a1c61fd2e565b743d3.webp,,0,1,,,2026-08-08 22:47:30,,RAPID-2394531
29a1c2b3-e869-4dae-8e7a-377b59c67ef7,108785,https://fsn1.your-objectstorage.com/tecdoc2025/media_files/images/6358/98cb930600af7ea801f6ca26ab210524ab37eb2d.webp,,0,4,,,2026-08-08 22:47:30,,RAPID-2477882
29f984a0-d809-44c4-b491-5f597825220d,108246,https://fsn1.your-objectstorage.com/tecdoc2025/media_files/images/30/b41c5b2c67f61d3e38f64d6442940f5d1ff25698.webp,,0,3,,,2026-08-08 22:47:30,,RAPID-2512267
2a4ca0c9-fa1a-4a67-90b2-5988fe0e0e2b,108319,https://fsn1.your-objectstorage.com/tecdoc2025/media_files/PDF/4434/5497a51047fe6fa702ac1ad50b932e65ea1cdfcf.pdf,,1,0,,,2026-08-08 22:47:30,,RAPID-2394420
2a91eabe-3cd1-4f49-8161-f62e6d248109,108442,https://fsn1.your-objectstorage.com/tecdoc2025/media_files/images/2/9353e3cb572047005be14009e54c833f8ebd8594.webp,,1,0,,,2026-08-08 22:47:30,,RAPID-5414373
2ab1d784-757c-4a7b-88ae-573e90586657,108392,https://fsn1.your-objectstorage.com/tecdoc2025/media_files/images/271/e23fe5f9adc90c04430681997d9a2e40355e9eed.webp,,1,0,,,2026-08-08 22:47:30,,RAPID-9686218
2ab62847-a599-45cd-b82c-0ea9d26de174,108604,https://fsn1.your-objectstorage.com/tecdoc2025/media_files/images/403/24d19f7d1829624fb393b066a8ca6acb4fb36dc7.webp,,0,2,,,2026-08-08 22:47:30,,RAPID-3032946
2abfd989-7eca-45d0-828a-76d65410177d,108562,https://fsn1.your-objectstorage.com/tecdoc2025/media_files/PDF/4600/b3d68e9741c77b8cbb6566e4b8280507bfd40daa.pdf,,1,0,,,2026-08-08 22:47:30,,RAPID-10397946
2ae9fa4e-9a10-4355-8107-becebbac21fa,108330,https://fsn1.your-objectstorage.com/tecdoc2025/media_files/images/6476/b059c7cf3be0a3ccf333a34b742e1eab68aea8b1.webp,,0,1,,,2026-08-08 22:47:30,,RAPID-6489512
2b275f24-5e5d-4230-8f3a-10ffed9002c5,108574,https://fsn1.your-objectstorage.com/tecdoc2025/media_files/images/95/f4d21b4e2d74dc7dae2c0a6f279c5e923bbf4178.webp,,0,2,,,2026-08-08 22:47:30,,RAPID-107723
2b2f3615-76ff-467a-8620-c2632b357929,108240,https://fsn1.your-objectstorage.com/tecdoc2025/media_files/images/475/34c57903cfa759a4ef9c7e60c6c10c604492d733.webp,,0,1,,,2026-08-08 22:47:30,,RAPID-6142335
2b34a2d9-6df1-49af-ba04-e87d12398c26,108629,https://fsn1.your-objectstorage.com/tecdoc2025/media_files/images/6925/11e9cc6f0c3d90476f97f60c23308c1a59352ad7.webp,,0,3,,,2026-08-08 22:47:30,,RAPID-8159120
2b3d41b9-82c4-45c3-b8d9-2ee7d9a285ad,108268,https://fsn1.your-objectstorage.com/tecdoc2025/media_files/images/30/c1a20e90c7aba78b4558841428abc74414c408b9.webp,,1,0,,,2026-08-08 22:47:30,,RAPID-2512849
2bcb9407-c934-4e0a-a1c3-8eded16d36f0,108215,https://fsn1.your-objectstorage.com/tecdoc2025/media_files/images/350/8c8bd5dd22d679a6e09798e81ebb522a15e6847e.webp,,1,0,,,2026-08-08 22:47:30,,RAPID-5596882
2c161975-29b6-4636-826b-dc701c040117,108641,https://fsn1.your-objectstorage.com/tecdoc2025/media_files/PDF/6495/2b98cf7e3ce72ef370ed74cb91d9b4d5cb3988fa.pdf,,0,1,,,2026-08-08 22:47:30,,RAPID-11444196
2c169856-c048-4b0c-844a-d7568ffaed70,108512,https://fsn1.your-objectstorage.com/tecdoc2025/media_files/images/201/5b25d39ebe1a9c80f729fbacc490f8192cf14644.webp,,0,2,,,2026-08-08 22:47:30,,RAPID-9693160
2c24ab37-64dc-44ac-891d-0595bf96c340,108541,https://fsn1.your-objectstorage.com/tecdoc2025/media_files/images/4522/61734ed5efe6b2ac056f026cc95a5618479e31b7.webp,,1,0,,,2026-08-08 22:47:30,,RAPID-2722181
2c5f779e-cffe-460f-9495-e833a272c347,108296,https://fsn1.your-objectstorage.com/tecdoc2025/media_files/images/363/5be8704fcb8ab886d6461bf46281f0f24be492d7.webp,,1,0,,,2026-08-08 22:47:30,,RAPID-4612485
2c70e901-5cc1-462a-af70-354c4d80fd16,108470,https://fsn1.your-objectstorage.com/tecdoc2025/media_files/images/5947/4deb7766f9f18099910a0af2362898fca914ce2d.webp,,1,0,,,2026-08-08 22:47:30,,RAPID-16027780
2cce72fb-d36c-444d-9a33-2233921492c4,108666,https://fsn1.your-objectstorage.com/tecdoc2025/media_files/PDF/4564/102a4c9cb4f59749ec34197da59371a2bdc443fd.pdf,,1,0,,,2026-08-08 22:47:30,,RAPID-9665050
2ce4049b-7ecb-43f2-bb1a-88829de297a0,108584,https://fsn1.your-objectstorage.com/tecdoc2025/media_files/images/403/2ec358f9c75f461be87302fe69c75edf76de8230.webp,,0,2,,,2026-08-08 22:47:30,,RAPID-3031795
2ce8aa55-d72e-4fb8-8636-ea3eb4bed6ab,108825,https://fsn1.your-objectstorage.com/tecdoc2025/media_files/images/6357/7e50125643614cfc1df8dbf4f0e008f4401bcba4.webp,,0,3,,,2026-08-08 22:47:30,,RAPID-9108892
2cef4b88-dfba-4f86-9382-5a085dc8cb86,108141,https://fsn1.your-objectstorage.com/tecdoc2025/media_files/images/6390/813039a62a12c2fc5452e8924125043e9db5a70f.webp,,1,0,,,2026-08-08 22:47:30,,RAPID-3023369
2d2eb2f7-2f17-478b-bfc7-80a07f65d29f,108497,https://fsn1.your-objectstorage.com/tecdoc2025/media_files/images/185/fd8ac29a5d77ca9bc5c383c61508cf3ab822fd30.webp,,1,0,,,2026-08-08 22:47:30,,RAPID-2369983
2d5e13c2-9703-4c0c-929c-8cdfaa9f533f,108802,https://fsn1.your-objectstorage.com/tecdoc2025/media_files/images/7788/cdf8de8e8d2a496d21a07a07f55e81d803343f2b.webp,,0,2,,,2026-08-08 22:47:30,,RAPID-98622898
2dcfe099-095c-487d-836f-94cac1844563,108391,https://fsn1.your-objectstorage.com/tecdoc2025/media_files/images/271/2f60f7f02c4f68df2862a71d50f6d93fdd95d276.webp,,1,0,,,2026-08-08 22:47:30,,RAPID-15622509
2dd209f0-8b54-4e17-b215-1d085417ed40,108438,https://fsn1.your-objectstorage.com/tecdoc2025/media_files/images/2/4661439f0dd0a861019794d3104ccd0ec8e356c8.webp,,1,0,,,2026-08-08 22:47:30,,RAPID-5414597
2df93b8c-4f63-4123-ba52-db981c542d27,108248,https://fsn1.your-objectstorage.com/tecdoc2025/media_files/images/30/b17cb17260b5f627a4d553cf9cd48e265ca01bae.webp,,0,2,,,2026-08-08 22:47:30,,RAPID-2512436
2e00cf9e-a222-4e65-b5d4-45c2f6344859,108584,https://fsn1.your-objectstorage.com/tecdoc2025/media_files/images/403/75d5d543c0aa039a2bcb337f83672a9466709ded.webp,,0,1,,,2026-08-08 22:47:30,,RAPID-3031795
2e211533-7177-4467-ad27-cdae766c96f4,108445,https://fsn1.your-objectstorage.com/tecdoc2025/media_files/images/2/dab1b37732bc21edd57f5db956f52b16a82a7384.webp,,0,4,,,2026-08-08 22:47:30,,RAPID-16753044
2e4cd83a-1eae-4485-9f61-a6d0601d5074,108547,https://fsn1.your-objectstorage.com/tecdoc2025/media_files/images/4501/a5c8f58aab74bc720e991ba7fd091bb97d21dd7c.webp,,1,0,,,2026-08-08 22:47:30,,RAPID-12716604
2e6630fb-fcf5-49b2-aac5-e033b89799eb,108768,https://fsn1.your-objectstorage.com/tecdoc2025/media_files/images/6358/c751dd50fb8fe11e12b63c8e883a5efe6bd4ea52.webp,,0,2,,,2026-08-08 22:47:30,,RAPID-2478005
2e6c2282-6697-4616-8a32-1ca13a06b3c5,108275,https://fsn1.your-objectstorage.com/tecdoc2025/media_files/PDF/30/b0d4e99e1f7a188bc1e4bc51b66353fc52647196.pdf,,1,0,,,2026-08-08 22:47:30,,RAPID-2513704
2e9af76e-2568-4dc3-8364-80cc17bdd556,108460,https://fsn1.your-objectstorage.com/tecdoc2025/media_files/images/4840/990395b7ccf59a0c7f43ac6dc4c880140c15d674.webp,,0,1,,,2026-08-08 22:47:30,,RAPID-367880
2ef172a6-0988-4a1f-b109-94b21b884b07,108148,https://fsn1.your-objectstorage.com/tecdoc2025/media_files/images/6390/143364f3a691fe7e1fd92b648f0fd0681b4e7b09.webp,,1,0,,,2026-08-08 22:47:30,,RAPID-2866147
2eff5678-9592-47f0-9fe8-114d863ef82c,108315,https://fsn1.your-objectstorage.com/tecdoc2025/media_files/images/421/a5b0e9f2c3f0d8443e6c04a866fc640a0fbbd64a.webp,,1,0,,,2026-08-08 22:47:30,,RAPID-6467243
2f13afb9-cf58-415a-aa72-caf926aa9d17,108345,https://fsn1.your-objectstorage.com/tecdoc2025/media_files/images/66/beeace0529fa8e6ef356ce22798d16f6ef7731a1.webp,,0,2,,,2026-08-08 22:47:30,,RAPID-6677577
2f23c338-1866-47e3-8ef6-073e514f87ef,108037,https://fsn1.your-objectstorage.com/tecdoc2025/media_files/images/6903/432dbce8b08c2ba7430a3cfdcd212a48f021ab4e.webp,"Brake Pad Set, disc brake",1,0,,,2026-08-06 14:47:26,,RAPID-73304207
2f2b8ba6-cbe3-41d1-9bfb-d90173421ff5,108483,https://fsn1.your-objectstorage.com/tecdoc2025/media_files/images/481/d260e06da89ed905dae32d3664aa80e807f66773.webp,,1,0,,,2026-08-08 22:47:30,,RAPID-9049164
2f65b68b-9905-4d32-9fa1-162bf902530f,108269,https://fsn1.your-objectstorage.com/tecdoc2025/media_files/images/30/adbe47ec289a8d77bfdecbc23c3ebc6c2723bc35.webp,,0,4,,,2026-08-08 22:47:30,,RAPID-2513126
2f89a341-e69a-4f8d-af3f-a7f976af39a2,108280,https://fsn1.your-objectstorage.com/tecdoc2025/media_files/images/30/be9b5e78a641496e257c156460204b23d1cc1dd7.webp,,0,2,,,2026-08-08 22:47:30,,RAPID-2514802
2f9580f6-cac9-4aef-b54a-5685a710f82c,108104,https://fsn1.your-objectstorage.com/tecdoc2025/media_files/images/75/ad6b478397850114ffb67355c202f6038eb9ec17.webp,,1,0,,,2026-08-08 22:47:30,,RAPID-1220295
2fa0cb15-c3d4-4070-8b89-98aacc648465,108529,https://fsn1.your-objectstorage.com/tecdoc2025/media_files/images/4522/f884ec0fe36bb41f694f966e0dfced740b697e57.webp,,0,1,,,2026-08-08 22:47:30,,RAPID-2717406
2fdb20c8-fd72-4d7b-bc13-a257e4c3143d,108078,https://fsn1.your-objectstorage.com/tecdoc2025/media_files/images/234/9dc752686e8a4aaae67a0e3e7c6b215f8dfd9b77.webp,,0,4,,,2026-08-08 22:47:30,,RAPID-17545327
3025dd18-9587-462a-8e0c-973facc5020c,108433,https://fsn1.your-objectstorage.com/tecdoc2025/media_files/images/2/e0e256181a0917c686b02c893d9267bcef82ead3.webp,,1,0,,,2026-08-08 22:47:30,,RAPID-5414541
3030ca38-3fc9-40fc-b97e-c20ff25f772b,108620,https://fsn1.your-objectstorage.com/tecdoc2025/media_files/images/249/3cc10e59cfbdae93f2ae492835e66e406afa24d1.webp,,1,0,,,2026-08-08 22:47:30,,RAPID-6762350
304d379e-d62f-4d6d-9539-33d91203e8bd,108334,https://fsn1.your-objectstorage.com/tecdoc2025/media_files/images/186/d065357892440a88f04879c4e122e366607ab39b.webp,,1,0,,,2026-08-08 22:47:30,,RAPID-9638631
3078d4d1-05a6-4f35-89b3-5b40f9906de3,108115,https://fsn1.your-objectstorage.com/tecdoc2025/media_files/images/45/77fe8a80a9afbbcd57d4b939a75928e0517a4de6.webp,,0,1,,,2026-08-08 22:47:30,,RAPID-2277452
307d4103-c6e8-4025-bff9-63debff4c531,108086,https://fsn1.your-objectstorage.com/tecdoc2025/media_files/images/72/44f793ecb3256325faa2080cdca19ae55f2d8b46.webp,,0,1,,,2026-08-08 22:47:30,,RAPID-5065833
30bc5295-f91b-4bae-b1fb-d280263e1ca0,108159,https://fsn1.your-objectstorage.com/tecdoc2025/media_files/images/4826/83f77809a9626ecd35c3271fd11d1096daf64a52.webp,,1,0,,,2026-08-08 22:47:30,,RAPID-54955204
30d95d4c-924b-4f4f-9ec3-405322ac7eaf,108319,https://fsn1.your-objectstorage.com/tecdoc2025/media_files/images/4434/05369aa98df6a80a2f763237b86aa46f8e5385d1.webp,,0,1,,,2026-08-08 22:47:30,,RAPID-2394420
30dc84c5-6691-4ac7-b92e-316c878da2f3,108672,https://fsn1.your-objectstorage.com/tecdoc2025/media_files/images/5377/96b3519828ff00d80a8307b0d59b125b453fe213.webp,,0,1,,,2026-08-08 22:47:30,,RAPID-23731690
30efcfb2-6ec4-4a66-b95c-cb48bdc77424,108639,https://fsn1.your-objectstorage.com/tecdoc2025/media_files/PDF/6495/f471b205d03fcdde81fb8ca7c8d946f9a9bbceb6.pdf,,0,1,,,2026-08-08 22:47:30,,RAPID-6467363
3102dbb8-1085-4a4f-9895-aab1db73dce8,108064,https://fsn1.your-objectstorage.com/tecdoc2025/media_files/images/30/42cf784dba078e63f6f764134970ebead324a166.webp,,1,0,,,2026-08-08 22:47:30,,RAPID-737496
3103841a-bb3d-4042-80c8-ecf224304f31,108685,https://fsn1.your-objectstorage.com/tecdoc2025/media_files/images/440/5bb1f517ee488f8546a35b76a4b8a8c03dba76fe.webp,,0,2,,,2026-08-08 22:47:30,,RAPID-9495952
31065046-44a4-4e98-96dc-c934bae73fe6,108843,https://fsn1.your-objectstorage.com/tecdoc2025/media_files/images/4595/4065627a8acd7a6dfd4d6d73699b3fa6c423dce0.webp,,0,3,,,2026-08-08 22:47:30,,RAPID-1833330
310c07e1-08be-42d4-9640-0358dd5a74dc,108737,https://fsn1.your-objectstorage.com/tecdoc2025/media_files/images/7101/359db7c57408a23d572cde6353cd701806483d48.webp,,1,0,,,2026-08-08 22:47:30,,RAPID-22709013
31231de4-c9ea-492b-9c0a-67b7d746a9ff,108811,https://fsn1.your-objectstorage.com/tecdoc2025/media_files/images/6357/d29c5384cdf7613a36b00f0719f63ee91beb0d0d.webp,,0,4,,,2026-08-08 22:47:30,,RAPID-9110126
312ff143-1e55-46df-956e-83fbfc515012,108227,https://fsn1.your-objectstorage.com/tecdoc2025/media_files/images/475/a5d193b85a6f87ae9c716b86bdaa6f4f5ea9c755.webp,,1,0,,,2026-08-08 22:47:30,,RAPID-6141607
31369199-ff39-46a2-bffc-451d781f725f,108136,https://fsn1.your-objectstorage.com/tecdoc2025/media_files/images/4657/319716912e9d97eb5874d4a16cfc603e12d191a1.webp,,1,0,,,2026-08-08 22:47:30,,RAPID-870639
319259b5-3241-4221-92a7-a4406cdc951b,108634,https://fsn1.your-objectstorage.com/tecdoc2025/media_files/images/6925/357e7ac44777e97151ac7ae6ac4ed96d995f3f45.webp,,0,2,,,2026-08-08 22:47:30,,RAPID-21195037
3199697f-73f2-44a1-a682-5d657834c722,108024,https://fsn1.your-objectstorage.com/tecdoc2025/media_files/images/6903/de671e4817ec644e7e7e807206cdaede6988e6ab.webp,"Brake Pad Set, disc brake",1,0,,,2026-08-06 14:47:26,,RAPID-74585063
31baeac2-b99d-4552-aed2-05b97cefebb7,108772,https://fsn1.your-objectstorage.com/tecdoc2025/media_files/images/6358/cb9f8be00bfbdd46b3a29244e5a973f15475d0e2.webp,,0,1,,,2026-08-08 22:47:30,,RAPID-2478060
31bd24ab-a469-4a14-90ec-15485eda3386,108410,https://fsn1.your-objectstorage.com/tecdoc2025/media_files/images/7669/3200e1c09cb6ed467730ed8e4c51a2d07dbb8a90.webp,,0,2,,,2026-08-08 22:47:30,,RAPID-81019283
31dc2759-0615-4aad-8f83-5021a4772bb9,108398,https://fsn1.your-objectstorage.com/tecdoc2025/media_files/images/271/b6ee33d5193b453262a608aed084948785a15414.webp,,1,0,,,2026-08-08 22:47:30,,RAPID-9686240
31ddf65e-9f14-4c10-9b19-5d647a6ab35e,108434,https://fsn1.your-objectstorage.com/tecdoc2025/media_files/images/2/e5c9aa52dff28c21a30e51819041d7b70304175d.webp,,0,4,,,2026-08-08 22:47:30,,RAPID-5414519
31f66226-3a06-4de2-a510-0383d79c491f,108031,https://fsn1.your-objectstorage.com/tecdoc2025/media_files/images/6903/f8febaa1f21e950ce17db3edc5b3ab5fdf9a62dd.webp,"Brake Pad Set, disc brake",1,0,,,2026-08-06 14:47:26,,RAPID-82595565
3210a9d5-40e0-4db8-b27f-f30235f71ac7,108085,https://fsn1.your-objectstorage.com/tecdoc2025/media_files/images/2/82327de68268802412ff7debb83c7ddc66a480f9.webp,,1,0,,,2026-08-08 22:47:30,,RAPID-5094457
32507d2a-0224-414e-b008-f079a3296fa3,108844,https://fsn1.your-objectstorage.com/tecdoc2025/media_files/images/4595/ea058c59bb3bff5712fa20722209e3ef26243b31.webp,,1,0,,,2026-08-08 22:47:30,,RAPID-1854377
3253e81f-5b74-41bf-9e34-6e0688253596,108651,https://fsn1.your-objectstorage.com/tecdoc2025/media_files/PDF/6495/f471b205d03fcdde81fb8ca7c8d946f9a9bbceb6.pdf,,0,1,,,2026-08-08 22:47:30,,RAPID-6467357
327ecdde-b8f7-4349-8c92-97304886c49f,108168,https://fsn1.your-objectstorage.com/tecdoc2025/media_files/images/4826/e6ff7e0dbb869de6c63c383f6d6835ad8afa8e20.webp,,0,5,,,2026-08-08 22:47:30,,RAPID-57692425
328a4cfa-673c-4105-a68c-d2dbb9526808,108406,https://fsn1.your-objectstorage.com/tecdoc2025/media_files/images/7669/cea1f01ca61b20465498123b63ac8b3745c924e5.webp,,1,0,,,2026-08-08 22:47:30,,RAPID-84830164
32ddfc92-0774-4d82-bf7f-5990970b54af,108695,https://fsn1.your-objectstorage.com/tecdoc2025/media_files/images/4380/3ea83d175857146531ca578f53d0f241a999cd9d.webp,,0,1,,,2026-08-08 22:47:30,,RAPID-1961490
3301fa4f-6f5f-4642-9ca9-b8053a1fee49,108209,https://fsn1.your-objectstorage.com/tecdoc2025/media_files/images/4464/7917fd921364d580bf344cd65b902f164ab72723.webp,,1,0,,,2026-08-08 22:47:30,,RAPID-9686804
332b8f3d-3c44-4ce8-af16-150433602113,108267,https://fsn1.your-objectstorage.com/tecdoc2025/media_files/images/30/a384c18dc0b3410f9f5f9d1764b2a25bca01736e.webp,,0,4,,,2026-08-08 22:47:30,,RAPID-2513002
3352bb82-6306-4d6f-92d9-3948bc019314,108258,https://fsn1.your-objectstorage.com/tecdoc2025/media_files/images/30/b9d260d05c5a2e49565e37510860e9e1354f6b1c.webp,,0,1,,,2026-08-08 22:47:30,,RAPID-2512847
335adb58-58b1-4126-8e98-b329f7228fd1,108721,https://fsn1.your-objectstorage.com/tecdoc2025/media_files/images/6267/5cbd0abc8017314fe8321a50c4508bed2d6cdfd6.webp,,0,2,,,2026-08-08 22:47:30,,RAPID-10367152
335b67d3-30ff-4c8a-8e3e-60de776199ba,108412,https://fsn1.your-objectstorage.com/tecdoc2025/media_files/images/6443/7445009cb79cf9e24e16b1d7e90fbf6694bd2a23.webp,,1,0,,,2026-08-08 22:47:30,,RAPID-10345275
33841a46-b31a-486e-afc3-0284d136b2b0,108768,https://fsn1.your-objectstorage.com/tecdoc2025/media_files/images/6358/052c311cf4a76903f9a1f4b66b515b14f2196fde.webp,,0,7,,,2026-08-08 22:47:30,,RAPID-2478005
33b1a9d4-1d02-44ab-8195-2d14a3873414,108645,https://fsn1.your-objectstorage.com/tecdoc2025/media_files/PDF/6495/7e2fd425afe78dfb704098540a9b4b71a41dda2c.pdf,,0,1,,,2026-08-08 22:47:30,,RAPID-6467402
33fbecd2-e1cf-4130-91e5-a3af475ddf34,108600,https://fsn1.your-objectstorage.com/tecdoc2025/media_files/images/403/db4e610aa095f9c88d17ab11adb55687896c8bfa.webp,,1,0,,,2026-08-08 22:47:30,,RAPID-3032889
34235682-f04b-4ed1-a731-a929c277e751,108389,https://fsn1.your-objectstorage.com/tecdoc2025/media_files/images/4938/567db16b58fe6a2bcfa55e6b3ba67689658bbd4a.webp,,0,1,,,2026-08-08 22:47:30,,RAPID-7150609
34490ab7-e82d-4477-a84b-024591b50b88,108744,https://fsn1.your-objectstorage.com/tecdoc2025/media_files/images/6990/491952c4fa4a10e2b050af77b38006d9ed4d49e2.webp,,1,0,,,2026-08-08 22:47:30,,RAPID-8526922
34548950-d64c-4496-9286-a73e4226af4c,108076,https://fsn1.your-objectstorage.com/tecdoc2025/media_files/images/234/ccb878be2c0f466f4167388bb9d12896e78d8f74.webp,,0,3,,,2026-08-08 22:47:30,,RAPID-21724128
3459ff0a-4cb7-434d-b5aa-11ef819283dc,108115,https://fsn1.your-objectstorage.com/tecdoc2025/media_files/images/45/3f5971964c71f226554b9be88761037177e12bb3.webp,,1,0,,,2026-08-08 22:47:30,,RAPID-2277452
3466aab5-245d-4a1d-b5b7-b6bd131ef1d5,108306,https://fsn1.your-objectstorage.com/tecdoc2025/media_files/images/484/c0d73cf8cb6710daa43562677d3a59b6217c2920.webp,,0,3,,,2026-08-08 22:47:30,,RAPID-6467336
34859487-f238-4bd2-86a3-4df23dceef1e,108634,https://fsn1.your-objectstorage.com/tecdoc2025/media_files/images/6925/3791de701f5335832a3050f1232a48e8eea2366a.webp,,0,6,,,2026-08-08 22:47:30,,RAPID-21195037
348dc314-df3e-42cf-b590-c51d601bda61,108163,https://fsn1.your-objectstorage.com/tecdoc2025/media_files/images/4826/2978b43ce8b12f047923b0230c6b262548760f4d.webp,,0,3,,,2026-08-08 22:47:30,,RAPID-48306027
34e2435e-3fd4-4b5e-961f-d3148583ba56,108226,https://fsn1.your-objectstorage.com/tecdoc2025/media_files/images/475/e0ee45fbf07763050d2d2b0cacc78cab6d5ed47a.webp,,0,1,,,2026-08-08 22:47:30,,RAPID-6142069
3508afc7-53af-40ce-a92f-58e3fec9baf0,108291,https://fsn1.your-objectstorage.com/tecdoc2025/media_files/images/363/0f1da4e4a5b58e6ae1e86e3ff8c16d04b22cb479.webp,,1,0,,,2026-08-08 22:47:30,,RAPID-4612402
35c0a30f-6655-416c-94c2-8fb1112d911d,108438,https://fsn1.your-objectstorage.com/tecdoc2025/media_files/images/2/2f7de0854c7ea18f77db41ada3de32a34c84b46c.webp,,0,3,,,2026-08-08 22:47:30,,RAPID-5414597
35f5cb7b-d822-4cfa-85a1-74862515326e,108228,https://fsn1.your-objectstorage.com/tecdoc2025/media_files/images/475/e0ee45fbf07763050d2d2b0cacc78cab6d5ed47a.webp,,0,1,,,2026-08-08 22:47:30,,RAPID-6142068
3612971b-13c8-4525-b244-064096586a84,108281,https://fsn1.your-objectstorage.com/tecdoc2025/media_files/PDF/30/b0d4e99e1f7a188bc1e4bc51b66353fc52647196.pdf,,1,0,,,2026-08-08 22:47:30,,RAPID-2514843
361577f7-95ab-4158-b754-ce9f3a58b15d,108436,https://fsn1.your-objectstorage.com/tecdoc2025/media_files/images/2/9465c255ca7a446e070e06aae09d3aa8469b248f.webp,,1,0,,,2026-08-08 22:47:30,,RAPID-23535217
36361975-d2ee-415d-a063-096b0f65aaa0,108444,https://fsn1.your-objectstorage.com/tecdoc2025/media_files/images/2/501e344a091c82b0f58697211cfdc013fbd39b44.webp,,0,4,,,2026-08-08 22:47:30,,RAPID-5414408
3644180b-f5e9-4e89-93d6-62e12cad917a,108722,https://fsn1.your-objectstorage.com/tecdoc2025/media_files/images/6267/b3b02051ccacf8976b684516f2b48549f8836bd3.webp,,0,3,,,2026-08-08 22:47:30,,RAPID-10367149
3671e2c9-b110-497f-b74e-fd4ce9096811,108340,https://fsn1.your-objectstorage.com/tecdoc2025/media_files/PDF/66/b0a06df19d2fb12eb19f54b7735ec6b1b5cc4d59.pdf,,1,0,,,2026-08-08 22:47:30,,RAPID-6604012
36739c00-60e8-4b7f-9647-85c370cac46a,108686,https://fsn1.your-objectstorage.com/tecdoc2025/media_files/PDF/440/0143efbc6cbdd93f5dcee760acaeb411dd8f7e32.pdf,,1,0,,,2026-08-08 22:47:30,,RAPID-9495951
369f97b6-7ad7-41ec-83c6-3fe62c7e0de4,108280,https://fsn1.your-objectstorage.com/tecdoc2025/media_files/images/30/93907601b09f129712c2889e83cd9b215210e230.webp,,0,7,,,2026-08-08 22:47:30,,RAPID-2514802
37063e8b-8cb3-478e-bfab-9d0b271d1497,108811,https://fsn1.your-objectstorage.com/tecdoc2025/media_files/images/6357/e4adf112cf10398f3c5ddb4bb81fd64adc093690.webp,,1,0,,,2026-08-08 22:47:30,,RAPID-9110126
3706a2d2-8ab6-4c1d-ae16-36e9470ffb2e,108717,https://fsn1.your-objectstorage.com/tecdoc2025/media_files/images/6267/23a54dd309b3355ae0e515f6f0bc144817fa0ef4.webp,,0,2,,,2026-08-08 22:47:30,,RAPID-8218363
371e33cc-7399-4e2d-800f-ffa09088c147,108458,https://fsn1.your-objectstorage.com/tecdoc2025/media_files/images/4840/e4b7849cc12335f5c7c77cfa80f33c29037d8fdf.webp,,0,1,,,2026-08-08 22:47:30,,RAPID-673061
372e0bfc-f2ca-4630-a6d4-787e50745437,108474,https://fsn1.your-objectstorage.com/tecdoc2025/media_files/images/156/9e2bfad55caa50c6c634b3dafc115d57e7362e59.webp,,0,1,,,2026-08-08 22:47:30,,RAPID-9192183
37773a7b-511c-4139-bceb-2186faf74e6e,108557,https://fsn1.your-objectstorage.com/tecdoc2025/media_files/images/4600/757fd4f4d6e39ee8ef596f6a5e214888e2d56559.webp,,0,2,,,2026-08-08 22:47:30,,RAPID-7960701
3796313b-8795-4725-8e20-e9f32220753d,108741,https://fsn1.your-objectstorage.com/tecdoc2025/media_files/images/6990/35c2091cda7a48a20d40b227022ab7e6e4774277.webp,,0,1,,,2026-08-08 22:47:30,,RAPID-8524532
37c1639e-0a7b-411d-9446-dfce5b3bedeb,108336,https://fsn1.your-objectstorage.com/tecdoc2025/media_files/images/186/f019d65f175fed605ffe5eadb50cca39f2602667.webp,,0,1,,,2026-08-08 22:47:30,,RAPID-9642232
389d2f76-46f8-49dc-a367-fc6fad32d277,108258,https://fsn1.your-objectstorage.com/tecdoc2025/media_files/images/30/8df98cfa188dae0feacb5bc621469778efa1b065.webp,,0,2,,,2026-08-08 22:47:30,,RAPID-2512847
38c9b049-892f-4e7c-b346-e69f2f90b927,108078,https://fsn1.your-objectstorage.com/tecdoc2025/media_files/images/234/eed54f3b2c3e9631aca1cf7fcd5f8df6fcac2c41.webp,,0,3,,,2026-08-08 22:47:30,,RAPID-17545327
38d0bd42-3641-4b52-abde-ec2db09d7476,108253,https://fsn1.your-objectstorage.com/tecdoc2025/media_files/PDF/30/52762f69ce607775373069383d486d97d83a8702.pdf,,1,0,,,2026-08-08 22:47:30,,RAPID-2512524
38e4431c-15ae-405a-98ab-e13437dd8312,108653,https://fsn1.your-objectstorage.com/tecdoc2025/media_files/PDF/6495/f471b205d03fcdde81fb8ca7c8d946f9a9bbceb6.pdf,,0,1,,,2026-08-08 22:47:30,,RAPID-6467358
38f47e28-1de2-47ba-abaa-bda05fbafd89,108230,https://fsn1.your-objectstorage.com/tecdoc2025/media_files/images/475/0388c07026fd11d5624872a4e6b097c17ffaac22.webp,,1,0,,,2026-08-08 22:47:30,,RAPID-6142070
39492cb7-6663-48bc-bffc-ca118b943c00,108166,https://fsn1.your-objectstorage.com/tecdoc2025/media_files/images/4826/a12df17411c850504f93a61446f12fd2eaafbd21.webp,,0,1,,,2026-08-08 22:47:30,,RAPID-48975348
394df5c7-1fb1-453f-ae25-03d286c6e270,108408,https://fsn1.your-objectstorage.com/tecdoc2025/media_files/images/7669/d9f0b053d1d21d14a78887fe114f04d121861df5.webp,,1,0,,,2026-08-08 22:47:30,,RAPID-85549909
3997a60b-4f9c-485d-8be2-f002290484d7,108721,https://fsn1.your-objectstorage.com/tecdoc2025/media_files/images/6267/84eb83d700bab9f2bb64911c8f180e8ed6d1bf39.webp,,0,1,,,2026-08-08 22:47:30,,RAPID-10367152
39d4d3b0-d688-408c-b889-869f86770587,108573,https://fsn1.your-objectstorage.com/tecdoc2025/media_files/images/95/f4d21b4e2d74dc7dae2c0a6f279c5e923bbf4178.webp,,0,2,,,2026-08-08 22:47:30,,RAPID-107727
39e30d2f-9df8-421d-8f81-fd246e00fafc,108158,https://fsn1.your-objectstorage.com/tecdoc2025/media_files/images/4826/2430d22d4f9a9501f21b095b740f1f97195dbc08.webp,,0,3,,,2026-08-08 22:47:30,,RAPID-56232635
3a0f2199-f3ab-435b-a67c-9982aca8f963,108251,https://fsn1.your-objectstorage.com/tecdoc2025/media_files/PDF/30/710eeedcab31768c7bd93199b4efada5cb2fb3a8.pdf,,0,1,,,2026-08-08 22:47:30,,RAPID-2512556
3a171a59-b682-4ab3-a4d5-db8b1ddd384e,108423,https://fsn1.your-objectstorage.com/tecdoc2025/media_files/images/5251/d6b84bb2fe8df3b5bb562abe62c1636fcad68d1f.webp,,1,0,,,2026-08-08 22:47:30,,RAPID-20207617
3a31ca17-082f-45f1-a8c1-42ea91bf6ba2,108804,https://fsn1.your-objectstorage.com/tecdoc2025/media_files/images/7788/33fbe357648098cfc2865466c4c50dfc09865a8a.webp,,0,1,,,2026-08-08 22:47:30,,RAPID-90146231
3a453e35-e55c-4674-aea1-83b5a403095c,108659,https://fsn1.your-objectstorage.com/tecdoc2025/media_files/images/3316/c10ea4a55a4973794f270189f2790e5f9618ca08.webp,,1,0,,,2026-08-08 22:47:30,,RAPID-21924125
3a6a1022-832f-48a2-944c-e030f72bee96,108075,https://fsn1.your-objectstorage.com/tecdoc2025/media_files/images/4344/bb9d9a8d6061e82b4fbb32b8150fe7bf37e72c93.webp,,1,0,,,2026-08-08 22:47:30,,RAPID-6730563
3a8372f8-cb07-4f05-8209-9338d4bd79a5,108767,https://fsn1.your-objectstorage.com/tecdoc2025/media_files/images/6358/fc95c35b932bf35530ca0d898de9cbe8e37b3804.webp,,0,2,,,2026-08-08 22:47:30,,RAPID-2478004
3a91bd4f-9c0c-4095-99a5-e299a4198cc7,108429,https://fsn1.your-objectstorage.com/tecdoc2025/media_files/images/2/9834e25ee4159d27bc67512b65f399e354230e94.webp,,0,3,,,2026-08-08 22:47:30,,RAPID-5414491
3a993d6e-9590-4a09-83ac-28e6e9b00355,108562,https://fsn1.your-objectstorage.com/tecdoc2025/media_files/images/4600/25f7f42fb6b7e78487b722a87314f6e7e679d76e.webp,,0,1,,,2026-08-08 22:47:30,,RAPID-10397946
3ab2b5b0-d647-49a1-9a51-a867f4b803e6,108799,https://fsn1.your-objectstorage.com/tecdoc2025/media_files/images/7788/82062e025314f828d2c7c57d52d061eaa44b84f4.webp,,0,2,,,2026-08-08 22:47:30,,RAPID-87454226
3ac3b48c-1c22-453a-b884-c7658a81f7bf,108409,https://fsn1.your-objectstorage.com/tecdoc2025/media_files/images/7669/f0c22f127a1dd81239e4d0ff21cd3207b80dce0d.webp,,0,1,,,2026-08-08 22:47:30,,RAPID-74715677
3aff7836-7248-4275-8c45-3338c12ecf87,108631,https://fsn1.your-objectstorage.com/tecdoc2025/media_files/images/6925/1cb08fd33262866ce1ee68d1f474ee9cf718bbd5.webp,,0,4,,,2026-08-08 22:47:30,,RAPID-9217440
3b0a00cb-17b7-4582-8b21-c7ade74e3407,108716,https://fsn1.your-objectstorage.com/tecdoc2025/media_files/images/6267/23a54dd309b3355ae0e515f6f0bc144817fa0ef4.webp,,0,2,,,2026-08-08 22:47:30,,RAPID-8218217
3b26f225-c334-43d1-9d04-9c43cd448b16,108053,https://fsn1.your-objectstorage.com/tecdoc2025/media_files/images/67/0d0eb63a513b3de115dd94bd83983c2541ce4ca4.webp,,0,1,,,2026-08-08 22:47:30,,RAPID-44174154
3b432f67-990c-48df-8cd2-f340119631ec,108389,https://fsn1.your-objectstorage.com/tecdoc2025/media_files/images/4938/db57fe27e4f7bdd721d5b6095e7dddc73183017d.webp,,1,0,,,2026-08-08 22:47:30,,RAPID-7150609
3b4c36b8-c318-4e2b-b92a-5563342a0bdf,108612,https://fsn1.your-objectstorage.com/tecdoc2025/media_files/images/4664/5fb7f65ad214826380d1a0ebef3cb0fd84d35dd4.webp,,1,0,,,2026-08-08 22:47:30,,RAPID-4268263
3b6d8dcd-f247-4343-9351-f37998292175,108699,https://fsn1.your-objectstorage.com/tecdoc2025/media_files/images/378/414606cbba22dc44370f33634007ac2b2d15a4f1.webp,,1,0,,,2026-08-08 22:47:30,,RAPID-9686345
3b7b39f0-1c2a-407c-806c-1cdcd89632f4,108671,https://fsn1.your-objectstorage.com/tecdoc2025/media_files/images/5377/95ebba77f20d0c9725242b516077ea9fc228868f.gif,,1,0,,,2026-08-08 22:47:30,,RAPID-27349634
3b7ce597-4791-4d70-bba5-2d95525638ea,108819,https://fsn1.your-objectstorage.com/tecdoc2025/media_files/images/6357/a963b5f26aedfd618032edeac34986caae2e7ef0.webp,,0,5,,,2026-08-08 22:47:30,,RAPID-9110209
3b9c9823-346b-4cf1-8508-f8d784158d8c,108677,https://fsn1.your-objectstorage.com/tecdoc2025/media_files/images/6473/f2b46fc84c22abbe12d5045da18a694b4760861e.webp,,1,0,,,2026-08-08 22:47:30,,RAPID-8303096
3bbf4836-66e3-43e9-a570-f84db20e7344,108567,https://fsn1.your-objectstorage.com/tecdoc2025/media_files/images/95/7f1961baaa6f956111cce076e62a9d50cbf36556.webp,,1,0,,,2026-08-08 22:47:30,,RAPID-20724847
3bc9906a-eb19-4c3c-a871-82c6ace414eb,108542,https://fsn1.your-objectstorage.com/tecdoc2025/media_files/images/4522/f9ed7a204c052c5b4f066ae826ebf3d11f8ce580.webp,,0,1,,,2026-08-08 22:47:30,,RAPID-2722212
3bcbe29f-3bf5-476a-9514-e1d0a785f847,108123,https://fsn1.your-objectstorage.com/tecdoc2025/media_files/images/4894/b15e1a92ac151ec1509fbc9a9afa2b78286fc3c8.webp,,1,0,,,2026-08-08 22:47:30,,RAPID-7910506
3beba6dd-b8ca-41d5-9207-0cb929f107e0,108492,https://fsn1.your-objectstorage.com/tecdoc2025/media_files/images/185/3d606b64e16b244a88156e1379b5d34bd555bf0b.webp,,1,0,,,2026-08-08 22:47:30,,RAPID-2330002
3c3487e7-ae6a-4b41-a66d-b910ddb3079d,108023,https://fsn1.your-objectstorage.com/tecdoc2025/media_files/images/6903/e9c2745c9b02c1de0f838adbe9fa9376d1e57e6f.webp,"Brake Pad Set, disc brake",1,0,,,2026-08-06 14:47:26,,RAPID-73697256
3c35fdda-42a7-413e-81ee-8dec22c6d4e2,108741,https://fsn1.your-objectstorage.com/tecdoc2025/media_files/images/6990/11a8402fdc7cfeddf61e4d454f6697651812a5ca.webp,,0,2,,,2026-08-08 22:47:30,,RAPID-8524532
3c3dde4b-d009-405b-829f-36ed80d1aedd,108753,https://fsn1.your-objectstorage.com/tecdoc2025/media_files/images/6983/63e097efab65054d92855eea4238ef031cd2b32d.webp,,0,1,,,2026-08-08 22:47:30,,RAPID-1776617
3c6de493-023c-41a4-80e6-a93c911658d7,108128,https://fsn1.your-objectstorage.com/tecdoc2025/media_files/images/6372/689ec81a6bad5f5820fce90989f2f4daabfb5e4f.webp,,1,0,,,2026-08-08 22:47:30,,RAPID-6848014
3ca1b152-d912-4a3c-a85b-acd0ebb4e290,108288,https://fsn1.your-objectstorage.com/tecdoc2025/media_files/images/363/c1feb2c7c601f7e941992ae77430763437f494de.webp,,1,0,,,2026-08-08 22:47:30,,RAPID-4612423
3cdbb8d8-2eb5-43a5-8c04-cbe1edf9f388,108380,https://fsn1.your-objectstorage.com/tecdoc2025/media_files/images/4391/8efd73a5acf3321b1d4fa062d15a573a56064cc1.webp,,1,0,,,2026-08-08 22:47:30,,RAPID-1506359
3cf55c14-87fd-455c-a9af-75d0b841356e,108558,https://fsn1.your-objectstorage.com/tecdoc2025/media_files/images/4600/c63f04eab1a783074b8f513c57ce5dd8446dd138.webp,,0,2,,,2026-08-08 22:47:30,,RAPID-7960662
3d0bd846-c206-43eb-996e-6a6ee1c2ccff,108757,https://fsn1.your-objectstorage.com/tecdoc2025/media_files/images/57/810745620e6695b87c56d7621e55518a072f6715.webp,,1,0,,,2026-08-08 22:47:30,,RAPID-8657508
3d7b198f-4c2b-4aed-b972-7a0e1ae269ae,108752,https://fsn1.your-objectstorage.com/tecdoc2025/media_files/images/6983/b6d182bd9274e9a4daad235c66b0c14d39b79063.webp,,0,1,,,2026-08-08 22:47:30,,RAPID-1776608
3d841121-9f23-411f-9fa4-0e31303c5970,108272,https://fsn1.your-objectstorage.com/tecdoc2025/media_files/images/30/306d256f0dba054f3f927d61d0912558d137e7b0.webp,,0,4,,,2026-08-08 22:47:30,,RAPID-2513311
3dbae7e7-6aec-4c58-acbc-6ded81c93190,108559,https://fsn1.your-objectstorage.com/tecdoc2025/media_files/images/4600/81693d6a7576f0de90494ace6d3a2f836f9fce42.webp,,0,1,,,2026-08-08 22:47:30,,RAPID-7968195
3dbecb67-c300-41ec-9351-50b07a85cdd4,108781,https://fsn1.your-objectstorage.com/tecdoc2025/media_files/images/6358/2bdaa6c8b29351ae2a11174cb7b683883f7ddc3b.webp,,0,1,,,2026-08-08 22:47:30,,RAPID-2477867
3dd2d3f1-c8d4-4726-a194-fda62dfe502b,108810,https://fsn1.your-objectstorage.com/tecdoc2025/media_files/images/6357/108d0fef22c3f5b5ba8c1116b9e2c5a6b1434507.webp,,0,4,,,2026-08-08 22:47:30,,RAPID-9110063
3dfc3b4a-41cd-4b98-9e21-c47dd73af1ba,108201,https://fsn1.your-objectstorage.com/tecdoc2025/media_files/images/7324/fd79c489200118f8246a1096a987aecd7f0c6da5.webp,,0,2,,,2026-08-08 22:47:30,,RAPID-27873809
3e03d21c-6d35-47fd-8da0-f62cebeaf795,108685,https://fsn1.your-objectstorage.com/tecdoc2025/media_files/PDF/440/0143efbc6cbdd93f5dcee760acaeb411dd8f7e32.pdf,,1,0,,,2026-08-08 22:47:30,,RAPID-9495952
3e167bb0-e0c6-46af-aa33-f895c0fa2ed5,108626,https://fsn1.your-objectstorage.com/tecdoc2025/media_files/images/4370/2223899b59f3605901537c89f435d730d6f20d46.webp,,1,0,,,2026-08-08 22:47:30,,RAPID-3611907
3e1e3770-2790-4e77-91de-3a748d0f59c6,108742,https://fsn1.your-objectstorage.com/tecdoc2025/media_files/images/6990/616e26933e80522e7480f27e0a2e7e1138f0480c.webp,,1,0,,,2026-08-08 22:47:30,,RAPID-8524529
3e48e465-f147-43b8-8db7-8933496f00eb,108738,https://fsn1.your-objectstorage.com/tecdoc2025/media_files/images/7101/0a23c6d2b18e14958262c6e71d434806b719c4b8.webp,,1,0,,,2026-08-08 22:47:30,,RAPID-23962451
3e4949a6-ca63-46fd-97bc-fda3e8aef795,108055,https://fsn1.your-objectstorage.com/tecdoc2025/media_files/images/67/5327ee70e894774522b6bd0f1e2c7e3e6235c1bf.webp,,1,0,,,2026-08-08 22:47:30,,RAPID-4182072
3e4b6678-5c76-40ae-837e-a99f1286e88e,108466,https://fsn1.your-objectstorage.com/tecdoc2025/media_files/images/7789/21399c0653947424ad52068b02ba1dc0eaf28623.webp,,0,1,,,2026-08-08 22:47:30,,RAPID-83743931
3e7aeb63-ab5a-4dfd-a952-5c0010ea7e43,108670,https://fsn1.your-objectstorage.com/tecdoc2025/media_files/images/5377/96b3519828ff00d80a8307b0d59b125b453fe213.webp,,1,0,,,2026-08-08 22:47:30,,RAPID-28499626
3e7cc1e3-c231-4562-8c7f-5e8b4d433042,108397,https://fsn1.your-objectstorage.com/tecdoc2025/media_files/images/271/4301950d682fef80b153ed2fb335ac8cdb6c3ff7.webp,,0,1,,,2026-08-08 22:47:30,,RAPID-21264884
3e965b60-88a4-462a-8399-95aa1dc6ab85,108819,https://fsn1.your-objectstorage.com/tecdoc2025/media_files/images/6357/aa29d16f90e8ae1389f3937503ba5ab8041cf43d.webp,,0,2,,,2026-08-08 22:47:30,,RAPID-9110209
3ed27776-124c-41c6-b2b3-f7f1f5608ed6,108204,https://fsn1.your-objectstorage.com/tecdoc2025/media_files/images/4464/066f5d13f0a719525759cf7ac9e41e4cd92261e6.webp,,1,0,,,2026-08-08 22:47:30,,RAPID-9686378
3fca0f35-3152-4801-b392-67fc65aaab27,108076,https://fsn1.your-objectstorage.com/tecdoc2025/media_files/images/234/994f490f5208548a5cc75f3d4f803641d1ee6cf4.webp,,1,0,,,2026-08-08 22:47:30,,RAPID-21724128
3fcd5b16-5998-4eff-8e93-47327a913188,108055,https://fsn1.your-objectstorage.com/tecdoc2025/media_files/PDF/67/0e4ee0465a2bfcef8d8cfece1093d68f0254e0ce.pdf,,0,2,,,2026-08-08 22:47:30,,RAPID-4182072
3fe7a571-7497-42e6-b59e-12d51a9d55d6,108445,https://fsn1.your-objectstorage.com/tecdoc2025/media_files/images/2/2e927f99086930859554a2f01ab51df5002a5bc9.webp,,1,0,,,2026-08-08 22:47:30,,RAPID-16753044
3fed6177-6d96-4aef-b39b-21353b442c93,108138,https://fsn1.your-objectstorage.com/tecdoc2025/media_files/images/4657/00352ab35e0d2996a22541bf6ea0259820647dce.webp,,1,0,,,2026-08-08 22:47:30,,RAPID-869877
4000275f-6e13-4314-bab5-b29ea99f21b9,108479,https://fsn1.your-objectstorage.com/tecdoc2025/media_files/images/156/7d4ecf24158c5d46662f2638972d4a4d5d600af9.webp,,1,0,,,2026-08-08 22:47:30,,RAPID-56626481
400e3f5b-8172-4f3b-b620-326be72b9646,108220,https://fsn1.your-objectstorage.com/tecdoc2025/media_files/images/7673/32231086cb714cb977b7e574a289cff150baa321.webp,,0,1,,,2026-08-08 22:47:30,,RAPID-55693719
403c532b-e34b-4619-806c-5c74558819c5,108280,https://fsn1.your-objectstorage.com/tecdoc2025/media_files/images/30/075ad0359fea2ce68fb5ba01d59d4f11ee9c390c.webp,,0,4,,,2026-08-08 22:47:30,,RAPID-2514802
406132b9-38d5-45ad-99ea-0b618c207af5,108778,https://fsn1.your-objectstorage.com/tecdoc2025/media_files/images/6358/fe18683f92ce66b851e7805403006aac250cf63e.webp,,1,0,,,2026-08-08 22:47:30,,RAPID-2478206
406595a8-be79-4a0d-87ff-0258633206dd,108540,https://fsn1.your-objectstorage.com/tecdoc2025/media_files/images/4522/f9ed7a204c052c5b4f066ae826ebf3d11f8ce580.webp,,0,1,,,2026-08-08 22:47:30,,RAPID-2722214
406ea009-a631-48c4-900f-bddcfa830dea,108234,https://fsn1.your-objectstorage.com/tecdoc2025/media_files/images/475/59cdbde19f42988f500aaad818bbc1475085ee16.webp,,1,0,,,2026-08-08 22:47:30,,RAPID-6142304
40a166e7-f9b4-45cc-bd13-f5668f0fa39e,108118,https://fsn1.your-objectstorage.com/tecdoc2025/media_files/images/4595/ab97c1c05538f799ffd6f445608af1d3dcb7bfb5.webp,,1,0,,,2026-08-08 22:47:30,,RAPID-5386825
40ad9104-007f-48d2-ae7d-650a61f73367,108249,https://fsn1.your-objectstorage.com/tecdoc2025/media_files/PDF/30/710eeedcab31768c7bd93199b4efada5cb2fb3a8.pdf,,0,1,,,2026-08-08 22:47:30,,RAPID-2512454
40b7e2a5-a367-47ee-928d-975e9e770e8e,108272,https://fsn1.your-objectstorage.com/tecdoc2025/media_files/images/30/158a78e05624fd61f4bf34fe460bce1aff780506.webp,,0,2,,,2026-08-08 22:47:30,,RAPID-2513311
410c60c6-7c1a-48ad-b96f-a82546a1b261,108240,https://fsn1.your-objectstorage.com/tecdoc2025/media_files/images/475/88f650cf8c3ead49ea32370dc02264a7c04bb33b.webp,,1,0,,,2026-08-08 22:47:30,,RAPID-6142335
410f6945-aea9-4355-a6bc-bdbaf52e6f4b,108790,https://fsn1.your-objectstorage.com/tecdoc2025/media_files/images/6358/42e7ca81858e4ece70cb3ea7a2d376b6984e65b6.webp,,0,1,,,2026-08-08 22:47:30,,RAPID-2571715
41344ae6-73d9-47d5-bafc-106c44f85278,108290,https://fsn1.your-objectstorage.com/tecdoc2025/media_files/images/363/d3e6aae6d5b78f13b1e3bfed35982422140c32bc.webp,,1,0,,,2026-08-08 22:47:30,,RAPID-4612438
4149461f-f5e4-4cbf-b104-a12fa46dac15,108775,https://fsn1.your-objectstorage.com/tecdoc2025/media_files/images/6358/5ab56277a963a39eaab7e3c729614e0e8012d180.webp,,0,2,,,2026-08-08 22:47:30,,RAPID-2478092
41806d7d-817a-479c-acde-4320c71e9b13,108594,https://fsn1.your-objectstorage.com/tecdoc2025/media_files/images/403/71a59ebf0c73de60f6e9ab3dd95116519a179991.webp,,0,1,,,2026-08-08 22:47:30,,RAPID-3032431
4180a78a-772c-43da-a54e-403344aca154,108306,https://fsn1.your-objectstorage.com/tecdoc2025/media_files/images/484/c0d73cf8cb6710daa43562677d3a59b6217c2920.webp,,0,2,,,2026-08-08 22:47:30,,RAPID-6467336
41844922-3ee1-4bff-b043-7023f2f8ec3b,108750,https://fsn1.your-objectstorage.com/tecdoc2025/media_files/images/6983/5590a1f1c64af97f576150a4cf512c08af08697b.webp,,0,1,,,2026-08-08 22:47:30,,RAPID-1776619
4253ca86-bf6c-455d-810b-be81a23202e9,108367,https://fsn1.your-objectstorage.com/tecdoc2025/media_files/images/4881/5cceb700cbebecee6a13f0580b046c264143b7ea.webp,,1,0,,,2026-08-08 22:47:30,,RAPID-4170447
427d47b1-0433-47ab-adbb-00256718bc3e,108512,https://fsn1.your-objectstorage.com/tecdoc2025/media_files/images/201/048dfd0e6f6b7700b917dad9a3ea0901b3e50c02.webp,,0,4,,,2026-08-08 22:47:30,,RAPID-9693160
42914a3f-a491-46a7-90a8-d38d30223f89,108251,https://fsn1.your-objectstorage.com/tecdoc2025/media_files/images/30/c7ad715d1a9056cb3ec373da676180444a2ca8dc.webp,,1,0,,,2026-08-08 22:47:30,,RAPID-2512556
4294192e-027c-45bc-bee5-6496d21d4123,108441,https://fsn1.your-objectstorage.com/tecdoc2025/media_files/images/2/9353e3cb572047005be14009e54c833f8ebd8594.webp,,1,0,,,2026-08-08 22:47:30,,RAPID-5414370
42962f17-8c27-448e-b3c7-de59e51b3bf2,108687,https://fsn1.your-objectstorage.com/tecdoc2025/media_files/PDF/440/0143efbc6cbdd93f5dcee760acaeb411dd8f7e32.pdf,,1,0,,,2026-08-08 22:47:30,,RAPID-9495945
429f03c3-145a-42b3-aed3-c7f4aa6f4a1c,108653,https://fsn1.your-objectstorage.com/tecdoc2025/media_files/images/6495/356c0bf9b0720681def6eae22e2601f050ba08db.webp,,1,0,,,2026-08-08 22:47:30,,RAPID-6467358
42a1fe63-6b7c-4f93-a56e-58e25999429a,108160,https://fsn1.your-objectstorage.com/tecdoc2025/media_files/images/4826/9c80a1b65eabcf392f830f12dc145f1c6abfe46d.webp,,0,1,,,2026-08-08 22:47:30,,RAPID-54563697
42bbb555-382c-4dcf-91bb-9ab14f7df37f,108832,https://fsn1.your-objectstorage.com/tecdoc2025/media_files/images/4667/252453ccb7b9a63810423aff65e4933d7648fe5c.webp,,1,0,,,2026-08-08 22:47:30,,RAPID-9326882
42cb6d01-5b33-405f-b916-69d948104329,108657,https://fsn1.your-objectstorage.com/tecdoc2025/media_files/PDF/6495/87aadebcd0dae8410fdde83a0deb54f4e5b7e7c6.pdf,,0,2,,,2026-08-08 22:47:30,,RAPID-6469463
42d080ce-139a-4745-a520-6a8c3567f3f8,108078,https://fsn1.your-objectstorage.com/tecdoc2025/media_files/images/234/f3dc16a58cf9596701f60bbc6cf822999bc6a510.webp,,0,1,,,2026-08-08 22:47:30,,RAPID-17545327
42eceae6-2b89-48f0-aaa4-57b3026a3ac3,108686,https://fsn1.your-objectstorage.com/tecdoc2025/media_files/images/440/9ef196f151b99e660beeab6263f05dda5ba7cd39.webp,,0,4,,,2026-08-08 22:47:30,,RAPID-9495951
42f7aec8-b39c-4a63-80f7-61a15468186b,108250,https://fsn1.your-objectstorage.com/tecdoc2025/media_files/images/30/72a0563209516871cdd1a49538b10530b31b14b5.webp,,0,1,,,2026-08-08 22:47:30,,RAPID-2512545
433041ee-a674-48b3-a903-e83072630d05,108457,https://fsn1.your-objectstorage.com/tecdoc2025/media_files/images/4840/2a679b618ab7b6d6e66137243df5912520418951.webp,,1,0,,,2026-08-08 22:47:30,,RAPID-332569
4353cc1c-a758-490c-9e53-b06af1478b02,108720,https://fsn1.your-objectstorage.com/tecdoc2025/media_files/images/6267/0db6736cb0d8e20eb8429a81417da417c293663d.webp,,1,0,,,2026-08-08 22:47:30,,RAPID-10367122
43565e57-e31a-4122-93ea-ac72e29e2442,108337,https://fsn1.your-objectstorage.com/tecdoc2025/media_files/images/186/0c5111d7463d4a5d4035b4fb20567544c6a9ffc3.webp,,1,0,,,2026-08-08 22:47:30,,RAPID-9642243
435ba005-87de-4510-b15b-7b7ea1ea4b7a,108459,https://fsn1.your-objectstorage.com/tecdoc2025/media_files/images/4840/e88e0cd44d9d72e9f39d6a0092002f0d26bd984d.webp,,0,3,,,2026-08-08 22:47:30,,RAPID-2320366
43608870-e043-4614-9924-4772212cccd9,108809,https://fsn1.your-objectstorage.com/tecdoc2025/media_files/images/6357/3f7e285337d4476ba0386be490e2571f9c7354c7.webp,,1,0,,,2026-08-08 22:47:30,,RAPID-9110128
437a309b-4fad-49e5-aa5c-9a29777fcd24,108746,https://fsn1.your-objectstorage.com/tecdoc2025/media_files/images/340/4a12dd275c62b0750516a3c92a3a072bcf6f07fd.webp,,1,0,,,2026-08-08 22:47:30,,RAPID-9685652
4391fc31-56ba-4893-905a-d73690c50915,108256,https://fsn1.your-objectstorage.com/tecdoc2025/media_files/images/30/8e6bc7616918b1003ccc8967474d8b03c7eac690.webp,,0,2,,,2026-08-08 22:47:30,,RAPID-2512619
439c3579-6b06-43fd-9f04-3bbf6f39eae8,108432,https://fsn1.your-objectstorage.com/tecdoc2025/media_files/images/2/2e927f99086930859554a2f01ab51df5002a5bc9.webp,,0,1,,,2026-08-08 22:47:30,,RAPID-5414520
43a4bf3e-1676-4016-baaa-00ef24f6869a,108745,https://fsn1.your-objectstorage.com/tecdoc2025/media_files/images/340/943268ce5d42a8549945903108ddfa819894ab5d.webp,,1,0,,,2026-08-08 22:47:30,,RAPID-9685650
43dbb29f-3d0e-44fc-89ec-7f24571b7030,108444,https://fsn1.your-objectstorage.com/tecdoc2025/media_files/images/2/fa5c26be96b0a97df4ae8a4b01ee949238e034e1.webp,,0,6,,,2026-08-08 22:47:30,,RAPID-5414408
43de5397-0dac-4c9b-ba55-de0c30867e3e,108664,https://fsn1.your-objectstorage.com/tecdoc2025/media_files/PDF/4564/9dac055e39d7e1470b9f60bd1d1dc34a04a97a22.pdf,,1,0,,,2026-08-08 22:47:30,,RAPID-9665046
43df3c0f-f0c5-43d2-812a-b8f756bd7fce,108526,https://fsn1.your-objectstorage.com/tecdoc2025/media_files/images/4522/68c1ae84fb6e03c86a75c1028cfd839949e5aed0.webp,,1,0,,,2026-08-08 22:47:30,,RAPID-2715569
43e85c94-a1f4-4935-a169-009fbaa3e190,108069,https://fsn1.your-objectstorage.com/tecdoc2025/media_files/images/30/8647e70a764387404093de9ad0a66589998dfc7b.webp,,0,1,,,2026-08-08 22:47:30,,RAPID-737152
44282e7e-1d49-4604-8073-2d9a3ed03b27,108160,https://fsn1.your-objectstorage.com/tecdoc2025/media_files/images/4826/1bc4d87f2a1af95fa74d130d5bff1f50ed347ee7.webp,,0,6,,,2026-08-08 22:47:30,,RAPID-54563697
44467435-2cbb-4368-9d25-f1ded170f73d,108532,https://fsn1.your-objectstorage.com/tecdoc2025/media_files/images/4522/dbd2e4c7e37605ae94351fc0a5df0f38222ca22d.webp,,1,0,,,2026-08-08 22:47:30,,RAPID-2717419
447ec406-6060-471e-ac7d-8d6074b88595,108263,https://fsn1.your-objectstorage.com/tecdoc2025/media_files/PDF/30/e789521b2466401212a0cf8cd3c696de25a57157.pdf,,0,1,,,2026-08-08 22:47:30,,RAPID-2512862
44839600-9d4d-4ad0-afb6-8460da52957c,108596,https://fsn1.your-objectstorage.com/tecdoc2025/media_files/images/403/d2917f62d0794846ceaead8ab29dba7ebd365877.webp,,0,1,,,2026-08-08 22:47:30,,RAPID-3032919
44edcc6f-7247-4f7f-a437-cc897184d2a1,108717,https://fsn1.your-objectstorage.com/tecdoc2025/media_files/images/6267/3467acd6956a63663a2a4acdc5dbd30011704fa7.webp,,0,3,,,2026-08-08 22:47:30,,RAPID-8218363
44f0dd7f-a8fb-448b-9459-2f4afe291f6c,108468,https://fsn1.your-objectstorage.com/tecdoc2025/media_files/images/7789/b465cd63cc837cd6cd6aa054f86eaf8bfb1f4dea.webp,,1,0,,,2026-08-08 22:47:30,,RAPID-81840235
451f9c2c-30b4-4803-b38a-dc050266dc3d,108076,https://fsn1.your-objectstorage.com/tecdoc2025/media_files/images/234/9dc752686e8a4aaae67a0e3e7c6b215f8dfd9b77.webp,,0,4,,,2026-08-08 22:47:30,,RAPID-21724128
452e78cd-0115-4c96-817d-d6666036fd68,108068,https://fsn1.your-objectstorage.com/tecdoc2025/media_files/images/30/e04dc135e303d4596b76d096cb2abd81b0e97478.webp,,0,5,,,2026-08-08 22:47:30,,RAPID-737250
453f425e-c2c7-403b-b9f2-3ed6b1783680,108155,https://fsn1.your-objectstorage.com/tecdoc2025/media_files/images/4826/56a6c1881a9cc4c287ff11dcdd7ea04e5aff53d9.webp,,1,0,,,2026-08-08 22:47:30,,RAPID-51433062
4589f560-ecb6-4c50-8669-318a2c7b2308,108717,https://fsn1.your-objectstorage.com/tecdoc2025/media_files/images/6267/e155e086bf866b1e021cd202697f9a228aae7b14.webp,,1,0,,,2026-08-08 22:47:30,,RAPID-8218363
4593ae06-68d5-4c89-b77b-0cba8dd24e0d,108584,https://fsn1.your-objectstorage.com/tecdoc2025/media_files/images/403/6c93adafce10d5659f4081a1194be6ba23634e1d.webp,,1,0,,,2026-08-08 22:47:30,,RAPID-3031795
4597fc70-100d-45e2-beaf-6db9dc413a9c,108587,https://fsn1.your-objectstorage.com/tecdoc2025/media_files/images/403/2ec358f9c75f461be87302fe69c75edf76de8230.webp,,0,2,,,2026-08-08 22:47:30,,RAPID-3031796
459dc313-f566-4bd3-833e-c1e7503d197b,108070,https://fsn1.your-objectstorage.com/tecdoc2025/media_files/images/30/42cf784dba078e63f6f764134970ebead324a166.webp,,1,0,,,2026-08-08 22:47:30,,RAPID-737115
45ab0b77-778a-4f25-a9e5-3a683da27c72,108434,https://fsn1.your-objectstorage.com/tecdoc2025/media_files/images/2/86b57e3b6ead477e697dc366ad50084180e1d3af.webp,,0,2,,,2026-08-08 22:47:30,,RAPID-5414519
45acb930-66af-45d9-9b26-88fdc79beb1c,108759,https://fsn1.your-objectstorage.com/tecdoc2025/media_files/images/57/9d6d957fd27e492477c1254f0cdce27584b2da6c.webp,,1,0,,,2026-08-08 22:47:30,,RAPID-8685467
45f10414-9065-4059-8c4b-d4163bc41c86,108227,https://fsn1.your-objectstorage.com/tecdoc2025/media_files/images/475/5620f2885d3f847033befeb6f45d901e7c127c5f.webp,,0,1,,,2026-08-08 22:47:30,,RAPID-6141607
461a6708-08aa-42c4-a84f-f6ea43037315,108468,https://fsn1.your-objectstorage.com/tecdoc2025/media_files/images/7789/21399c0653947424ad52068b02ba1dc0eaf28623.webp,,0,1,,,2026-08-08 22:47:30,,RAPID-81840235
4637632c-9a9f-4bfe-8594-2b6557be450e,108442,https://fsn1.your-objectstorage.com/tecdoc2025/media_files/images/2/d41a3f2caabecaf392a1d3312947beeaab773ff3.webp,,0,6,,,2026-08-08 22:47:30,,RAPID-5414373
464afa79-687d-4bfc-93ff-467841e92b21,108166,https://fsn1.your-objectstorage.com/tecdoc2025/media_files/images/4826/e6ff7e0dbb869de6c63c383f6d6835ad8afa8e20.webp,,0,5,,,2026-08-08 22:47:30,,RAPID-48975348
4735fb4b-a896-4457-b7fd-674f0181d267,108688,https://fsn1.your-objectstorage.com/tecdoc2025/media_files/images/6355/c861af24473d6d40e880f60392ca629072e612f0.webp,,0,2,,,2026-08-08 22:47:30,,RAPID-6871166
47864fcd-dd18-4bda-b54d-2d8c23159c28,108848,https://fsn1.your-objectstorage.com/tecdoc2025/media_files/images/4595/681ee56ab3796b42d4eddd039dd6a73bcc91388f.webp,,1,0,,,2026-08-08 22:47:30,,RAPID-1872689
478e55d1-c6f1-4319-bdcb-bebad00a7763,108077,https://fsn1.your-objectstorage.com/tecdoc2025/media_files/images/234/9dc752686e8a4aaae67a0e3e7c6b215f8dfd9b77.webp,,0,4,,,2026-08-08 22:47:30,,RAPID-19475374
47c02e40-ef31-46bb-9ff5-b2dfb2d67d12,108409,https://fsn1.your-objectstorage.com/tecdoc2025/media_files/images/7669/035e694125c56fd24600f1b8e12be26efbc64c0e.webp,,0,5,,,2026-08-08 22:47:30,,RAPID-74715677
481d4038-0f34-4385-b86b-82d9b3839907,108582,https://fsn1.your-objectstorage.com/tecdoc2025/media_files/images/95/9edf3734bf21869eab984af2be890da933570d93.webp,,1,0,,,2026-08-08 22:47:30,,RAPID-23665187
4824748c-8797-4b61-8696-5690c26be5fd,108457,https://fsn1.your-objectstorage.com/tecdoc2025/media_files/images/4840/c6cf7ea225d851dda42eb40da6aa7696f7257d6d.webp,,0,4,,,2026-08-08 22:47:30,,RAPID-332569
4833c454-636c-414d-9204-c5dc6f3d93a0,108441,https://fsn1.your-objectstorage.com/tecdoc2025/media_files/images/2/27bda4453390f2f399b0e43b061115aaad251f59.webp,,0,1,,,2026-08-08 22:47:30,,RAPID-5414370
48967369-6b95-493a-a450-ead2deb7ffff,108608,https://fsn1.your-objectstorage.com/tecdoc2025/media_files/images/4773/3614b5f6cd186194f56ca61a1ba743343b799cbb.webp,,1,0,,,2026-08-08 22:47:30,,RAPID-86699363
48b116ec-e0fe-42ec-a31a-eb7abc703119,108126,https://fsn1.your-objectstorage.com/tecdoc2025/media_files/images/6372/9a2075e3cdc622403a0c96495963c0dd0984f96c.webp,,1,0,,,2026-08-08 22:47:30,,RAPID-6847987
48d6fccf-3cef-46b8-aa68-0c93aa57c9c4,108573,https://fsn1.your-objectstorage.com/tecdoc2025/media_files/images/95/c67fa3f988c4a7f1938c92eb70655bcc4b12099c.webp,,1,0,,,2026-08-08 22:47:30,,RAPID-107727
4903b236-463b-4d69-adc0-080abce778f5,108270,https://fsn1.your-objectstorage.com/tecdoc2025/media_files/images/30/d697fc0056621bbed92b89c61ffacb0205de867d.webp,,0,1,,,2026-08-08 22:47:30,,RAPID-2513127
492d94f8-a417-41a3-bc85-ff436d6c0c32,108776,https://fsn1.your-objectstorage.com/tecdoc2025/media_files/images/6358/81c9cf736cd87997ea6bae90e08a7f0d9ea46eca.webp,,0,1,,,2026-08-08 22:47:30,,RAPID-2478199
494d24eb-e0e4-4bd5-b3bc-957f40fb4ccf,108558,https://fsn1.your-objectstorage.com/tecdoc2025/media_files/images/4600/3455ca2a0019c7006d4e34d05921578dd5819905.webp,,0,1,,,2026-08-08 22:47:30,,RAPID-7960662
4950438a-8b91-429a-ba2b-84e7680072da,108371,https://fsn1.your-objectstorage.com/tecdoc2025/media_files/images/4344/b7009d74e21c8d88773b4f4d11e0d70978b87d54.webp,,1,0,,,2026-08-08 22:47:30,,RAPID-6870849
49c20d3e-c096-4303-8b80-648ecd27063f,108277,https://fsn1.your-objectstorage.com/tecdoc2025/media_files/PDF/30/52762f69ce607775373069383d486d97d83a8702.pdf,,1,0,,,2026-08-08 22:47:30,,RAPID-2514804
4a49b0a6-c923-458c-ac18-3ae5e9c622e4,108295,https://fsn1.your-objectstorage.com/tecdoc2025/media_files/images/363/8d5d7080f16d8cb184138b8c1a4c8667abeff221.webp,,1,0,,,2026-08-08 22:47:30,,RAPID-4612442
4a7e0d8e-4bd1-4831-86e6-a0c3ec824b13,108096,https://fsn1.your-objectstorage.com/tecdoc2025/media_files/images/6473/2cf800a458b2564141e400112229e2b31f764c2f.webp,,1,0,,,2026-08-08 22:47:30,,RAPID-29519970
4a7fdc24-62bb-4ddd-a2b0-e1441cfb6239,108099,https://fsn1.your-objectstorage.com/tecdoc2025/media_files/PDF/4671/79058eeca66bde3cba2afffaf078585a98b48511.pdf,,1,0,,,2026-08-08 22:47:30,,RAPID-8249594
4afb1342-a7b2-4a8c-ace6-b898a17f51f0,108057,https://fsn1.your-objectstorage.com/tecdoc2025/media_files/images/67/315e3d139b77317b3ddccc8416d2ae921035a9bd.webp,,0,3,,,2026-08-08 22:47:30,,RAPID-4181915
4b047818-f0a1-4db4-b091-726f69e6cde2,108811,https://fsn1.your-objectstorage.com/tecdoc2025/media_files/images/6357/24db229456d775c35eceffac7e09cda68dfffd1e.webp,,0,1,,,2026-08-08 22:47:30,,RAPID-9110126
4b5866b4-d000-4985-b503-af923b23a091,108425,https://fsn1.your-objectstorage.com/tecdoc2025/media_files/images/2/c08c36f1986cc51bf91aac0e45a9197d8e512c2a.webp,,0,5,,,2026-08-08 22:47:30,,RAPID-5414517
4b5f202b-8ac6-41cc-91fd-630fa3ee40e8,108346,https://fsn1.your-objectstorage.com/tecdoc2025/media_files/PDF/66/b0a06df19d2fb12eb19f54b7735ec6b1b5cc4d59.pdf,,1,0,,,2026-08-08 22:47:30,,RAPID-6677576
4b5ff7e7-8fd6-411b-bdb5-c08d9e62097e,108696,https://fsn1.your-objectstorage.com/tecdoc2025/media_files/images/4380/3ea83d175857146531ca578f53d0f241a999cd9d.webp,,0,1,,,2026-08-08 22:47:30,,RAPID-1961491
4b829aef-b9d6-4f33-8b5c-126ebfe79937,108087,https://fsn1.your-objectstorage.com/tecdoc2025/media_files/images/72/c40f3b074af462951863c4418e5de7eb0c7c9cd9.webp,,1,0,,,2026-08-08 22:47:30,,RAPID-5065880
4b9308bf-05c5-45f5-b35f-abb110b8a644,108788,https://fsn1.your-objectstorage.com/tecdoc2025/media_files/images/6358/34345c562ed428effea5d5aa7bf4e3ee545a1f5c.webp,,1,0,,,2026-08-08 22:47:30,,RAPID-2477990
4b9da147-61e1-4cfe-a8c7-68eeb2c1a0c8,108669,https://fsn1.your-objectstorage.com/tecdoc2025/media_files/images/5377/891b21bf4563db363187ba97d6e81a221efd8eba.gif,,1,0,,,2026-08-08 22:47:30,,RAPID-4937879
4b9deedf-e994-4da4-8f70-4c4989538564,108799,https://fsn1.your-objectstorage.com/tecdoc2025/media_files/images/7788/febc453b4c7871df143e5d009775baf6934e66d3.webp,,1,0,,,2026-08-08 22:47:30,,RAPID-87454226
4c56a3bc-49d6-4963-a934-d898b1db4588,108631,https://fsn1.your-objectstorage.com/tecdoc2025/media_files/images/6925/a6aca409b32187f9f717bf6376847e0e3b5355b8.webp,,0,1,,,2026-08-08 22:47:30,,RAPID-9217440
4c5dd8a6-7b52-46bd-a405-c3ab6699e1f8,108248,https://fsn1.your-objectstorage.com/tecdoc2025/media_files/PDF/30/c97d325bb954384fde686c8bb5d8c63a9030676c.pdf,,1,0,,,2026-08-08 22:47:30,,RAPID-2512436
4ca725c1-dff3-402f-bb5e-10ff26bcb316,108159,https://fsn1.your-objectstorage.com/tecdoc2025/media_files/images/4826/5919a5f4623d49bce4ca466c7c2af7b95ab3bf99.webp,,0,2,,,2026-08-08 22:47:30,,RAPID-54955204
4cb7f55c-00fb-4a73-a2dc-ce68a8c533d5,108592,https://fsn1.your-objectstorage.com/tecdoc2025/media_files/images/403/9ab429842737fbea325e86eb4816b729adc354dd.webp,,0,2,,,2026-08-08 22:47:30,,RAPID-3032538
4cb848fc-597d-436e-99be-8b88750d2c8c,108684,https://fsn1.your-objectstorage.com/tecdoc2025/media_files/PDF/440/0143efbc6cbdd93f5dcee760acaeb411dd8f7e32.pdf,,1,0,,,2026-08-08 22:47:30,,RAPID-9495946
4cc83b0b-a4cb-4f89-8e8f-5239789ff59b,108325,https://fsn1.your-objectstorage.com/tecdoc2025/media_files/images/4434/b4c541c03cc1c6a2f35f986709e793dfa9956a8d.webp,,0,1,,,2026-08-08 22:47:30,,RAPID-21134698
4cf6057e-d469-4fdc-bab0-dec09b4329c6,108662,https://fsn1.your-objectstorage.com/tecdoc2025/media_files/images/4564/27744f30fba6f5e50660537ecfc329cd1975f2c2.webp,,0,1,,,2026-08-08 22:47:30,,RAPID-9665022
4d0ef5b3-f35b-4278-8c76-f4ea0527fa3b,108061,https://fsn1.your-objectstorage.com/tecdoc2025/media_files/images/7391/4e629c8baad6781d5c622722811d9c589df976c6.webp,,1,0,,,2026-08-08 22:47:30,,RAPID-37728228
4d15eaac-ef40-48e1-86fc-63786c136e70,108631,https://fsn1.your-objectstorage.com/tecdoc2025/media_files/images/6925/efaa4bead3bdde893c535996150c7d2eaaec7381.webp,,0,2,,,2026-08-08 22:47:30,,RAPID-9217440
4d2a826a-1057-4621-812c-3ce2ccb06f66,108058,https://fsn1.your-objectstorage.com/tecdoc2025/media_files/images/4975/5e1f23e4cdaf346f5c5596824e5d079deca1c923.webp,,1,0,,,2026-08-08 22:47:30,,RAPID-10396180
4d434aeb-e650-4f91-b1c9-8b3f615ddcc4,108634,https://fsn1.your-objectstorage.com/tecdoc2025/media_files/images/6925/75719ca4ad786a1859a716faa494084c37015312.webp,,0,5,,,2026-08-08 22:47:30,,RAPID-21195037
4d461f6c-5c9d-42b8-90a3-5aadc14b92d8,108221,https://fsn1.your-objectstorage.com/tecdoc2025/media_files/images/7673/3ddde16e76244544ff879814eeee2e80b70cb63b.webp,,0,5,,,2026-08-08 22:47:30,,RAPID-47648862
4d4c4706-459d-4b82-8b61-9bbe8bc8b1c4,108432,https://fsn1.your-objectstorage.com/tecdoc2025/media_files/images/2/ff15a28e2bfb4b7c25f8f02fb2b5b567411b3977.webp,,0,4,,,2026-08-08 22:47:30,,RAPID-5414520
4d4c76fd-30a8-4de4-aa50-4a023c2a4bd5,108342,https://fsn1.your-objectstorage.com/tecdoc2025/media_files/images/66/e4f0008019e342235042ccf45675e5a063f2428c.webp,,0,3,,,2026-08-08 22:47:30,,RAPID-6617676
4d5a9f5a-4737-458c-b004-f3576ab73297,108066,https://fsn1.your-objectstorage.com/tecdoc2025/media_files/images/30/5db6a3464db4a95e6ed461a784da9ef94108ab18.webp,,0,4,,,2026-08-08 22:47:30,,RAPID-737375
4d8e92bc-1f2a-4219-8c37-4815215e304d,108426,https://fsn1.your-objectstorage.com/tecdoc2025/media_files/images/2/3d48254791a18434c5e3c867d72715e8bc195157.webp,,0,1,,,2026-08-08 22:47:30,,RAPID-12571775
4d98a457-20d0-4d9e-8220-3d99537973bd,108511,https://fsn1.your-objectstorage.com/tecdoc2025/media_files/images/201/68260e46571c8d1bcfeca01392c6a8c1f225dd76.webp,,0,3,,,2026-08-08 22:47:30,,RAPID-9693155
4db64101-06d7-4ba0-8b1c-77a02c12fad6,108267,https://fsn1.your-objectstorage.com/tecdoc2025/media_files/images/30/b924288bae6acda7535725e37c41762fbeaaed5a.webp,,0,2,,,2026-08-08 22:47:30,,RAPID-2513002
4dbb4f19-6469-47c9-9b26-ffa271f7ce93,108140,https://fsn1.your-objectstorage.com/tecdoc2025/media_files/images/6390/813039a62a12c2fc5452e8924125043e9db5a70f.webp,,1,0,,,2026-08-08 22:47:30,,RAPID-3022870
4dd7eb5f-7fef-4a7b-b893-110caf2b568f,108220,https://fsn1.your-objectstorage.com/tecdoc2025/media_files/images/7673/c82977fe2e6f0a783fab48b2d00c991b52672318.webp,,0,3,,,2026-08-08 22:47:30,,RAPID-55693719
4e37a2ce-7098-4727-b3b2-e369d0398503,108445,https://fsn1.your-objectstorage.com/tecdoc2025/media_files/images/2/3d48254791a18434c5e3c867d72715e8bc195157.webp,,0,3,,,2026-08-08 22:47:30,,RAPID-16753044
4e7e3650-6e10-491c-bdcd-a77cbfad2dbf,108286,https://fsn1.your-objectstorage.com/tecdoc2025/media_files/images/4455/020c4e3a2eaf6d7226de0fec56af78ada0a8583f.webp,,1,0,,,2026-08-08 22:47:30,,RAPID-6108399
4e7fcbe4-121d-4288-963e-254850c7f607,108442,https://fsn1.your-objectstorage.com/tecdoc2025/media_files/images/2/3e6ab28fcd171eb63f39e3360086f6d0a05a37f6.webp,,0,5,,,2026-08-08 22:47:30,,RAPID-5414373
4e8bbfe1-b78f-4f30-a432-4a102cbb7a6d,108772,https://fsn1.your-objectstorage.com/tecdoc2025/media_files/images/6358/d23421b86ad4692fd4a92f71bdc7e905a4cce539.webp,,1,0,,,2026-08-08 22:47:30,,RAPID-2478060
4ebcaf36-facd-40d4-8514-b9a0f906c647,108156,https://fsn1.your-objectstorage.com/tecdoc2025/media_files/images/4826/16f2c180cda9bb8ef0864f59ff626cfac9cb22df.webp,,0,4,,,2026-08-08 22:47:30,,RAPID-56953185
4ebdddfd-3646-4b3f-9bab-1be8da1843c9,108161,https://fsn1.your-objectstorage.com/tecdoc2025/media_files/images/4826/67c672cec12757b404fd5576084588c704c6e010.webp,,0,4,,,2026-08-08 22:47:30,,RAPID-47436407
4f14ec2c-976e-491b-822c-31f30a2d52b4,108780,https://fsn1.your-objectstorage.com/tecdoc2025/media_files/images/6358/d720e856c19f3ebb257e5fdd29b759e3a788e002.webp,,0,7,,,2026-08-08 22:47:30,,RAPID-2478300
4f3ebde4-5655-42d5-b3be-b2e69ebb6aec,108112,https://fsn1.your-objectstorage.com/tecdoc2025/media_files/images/7788/8a6897ec1a244b09566176de372beb96b2e7b011.webp,,0,2,,,2026-08-08 22:47:30,,RAPID-91361032
4fd26cd0-37ec-4680-a8e4-6bae08542af0,108443,https://fsn1.your-objectstorage.com/tecdoc2025/media_files/images/2/501e344a091c82b0f58697211cfdc013fbd39b44.webp,,0,6,,,2026-08-08 22:47:30,,RAPID-5414411
4fe1d42e-8326-4666-9f82-0fe25133e241,108303,https://fsn1.your-objectstorage.com/tecdoc2025/media_files/images/363/12060e23b69c46a136b403a076580ef6c40450c9.webp,,1,0,,,2026-08-08 22:47:30,,RAPID-4612508
4fe1dc39-fdec-4b1c-af32-74ad27c0b0c1,108182,https://fsn1.your-objectstorage.com/tecdoc2025/media_files/images/257/ca2aa3fce45c9176972c51cda60ae29144ec4a10.webp,,1,0,,,2026-08-08 22:47:30,,RAPID-57690956
4feef0bf-a2ba-43b6-9851-311e38e5edce,108628,https://fsn1.your-objectstorage.com/tecdoc2025/media_files/images/6925/5f1b1d17dc5a8a5754f955fabf8d023cdbf79f7e.webp,,0,5,,,2026-08-08 22:47:30,,RAPID-9217199
4ff89e7a-9b50-45d6-888b-3492ab0ec0d5,108563,https://fsn1.your-objectstorage.com/tecdoc2025/media_files/images/4600/94c5c8075194713d6af00bd5101d134025cd48e9.webp,,1,0,,,2026-08-08 22:47:30,,RAPID-3728931
50063a79-483e-41ef-8e85-059eadf4d356,108791,https://fsn1.your-objectstorage.com/tecdoc2025/media_files/images/4592/39f8dbda49ba1600bd7c8d9a67b0107ce14aa425.webp,,0,3,,,2026-08-08 22:47:30,,RAPID-9245854
500f1143-1b27-411e-9881-bc21aa7c91fe,108383,https://fsn1.your-objectstorage.com/tecdoc2025/media_files/images/4391/cd1efb17dc5dd6934840f444d51b752c5b074e49.webp,,1,0,,,2026-08-08 22:47:30,,RAPID-1506335
5024a1dc-e34a-43f9-8748-95b45ada8605,108633,https://fsn1.your-objectstorage.com/tecdoc2025/media_files/images/6925/357e7ac44777e97151ac7ae6ac4ed96d995f3f45.webp,,0,2,,,2026-08-08 22:47:30,,RAPID-19338321
503589fb-2fcc-4c63-b5ae-fdab517b526c,108654,https://fsn1.your-objectstorage.com/tecdoc2025/media_files/PDF/6495/cb1e283f978087500a6609c520512fd3fddec96c.pdf,,0,3,,,2026-08-08 22:47:30,,RAPID-6469468
507056ef-a592-4d96-b83c-cc2e1d5b2324,108658,https://fsn1.your-objectstorage.com/tecdoc2025/media_files/images/6495/97e99cfbcdb52a5a825c15f19fef6c97b01b7033.webp,,1,0,,,2026-08-08 22:47:30,,RAPID-6467376
507687e4-701a-4924-8926-92c452fc3184,108419,https://fsn1.your-objectstorage.com/tecdoc2025/media_files/images/5251/94428ab11236f7fc7a1f2976731e16653867d8a8.webp,,1,0,,,2026-08-08 22:47:30,,RAPID-168638
507e6997-80d4-4e8a-8d47-66a20dd85c11,108694,https://fsn1.your-objectstorage.com/tecdoc2025/media_files/images/4380/aa81473ba418e2b4cfe4f512a820ca193bac71a8.webp,,0,3,,,2026-08-08 22:47:30,,RAPID-1961480
50a905ad-4c54-4e1c-bb1d-f3b4dedc536f,108042,https://fsn1.your-objectstorage.com/tecdoc2025/media_files/PDF/206/cc8fa82f1782b4a30c972e44e3e68561c7307a50.pdf,Brake Shoe Set,1,0,,,2026-08-06 14:47:26,,RAPID-5054000
50ba522e-5213-4fcb-a3f5-33517792b712,108201,https://fsn1.your-objectstorage.com/tecdoc2025/media_files/images/7324/fd79c489200118f8246a1096a987aecd7f0c6da5.webp,,0,1,,,2026-08-08 22:47:30,,RAPID-27873809
50c6a980-7119-4e72-b279-6013f22a09bc,108642,https://fsn1.your-objectstorage.com/tecdoc2025/media_files/images/6495/356c0bf9b0720681def6eae22e2601f050ba08db.webp,,1,0,,,2026-08-08 22:47:30,,RAPID-6467386
50d89223-b273-4e05-bd5d-1df0d633576a,108643,https://fsn1.your-objectstorage.com/tecdoc2025/media_files/images/6495/73a2e4a0120e1b87b4b645346309ed1554af095c.webp,,0,2,,,2026-08-08 22:47:30,,RAPID-10664338
50f18dff-ee1f-4212-9bf8-11235af95ef7,108805,https://fsn1.your-objectstorage.com/tecdoc2025/media_files/images/6357/6045e628e8094ef88aa47fb0c4fb26d212e4d07c.webp,,0,1,,,2026-08-08 22:47:30,,RAPID-9110016
511c38b5-3df6-4712-8360-cc3b9eacb72e,108067,https://fsn1.your-objectstorage.com/tecdoc2025/media_files/images/30/096d306d523dbb9fe25338bec72dbbd59c1c95fb.webp,,0,3,,,2026-08-08 22:47:30,,RAPID-737251
51226d3f-02ab-47fc-a915-5f7f5e6a95f6,108416,https://fsn1.your-objectstorage.com/tecdoc2025/media_files/images/5251/b69ada837c1074146e92437a551b3967ac365530.webp,,1,0,,,2026-08-08 22:47:30,,RAPID-168645
51268774-bdb7-4e51-b75b-00e88d864fa2,108270,https://fsn1.your-objectstorage.com/tecdoc2025/media_files/images/30/9f4b2f1efe148f0212ace893c082ed93c97e7ffe.webp,,0,4,,,2026-08-08 22:47:30,,RAPID-2513127
513fc404-c1a8-403f-a31c-1ddc45ada9c0,108649,https://fsn1.your-objectstorage.com/tecdoc2025/media_files/images/6495/15ce28c36313f9cfeef81380ded8ef676d25662e.webp,,0,1,,,2026-08-08 22:47:30,,RAPID-6469467
51613edf-2e12-4f6b-a9ea-25ae2e71dfc0,108813,https://fsn1.your-objectstorage.com/tecdoc2025/media_files/images/6357/ba3eaddfe648ce1e5dc36379755410041dfa984a.webp,,0,2,,,2026-08-08 22:47:30,,RAPID-9110140
51766a1e-e5e1-49e2-b2d4-ba908bd5916f,108137,https://fsn1.your-objectstorage.com/tecdoc2025/media_files/images/4657/5e9eea96dac36ac369b0630b28dde843846e5983.webp,,1,0,,,2026-08-08 22:47:30,,RAPID-869875
517864f2-5d65-4a11-9a60-92141f651bbd,108512,https://fsn1.your-objectstorage.com/tecdoc2025/media_files/images/201/958effbfaa0df1157ec34f582d318dd64c56a532.webp,,0,3,,,2026-08-08 22:47:30,,RAPID-9693160
51836fe9-1c73-4401-9a8a-f67070b1ef34,108570,https://fsn1.your-objectstorage.com/tecdoc2025/media_files/images/95/6bd618d0403a0546c12c8c80210afc258d77eeb6.webp,,0,1,,,2026-08-08 22:47:30,,RAPID-12378013
5186b9ae-d698-40be-9a9d-7233cc97db4c,108638,https://fsn1.your-objectstorage.com/tecdoc2025/media_files/images/6495/356c0bf9b0720681def6eae22e2601f050ba08db.webp,,0,1,,,2026-08-08 22:47:30,,RAPID-6467384
51896841-bdce-4976-9321-e4c494747f67,108651,https://fsn1.your-objectstorage.com/tecdoc2025/media_files/PDF/6495/cb1e283f978087500a6609c520512fd3fddec96c.pdf,,0,2,,,2026-08-08 22:47:30,,RAPID-6467357
51ac195c-4a14-4d5e-97a8-0c6524f58318,108546,https://fsn1.your-objectstorage.com/tecdoc2025/media_files/images/6012/283e22ce4ce29fdbd4ff55e75b7bff72575953e4.webp,,1,0,,,2026-08-08 22:47:30,,RAPID-437629
51cef66b-4b1b-4cdf-9a54-99000d28103b,108717,https://fsn1.your-objectstorage.com/tecdoc2025/media_files/images/6267/9751ab073020b0b960fa6fd7a6dd0874482af3bb.webp,,0,6,,,2026-08-08 22:47:30,,RAPID-8218363
51da6523-9453-4c5f-a4c9-c60ce4e11588,108804,https://fsn1.your-objectstorage.com/tecdoc2025/media_files/images/7788/d403d9139f3c902fa24bc9c06a42ca20d834f2f1.webp,,0,2,,,2026-08-08 22:47:30,,RAPID-90146231
51e1d3f0-4529-41ce-8b24-be0ddaff0761,108427,https://fsn1.your-objectstorage.com/tecdoc2025/media_files/images/2/e5c9aa52dff28c21a30e51819041d7b70304175d.webp,,0,2,,,2026-08-08 22:47:30,,RAPID-5414490
51f9c241-a124-42b7-b8d0-3d367b3abecb,108655,https://fsn1.your-objectstorage.com/tecdoc2025/media_files/images/6495/73a2e4a0120e1b87b4b645346309ed1554af095c.webp,,0,2,,,2026-08-08 22:47:30,,RAPID-12443963
51fb84f2-47c3-48b9-bcb0-0e125407032e,108633,https://fsn1.your-objectstorage.com/tecdoc2025/media_files/PDF/6925/45bc7c34dc3a2937b97cf95d2aa6fcf1f945b80b.pdf,,1,0,,,2026-08-08 22:47:30,,RAPID-19338321
520a3405-e2ee-4449-b60f-9fd71dc9336f,108769,https://fsn1.your-objectstorage.com/tecdoc2025/media_files/images/6358/905c3a841acdf27e1d0a125c9236f2c8a72b97f3.webp,,0,3,,,2026-08-08 22:47:30,,RAPID-2478046
5228d5e5-1333-42fa-8f9b-20b771c15cd1,108013,https://fsn1.your-objectstorage.com/tecdoc2025/media_files/images/6372/508d4c14cc02aafb6b2a0e874c645cd984668927.webp,Timing Belt,1,0,,,2026-08-06 14:47:26,,RAPID-6825636
52572a52-87ff-4f91-a16c-0b4e222aa618,108805,https://fsn1.your-objectstorage.com/tecdoc2025/media_files/images/6357/30eaba655e6fb9f5456128a21da09540a5a6a584.webp,,1,0,,,2026-08-08 22:47:30,,RAPID-9110016
526a4265-9426-4861-ac8e-ac34dfabf712,108840,https://fsn1.your-objectstorage.com/tecdoc2025/media_files/images/4595/549d8c9ae57eeb7f53a3cc9a784c9e198dd544ec.webp,,1,0,,,2026-08-08 22:47:30,,RAPID-1833434
52a9f69c-a66e-41a7-b567-126ec6fe93f8,108076,https://fsn1.your-objectstorage.com/tecdoc2025/media_files/images/234/bf799b6448bc8ddc9d20122cd5197ef44bcc4a31.webp,,0,1,,,2026-08-08 22:47:30,,RAPID-21724128
52ae3b99-b121-419c-af86-d95fbc09538d,108654,https://fsn1.your-objectstorage.com/tecdoc2025/media_files/images/6495/15ce28c36313f9cfeef81380ded8ef676d25662e.webp,,0,1,,,2026-08-08 22:47:30,,RAPID-6469468
537f8b30-c248-4553-954c-11b156c9312a,108817,https://fsn1.your-objectstorage.com/tecdoc2025/media_files/images/6357/c5fb8d536336e73bf0b47dab0b528a2b9c310a10.webp,,0,2,,,2026-08-08 22:47:30,,RAPID-9110181
53ab673d-1191-4e79-ab6c-10e97757a82e,108168,https://fsn1.your-objectstorage.com/tecdoc2025/media_files/images/4826/5ad031be8392fb74e744896a5d396fac51e8ddca.webp,,0,3,,,2026-08-08 22:47:30,,RAPID-57692425
53c7e3e4-f7a6-47d7-8081-3a2fe8767169,108458,https://fsn1.your-objectstorage.com/tecdoc2025/media_files/images/4840/f3e5795815e3d6cfea15932f7b0ec6d9f2db13f9.webp,,0,2,,,2026-08-08 22:47:30,,RAPID-673061
53e74b15-f40e-4e05-942a-9a1f5094dac1,108285,https://fsn1.your-objectstorage.com/tecdoc2025/media_files/images/30/04e9a6f334a8a9818335e8b04a206edee505ac20.webp,,0,5,,,2026-08-08 22:47:30,,RAPID-2513192
53ed5f3a-ff21-4382-9de6-b0ad357c4b08,108573,https://fsn1.your-objectstorage.com/tecdoc2025/media_files/images/95/90444a4dd1551467b032542b75a14101836f4de9.webp,,0,1,,,2026-08-08 22:47:30,,RAPID-107727
53f7a629-8b0d-4f1b-9588-bc16246c8bda,108780,https://fsn1.your-objectstorage.com/tecdoc2025/media_files/images/6358/c6fcb0aa3162bcfd95bbe7b803325e67f293c351.webp,,0,1,,,2026-08-08 22:47:30,,RAPID-2478300
541fc699-7992-4c49-a092-81d7fde8d945,108273,https://fsn1.your-objectstorage.com/tecdoc2025/media_files/PDF/30/b0d4e99e1f7a188bc1e4bc51b66353fc52647196.pdf,,1,0,,,2026-08-08 22:47:30,,RAPID-2513123
545f90ff-e458-4357-9559-3f3ced896a80,108407,https://fsn1.your-objectstorage.com/tecdoc2025/media_files/images/7669/5cf7adb286606cd3ad1717f2c45cd57bb987e32c.webp,,0,3,,,2026-08-08 22:47:30,,RAPID-76752650
5496cf40-778d-4868-953a-d7dadc01c985,108650,https://fsn1.your-objectstorage.com/tecdoc2025/media_files/PDF/6495/87aadebcd0dae8410fdde83a0deb54f4e5b7e7c6.pdf,,0,2,,,2026-08-08 22:47:30,,RAPID-6469465
54eb616e-042b-461f-834a-6420c8717ca3,108678,https://fsn1.your-objectstorage.com/tecdoc2025/media_files/images/6473/f2b46fc84c22abbe12d5045da18a694b4760861e.webp,,1,0,,,2026-08-08 22:47:30,,RAPID-22774988
55185d0f-56e2-4956-a3eb-19b02dc07a37,108414,https://fsn1.your-objectstorage.com/tecdoc2025/media_files/images/5251/5189e0d018b736e5825df1295c84773c1eee6b7c.webp,,1,0,,,2026-08-08 22:47:30,,RAPID-164998
5527dff4-63a4-47e4-ab2d-25d46b195ba5,108646,https://fsn1.your-objectstorage.com/tecdoc2025/media_files/PDF/6495/cb1e283f978087500a6609c520512fd3fddec96c.pdf,,0,2,,,2026-08-08 22:47:30,,RAPID-6467403
554ce28d-fece-43be-b785-4182410613d3,108487,https://fsn1.your-objectstorage.com/tecdoc2025/media_files/images/481/c26fb5fdac7d942fb4eb164cfe25a1b0b974b93e.webp,,1,0,,,2026-08-08 22:47:30,,RAPID-55429195
55771ad0-f429-4a18-ba44-8d72afe55a79,108081,https://fsn1.your-objectstorage.com/tecdoc2025/media_files/images/234/b496347b69f1501ee6aa066649af9e9af69e68c3.webp,,0,3,,,2026-08-08 22:47:30,,RAPID-13841753
55bb4c45-3286-4c2c-8266-abaff9d18a6f,108142,https://fsn1.your-objectstorage.com/tecdoc2025/media_files/images/6390/813039a62a12c2fc5452e8924125043e9db5a70f.webp,,1,0,,,2026-08-08 22:47:30,,RAPID-3023899
55d1526e-f72a-433c-9a38-91e9a845ac2c,108056,https://fsn1.your-objectstorage.com/tecdoc2025/media_files/PDF/67/0e4ee0465a2bfcef8d8cfece1093d68f0254e0ce.pdf,,0,2,,,2026-08-08 22:47:30,,RAPID-4182073
55fa86ca-5840-4ad9-a380-93097302ed08,108354,https://fsn1.your-objectstorage.com/tecdoc2025/media_files/images/4585/77a156a3ab60bfa83484699d2d8e99811ef72419.webp,,1,0,,,2026-08-08 22:47:30,,RAPID-6678476
56046c71-e686-4dd8-a289-39055464065d,108168,https://fsn1.your-objectstorage.com/tecdoc2025/media_files/images/4826/4900d4dd59636e690ca0b5b1a1e41c8e02c56879.webp,,1,0,,,2026-08-08 22:47:30,,RAPID-57692425
56258c4e-89fb-4d6e-9e32-9bfd252e80a1,108301,https://fsn1.your-objectstorage.com/tecdoc2025/media_files/images/363/0e0d22790dd9000320dd419a7ef0c050621f8a44.webp,,1,0,,,2026-08-08 22:47:30,,RAPID-4612551
5629796b-d868-423c-8141-c03c3841b35c,108441,https://fsn1.your-objectstorage.com/tecdoc2025/media_files/images/2/b68e6807c3c4980f1d276be8830dc0252f77d561.webp,,0,3,,,2026-08-08 22:47:30,,RAPID-5414370
563244db-d920-4edd-996f-bb29c0211b88,108331,https://fsn1.your-objectstorage.com/tecdoc2025/media_files/images/186/8263e7cdd14701cecad2e8837576e872d8519d3d.webp,,0,1,,,2026-08-08 22:47:30,,RAPID-9577173
565548db-8bf2-44db-a200-a601323aced2,108098,https://fsn1.your-objectstorage.com/tecdoc2025/media_files/images/485/d79e19f6e5afe56edeb9efa2292131102e5c8755.webp,,1,0,,,2026-08-08 22:47:30,,RAPID-1575147
56d8e365-738a-4727-9913-e6d78068ae2f,108259,https://fsn1.your-objectstorage.com/tecdoc2025/media_files/PDF/30/e789521b2466401212a0cf8cd3c696de25a57157.pdf,,0,1,,,2026-08-08 22:47:30,,RAPID-2512832
574096e2-14bc-4117-9bc1-5c267a584fb5,108585,https://fsn1.your-objectstorage.com/tecdoc2025/media_files/images/403/6c93adafce10d5659f4081a1194be6ba23634e1d.webp,,1,0,,,2026-08-08 22:47:30,,RAPID-3031793
5774468c-f2a3-4946-be9f-62de12debad3,108074,https://fsn1.your-objectstorage.com/tecdoc2025/media_files/images/4344/bb9d9a8d6061e82b4fbb32b8150fe7bf37e72c93.webp,,1,0,,,2026-08-08 22:47:30,,RAPID-6730560
57795398-2558-4d2b-aad7-54bdcd68986c,108221,https://fsn1.your-objectstorage.com/tecdoc2025/media_files/images/7673/32231086cb714cb977b7e574a289cff150baa321.webp,,0,2,,,2026-08-08 22:47:30,,RAPID-47648862
57a8e811-2e54-4ce3-bdac-5edcef704812,108098,https://fsn1.your-objectstorage.com/tecdoc2025/media_files/images/485/8eef8b58e08ddb4d9f9df03945294133c646a58f.webp,,0,1,,,2026-08-08 22:47:30,,RAPID-1575147
57b1cb7a-9bca-4769-9cc5-0def54aa947b,108804,https://fsn1.your-objectstorage.com/tecdoc2025/media_files/images/7788/0328bd663293e0767a333f36321f9fb21dea8489.webp,,1,0,,,2026-08-08 22:47:30,,RAPID-90146231
57b741cc-63e2-458a-ad92-6ecf1be5ae78,108429,https://fsn1.your-objectstorage.com/tecdoc2025/media_files/images/2/e5c9aa52dff28c21a30e51819041d7b70304175d.webp,,0,6,,,2026-08-08 22:47:30,,RAPID-5414491
57c22f91-c006-42d9-9a0a-72258634d6bf,108308,https://fsn1.your-objectstorage.com/tecdoc2025/media_files/images/405/8e03658f71389a9e00eed5609c1b98de279a1d9b.webp,,1,0,,,2026-08-08 22:47:30,,RAPID-4529997
57ea741e-4515-4541-b25b-d7e55a2c1e46,108155,https://fsn1.your-objectstorage.com/tecdoc2025/media_files/images/4826/fb4814f436816ca10ec7329ebc733f95d5eecc76.webp,,0,3,,,2026-08-08 22:47:30,,RAPID-51433062
57f407c9-679e-4c94-98b3-9dbe766b712c,108410,https://fsn1.your-objectstorage.com/tecdoc2025/media_files/images/7669/9cf46a6e16bdb734dc9413a9c16a20c9ee3df145.webp,,0,3,,,2026-08-08 22:47:30,,RAPID-81019283
581a98d2-cc1d-47d2-8920-30da0b985701,108765,https://fsn1.your-objectstorage.com/tecdoc2025/media_files/images/4869/328a8218e617bb2a552552372e0f36b84ae8f825.webp,,1,0,,,2026-08-08 22:47:30,,RAPID-3286744
582b663b-b6b1-4142-a188-98625cf77e60,108610,https://fsn1.your-objectstorage.com/tecdoc2025/media_files/images/6924/24eccdca19b42b96c0a7607b3a9466a22962b37d.webp,,1,0,,,2026-08-08 22:47:30,,RAPID-8144152
58948aec-4aee-4aca-8b1f-2419c68e69d1,108813,https://fsn1.your-objectstorage.com/tecdoc2025/media_files/images/6357/14ca91e7a51e8f6b899ed9a3f4357198fb93aed2.webp,,1,0,,,2026-08-08 22:47:30,,RAPID-9110140
59062230-eccb-404d-8765-a5673cd8c0ef,108561,https://fsn1.your-objectstorage.com/tecdoc2025/media_files/images/4600/6da95d2cb6fe2257915673ce582819646a050d79.webp,,0,2,,,2026-08-08 22:47:30,,RAPID-10397886
594d283b-c8ba-4777-b9e0-1a2ac893abe1,108555,https://fsn1.your-objectstorage.com/tecdoc2025/media_files/images/4501/246be76f2ad4b9e8267f60805ea8297ea3d16667.webp,,1,0,,,2026-08-08 22:47:30,,RAPID-15686500
596e2104-0ac2-4a1e-85a6-ed06ef8e6e42,108243,https://fsn1.your-objectstorage.com/tecdoc2025/media_files/images/475/88f650cf8c3ead49ea32370dc02264a7c04bb33b.webp,,1,0,,,2026-08-08 22:47:30,,RAPID-6142334
597a9933-4d6c-4224-80c3-4d749a2fde70,108790,https://fsn1.your-objectstorage.com/tecdoc2025/media_files/images/6358/b32c37abdf8ba54a5dfe2b5ecfa8b7d92a208cfe.webp,,1,0,,,2026-08-08 22:47:30,,RAPID-2571715
59bca899-1d78-46a0-b9bf-da82825a86be,108687,https://fsn1.your-objectstorage.com/tecdoc2025/media_files/PDF/440/ec03350a27617f6d2ca8b1a61097bbedbaf431e2.pdf,,0,1,,,2026-08-08 22:47:30,,RAPID-9495945
59d57c0c-f8cc-4ab5-b58b-c31e00f4bfbb,108432,https://fsn1.your-objectstorage.com/tecdoc2025/media_files/images/2/e5c9aa52dff28c21a30e51819041d7b70304175d.webp,,0,6,,,2026-08-08 22:47:30,,RAPID-5414520
59fea16a-f94b-4cfc-9484-1573e37e28c0,108379,https://fsn1.your-objectstorage.com/tecdoc2025/media_files/images/4391/7cf3272d1ddd44b1cd1bfb9e9997b54ff29ee148.webp,,1,0,,,2026-08-08 22:47:30,,RAPID-1506346
5a102fc3-1ce1-491b-a441-c841aa0b87ab,108645,https://fsn1.your-objectstorage.com/tecdoc2025/media_files/images/6495/356c0bf9b0720681def6eae22e2601f050ba08db.webp,,1,0,,,2026-08-08 22:47:30,,RAPID-6467402
5a25a6b2-9063-4e62-981a-ed34da5cd725,108220,https://fsn1.your-objectstorage.com/tecdoc2025/media_files/images/7673/e6597767d8e22790d49b25dcf75800c0591020e8.webp,,0,7,,,2026-08-08 22:47:30,,RAPID-55693719
5a4b8b94-76da-41d9-9ba3-1852cbf9a504,108433,https://fsn1.your-objectstorage.com/tecdoc2025/media_files/images/2/3a43ececdf7cb2ec0be394a4c4119d7259cac6ec.webp,,0,1,,,2026-08-08 22:47:30,,RAPID-5414541
5a8c2c3e-2a8f-4691-8ece-19e381d6edce,108139,https://fsn1.your-objectstorage.com/tecdoc2025/media_files/images/4657/00352ab35e0d2996a22541bf6ea0259820647dce.webp,,0,1,,,2026-08-08 22:47:30,,RAPID-869876
5aa3e61d-46ca-40c7-832a-def8c490a55b,108099,https://fsn1.your-objectstorage.com/tecdoc2025/media_files/images/4671/e4ce6a6b9d6df784277b395ecd893a08161bad6e.webp,,0,2,,,2026-08-08 22:47:30,,RAPID-8249594
5ab4e29d-2860-4183-bb22-6ba622038c78,108272,https://fsn1.your-objectstorage.com/tecdoc2025/media_files/images/30/c5cd10d405e1fa8b094b2878a15303521c6bd25c.webp,,0,6,,,2026-08-08 22:47:30,,RAPID-2513311
5ace1781-f18d-4936-8728-41afc02fe782,108120,https://fsn1.your-objectstorage.com/tecdoc2025/media_files/images/21/3d9b5cd2bfb1bfb30cc5a2808e5e4bfb20a476d5.webp,,1,0,,,2026-08-08 22:47:30,,RAPID-374159
5af5dec2-0062-4096-b632-88e6386437ac,108509,https://fsn1.your-objectstorage.com/tecdoc2025/media_files/images/201/0007dbfb0f1b14e1c70da6004b6ed5510b20a978.webp,,0,3,,,2026-08-08 22:47:30,,RAPID-16896468
5b249de6-67e1-45e2-a916-3b214e146c8e,108707,https://fsn1.your-objectstorage.com/tecdoc2025/media_files/images/2728/7ca756dd3dbdd101e256c6ca818dff71bdae9330.webp,,1,0,,,2026-08-08 22:47:30,,RAPID-3205782
5b484310-9aa7-4067-b50c-a63ae93f5ef7,108781,https://fsn1.your-objectstorage.com/tecdoc2025/media_files/images/6358/ec2980dc75864cab925550996558578550cc0867.webp,,0,2,,,2026-08-08 22:47:30,,RAPID-2477867
5b87f90d-9e3a-4f2e-be82-a512321dff38,108663,https://fsn1.your-objectstorage.com/tecdoc2025/media_files/PDF/4564/7fd22f4c5fffa73ee0d652a28249d1c72f86ac3f.pdf,,1,0,,,2026-08-08 22:47:30,,RAPID-9664968
5bbac316-1508-44a2-aad9-7aa04b39293d,108717,https://fsn1.your-objectstorage.com/tecdoc2025/media_files/images/6267/44ae1467b558b9b3e134c21fcc3622b158bc339f.webp,,0,7,,,2026-08-08 22:47:30,,RAPID-8218363
5bf2bdaf-8110-47ed-a506-6523b9e07ffc,108654,https://fsn1.your-objectstorage.com/tecdoc2025/media_files/PDF/6495/87aadebcd0dae8410fdde83a0deb54f4e5b7e7c6.pdf,,0,2,,,2026-08-08 22:47:30,,RAPID-6469468
5bfbb060-43ed-4867-84da-e50fd4068fa1,108797,https://fsn1.your-objectstorage.com/tecdoc2025/media_files/images/6437/20f9fda502f919a7b5a2869881c282e0d55a0594.webp,,1,0,,,2026-08-08 22:47:30,,RAPID-7927561
5c0d0bdd-a022-4475-991e-68334cf3e0ed,108434,https://fsn1.your-objectstorage.com/tecdoc2025/media_files/images/2/2e927f99086930859554a2f01ab51df5002a5bc9.webp,,0,1,,,2026-08-08 22:47:30,,RAPID-5414519
5cb075b4-2ea2-4e06-85b0-6fe48a7292bf,108425,https://fsn1.your-objectstorage.com/tecdoc2025/media_files/images/2/e5c9aa52dff28c21a30e51819041d7b70304175d.webp,,0,6,,,2026-08-08 22:47:30,,RAPID-5414517
5d6d481f-8c23-40a1-8d63-8d7d029a644f,108139,https://fsn1.your-objectstorage.com/tecdoc2025/media_files/images/4657/bd0beb16246fcef7722b096bccabc3fa0090ab0a.webp,,1,0,,,2026-08-08 22:47:30,,RAPID-869876
5dc2b40f-42cd-4595-b662-f9d02746d518,108637,https://fsn1.your-objectstorage.com/tecdoc2025/media_files/images/6495/356c0bf9b0720681def6eae22e2601f050ba08db.webp,,0,1,,,2026-08-08 22:47:30,,RAPID-6467380
5dc71719-df94-49c6-9e0d-fd4e546436f2,108773,https://fsn1.your-objectstorage.com/tecdoc2025/media_files/images/6358/76a9fde1f0777d89f64406b69f579752abec4fc0.webp,,0,2,,,2026-08-08 22:47:30,,RAPID-2478021
5dcbf42c-f36b-460a-a0c3-244da5652c69,108644,https://fsn1.your-objectstorage.com/tecdoc2025/media_files/PDF/6495/cb1e283f978087500a6609c520512fd3fddec96c.pdf,,0,2,,,2026-08-08 22:47:30,,RAPID-6467400
5ddf68ee-05f4-4641-95c6-741216fe4902,108507,https://fsn1.your-objectstorage.com/tecdoc2025/media_files/images/201/1ca9b8f391a05b412f12e30c0da31dee8d92aa50.webp,,0,3,,,2026-08-08 22:47:30,,RAPID-18742080
5dfac36e-9401-428a-a310-2e8a4004450f,108438,https://fsn1.your-objectstorage.com/tecdoc2025/media_files/images/2/2e927f99086930859554a2f01ab51df5002a5bc9.webp,,0,1,,,2026-08-08 22:47:30,,RAPID-5414597
5e2258f0-e8a5-4aec-9e5c-35e3ad71f78b,108630,https://fsn1.your-objectstorage.com/tecdoc2025/media_files/images/6925/0c9d59f62bfafb0b3647caa44badc1f1fbc83cea.webp,,1,0,,,2026-08-08 22:47:30,,RAPID-9217428
5e40bfd4-8d3d-4d24-bdd5-786747cebabd,108588,https://fsn1.your-objectstorage.com/tecdoc2025/media_files/images/403/360b0135bb11ac34ca7aee196fdf939fdfa2d8eb.webp,,0,1,,,2026-08-08 22:47:30,,RAPID-3031935
5e470a91-2586-4357-ba5b-67ae4fdc1bdb,108278,https://fsn1.your-objectstorage.com/tecdoc2025/media_files/images/30/325794c5fc71b20b7d77e0078ffe57766a00c95f.webp,,0,3,,,2026-08-08 22:47:30,,RAPID-2514803
5e5f1178-7f0f-44b3-83bd-65b1b18c9d58,108637,https://fsn1.your-objectstorage.com/tecdoc2025/media_files/images/6495/9308b375a4d5c2afc63c6d0badb03691f3959365.webp,,1,0,,,2026-08-08 22:47:30,,RAPID-6467380
5e645686-b563-4190-b5d0-a104c6fd31f2,108789,https://fsn1.your-objectstorage.com/tecdoc2025/media_files/images/6358/86dd74fa76fe3fab731e2b9c50f2bc49261da130.webp,,0,2,,,2026-08-08 22:47:30,,RAPID-2477992
5e901085-db05-4171-a4dd-cbbd77a59f19,108657,https://fsn1.your-objectstorage.com/tecdoc2025/media_files/images/6495/15ce28c36313f9cfeef81380ded8ef676d25662e.webp,,0,1,,,2026-08-08 22:47:30,,RAPID-6469463
5e9e9f77-47ac-4ed7-933c-a7850632f333,108634,https://fsn1.your-objectstorage.com/tecdoc2025/media_files/images/6925/fb36647cd00821151d52b4a7a46d8f96a983afe4.webp,,0,3,,,2026-08-08 22:47:30,,RAPID-21195037
5eb01117-311e-490b-9a34-7f614822ccb1,108190,https://fsn1.your-objectstorage.com/tecdoc2025/media_files/images/442/371b7671b20a6c27ecee17398b1a4e33526c821d.webp,,1,0,,,2026-08-08 22:47:30,,RAPID-5789006
5ed0d776-d892-4ed3-8ecb-de27bc6df557,108816,https://fsn1.your-objectstorage.com/tecdoc2025/media_files/images/6357/57167c2e7ac4a629dc37c78eac813c25f2e7cf8f.webp,,0,2,,,2026-08-08 22:47:30,,RAPID-9110152
5f119e66-b3a8-4e76-8e38-e6d91316d6bc,108703,https://fsn1.your-objectstorage.com/tecdoc2025/media_files/PDF/378/8a43ffde7a7782874f25f3c17ab38c8fec69770b.pdf,,1,0,,,2026-08-08 22:47:30,,RAPID-9686790
5f362773-a4a7-49ff-bd8e-28da6e747b3f,108460,https://fsn1.your-objectstorage.com/tecdoc2025/media_files/images/4840/1c82c6bf5919caabf15203325e60896c0d5c1cd2.webp,,0,2,,,2026-08-08 22:47:30,,RAPID-367880
5f4ebebe-2e07-4922-95a6-eb2224108009,108221,https://fsn1.your-objectstorage.com/tecdoc2025/media_files/images/7673/7e476f4202267d46d86ff80cfb0581c899f90382.webp,,0,3,,,2026-08-08 22:47:30,,RAPID-47648862
5f663bdb-2c54-450f-8408-fd9ce82ebaf5,108821,https://fsn1.your-objectstorage.com/tecdoc2025/media_files/images/6357/60fb8607ddd909bfc6f9e85e6d84ec21cc8bc1c8.webp,,0,5,,,2026-08-08 22:47:30,,RAPID-9110205
5fed8ba1-d004-4a32-8625-8146995dc257,108274,https://fsn1.your-objectstorage.com/tecdoc2025/media_files/PDF/30/b0d4e99e1f7a188bc1e4bc51b66353fc52647196.pdf,,1,0,,,2026-08-08 22:47:30,,RAPID-2513125
604e4c4b-b078-462a-8a43-c835a82bf90f,108266,https://fsn1.your-objectstorage.com/tecdoc2025/media_files/images/30/4e501781d03a14261add3673746917f2d1da14b1.webp,,1,0,,,2026-08-08 22:47:30,,RAPID-2513252
605286af-dedb-4424-bec4-83680f015004,108634,https://fsn1.your-objectstorage.com/tecdoc2025/media_files/images/6925/0ca7f0f5ff466ccb6e607e4ac3c1b1984ef3997d.webp,,0,1,,,2026-08-08 22:47:30,,RAPID-21195037
6055389c-8ba6-472c-9ce1-de5bea53a431,108105,https://fsn1.your-objectstorage.com/tecdoc2025/media_files/images/75/5aff34e4173cd12fc0bfc67648551faf3d2f31c5.webp,,0,1,,,2026-08-08 22:47:30,,RAPID-1220296
605cf21e-80a3-4fc3-b794-70aaf781541d,108188,https://fsn1.your-objectstorage.com/tecdoc2025/media_files/images/442/3f249429b768f3bd653f14e410fb2c569385378e.webp,,1,0,,,2026-08-08 22:47:30,,RAPID-9680217
608175db-8507-4da1-ab1e-653e79e9b242,108077,https://fsn1.your-objectstorage.com/tecdoc2025/media_files/images/234/2aec0a9d73c3b1cc68c1586f6d81d912ad4bd072.webp,,0,3,,,2026-08-08 22:47:30,,RAPID-19475374
608bf882-24a2-4bb9-8a77-eb0b112116f2,108548,https://fsn1.your-objectstorage.com/tecdoc2025/media_files/images/4501/f0612b77ca53468eadd31ccf861b70cdf894376c.webp,,1,0,,,2026-08-08 22:47:30,,RAPID-7961302
608f85e1-8c28-4f56-b6d6-853f2acc2924,108641,https://fsn1.your-objectstorage.com/tecdoc2025/media_files/images/6495/73a2e4a0120e1b87b4b645346309ed1554af095c.webp,,0,2,,,2026-08-08 22:47:30,,RAPID-11444196
609a4a77-184d-454b-8eb7-260529dfbe5f,108614,https://fsn1.your-objectstorage.com/tecdoc2025/media_files/images/94/7027dd19cd8d2b9cf349559fc1f9a68f8f278f85.webp,,1,0,,,2026-08-08 22:47:30,,RAPID-2019255
60d5ca4b-e78c-4de9-b70a-d48ae680b12c,108344,https://fsn1.your-objectstorage.com/tecdoc2025/media_files/images/66/3fa13b472e476d6aac46074125104fb77d9a7ce8.webp,,1,0,,,2026-08-08 22:47:30,,RAPID-19142957
60fc0857-6db8-4a08-8ff4-415c8851e3fe,108016,https://fsn1.your-objectstorage.com/tecdoc2025/media_files/images/6903/29136bb92300d2ced47e362c5e10133c195d0c3b.webp,Brake Shoe Set,1,0,,,2026-08-06 14:47:26,,RAPID-84960792
61131764-5cf9-4a8d-af39-d344399e6c77,108438,https://fsn1.your-objectstorage.com/tecdoc2025/media_files/images/2/945633486e55e587341196a7d10ff6cdc7d920a0.webp,,0,4,,,2026-08-08 22:47:30,,RAPID-5414597
614e4aad-0630-44af-8a6f-900910b97c8a,108817,https://fsn1.your-objectstorage.com/tecdoc2025/media_files/images/6357/47640942718c73bae4ea683d27e7f631df8d80a5.webp,,0,1,,,2026-08-08 22:47:30,,RAPID-9110181
6151cfd4-1295-4c71-afb6-91f16f65324e,108342,https://fsn1.your-objectstorage.com/tecdoc2025/media_files/images/66/1c0d61931ca8665f44d9a33aa7d435fee2055d21.webp,,0,1,,,2026-08-08 22:47:30,,RAPID-6617676
6184f110-30bd-4779-a226-8ab5228bddd3,108395,https://fsn1.your-objectstorage.com/tecdoc2025/media_files/images/271/8008dd6b02c2d026a7898db92f25995b53d6c8bc.webp,,0,4,,,2026-08-08 22:47:30,,RAPID-18344449
61aa643b-4895-4ef0-9047-1c898d7a31a0,108221,https://fsn1.your-objectstorage.com/tecdoc2025/media_files/images/7673/66203fe2d72ffba5ae3ea2819fc22eb81537a459.webp,,0,1,,,2026-08-08 22:47:30,,RAPID-47648862
61b7a327-23e9-4099-b035-ad91efbe1c88,108201,https://fsn1.your-objectstorage.com/tecdoc2025/media_files/images/7324/fd79c489200118f8246a1096a987aecd7f0c6da5.webp,,0,7,,,2026-08-08 22:47:30,,RAPID-27873809
61c11996-7241-4b8c-afc9-b253007c9641,108843,https://fsn1.your-objectstorage.com/tecdoc2025/media_files/images/4595/c99c132ac7249f74b7e706d85275997c2efb3811.webp,,0,1,,,2026-08-08 22:47:30,,RAPID-1833330
61c6bd4f-13f0-4b25-ad98-7ab848fb0e98,108761,https://fsn1.your-objectstorage.com/tecdoc2025/media_files/images/6335/55e69c8921834c285542ee54e488dcd4cbb05357.webp,,1,0,,,2026-08-08 22:47:30,,RAPID-2381011
61d9f3cc-7fe1-4a32-902a-acd3894242ab,108484,https://fsn1.your-objectstorage.com/tecdoc2025/media_files/images/481/878624db9dab20d9c84ec1a2614b2d28e1eaae8a.webp,,1,0,,,2026-08-08 22:47:30,,RAPID-9049145
61ecb97f-ef3a-44a4-919b-edfc19aa016f,108812,https://fsn1.your-objectstorage.com/tecdoc2025/media_files/images/6357/3dacfb36d1460e9274d9f94448db5c89a15069fb.webp,,1,0,,,2026-08-08 22:47:30,,RAPID-9110110
621e936c-4f5d-426e-be26-b35dec580411,108696,https://fsn1.your-objectstorage.com/tecdoc2025/media_files/images/4380/11e41c3b5d12690a4f2be511e24144083e397612.webp,,0,4,,,2026-08-08 22:47:30,,RAPID-1961491
6244368c-9ce6-45e7-b6b4-59f383c23d46,108807,https://fsn1.your-objectstorage.com/tecdoc2025/media_files/images/6357/98f32012c0466ef87a6e8996458bde0014e8a0eb.webp,,1,0,,,2026-08-08 22:47:30,,RAPID-9110021
6244d061-4aac-467b-a467-47fd953200b5,108160,https://fsn1.your-objectstorage.com/tecdoc2025/media_files/images/4826/fce7bb7e613e38ef158ad9aea7bd2bc31b672edb.webp,,0,2,,,2026-08-08 22:47:30,,RAPID-54563697
624a496f-85f4-4662-a2cc-59433df3b4e3,108455,https://fsn1.your-objectstorage.com/tecdoc2025/media_files/images/4840/1c05ad7efe39f75b5c5129407c268eaac26e97a9.webp,,0,3,,,2026-08-08 22:47:30,,RAPID-1492213
629609d8-1d96-44e7-94de-20ade09547e9,108843,https://fsn1.your-objectstorage.com/tecdoc2025/media_files/images/4595/6ba91f9329ec61c359e2dd5bc69e01266d9d9243.webp,,0,2,,,2026-08-08 22:47:30,,RAPID-1833330
62aed2a9-2d65-44f2-8b2b-7c4c09411cdf,108482,https://fsn1.your-objectstorage.com/tecdoc2025/media_files/images/481/ada9c4e448b028aae7d1814ec68873c9a0dbc927.webp,,1,0,,,2026-08-08 22:47:30,,RAPID-9049163
62ca225c-a7ae-40fc-9552-cf2d18152d0a,108528,https://fsn1.your-objectstorage.com/tecdoc2025/media_files/images/4522/3744d5e1347b96bc540d76d8b9b3a46d840b8561.webp,,1,0,,,2026-08-08 22:47:30,,RAPID-2717403
62d2fb28-b7e9-4e60-896a-4db4293be903,108696,https://fsn1.your-objectstorage.com/tecdoc2025/media_files/images/4380/aa81473ba418e2b4cfe4f512a820ca193bac71a8.webp,,0,2,,,2026-08-08 22:47:30,,RAPID-1961491
62dd75e6-cdc8-4021-9652-29135ad75f6f,108763,https://fsn1.your-objectstorage.com/tecdoc2025/media_files/images/4869/c9d89ee9c6ff473363c4126f64bfdc27583dee54.webp,,1,0,,,2026-08-08 22:47:30,,RAPID-3286519
62e82253-5812-4036-9ffb-46d0898a52ba,108770,https://fsn1.your-objectstorage.com/tecdoc2025/media_files/images/6358/dbe4ad9d1a2f3c2509bacdfa39f856826d8974bc.webp,,0,2,,,2026-08-08 22:47:30,,RAPID-2478049
6310e112-4bcb-4366-9dce-f5601cb2b80d,108801,https://fsn1.your-objectstorage.com/tecdoc2025/media_files/images/7788/f3e1f2dc7485c1d0853793772b1a98a7675516c6.webp,,0,1,,,2026-08-08 22:47:30,,RAPID-91462161
63169e16-9245-4cd8-a862-4041eb96b52b,108632,https://fsn1.your-objectstorage.com/tecdoc2025/media_files/images/6925/7b0a3333f2485e2a5e5abc49cef287808cd7493a.webp,,1,0,,,2026-08-08 22:47:30,,RAPID-8158894
632eea32-20d4-4319-80d6-032d18b4a3b3,108429,https://fsn1.your-objectstorage.com/tecdoc2025/media_files/images/2/575d716228c60002095fde428b799ea146321f44.webp,,0,5,,,2026-08-08 22:47:30,,RAPID-5414491
63336a2c-5ae1-4b01-9b24-ee251510f8e1,108257,https://fsn1.your-objectstorage.com/tecdoc2025/media_files/images/30/4f6bf50aec397d338d96cf0c62718dd1e3511603.webp,,0,4,,,2026-08-08 22:47:30,,RAPID-2512621
6369492f-2fce-4bb1-b814-eb99b973ef48,108459,https://fsn1.your-objectstorage.com/tecdoc2025/media_files/images/4840/0aef1c153bf98f6966b34a652d29632f3fc80f06.webp,,0,1,,,2026-08-08 22:47:30,,RAPID-2320366
638db091-4547-4345-a86d-d4260143f0d2,108103,https://fsn1.your-objectstorage.com/tecdoc2025/media_files/images/4380/e6d9c212a512c043082db1b729a76f7b5c7cc954.webp,,1,0,,,2026-08-08 22:47:30,,RAPID-2163426
63a71884-1bff-410a-acbc-6cabb2c27171,108565,https://fsn1.your-objectstorage.com/tecdoc2025/media_files/images/95/0603321c5d8439df5efc3f8b25dfb946a69b4168.webp,,1,0,,,2026-08-08 22:47:30,,RAPID-107504
63fdc21b-37da-4657-856f-bc9f8994d12d,108570,https://fsn1.your-objectstorage.com/tecdoc2025/media_files/images/95/fb37393044c344195f952cb578ebd07b686bac42.webp,,1,0,,,2026-08-08 22:47:30,,RAPID-12378013
6409f4a2-aec8-4692-a50e-ba67b58562da,108200,https://fsn1.your-objectstorage.com/tecdoc2025/media_files/images/5259/44006d584b3012cd08c8a830dcd2fa27df97e690.webp,,1,0,,,2026-08-08 22:47:30,,RAPID-5776090
6418d9cb-d188-4537-a582-9db1f3b0f145,108377,https://fsn1.your-objectstorage.com/tecdoc2025/media_files/images/4969/9cfb31aea4ef881bf70cff1546d59cd18b07aa66.webp,,0,3,,,2026-08-08 22:47:30,,RAPID-56167489
642fc882-085d-41f3-8974-830675757ff4,108600,https://fsn1.your-objectstorage.com/tecdoc2025/media_files/images/403/2a45baf7f9eb5aab57e61cd2e39ff158ffb01b2c.webp,,0,2,,,2026-08-08 22:47:30,,RAPID-3032889
6439b573-a498-48fe-8ee9-59b98ab4f983,108377,https://fsn1.your-objectstorage.com/tecdoc2025/media_files/images/4969/92f89439a709dae5437de27023ee8134e863d8d4.webp,,0,4,,,2026-08-08 22:47:30,,RAPID-56167489
644086d5-c5e1-43f0-8ed5-521d22fbff82,108756,https://fsn1.your-objectstorage.com/tecdoc2025/media_files/images/6983/b41afcdab4c097842dd031010cd597c09844c8d4.webp,,0,1,,,2026-08-08 22:47:30,,RAPID-1776723
64ee99c5-9ce7-4459-b9d4-1e0f509e4965,108691,https://fsn1.your-objectstorage.com/tecdoc2025/media_files/PDF/145/a1c1673edefe23cfd163573bb9c312cd2b4015ff.pdf,,0,1,,,2026-08-08 22:47:30,,RAPID-6867274
64f5092c-86ea-409e-83d2-d83359aff8d3,108843,https://fsn1.your-objectstorage.com/tecdoc2025/media_files/images/4595/dff35440b2d7b7e5175aadaec976c5293223eb37.webp,,1,0,,,2026-08-08 22:47:30,,RAPID-1833330
650fe0a7-c580-47d1-a222-c2fa62d5299f,108265,https://fsn1.your-objectstorage.com/tecdoc2025/media_files/images/30/4ad3da3084c840ac2234cd4f8decea683fe2e042.webp,,0,2,,,2026-08-08 22:47:30,,RAPID-2512850
65204e3f-ce7f-454b-9106-a4ad8778e260,108221,https://fsn1.your-objectstorage.com/tecdoc2025/media_files/images/7673/44167cfb66e2012dd635fcfd451bd38f095c8d7f.webp,,0,4,,,2026-08-08 22:47:30,,RAPID-47648862
65214ba2-950b-43f4-9bd4-73f1a292c78e,108106,https://fsn1.your-objectstorage.com/tecdoc2025/media_files/images/57/c7e11bebddbb54137d411d9d223d311ae28b09a8.webp,,0,1,,,2026-08-08 22:47:30,,RAPID-8658489
654889a2-0938-49a4-a49f-035fb9e24e3b,108673,https://fsn1.your-objectstorage.com/tecdoc2025/media_files/images/5377/7dbef226a7bfc104d2d1ba9e8afdf8d6d9ce3adf.gif,,1,0,,,2026-08-08 22:47:30,,RAPID-24095466
655c3038-dceb-4748-a2f1-22fbb754d58f,108344,https://fsn1.your-objectstorage.com/tecdoc2025/media_files/images/66/ec0ac9326980003267a140ce8eaa798e911f539f.webp,,0,1,,,2026-08-08 22:47:30,,RAPID-19142957
657047cd-1a5c-4ae3-8504-9eb3bba83239,108274,https://fsn1.your-objectstorage.com/tecdoc2025/media_files/images/30/adbe47ec289a8d77bfdecbc23c3ebc6c2723bc35.webp,,0,1,,,2026-08-08 22:47:30,,RAPID-2513125
658974bf-7eb0-4103-8d5d-8cc66fb16b3d,108430,https://fsn1.your-objectstorage.com/tecdoc2025/media_files/images/2/67280cf823fc8ab7bd621367395417fccc5efa16.webp,,0,1,,,2026-08-08 22:47:30,,RAPID-5414543
65ab6e4c-881a-4e9c-a994-b251cc46b379,108424,https://fsn1.your-objectstorage.com/tecdoc2025/media_files/images/5251/391f84b6f4609c27c1f48bdd561e2e4898cce84b.webp,,1,0,,,2026-08-08 22:47:30,,RAPID-1438553
65ec4678-f7de-4afb-abff-14c70d9a4f56,108819,https://fsn1.your-objectstorage.com/tecdoc2025/media_files/images/6357/2eaab6525734d8ebeb22eb8db6c179943f724595.webp,,0,6,,,2026-08-08 22:47:30,,RAPID-9110209
6615c1a3-bad3-4914-960e-73e07a31fe8e,108029,https://fsn1.your-objectstorage.com/tecdoc2025/media_files/images/6903/d114c78b2c36af8ec561872512d1332f6ef0142a.webp,"Brake Pad Set, disc brake",1,0,,,2026-08-06 14:47:26,,RAPID-77113107
662f7cc1-dea7-4826-91fe-9c968490beb6,108333,https://fsn1.your-objectstorage.com/tecdoc2025/media_files/images/186/ac0f732ca36aeae13a28b9d0ff3c1e692828eee2.webp,,1,0,,,2026-08-08 22:47:30,,RAPID-9628155
665270aa-671e-4e15-b15b-18f2d78fa75b,108079,https://fsn1.your-objectstorage.com/tecdoc2025/media_files/images/234/b8f06240bc04b0490e594768b6003bc77f6e6231.webp,,0,2,,,2026-08-08 22:47:30,,RAPID-18151300
66554a7f-1563-410f-8ac6-0daacd8afe24,108263,https://fsn1.your-objectstorage.com/tecdoc2025/media_files/PDF/30/b0d4e99e1f7a188bc1e4bc51b66353fc52647196.pdf,,1,0,,,2026-08-08 22:47:30,,RAPID-2512862
6688d6e8-1be9-4b38-8647-e1bb58baf737,108130,https://fsn1.your-objectstorage.com/tecdoc2025/media_files/images/6372/43b563fbe538b57244eabc8ed3fb11f7aa8bed3f.webp,,0,1,,,2026-08-08 22:47:30,,RAPID-6848004
669600a6-c800-4163-964b-f8e99ee5171d,108841,https://fsn1.your-objectstorage.com/tecdoc2025/media_files/images/4595/6d070959a6f78f735b46be4bc7b954aeeecbe416.webp,,0,1,,,2026-08-08 22:47:30,,RAPID-1833351
669770ce-ee51-4a8c-a6ec-206426ff8f03,108498,https://fsn1.your-objectstorage.com/tecdoc2025/media_files/images/185/be7bcfda0f1000517a1a6543d7be60ae1106bdc3.webp,,1,0,,,2026-08-08 22:47:30,,RAPID-2372624
66c2886a-10e8-45b9-adab-e2092b4e99cd,108505,https://fsn1.your-objectstorage.com/tecdoc2025/media_files/images/201/62b7d97fab95c22ea7afa752bb4e6d486184df71.webp,,0,2,,,2026-08-08 22:47:30,,RAPID-9690870
66d7c6ec-c7eb-4f93-b83c-b99c6917687e,108491,https://fsn1.your-objectstorage.com/tecdoc2025/media_files/images/185/59736fa96a7d6aa9157ecfe628ad6c4734569702.webp,,1,0,,,2026-08-08 22:47:30,,RAPID-2328534
66feac5e-fd62-452b-b0bd-346a3a1b8a81,108271,https://fsn1.your-objectstorage.com/tecdoc2025/media_files/images/30/ddd57d2f2b93f18ddaca69706d61f79883c8cc32.webp,,0,4,,,2026-08-08 22:47:30,,RAPID-2513193
66fee710-4ca7-458c-8240-2b764687d953,108571,https://fsn1.your-objectstorage.com/tecdoc2025/media_files/images/95/ab8c8d9c55722c01998297fb669390ccbfc9f845.webp,,0,1,,,2026-08-08 22:47:30,,RAPID-107570
671a145a-7d2b-4b7c-9c5d-008eac694345,108390,https://fsn1.your-objectstorage.com/tecdoc2025/media_files/images/4938/bfee024bb910a7d9d16b274b56c17f78118b1f58.webp,,0,1,,,2026-08-08 22:47:30,,RAPID-7150610
671e24e3-0c71-4ced-a212-2de8534bd8b2,108718,https://fsn1.your-objectstorage.com/tecdoc2025/media_files/images/6267/b102eaac9037d463d382830c3c4a1af572f35155.webp,,0,2,,,2026-08-08 22:47:30,,RAPID-10363049
67365a6c-b948-4eb0-8ee4-b7b624a9c2d7,108387,https://fsn1.your-objectstorage.com/tecdoc2025/media_files/images/4834/99fa64609423293b7db39d6683442e89c3249b78.webp,,1,0,,,2026-08-08 22:47:30,,RAPID-2014061
67426b06-1f31-4691-90ca-692669b77999,108206,https://fsn1.your-objectstorage.com/tecdoc2025/media_files/images/4464/e799c99cae2398d44001e8fc45f729e2204cac0a.webp,,1,0,,,2026-08-08 22:47:30,,RAPID-9686314
67661b42-9fdf-43b9-a956-91a47843f467,108275,https://fsn1.your-objectstorage.com/tecdoc2025/media_files/images/30/e2a3edcefc7f46fe3f9c6bad85d3d741aeb91b59.webp,,0,2,,,2026-08-08 22:47:30,,RAPID-2513704
67753a67-f325-49c9-a000-7a72fe323be4,108777,https://fsn1.your-objectstorage.com/tecdoc2025/media_files/images/6358/58711effc63201c9e8341836af93792f5a7dbe31.webp,,1,0,,,2026-08-08 22:47:30,,RAPID-2478097
678e818d-82d8-421b-8356-6fcba57db156,108055,https://fsn1.your-objectstorage.com/tecdoc2025/media_files/images/67/bcd2d5510996986cd4f212d129ad12df56abb105.webp,,0,1,,,2026-08-08 22:47:30,,RAPID-4182072
67d70bd3-cf02-49d1-a74f-f677d25573c0,108198,https://fsn1.your-objectstorage.com/tecdoc2025/media_files/images/442/10ef7e6673d1b686ff93a7b62da82d278e0f5899.webp,,1,0,,,2026-08-08 22:47:30,,RAPID-5788982
67eb70a3-56c2-44be-b6ba-193b1c27449e,108017,https://fsn1.your-objectstorage.com/tecdoc2025/media_files/images/6903/cbf74d48c330129a6b928cebe7bd59e56142d29c.webp,Brake Shoe Set,1,0,,,2026-08-06 14:47:26,,RAPID-78851769
68582b7a-95a1-4940-bb11-2db2fab55e2b,108819,https://fsn1.your-objectstorage.com/tecdoc2025/media_files/images/6357/c5368a2ad21058a4aca925134fe4458586d367aa.webp,,0,4,,,2026-08-08 22:47:30,,RAPID-9110209
68619b44-4f1b-4c2e-808a-82314f514c22,108505,https://fsn1.your-objectstorage.com/tecdoc2025/media_files/images/201/9838092a21c88179e965b0186bd77ad542f989cd.webp,,0,3,,,2026-08-08 22:47:30,,RAPID-9690870
6863d210-bdc9-4990-923e-4b83ea39add9,108391,https://fsn1.your-objectstorage.com/tecdoc2025/media_files/images/271/c8da32f63ffcfeebe42fbf9fe4a04c4e4b1ec2ec.webp,,0,1,,,2026-08-08 22:47:30,,RAPID-15622509
686defad-ada9-46d9-ae3d-78f46be48547,108254,https://fsn1.your-objectstorage.com/tecdoc2025/media_files/images/30/8fcacd891e1656142ba691f94b8f98137b60d5c9.webp,,0,1,,,2026-08-08 22:47:30,,RAPID-2512622
68779603-3ad0-46ba-baf7-735073ba37a1,108403,https://fsn1.your-objectstorage.com/tecdoc2025/media_files/images/6484/24c5cb1334ffdf32a50f1379dc6ec75b6b7847a2.webp,,1,0,,,2026-08-08 22:47:30,,RAPID-12445587
6890f765-7792-40ca-8774-59dc398470f4,108408,https://fsn1.your-objectstorage.com/tecdoc2025/media_files/images/7669/b630902cbb771e3462dbbea8166c050bd4e2cdcf.webp,,0,1,,,2026-08-08 22:47:30,,RAPID-85549909
689489b8-c937-469f-9e11-28ca79dffd1b,108592,https://fsn1.your-objectstorage.com/tecdoc2025/media_files/images/403/119daec88d0c2d2b906c50d12056889f2405d760.webp,,0,1,,,2026-08-08 22:47:30,,RAPID-3032538
68b4335d-5fef-4643-a931-5195c043f161,108304,https://fsn1.your-objectstorage.com/tecdoc2025/media_files/images/363/41b0184da17f824ebbc956830d56386c22c50d2a.webp,,1,0,,,2026-08-08 22:47:30,,RAPID-4612566
68b71fc8-ae19-4d1e-9978-babb87d3e99b,108802,https://fsn1.your-objectstorage.com/tecdoc2025/media_files/images/7788/f3e1f2dc7485c1d0853793772b1a98a7675516c6.webp,,0,1,,,2026-08-08 22:47:30,,RAPID-98622898
68be70a3-9446-417b-ab63-21dd27fb8007,108280,https://fsn1.your-objectstorage.com/tecdoc2025/media_files/PDF/30/52762f69ce607775373069383d486d97d83a8702.pdf,,1,0,,,2026-08-08 22:47:30,,RAPID-2514802
68bf2452-b6c1-4f4d-8cd6-433e380c5e90,108672,https://fsn1.your-objectstorage.com/tecdoc2025/media_files/images/5377/35ef3943be0a24471c0d8a40c41dc794a54d95aa.gif,,1,0,,,2026-08-08 22:47:30,,RAPID-23731690
69009496-4793-4569-a1dd-acfad314cbaa,108166,https://fsn1.your-objectstorage.com/tecdoc2025/media_files/images/4826/65c8970a0d8cf881583da21285efe9d1ac0743c2.webp,,0,4,,,2026-08-08 22:47:30,,RAPID-48975348
690892dc-e6db-4c9f-ae81-1c6585af220c,108552,https://fsn1.your-objectstorage.com/tecdoc2025/media_files/images/4501/dcace65dd2817eee93f550653453598c89e33da9.webp,,0,2,,,2026-08-08 22:47:30,,RAPID-7961447
69272aeb-f265-4949-9e45-d2c3d0602534,108444,https://fsn1.your-objectstorage.com/tecdoc2025/media_files/images/2/9a0cb6988e801a8848a2d97575d8457a25f5f96b.webp,,0,1,,,2026-08-08 22:47:30,,RAPID-5414408
695564c1-33cf-4e37-a7fd-0b09b2a28540,108696,https://fsn1.your-objectstorage.com/tecdoc2025/media_files/images/4380/f45ba81893d06e6b73b8d5be16f06fb805fb1a0f.webp,,0,3,,,2026-08-08 22:47:30,,RAPID-1961491
69647b2d-f47e-4e47-bb17-a5a016a1e69f,108538,https://fsn1.your-objectstorage.com/tecdoc2025/media_files/images/4522/61734ed5efe6b2ac056f026cc95a5618479e31b7.webp,,1,0,,,2026-08-08 22:47:30,,RAPID-2722183
698eb4b2-f181-46ca-8789-c60e6c4ddbfa,108496,https://fsn1.your-objectstorage.com/tecdoc2025/media_files/images/185/1bbb0e3fe1ceb120bdc0c59691c4b7f6d5275af5.webp,,1,0,,,2026-08-08 22:47:30,,RAPID-2339405
69f4b1a1-52c4-43bb-a112-cd67f65835ce,108720,https://fsn1.your-objectstorage.com/tecdoc2025/media_files/images/6267/58bd730aafbe81b1125d40fa66a9452ba905272a.webp,,0,2,,,2026-08-08 22:47:30,,RAPID-10367122
6a7acce5-5249-49b8-93b6-5f14ce3d2f5f,108068,https://fsn1.your-objectstorage.com/tecdoc2025/media_files/images/30/ebb2a8841a2d558f211534ed1275ef2a32c6d5e3.webp,,0,3,,,2026-08-08 22:47:30,,RAPID-737250
6a8b371d-97c6-4dfc-83f2-3991dd73a573,108461,https://fsn1.your-objectstorage.com/tecdoc2025/media_files/images/4840/ab9912b361c699f0a2447dfcf3f49f2597ecd043.webp,,0,1,,,2026-08-08 22:47:30,,RAPID-2378371
6a9406fc-844a-421d-a7c7-98ac76640f1c,108168,https://fsn1.your-objectstorage.com/tecdoc2025/media_files/images/4826/52f0f8b14c24a2b6d0bd5ddfc305bcf7d68eb3cc.webp,,0,2,,,2026-08-08 22:47:30,,RAPID-57692425
6a9a747a-67f1-43fe-a589-59e6d9b3df88,108776,https://fsn1.your-objectstorage.com/tecdoc2025/media_files/images/6358/7ffb826bcfdbd18c7495033230ff88448b0f1d94.webp,,0,2,,,2026-08-08 22:47:30,,RAPID-2478199
6aa16a2e-d136-49c0-b035-259bfc149a32,108810,https://fsn1.your-objectstorage.com/tecdoc2025/media_files/images/6357/c9aeed9b8aac470421ae00a358db13f0261cfd2e.webp,,1,0,,,2026-08-08 22:47:30,,RAPID-9110063
6aff9aea-c6aa-4bb8-bd24-f31cb7e32c1d,108239,https://fsn1.your-objectstorage.com/tecdoc2025/media_files/images/475/78ef5bbf5d802b8c28d73e1e40af36c6bf69f7c0.webp,,1,0,,,2026-08-08 22:47:30,,RAPID-6142337
6b20947a-0ab6-4b7f-9e58-2ecbbd43201d,108642,https://fsn1.your-objectstorage.com/tecdoc2025/media_files/PDF/6495/cb1e283f978087500a6609c520512fd3fddec96c.pdf,,0,1,,,2026-08-08 22:47:30,,RAPID-6467386
6b504626-9293-4186-b0e7-d8e7810c54f5,108040,https://fsn1.your-objectstorage.com/tecdoc2025/media_files/images/4997/9b40a59292c5fd5713d33f0137915a65e6426b41.webp,Timing Belt Kit,1,0,,,2026-08-06 14:47:26,,RAPID-10419898
6b69af71-5b54-415e-9346-b639312d28e0,108783,https://fsn1.your-objectstorage.com/tecdoc2025/media_files/images/6358/f61cf41b2f2f4583b178e608c4cd81902986cebb.webp,,1,0,,,2026-08-08 22:47:30,,RAPID-2477887
6ba1a22b-cbe1-4be9-8913-758ee7a19a48,108146,https://fsn1.your-objectstorage.com/tecdoc2025/media_files/images/6390/143364f3a691fe7e1fd92b648f0fd0681b4e7b09.webp,,1,0,,,2026-08-08 22:47:30,,RAPID-2864194
6bca47f0-5c51-498e-ad4d-0c38a3995dd6,108080,https://fsn1.your-objectstorage.com/tecdoc2025/media_files/images/234/9dc752686e8a4aaae67a0e3e7c6b215f8dfd9b77.webp,,0,4,,,2026-08-08 22:47:30,,RAPID-16032286
6be40c61-4721-4ed0-a662-b3e34c4ff305,108411,https://fsn1.your-objectstorage.com/tecdoc2025/media_files/images/6443/3614b5f6cd186194f56ca61a1ba743343b799cbb.webp,,1,0,,,2026-08-08 22:47:30,,RAPID-10345318
6bf0218b-0969-4976-ba6a-8a76802c86ad,108427,https://fsn1.your-objectstorage.com/tecdoc2025/media_files/images/2/7596ae51695cbb9d68c33a806d942c79f39ebe13.webp,,0,1,,,2026-08-08 22:47:30,,RAPID-5414490
6c1adaaf-5c7d-43b3-9e7f-037e9085b269,108284,https://fsn1.your-objectstorage.com/tecdoc2025/media_files/images/30/ad074036398862350764bf718532b01ed4f97ed5.webp,,0,3,,,2026-08-08 22:47:30,,RAPID-2513190
6c2723b0-23d5-4ae7-b548-095e247ecbfb,108821,https://fsn1.your-objectstorage.com/tecdoc2025/media_files/images/6357/84bfb7f6f11bea77962005b0c0928f8d4b1dd976.webp,,0,1,,,2026-08-08 22:47:30,,RAPID-9110205
6c39884b-5932-42c6-9263-dd0533857a75,108806,https://fsn1.your-objectstorage.com/tecdoc2025/media_files/images/6357/25f8eaf5704bf94531f90d513089822ff0ad8246.webp,,0,2,,,2026-08-08 22:47:30,,RAPID-9110028
6c3b9372-0754-4746-b735-2344cddf7a84,108225,https://fsn1.your-objectstorage.com/tecdoc2025/media_files/images/7673/af5558e5d0f05dac1811ddb82b2cad585e375295.webp,,1,0,,,2026-08-08 22:47:30,,RAPID-54103281
6c5cb012-70d0-4cbd-a899-b628744a7c55,108649,https://fsn1.your-objectstorage.com/tecdoc2025/media_files/images/6495/356c0bf9b0720681def6eae22e2601f050ba08db.webp,,1,0,,,2026-08-08 22:47:30,,RAPID-6469467
6c8e220d-9927-410b-9900-8641a137a3fb,108508,https://fsn1.your-objectstorage.com/tecdoc2025/media_files/images/201/1dd3c7982eea21a194371f0cda8f948a0d1c6d75.webp,,1,0,,,2026-08-08 22:47:30,,RAPID-9690876
6c9cf0ff-9368-47d2-a29f-2aa05b36f0b9,108272,https://fsn1.your-objectstorage.com/tecdoc2025/media_files/PDF/30/710eeedcab31768c7bd93199b4efada5cb2fb3a8.pdf,,0,1,,,2026-08-08 22:47:30,,RAPID-2513311
6cbea053-4426-4a4c-b9f3-22388f2c456e,108651,https://fsn1.your-objectstorage.com/tecdoc2025/media_files/images/6495/356c0bf9b0720681def6eae22e2601f050ba08db.webp,,1,0,,,2026-08-08 22:47:30,,RAPID-6467357
6ccdde1e-a082-4138-a203-295221a9fb57,108277,https://fsn1.your-objectstorage.com/tecdoc2025/media_files/PDF/30/710eeedcab31768c7bd93199b4efada5cb2fb3a8.pdf,,0,2,,,2026-08-08 22:47:30,,RAPID-2514804
6d0253c3-a1e7-4503-8959-ef33b601e6bd,108201,https://fsn1.your-objectstorage.com/tecdoc2025/media_files/images/7324/fd79c489200118f8246a1096a987aecd7f0c6da5.webp,,1,0,,,2026-08-08 22:47:30,,RAPID-27873809
6d1db7d3-683d-4318-b0a4-2488c45e3fe1,108577,https://fsn1.your-objectstorage.com/tecdoc2025/media_files/images/95/c67fa3f988c4a7f1938c92eb70655bcc4b12099c.webp,,1,0,,,2026-08-08 22:47:30,,RAPID-107726
6d27289f-62a0-46c0-8721-2efe445e2a24,108110,https://fsn1.your-objectstorage.com/tecdoc2025/media_files/images/5646/028f5f918e8b5647b8bdf3f91f8b9ed9273f1142.webp,,1,0,,,2026-08-08 22:47:30,,RAPID-35425970
6d899459-b76b-4204-8903-2bb82a792f08,108279,https://fsn1.your-objectstorage.com/tecdoc2025/media_files/images/30/3d34a07fe10555c8f0857b5a809f075c7dbaac31.webp,,0,1,,,2026-08-08 22:47:30,,RAPID-2514841
6d89f308-eb59-4791-99af-d3a20e7456d2,108449,https://fsn1.your-objectstorage.com/tecdoc2025/media_files/images/2/37760fb57efd465343590fae1f76839ee60f3a7f.webp,,1,0,,,2026-08-08 22:47:30,,RAPID-5414442
6d9314c5-61a9-45cd-8963-dd96f61835fa,108587,https://fsn1.your-objectstorage.com/tecdoc2025/media_files/images/403/75d5d543c0aa039a2bcb337f83672a9466709ded.webp,,0,1,,,2026-08-08 22:47:30,,RAPID-3031796
6da62c8d-a746-4136-b7e7-14e872dfe562,108634,https://fsn1.your-objectstorage.com/tecdoc2025/media_files/images/6925/bf89596a4540255ac11d35013e3b806d01ee5ee9.webp,,0,7,,,2026-08-08 22:47:30,,RAPID-21195037
6db4e182-5e54-47b1-adc3-9454588189df,108221,https://fsn1.your-objectstorage.com/tecdoc2025/media_files/images/7673/9c8b9f7c5f699147e69bd86ee5ae97037dc55adf.webp,,0,6,,,2026-08-08 22:47:30,,RAPID-47648862
6dbb6ae5-d2e1-4ba0-a3ce-8c707c648bcb,108217,https://fsn1.your-objectstorage.com/tecdoc2025/media_files/images/350/a2033e6e8da9eb5776de12f3fca8805d22739676.webp,,0,1,,,2026-08-08 22:47:30,,RAPID-5596879
6dc43c29-5de3-41b6-9645-cfb53c28ceb1,108322,https://fsn1.your-objectstorage.com/tecdoc2025/media_files/PDF/4434/86a00cf2fedfd70d7fc2c247cde63f5381b27547.pdf,,1,0,,,2026-08-08 22:47:30,,RAPID-17808437
6de18a59-8c34-4e18-9ce7-9d801f416c39,108597,https://fsn1.your-objectstorage.com/tecdoc2025/media_files/images/403/f38f98fd29b79e4a396e0eaa07360c0466a0da74.webp,,1,0,,,2026-08-08 22:47:30,,RAPID-3032888
6dee5388-def2-4a81-8462-2c9933a9aa99,108152,https://fsn1.your-objectstorage.com/tecdoc2025/media_files/images/6390/1b7a124273e00c8655c52c76f9ca3f1e49587572.webp,,1,0,,,2026-08-08 22:47:30,,RAPID-9463832
6df49609-377e-4acf-88a8-235d22546e33,108067,https://fsn1.your-objectstorage.com/tecdoc2025/media_files/images/30/51088484cc8644c4627af60c562fb6dc3dc1dec8.webp,,0,2,,,2026-08-08 22:47:30,,RAPID-737251
6e09b01f-92ed-41fd-b9f6-1af84cca4b12,108741,https://fsn1.your-objectstorage.com/tecdoc2025/media_files/images/6990/83edd881c75ef4d2c59888ae20deb140682148a0.webp,,1,0,,,2026-08-08 22:47:30,,RAPID-8524532
6e09ddd8-6210-4696-b221-a2f7e647d8ee,108440,https://fsn1.your-objectstorage.com/tecdoc2025/media_files/images/2/9465c255ca7a446e070e06aae09d3aa8469b248f.webp,,1,0,,,2026-08-08 22:47:30,,RAPID-30669349
6e1795c4-6b88-4a55-b357-1284b2f4a625,108454,https://fsn1.your-objectstorage.com/tecdoc2025/media_files/images/4840/100cf20d40e086a3441487151926eaccee00053c.webp,,0,2,,,2026-08-08 22:47:30,,RAPID-126460
6e2f158a-5f73-4fb8-ac8e-8113e6abf4ff,108097,https://fsn1.your-objectstorage.com/tecdoc2025/media_files/images/485/d79e19f6e5afe56edeb9efa2292131102e5c8755.webp,,1,0,,,2026-08-08 22:47:30,,RAPID-1575143
6e499026-f68a-41c1-8333-32fecef18e5d,108191,https://fsn1.your-objectstorage.com/tecdoc2025/media_files/images/442/6919c4952eb15146ce3bc489afe8916d1dbe9dad.webp,,1,0,,,2026-08-08 22:47:30,,RAPID-5789162
6e526421-baba-4a34-8a82-089e5987cd0c,108267,https://fsn1.your-objectstorage.com/tecdoc2025/media_files/images/30/eb8ddfcc123c09fc4060ea14548472cc39b08eb1.webp,,0,5,,,2026-08-08 22:47:30,,RAPID-2513002
6eda4f67-5d84-4369-b736-d625a92c8351,108081,https://fsn1.your-objectstorage.com/tecdoc2025/media_files/images/234/444dde2c54362515c0de4158680509f2daa6e5f6.webp,,0,2,,,2026-08-08 22:47:30,,RAPID-13841753
6f03becb-f8c1-4eeb-801d-21a9e1fee31e,108587,https://fsn1.your-objectstorage.com/tecdoc2025/media_files/images/403/6c93adafce10d5659f4081a1194be6ba23634e1d.webp,,1,0,,,2026-08-08 22:47:30,,RAPID-3031796
6f756839-c300-4af0-8c54-9e0f1a5a2c98,108622,https://fsn1.your-objectstorage.com/tecdoc2025/media_files/images/249/3099eaaf9674cb8eef1b0aef099292b800df71ae.webp,,1,0,,,2026-08-08 22:47:30,,RAPID-6763931
6f99ccd8-8bd4-4116-bc94-e116e759fb9c,108297,https://fsn1.your-objectstorage.com/tecdoc2025/media_files/images/363/a89e64571e11f3480967ea60a09b15fbf24e4812.webp,,1,0,,,2026-08-08 22:47:30,,RAPID-4612499
6fd03317-a4a4-4faa-afd6-bbc2e6dc4e0e,108194,https://fsn1.your-objectstorage.com/tecdoc2025/media_files/images/442/0d9c5ad8ab94d661689b3e63de6fb2cf83304679.webp,,1,0,,,2026-08-08 22:47:30,,RAPID-5789225
6ff525f6-5da0-409e-ab9b-f83ffbdef85d,108270,https://fsn1.your-objectstorage.com/tecdoc2025/media_files/PDF/30/b0d4e99e1f7a188bc1e4bc51b66353fc52647196.pdf,,1,0,,,2026-08-08 22:47:30,,RAPID-2513127
7003f2d6-d870-46ba-8723-b137c0729d0f,108161,https://fsn1.your-objectstorage.com/tecdoc2025/media_files/images/4826/3ed0eebc6b68df5a1aef5622d4461bbca4e5495e.webp,,0,7,,,2026-08-08 22:47:30,,RAPID-47436407
7009ef08-c830-4d0a-be4e-35a4f1507789,108768,https://fsn1.your-objectstorage.com/tecdoc2025/media_files/images/6358/64a2b650224a591bfae6c741d1e2a3f23b36c360.webp,,0,1,,,2026-08-08 22:47:30,,RAPID-2478005
7017450a-34fb-4f1b-87dc-4e5785f3daeb,108464,https://fsn1.your-objectstorage.com/tecdoc2025/media_files/images/6359/33a9161dad88efcf0516fd5da5b7016310fcb0a1.webp,,1,0,,,2026-08-08 22:47:30,,RAPID-12309937
7026abd1-b0f9-498c-bcd7-8b214116f21f,108477,https://fsn1.your-objectstorage.com/tecdoc2025/media_files/images/156/b10457814ff6b83235e2c8ae933eb3c280d235fa.webp,,1,0,,,2026-08-08 22:47:30,,RAPID-9192162
703f5d08-d9a9-4ecf-99db-21eb090192dd,108819,https://fsn1.your-objectstorage.com/tecdoc2025/media_files/images/6357/b5dcd14a7f9f5fcdb5f55e5beed83f577a12e22f.webp,,1,0,,,2026-08-08 22:47:30,,RAPID-9110209
70461174-aa65-4920-aa9b-6f467e7bd164,108623,https://fsn1.your-objectstorage.com/tecdoc2025/media_files/images/249/0c10bbe2d04817bbc92a89bab27d20eafb4394f0.webp,,1,0,,,2026-08-08 22:47:30,,RAPID-6763932
705bd58b-abd4-475c-9623-d60c6dd8a37d,108537,https://fsn1.your-objectstorage.com/tecdoc2025/media_files/images/4522/df5d8119cc0e5d830f9de5b310db4bd7676cb62b.webp,,1,0,,,2026-08-08 22:47:30,,RAPID-2722152
70639b29-bab9-410b-9dc1-f10c29bf9246,108812,https://fsn1.your-objectstorage.com/tecdoc2025/media_files/images/6357/54a4c12acb9dee454f72ed5d8e0ee1ba2549b97d.webp,,0,1,,,2026-08-08 22:47:30,,RAPID-9110110
706b25f7-632d-47c0-819e-ea9e3d316672,108397,https://fsn1.your-objectstorage.com/tecdoc2025/media_files/images/271/389ea34387455fadbb2fbb7ddfc29f011c10b702.webp,,1,0,,,2026-08-08 22:47:30,,RAPID-21264884
70a9551e-ff1b-4061-859e-dd1b621f0577,108788,https://fsn1.your-objectstorage.com/tecdoc2025/media_files/images/6358/d92f17522c8d8bc6d9dab621e8f6e494e92d1a18.webp,,0,3,,,2026-08-08 22:47:30,,RAPID-2477990
70c33a69-7713-42a7-ad1f-407bfeccf291,108079,https://fsn1.your-objectstorage.com/tecdoc2025/media_files/images/234/153d0690908719b8d6a1417b4dc30a1d874b25c0.webp,,0,1,,,2026-08-08 22:47:30,,RAPID-18151300
70d0fa80-85f1-4db9-97de-b39549e0c60f,108663,https://fsn1.your-objectstorage.com/tecdoc2025/media_files/images/4564/faa41b7059c30d387247157cd3d18c2e8c400c38.webp,,0,2,,,2026-08-08 22:47:30,,RAPID-9664968
70d601da-34a5-40f7-9826-8863dd1ac78d,108844,https://fsn1.your-objectstorage.com/tecdoc2025/media_files/images/4595/694f4883354d98055db02109fd4ef3857557d23e.webp,,0,1,,,2026-08-08 22:47:30,,RAPID-1854377
70ee74f1-1b88-4af5-be4c-01174f6da2a7,108695,https://fsn1.your-objectstorage.com/tecdoc2025/media_files/images/4380/3d67d9ef1ed39729f2fe01d86e0fbad8a3dab7f7.webp,,0,2,,,2026-08-08 22:47:30,,RAPID-1961490
70fcdf45-e996-4974-8edf-0ba03207d987,108551,https://fsn1.your-objectstorage.com/tecdoc2025/media_files/images/4501/652a0ccc42fa149c590ff3916c5e1510d4c75573.webp,,1,0,,,2026-08-08 22:47:30,,RAPID-7961405
70fd9d7f-284f-438d-baa9-de8f6b707fda,108271,https://fsn1.your-objectstorage.com/tecdoc2025/media_files/images/30/59648884ccf52179b930701364716985ee4cde34.webp,,0,1,,,2026-08-08 22:47:30,,RAPID-2513193
710a91eb-5d0b-45ea-8d71-7b8b017c67ea,108442,https://fsn1.your-objectstorage.com/tecdoc2025/media_files/images/2/b68e6807c3c4980f1d276be8830dc0252f77d561.webp,,0,2,,,2026-08-08 22:47:30,,RAPID-5414373
714657b7-fe73-49d6-a996-cc631fa71d2d,108263,https://fsn1.your-objectstorage.com/tecdoc2025/media_files/images/30/fe46dde402b3492752e13e9d22d1f4f8ef571404.webp,,0,2,,,2026-08-08 22:47:30,,RAPID-2512862
71672353-b9bf-4d3c-842a-0e163ee242ab,108400,https://fsn1.your-objectstorage.com/tecdoc2025/media_files/images/271/d287fd5c5ecea1874d52134049edd9df1376eecb.webp,,0,3,,,2026-08-08 22:47:30,,RAPID-18936891
71680ca3-b9bf-4c25-aa7b-fd34d4379056,108269,https://fsn1.your-objectstorage.com/tecdoc2025/media_files/images/30/30373ae5d3c26f15e071ff0bb5f8292ed9b7f67d.webp,,0,3,,,2026-08-08 22:47:30,,RAPID-2513126
716ca53d-1744-43ab-89ee-10ce77d606c9,108014,https://fsn1.your-objectstorage.com/tecdoc2025/media_files/images/6372/d533d4a6a83a4c077d932e6c54e48fbbb8209a4b.webp,"Brake Pad Set, disc brake",1,0,,,2026-08-06 14:47:26,,RAPID-6828058
7185a6e4-a33a-4d38-89d0-f0cba992065c,108162,https://fsn1.your-objectstorage.com/tecdoc2025/media_files/images/4826/668d0f509c668264858989ac55691d7320d19e91.webp,,0,2,,,2026-08-08 22:47:30,,RAPID-46517535
71886e2e-4069-44b5-babd-af004e94a9ea,108510,https://fsn1.your-objectstorage.com/tecdoc2025/media_files/images/201/bb430a9cda62b75e3048b06a4a60a314f9e15b2c.webp,,0,3,,,2026-08-08 22:47:30,,RAPID-9693154
719a4b4a-fe2c-4834-8514-8ccbbbd8006f,108410,https://fsn1.your-objectstorage.com/tecdoc2025/media_files/images/7669/3e4addd2ec4f4ec576b7e83645e9d6804fa98867.webp,,1,0,,,2026-08-08 22:47:30,,RAPID-81019283
71da9fb2-466e-4276-bb99-b2c4fb948343,108556,https://fsn1.your-objectstorage.com/tecdoc2025/media_files/images/4600/f087f720ee919c447039fa98ef40f1aab958ac9b.webp,,0,1,,,2026-08-08 22:47:30,,RAPID-7917764
71dd7bd1-c58b-42de-ae99-8f91acb52cbf,108660,https://fsn1.your-objectstorage.com/tecdoc2025/media_files/images/4564/fb3da7cb7e2315afdc8bd3f3ecdea8aa81ad53e4.webp,,0,1,,,2026-08-08 22:47:30,,RAPID-9665021
71e4b17d-187c-4e53-a185-0837a3d7ca50,108820,https://fsn1.your-objectstorage.com/tecdoc2025/media_files/images/6357/8ae669abf88042224920085460cfd3a08b0effbf.webp,,0,2,,,2026-08-08 22:47:30,,RAPID-9110284
71e5eb18-1a41-4378-a316-fed429893c01,108625,https://fsn1.your-objectstorage.com/tecdoc2025/media_files/images/4370/73136eaa544946e8e89bdbb6bc598eb21e1842d8.webp,,1,0,,,2026-08-08 22:47:30,,RAPID-3611850
71fdc732-a0f5-4a97-85a6-d96584b393b1,108460,https://fsn1.your-objectstorage.com/tecdoc2025/media_files/images/4840/5597aebcee0260e34e3530977333c749bcb49801.webp,,0,3,,,2026-08-08 22:47:30,,RAPID-367880
720d0b7f-fd30-4571-a4dc-b32a74c25819,108164,https://fsn1.your-objectstorage.com/tecdoc2025/media_files/images/4826/f865c83c9fa42018c58da33476d93cc1783bd086.webp,,0,1,,,2026-08-08 22:47:30,,RAPID-50712759
7220d96f-f1ab-4e66-a4ef-9b124e4073c1,108316,https://fsn1.your-objectstorage.com/tecdoc2025/media_files/images/4434/e349b24b6ae6841961a3e5f03d63d5dbe8952f20.webp,,0,1,,,2026-08-08 22:47:30,,RAPID-2394533
7242f4b1-5e00-44cf-b929-2240dba84eba,108195,https://fsn1.your-objectstorage.com/tecdoc2025/media_files/images/442/6919c4952eb15146ce3bc489afe8916d1dbe9dad.webp,,1,0,,,2026-08-08 22:47:30,,RAPID-5789164
72448b08-2c02-41cf-b4dc-098e35ff9e61,108218,https://fsn1.your-objectstorage.com/tecdoc2025/media_files/images/350/8c8bd5dd22d679a6e09798e81ebb522a15e6847e.webp,,1,0,,,2026-08-08 22:47:30,,RAPID-5596842
724e65dc-5982-4fa1-bf04-2351b8a7d17e,108823,https://fsn1.your-objectstorage.com/tecdoc2025/media_files/images/6357/fa0d27ee300fff94cd05712c2964cd195f290ab5.webp,,0,5,,,2026-08-08 22:47:30,,RAPID-9110356
727adb2d-45e6-4c62-8432-450b56fcfa0a,108405,https://fsn1.your-objectstorage.com/tecdoc2025/media_files/images/7669/e27154056795ff84c71d26935b41e4f07cc0b8e5.webp,,0,3,,,2026-08-08 22:47:30,,RAPID-80561556
727e71d8-e228-4ee2-9915-6c9d863df20c,108602,https://fsn1.your-objectstorage.com/tecdoc2025/media_files/images/403/7b32ec4818d97abed65d8651989dd741ce782d51.webp,,0,2,,,2026-08-08 22:47:30,,RAPID-3032871
729cb685-53ee-410e-aff9-621aee3dbb2e,108819,https://fsn1.your-objectstorage.com/tecdoc2025/media_files/images/6357/a013a20b5b2a545e4ca1f6a8bd7542cfcad9bf8d.webp,,0,3,,,2026-08-08 22:47:30,,RAPID-9110209
72bf4277-2229-434b-8901-4c819daa3f1c,108169,https://fsn1.your-objectstorage.com/tecdoc2025/media_files/images/5598/fad7574eef1aa973ed1b29b1b39c259fc189513c.webp,,1,0,,,2026-08-08 22:47:30,,RAPID-17349560
72d42a21-4293-497d-9e69-025a94712ab1,108382,https://fsn1.your-objectstorage.com/tecdoc2025/media_files/images/4391/8efd73a5acf3321b1d4fa062d15a573a56064cc1.webp,,1,0,,,2026-08-08 22:47:30,,RAPID-1506362
731d5980-1f52-4101-8526-80ca5a75f72e,108399,https://fsn1.your-objectstorage.com/tecdoc2025/media_files/images/271/3986aca1f09a842f777d2290e4e7e4db562ab64c.webp,,1,0,,,2026-08-08 22:47:30,,RAPID-9686217
7338145a-834a-4978-886d-d66800bb3acc,108257,https://fsn1.your-objectstorage.com/tecdoc2025/media_files/images/30/6ba933e20ad518ba003af93ea2eb0e55902f3d31.webp,,0,3,,,2026-08-08 22:47:30,,RAPID-2512621
73646090-2808-43b5-bb33-0973736809d5,108196,https://fsn1.your-objectstorage.com/tecdoc2025/media_files/images/442/509dca72571676f6271162358b45ee26f8783265.webp,,1,0,,,2026-08-08 22:47:30,,RAPID-8471375
7374d5af-8b2d-4d71-9ffc-a3fdedcd1cc0,108839,https://fsn1.your-objectstorage.com/tecdoc2025/media_files/images/4595/6c682253a3b371355a5bbdab641de9cceff63d45.webp,,1,0,,,2026-08-08 22:47:30,,RAPID-869438
73a1da64-bfd5-48d1-b514-64be0c99a6e3,108271,https://fsn1.your-objectstorage.com/tecdoc2025/media_files/images/30/3d34a07fe10555c8f0857b5a809f075c7dbaac31.webp,,0,2,,,2026-08-08 22:47:30,,RAPID-2513193
73aee030-8723-40ca-8fa1-c5f382db7ec4,108176,https://fsn1.your-objectstorage.com/tecdoc2025/media_files/images/257/689ec81a6bad5f5820fce90989f2f4daabfb5e4f.webp,,1,0,,,2026-08-08 22:47:30,,RAPID-8956992
73bca6cc-bf51-4a9f-ace9-b6039e029f87,108388,https://fsn1.your-objectstorage.com/tecdoc2025/media_files/images/4938/81c0ca11746584174f3256000a6bda6625db6e82.webp,,0,1,,,2026-08-08 22:47:30,,RAPID-7150587
74a0b72e-5070-461d-b58a-9d63ef98c0c5,108590,https://fsn1.your-objectstorage.com/tecdoc2025/media_files/images/403/0f90234db9b092ee1efdb68ebb1b7c64f6d0cc76.webp,,1,0,,,2026-08-08 22:47:30,,RAPID-3032424
74a47f28-bdb6-43f4-aa58-e5dbf2155341,108347,https://fsn1.your-objectstorage.com/tecdoc2025/media_files/images/66/6edd95dfd9c5d2a386a00bc6c7fd91899e854bcd.webp,,0,1,,,2026-08-08 22:47:30,,RAPID-6677582
754e822f-3195-45fb-908c-9623591afc6f,108605,https://fsn1.your-objectstorage.com/tecdoc2025/media_files/images/403/a155ad83ae39c5ac511ea1419098e3359962306c.webp,,0,1,,,2026-08-08 22:47:30,,RAPID-3031850
75519803-4348-4d5b-86a4-55a01583839a,108067,https://fsn1.your-objectstorage.com/tecdoc2025/media_files/images/30/3d2b2eb658a8397a8599dc0e5d7041276a1e4b99.webp,,0,5,,,2026-08-08 22:47:30,,RAPID-737251
7596eaf7-6e4c-4ebb-bed6-cc5435d9d4da,108147,https://fsn1.your-objectstorage.com/tecdoc2025/media_files/images/6390/143364f3a691fe7e1fd92b648f0fd0681b4e7b09.webp,,1,0,,,2026-08-08 22:47:30,,RAPID-2866898
7597f5a7-2271-4358-ba89-826f3d77de87,108014,https://fsn1.your-objectstorage.com/tecdoc2025/media_files/images/6372/624faa3684676ad433e7fd6fb81b8d53b7207e01.webp,"Brake Pad Set, disc brake",0,2,,,2026-08-06 14:47:26,,RAPID-6828058
75a10954-0665-4af2-9064-bd3e675ae608,108722,https://fsn1.your-objectstorage.com/tecdoc2025/media_files/images/6267/cdefe5dde5def4e9520501a833e3a452ed0818df.webp,,1,0,,,2026-08-08 22:47:30,,RAPID-10367149
760693a8-168a-432d-96be-9a6ac1f9cf74,108407,https://fsn1.your-objectstorage.com/tecdoc2025/media_files/images/7669/3be3433f7d3bd5a2799fcdf1eba8d8f1e7301857.webp,,0,4,,,2026-08-08 22:47:30,,RAPID-76752650
76123fb9-15c4-4668-9d97-7e8b1c43ecae,108630,https://fsn1.your-objectstorage.com/tecdoc2025/media_files/images/6925/efaa4bead3bdde893c535996150c7d2eaaec7381.webp,,0,2,,,2026-08-08 22:47:30,,RAPID-9217428
764532c0-0fe2-463b-b731-de83849e7dda,108531,https://fsn1.your-objectstorage.com/tecdoc2025/media_files/images/4522/dbd2e4c7e37605ae94351fc0a5df0f38222ca22d.webp,,1,0,,,2026-08-08 22:47:30,,RAPID-19999450
767266d1-e824-4714-87e8-40d7dfa80197,108189,https://fsn1.your-objectstorage.com/tecdoc2025/media_files/images/442/3f249429b768f3bd653f14e410fb2c569385378e.webp,,1,0,,,2026-08-08 22:47:30,,RAPID-9680220
7672898a-c47c-4b87-a42f-563c839ff276,108669,https://fsn1.your-objectstorage.com/tecdoc2025/media_files/images/5377/96b3519828ff00d80a8307b0d59b125b453fe213.webp,,0,1,,,2026-08-08 22:47:30,,RAPID-4937879
767e699b-4e45-417d-9a7f-f0d249c29a77,108282,https://fsn1.your-objectstorage.com/tecdoc2025/media_files/PDF/30/710eeedcab31768c7bd93199b4efada5cb2fb3a8.pdf,,0,1,,,2026-08-08 22:47:30,,RAPID-2514801
76aae894-e56c-437b-888b-dcb0324ce2a7,108787,https://fsn1.your-objectstorage.com/tecdoc2025/media_files/images/6358/2a8f050ef5859204f026ae8c522d017dbabc3441.webp,,0,4,,,2026-08-08 22:47:30,,RAPID-2477976
76ac6815-eacb-4516-b86c-6d171dd88f99,108157,https://fsn1.your-objectstorage.com/tecdoc2025/media_files/images/4826/668d0f509c668264858989ac55691d7320d19e91.webp,,0,2,,,2026-08-08 22:47:30,,RAPID-53825165
76c68a1c-f0e8-4c0a-acbf-3fded072e7ae,108475,https://fsn1.your-objectstorage.com/tecdoc2025/media_files/images/156/edaf82778a3eb546d609117e7d6dfdce953f24c1.webp,,1,0,,,2026-08-08 22:47:30,,RAPID-9192194
76dc49ea-e6bf-4377-9dd3-a870b001f6fc,108739,https://fsn1.your-objectstorage.com/tecdoc2025/media_files/images/7101/db3596768ba63e0effb363281671ef6b7f4cd07a.webp,,1,0,,,2026-08-08 22:47:30,,RAPID-22186422
76eb2926-c0b7-4010-af10-607fc8513a3e,108716,https://fsn1.your-objectstorage.com/tecdoc2025/media_files/images/6267/9751ab073020b0b960fa6fd7a6dd0874482af3bb.webp,,0,6,,,2026-08-08 22:47:30,,RAPID-8218217
7700a7a8-0201-4c86-883c-7d6884bf3fb6,108429,https://fsn1.your-objectstorage.com/tecdoc2025/media_files/images/2/8511d1c35668fd83c87819ffd0e8ec8389670a65.webp,,1,0,,,2026-08-08 22:47:30,,RAPID-5414491
7702c65f-fd97-4346-92a7-7cbc17c9bc5a,108079,https://fsn1.your-objectstorage.com/tecdoc2025/media_files/images/234/eed54f3b2c3e9631aca1cf7fcd5f8df6fcac2c41.webp,,0,3,,,2026-08-08 22:47:30,,RAPID-18151300
770351c8-966e-410b-a6d2-28ca5cc3e6b4,108816,https://fsn1.your-objectstorage.com/tecdoc2025/media_files/images/6357/2e10d37b4469a96d6ca43b4fa1eabb4a1c1d1bda.webp,,0,1,,,2026-08-08 22:47:30,,RAPID-9110152
7707108d-a05c-4dd9-a77b-6248c3a6b83d,108761,https://fsn1.your-objectstorage.com/tecdoc2025/media_files/images/6335/55e69c8921834c285542ee54e488dcd4cbb05357.webp,,0,2,,,2026-08-08 22:47:30,,RAPID-2381011
7728a5e3-4538-4b1b-8eef-dd8820854656,108347,https://fsn1.your-objectstorage.com/tecdoc2025/media_files/images/66/47c429c53d45dcb7fafa02a701bfcdcbc3c3e1de.webp,,0,2,,,2026-08-08 22:47:30,,RAPID-6677582
772fc7ed-edff-49d3-80a9-a82d4faa714e,108743,https://fsn1.your-objectstorage.com/tecdoc2025/media_files/images/6990/5021945352d15a83b98d68d6540ca343f83667b1.webp,,1,0,,,2026-08-08 22:47:30,,RAPID-8526925
77405c22-34f3-491c-bef0-073eff1a18c7,108443,https://fsn1.your-objectstorage.com/tecdoc2025/media_files/images/2/4afeb219d831f351ba3ac874a700cac8303a20a2.webp,,1,0,,,2026-08-08 22:47:30,,RAPID-5414411
776d17a6-5dd3-4bff-a703-77923605bcc4,108275,https://fsn1.your-objectstorage.com/tecdoc2025/media_files/images/30/238b86057eb5592eb4eff549e2bb85e611f56fe4.webp,,0,4,,,2026-08-08 22:47:30,,RAPID-2513704
779e4c40-116d-4b57-abf3-2e4b0c0c4834,108252,https://fsn1.your-objectstorage.com/tecdoc2025/media_files/images/30/71f37f60d413db3b0257a39d2c937b9d1f5d8e0a.webp,,0,4,,,2026-08-08 22:47:30,,RAPID-2512521
77ad4e60-af8a-4097-b31a-676adb050962,108321,https://fsn1.your-objectstorage.com/tecdoc2025/media_files/PDF/4434/86a00cf2fedfd70d7fc2c247cde63f5381b27547.pdf,,1,0,,,2026-08-08 22:47:30,,RAPID-15624439
77c0989c-5f3d-4e74-815e-11970067ace7,108101,https://fsn1.your-objectstorage.com/tecdoc2025/media_files/images/4671/4c0e8a3e24962bd43d92b4305940395f5c106270.webp,,0,1,,,2026-08-08 22:47:30,,RAPID-8249595
77c4dd5c-ef50-44ee-96f7-b61b1b51c705,108777,https://fsn1.your-objectstorage.com/tecdoc2025/media_files/images/6358/9fe22ec2020e4c453d76c4e3397ed4aa80228c35.webp,,0,1,,,2026-08-08 22:47:30,,RAPID-2478097
78040bfd-bbb6-4004-ac86-497a052cd6b8,108670,https://fsn1.your-objectstorage.com/tecdoc2025/media_files/images/5377/e98a7d93b1e23ea16c7cb3f14d61b6152ccbce3e.webp,,0,1,,,2026-08-08 22:47:30,,RAPID-28499626
782b153b-82a8-4773-aee0-74919948294a,108589,https://fsn1.your-objectstorage.com/tecdoc2025/media_files/images/403/e81af207ec54be992ac44e0bc848dbf70e0b5cf7.webp,,0,2,,,2026-08-08 22:47:30,,RAPID-3031938
782cf562-a3b2-4184-8532-226dab75a01a,108806,https://fsn1.your-objectstorage.com/tecdoc2025/media_files/images/6357/25f8eaf5704bf94531f90d513089822ff0ad8246.webp,,0,3,,,2026-08-08 22:47:30,,RAPID-9110028
785db0a2-81ef-4be0-87e5-cc9bdf6d8009,108159,https://fsn1.your-objectstorage.com/tecdoc2025/media_files/images/4826/be0819e85f50a6353ad2779ddae33fa329c229a9.webp,,0,1,,,2026-08-08 22:47:30,,RAPID-54955204
7863c1f9-3511-45aa-ae7e-5f843a5f556f,108803,https://fsn1.your-objectstorage.com/tecdoc2025/media_files/images/7788/cdf8de8e8d2a496d21a07a07f55e81d803343f2b.webp,,0,2,,,2026-08-08 22:47:30,,RAPID-92117366
786604e5-6632-4b1f-8514-3437a4d4a7f8,108457,https://fsn1.your-objectstorage.com/tecdoc2025/media_files/images/4840/fbe65bcb12b333f513caf71fdbe854ec70c2facb.webp,,0,5,,,2026-08-08 22:47:30,,RAPID-332569
78b0e552-9f55-4d0d-aa9b-1cdcbbd4e18d,108803,https://fsn1.your-objectstorage.com/tecdoc2025/media_files/images/7788/df8f3ee4e8e76f8eab5cf3904ba5f579ca681344.webp,,1,0,,,2026-08-08 22:47:30,,RAPID-92117366
78d678ef-1154-401a-936d-b881480672e7,108434,https://fsn1.your-objectstorage.com/tecdoc2025/media_files/images/2/8511d1c35668fd83c87819ffd0e8ec8389670a65.webp,,0,5,,,2026-08-08 22:47:30,,RAPID-5414519
791d68fb-80f6-4388-8578-3c8d3c1b1137,108774,https://fsn1.your-objectstorage.com/tecdoc2025/media_files/images/6358/dbe56b38192350b31e3987a97583d8d9fa7f9508.webp,,0,1,,,2026-08-08 22:47:30,,RAPID-2478069
79275938-4fb2-4b77-9a38-6a69b51fab31,108268,https://fsn1.your-objectstorage.com/tecdoc2025/media_files/images/30/11b62a5aaab19c285e577031d000b3ad07842fea.webp,,0,2,,,2026-08-08 22:47:30,,RAPID-2512849
79295423-d5cd-42da-9673-5f951c573df4,108779,https://fsn1.your-objectstorage.com/tecdoc2025/media_files/images/6358/970d0ab59d76fd03ab5710b3c5408449649dd253.webp,,0,1,,,2026-08-08 22:47:30,,RAPID-2478227
796c4edb-ddcc-4c4e-9707-7d7bfc653c43,108462,https://fsn1.your-objectstorage.com/tecdoc2025/media_files/images/4840/ab9912b361c699f0a2447dfcf3f49f2597ecd043.webp,,1,0,,,2026-08-08 22:47:30,,RAPID-2400341
796c5c66-bc96-45bc-a845-00e282def23e,108535,https://fsn1.your-objectstorage.com/tecdoc2025/media_files/images/4522/8daaf30aa8cebd1077acf3cfc3cb40569b9c21b1.webp,,1,0,,,2026-08-08 22:47:30,,RAPID-2717447
797e34c1-0614-44ed-b68a-3e50e8298fa7,108567,https://fsn1.your-objectstorage.com/tecdoc2025/media_files/images/95/6add4b64804387c70b02815410d7ded312a4cacb.webp,,0,1,,,2026-08-08 22:47:30,,RAPID-20724847
79b3d0f9-183a-4342-b7f9-75a441b495c7,108262,https://fsn1.your-objectstorage.com/tecdoc2025/media_files/PDF/30/e789521b2466401212a0cf8cd3c696de25a57157.pdf,,0,1,,,2026-08-08 22:47:30,,RAPID-2512830
79c3b4c0-018e-42a5-8576-4044169ae940,108340,https://fsn1.your-objectstorage.com/tecdoc2025/media_files/images/66/4543479ae40fa0092dce9caa348cd507f4a78ea1.webp,,0,2,,,2026-08-08 22:47:30,,RAPID-6604012
79da274e-712d-47ac-b32e-543af2e24999,108273,https://fsn1.your-objectstorage.com/tecdoc2025/media_files/images/30/7ff2d0c2d4fa83a372d4d37c9a2a6da88c28bc55.webp,,0,3,,,2026-08-08 22:47:30,,RAPID-2513123
79e8698d-7cdd-407c-b773-9045c8a607d1,108729,https://fsn1.your-objectstorage.com/tecdoc2025/media_files/images/4652/6888ea9c711160ee147c283fb9fa30639a6092bb.webp,,0,1,,,2026-08-08 22:47:30,,RAPID-7650075
7a562caf-ba9c-44cc-910c-881879c7540e,108627,https://fsn1.your-objectstorage.com/tecdoc2025/media_files/images/4370/36be46ce66b0c47ed9fd5a079be709526ef3ab94.webp,,1,0,,,2026-08-08 22:47:30,,RAPID-3612015
7a631277-8742-4bed-8a65-b54e6beb92ee,108628,https://fsn1.your-objectstorage.com/tecdoc2025/media_files/images/6925/78383258a46f4f79f03892b94b8714eb52a84444.webp,,0,3,,,2026-08-08 22:47:30,,RAPID-9217199
7aa2f8a5-f890-473b-b530-56a261f0e714,108761,https://fsn1.your-objectstorage.com/tecdoc2025/media_files/images/6335/55e69c8921834c285542ee54e488dcd4cbb05357.webp,,0,1,,,2026-08-08 22:47:30,,RAPID-2381011
7b2efcea-6f7b-4c61-9ecc-6a392c6126d4,108713,https://fsn1.your-objectstorage.com/tecdoc2025/media_files/images/4683/5cad2f05114d53ce64e259192684fef7f6a9ef23.webp,,1,0,,,2026-08-08 22:47:30,,RAPID-2301073
7b5f72c7-244b-4db6-b6ac-267135726fda,108806,https://fsn1.your-objectstorage.com/tecdoc2025/media_files/images/6357/3bcdd7907101582fbcfc25d78c218202a8d2d9bb.webp,,1,0,,,2026-08-08 22:47:30,,RAPID-9110028
7b68ff24-6a8b-47c4-9830-a6363a031b5f,108080,https://fsn1.your-objectstorage.com/tecdoc2025/media_files/images/234/473d00368a71c1c5a3c64f7c6f8ffc885564106f.webp,,0,2,,,2026-08-08 22:47:30,,RAPID-16032286
7ba3ee07-de1c-47ec-a684-f51348d764c5,108656,https://fsn1.your-objectstorage.com/tecdoc2025/media_files/PDF/6495/cb1e283f978087500a6609c520512fd3fddec96c.pdf,,0,2,,,2026-08-08 22:47:30,,RAPID-6467385
7badf561-368a-4ddd-99dc-7e695af83543,108279,https://fsn1.your-objectstorage.com/tecdoc2025/media_files/images/30/ba5ebfc01ad04ad4b42c41ca7cc087ed40159fdc.webp,,0,4,,,2026-08-08 22:47:30,,RAPID-2514841
7c5e66b5-f31d-49cb-94b4-01b8062cbfb5,108121,https://fsn1.your-objectstorage.com/tecdoc2025/media_files/images/183/715550e156820cdb7c34bc14dde37f25b4e4c795.webp,,0,1,,,2026-08-08 22:47:30,,RAPID-9564360
7c6e0757-830e-4e7e-87b2-c29e99c4523e,108210,https://fsn1.your-objectstorage.com/tecdoc2025/media_files/images/4464/f75c4814b26430b3314c271a8e46641482810bce.webp,,1,0,,,2026-08-08 22:47:30,,RAPID-9686803
7c95dd79-e78e-45bf-85c8-61aef8a12753,108694,https://fsn1.your-objectstorage.com/tecdoc2025/media_files/images/4380/3ea83d175857146531ca578f53d0f241a999cd9d.webp,,0,1,,,2026-08-08 22:47:30,,RAPID-1961480
7cb8caec-ee61-4a7a-b7b6-427401ea42d2,108656,https://fsn1.your-objectstorage.com/tecdoc2025/media_files/images/6495/356c0bf9b0720681def6eae22e2601f050ba08db.webp,,1,0,,,2026-08-08 22:47:30,,RAPID-6467385
7cbc856c-4667-40cc-b6c9-16da05b03c27,108026,https://fsn1.your-objectstorage.com/tecdoc2025/media_files/images/6903/68d80e81b67a2ce8b9261934986e9536e701e393.webp,"Brake Pad Set, disc brake",1,0,,,2026-08-06 14:47:26,,RAPID-81905782
7ccae5db-f12b-4b48-88d2-c73598d79c56,108080,https://fsn1.your-objectstorage.com/tecdoc2025/media_files/images/234/6e3fa92463941df9f979f5c2f450c47b41b3cd1e.webp,,1,0,,,2026-08-08 22:47:30,,RAPID-16032286
7cd621c3-7469-449a-b1c8-598ac2d1a3b9,108454,https://fsn1.your-objectstorage.com/tecdoc2025/media_files/images/4840/23950659284c95e900ad35a5cf4a43bd113b9b2e.webp,,1,0,,,2026-08-08 22:47:30,,RAPID-126460
7cd63907-370c-44d0-9474-7111cf00f2e5,108784,https://fsn1.your-objectstorage.com/tecdoc2025/media_files/images/6358/1bf8c44f4f9532d95ac582b1f81b27d801c19ccb.webp,,0,2,,,2026-08-08 22:47:30,,RAPID-2477895
7d041689-5210-4c8e-ab90-bc29ee84574e,108329,https://fsn1.your-objectstorage.com/tecdoc2025/media_files/images/6476/3f94926c5415a68a8b3715b59f3d2c566bb22a95.webp,,1,0,,,2026-08-08 22:47:30,,RAPID-6489509
7d0636ec-e97f-4c92-87bf-e1c61c0134b9,108014,https://fsn1.your-objectstorage.com/tecdoc2025/media_files/images/6372/b46c686c324d4ad8165b0bf59cf27966e3562014.webp,"Brake Pad Set, disc brake",0,1,,,2026-08-06 14:47:26,,RAPID-6828058
7d0ebe6b-36ef-4db4-bf41-6f72f386ce4c,108633,https://fsn1.your-objectstorage.com/tecdoc2025/media_files/images/6925/3791de701f5335832a3050f1232a48e8eea2366a.webp,,0,5,,,2026-08-08 22:47:30,,RAPID-19338321
7d5d653d-d0c7-412b-856c-9722b4e3948b,108248,https://fsn1.your-objectstorage.com/tecdoc2025/media_files/images/30/6365c366b91f16859063a99198542df0ced4bf6a.webp,,0,5,,,2026-08-08 22:47:30,,RAPID-2512436
7da1dabf-1839-4210-b4ab-f8efb7d8b183,108136,https://fsn1.your-objectstorage.com/tecdoc2025/media_files/images/4657/be94132ca36f626795fe00a7b0c3a5f11b4d240b.webp,,0,2,,,2026-08-08 22:47:30,,RAPID-870639
7da31366-7743-4eed-acda-902fead48304,108271,https://fsn1.your-objectstorage.com/tecdoc2025/media_files/images/30/b5b98868516ad310c767abfbad213be46d342c4a.webp,,0,5,,,2026-08-08 22:47:30,,RAPID-2513193
7e07ed6c-2dc5-483f-b632-6a2feaedfbb6,108772,https://fsn1.your-objectstorage.com/tecdoc2025/media_files/images/6358/a194c468419417b2aa689c32a64d019c65ebcae4.webp,,0,2,,,2026-08-08 22:47:30,,RAPID-2478060
7e0cb626-82dd-4da6-acca-ae8bf5bc811e,108727,https://fsn1.your-objectstorage.com/tecdoc2025/media_files/images/4652/234a694f7aa071eb185738719bb23a181cbf240b.webp,,1,0,,,2026-08-08 22:47:30,,RAPID-7650074
7e440ead-23a8-4cbe-9676-99473dbfe92c,108808,https://fsn1.your-objectstorage.com/tecdoc2025/media_files/images/6357/122a1279e3efaa5be1dd5989f5cdcfc8d448d33f.webp,,0,4,,,2026-08-08 22:47:30,,RAPID-9110003
7e5472e4-c4db-43d5-9561-aff447c05169,108641,https://fsn1.your-objectstorage.com/tecdoc2025/media_files/images/6495/6cceb316801a09731d37ae9d9f8b4dba7ca6f904.webp,,1,0,,,2026-08-08 22:47:30,,RAPID-11444196
7e767162-5a2c-4934-99d4-1ce1c8ee5734,108282,https://fsn1.your-objectstorage.com/tecdoc2025/media_files/images/30/264c3395cd83519f6b51c00d4b3f6c95cd50e925.webp,,0,4,,,2026-08-08 22:47:30,,RAPID-2514801
7e903ad5-a4a6-4a38-b210-00f9d8640e43,108629,https://fsn1.your-objectstorage.com/tecdoc2025/media_files/images/6925/d862a8d0aaa8fcf8a3dd1d6d724b329de6b02ab1.webp,,0,4,,,2026-08-08 22:47:30,,RAPID-8159120
7eba178a-f46b-406d-a716-1aad23db5606,108427,https://fsn1.your-objectstorage.com/tecdoc2025/media_files/images/2/86b57e3b6ead477e697dc366ad50084180e1d3af.webp,,0,5,,,2026-08-08 22:47:30,,RAPID-5414490
7ed3665b-2215-42c0-93d6-1cf42409c669,108637,https://fsn1.your-objectstorage.com/tecdoc2025/media_files/PDF/6495/cb1e283f978087500a6609c520512fd3fddec96c.pdf,,0,2,,,2026-08-08 22:47:30,,RAPID-6467380
7f30e422-6923-456a-9d59-6ceba2d7fd46,108111,https://fsn1.your-objectstorage.com/tecdoc2025/media_files/images/5646/028f5f918e8b5647b8bdf3f91f8b9ed9273f1142.webp,,1,0,,,2026-08-08 22:47:30,,RAPID-42027007
7f5f5da3-9dfa-42a2-a321-2aa3e2673c2b,108661,https://fsn1.your-objectstorage.com/tecdoc2025/media_files/PDF/4564/102a4c9cb4f59749ec34197da59371a2bdc443fd.pdf,,1,0,,,2026-08-08 22:47:30,,RAPID-9665025
7fb2d312-f0b6-413e-be84-765222134a32,108768,https://fsn1.your-objectstorage.com/tecdoc2025/media_files/images/6358/25965e600b0daf49393899eab64aa9fc27f378d7.webp,,1,0,,,2026-08-08 22:47:30,,RAPID-2478005
80004d9d-1630-4ba4-bcdd-5a20fdbb6231,108186,https://fsn1.your-objectstorage.com/tecdoc2025/media_files/images/442/74978c8c07b2bea9a8bf1af65b5b91cf91dac2c4.webp,,1,0,,,2026-08-08 22:47:30,,RAPID-9680216
8024884a-5e89-41f7-b318-105cb471b31e,108553,https://fsn1.your-objectstorage.com/tecdoc2025/media_files/images/4501/b17dfae7ded1af24edad17b0566f878550028309.webp,,1,0,,,2026-08-08 22:47:30,,RAPID-7961507
803d0783-6aec-434e-9d42-22fab88943a5,108405,https://fsn1.your-objectstorage.com/tecdoc2025/media_files/images/7669/cad978ea72b1dc3233b443b53ca3915cc2792f5c.webp,,0,4,,,2026-08-08 22:47:30,,RAPID-80561556
803da3cf-abea-4f09-af8f-6fdb76ffdcff,108428,https://fsn1.your-objectstorage.com/tecdoc2025/media_files/images/2/7596ae51695cbb9d68c33a806d942c79f39ebe13.webp,,0,3,,,2026-08-08 22:47:30,,RAPID-5414488
80462fd2-cea5-404b-ba06-f51e6e1befab,108426,https://fsn1.your-objectstorage.com/tecdoc2025/media_files/images/2/c479d03c2fc0b8efe93b2442c6ee4cc8d93bdd2d.webp,,0,2,,,2026-08-08 22:47:30,,RAPID-12571775
806b9df4-1f8b-45dc-8f92-86445432262d,108715,https://fsn1.your-objectstorage.com/tecdoc2025/media_files/images/4683/91708c137445db12df0c13954bf0596651ddb5f4.webp,,1,0,,,2026-08-08 22:47:30,,RAPID-2358042
808c724f-013a-4b55-bb4f-00ee378c353c,108131,https://fsn1.your-objectstorage.com/tecdoc2025/media_files/images/6372/7e92058578a0be083944cf5794cf1715038daf5d.webp,,1,0,,,2026-08-08 22:47:30,,RAPID-6848020
809d421f-5a1c-41d8-8106-825f65a467ec,108374,https://fsn1.your-objectstorage.com/tecdoc2025/media_files/images/4344/ab2bf44e76cfeec893b080e3d3ea629d59827cdb.webp,,1,0,,,2026-08-08 22:47:30,,RAPID-6870777
80d9c2bb-9d9d-4f8a-ae1f-c1f0c08700c0,108088,https://fsn1.your-objectstorage.com/tecdoc2025/media_files/images/4501/d97b4a31a9cc5198eec49031558adde33cc0f071.webp,,1,0,,,2026-08-08 22:47:30,,RAPID-68694873
80daae0f-b63a-4716-b94b-7a9ce41c90cd,108599,https://fsn1.your-objectstorage.com/tecdoc2025/media_files/images/403/fbce7e8b18fb1be53aecea98984223b995c2a1ba.webp,,0,1,,,2026-08-08 22:47:30,,RAPID-3032922
80e07373-4fe5-4fba-ae93-6e9eee06ff9a,108056,https://fsn1.your-objectstorage.com/tecdoc2025/media_files/images/67/5327ee70e894774522b6bd0f1e2c7e3e6235c1bf.webp,,1,0,,,2026-08-08 22:47:30,,RAPID-4182073
80e99188-0974-49b6-93e6-a25969466090,108591,https://fsn1.your-objectstorage.com/tecdoc2025/media_files/images/403/d98ec455c5a95a39c4a39e92630a8950e97204e7.webp,,0,1,,,2026-08-08 22:47:30,,RAPID-3032673
80fbcef7-b837-4ce4-91f1-dc4bc37b146e,108257,https://fsn1.your-objectstorage.com/tecdoc2025/media_files/images/30/7b5e3e696b9833dfa380ce5ec70d9be72da94abc.webp,,0,1,,,2026-08-08 22:47:30,,RAPID-2512621
811ce1b5-9fca-44ce-95c7-2b5145b97a1f,108785,https://fsn1.your-objectstorage.com/tecdoc2025/media_files/images/6358/d47d4070c08b3def6dde67f2d9dc41448f3ad60d.webp,,0,3,,,2026-08-08 22:47:30,,RAPID-2477882
814a65e1-e317-45b3-b170-eafb22df2d14,108334,https://fsn1.your-objectstorage.com/tecdoc2025/media_files/images/186/425f7ff89d317bb2602af31bcdcb64e556a6ebac.webp,,0,1,,,2026-08-08 22:47:30,,RAPID-9638631
81de68f0-80a0-4309-8409-692110d1fd0b,108233,https://fsn1.your-objectstorage.com/tecdoc2025/media_files/images/475/477dcea16e4c76602ca34670f4953604265376ad.webp,,0,1,,,2026-08-08 22:47:30,,RAPID-6142306
81ff4254-29b4-4b24-ba0c-a153b1502b36,108631,https://fsn1.your-objectstorage.com/tecdoc2025/media_files/images/6925/0c9d59f62bfafb0b3647caa44badc1f1fbc83cea.webp,,1,0,,,2026-08-08 22:47:30,,RAPID-9217440
82199cc3-1ee6-4cef-b60b-fdeda436703b,108235,https://fsn1.your-objectstorage.com/tecdoc2025/media_files/images/475/4f5966179eed9f526545d3c13f50a4460bdf9d02.webp,,0,1,,,2026-08-08 22:47:30,,RAPID-6142072
82310a39-f686-4c09-864e-ae7f95c4d6c2,108836,https://fsn1.your-objectstorage.com/tecdoc2025/media_files/images/4595/1f881973ea534577abd69b8e63edf11d9fdc5da7.webp,,1,0,,,2026-08-08 22:47:30,,RAPID-1147343
823abae7-bc6f-4d8c-9889-99e9bb885178,108802,https://fsn1.your-objectstorage.com/tecdoc2025/media_files/images/7788/df8f3ee4e8e76f8eab5cf3904ba5f579ca681344.webp,,1,0,,,2026-08-08 22:47:30,,RAPID-98622898
823f595c-65cb-4a10-86a8-d4d789da47cd,108248,https://fsn1.your-objectstorage.com/tecdoc2025/media_files/images/30/c7b6ceee172018d5f64a7b91294c337d856d0d31.webp,,0,6,,,2026-08-08 22:47:30,,RAPID-2512436
828c8ccd-7e4a-4903-8d38-d815ac3bd6b9,108112,https://fsn1.your-objectstorage.com/tecdoc2025/media_files/images/7788/fefcdbf0c905da8251d19835a666d03f2c04568c.webp,,1,0,,,2026-08-08 22:47:30,,RAPID-91361032
83299029-5838-4d86-804f-b8d08e761053,108122,https://fsn1.your-objectstorage.com/tecdoc2025/media_files/images/4894/46997b05c076f21259de9792363d84814e41e174.webp,,1,0,,,2026-08-08 22:47:30,,RAPID-7910504
832cec75-7208-4893-8cc9-d6d5a46785d2,108663,https://fsn1.your-objectstorage.com/tecdoc2025/media_files/images/4564/d2fd1af5313376a7b4de4aa7c70bb7f53f5223cd.webp,,0,1,,,2026-08-08 22:47:30,,RAPID-9664968
83607d2f-4813-46d2-95a8-7f9010f955e6,108507,https://fsn1.your-objectstorage.com/tecdoc2025/media_files/images/201/a9ee0add50047bc73f181e38ba44e63a5fdb87e0.webp,,0,2,,,2026-08-08 22:47:30,,RAPID-18742080
837edbbd-eb51-4e34-8074-7967ee275015,108166,https://fsn1.your-objectstorage.com/tecdoc2025/media_files/images/4826/eca16baa78ef828cd35c64423e5bb8e65f880f83.webp,,0,7,,,2026-08-08 22:47:30,,RAPID-48975348
83904b2e-8b3b-46a2-a9f2-b46febf93272,108529,https://fsn1.your-objectstorage.com/tecdoc2025/media_files/images/4522/3744d5e1347b96bc540d76d8b9b3a46d840b8561.webp,,1,0,,,2026-08-08 22:47:30,,RAPID-2717406
8394a753-4ebf-4bde-95cd-4ba6ee740232,108694,https://fsn1.your-objectstorage.com/tecdoc2025/media_files/images/4380/11e41c3b5d12690a4f2be511e24144083e397612.webp,,0,5,,,2026-08-08 22:47:30,,RAPID-1961480
83bd0270-1499-4b61-bada-6ac29558dfe5,108313,https://fsn1.your-objectstorage.com/tecdoc2025/media_files/images/421/1f4d96aab1f36dee48345e75879e3b3cedc7ca8a.webp,,1,0,,,2026-08-08 22:47:30,,RAPID-6388627
83c4f805-af08-413f-941b-9b4a6be3616e,108467,https://fsn1.your-objectstorage.com/tecdoc2025/media_files/images/7789/b465cd63cc837cd6cd6aa054f86eaf8bfb1f4dea.webp,,1,0,,,2026-08-08 22:47:30,,RAPID-84203801
83ff7150-fdd1-468c-a3bd-99ce0dd83ce9,108471,https://fsn1.your-objectstorage.com/tecdoc2025/media_files/images/156/4d2b8cdd276fd0faec23819889f1a58c21926e3b.webp,,1,0,,,2026-08-08 22:47:30,,RAPID-9192182
8424b272-c7fa-452f-836b-3facff55cbe5,108357,https://fsn1.your-objectstorage.com/tecdoc2025/media_files/images/4585/21726930fa9b854a3c06e19c3e52e858cb9ad4b5.webp,,1,0,,,2026-08-08 22:47:30,,RAPID-6678473
84501779-0cf1-4e79-8e86-d82988599bdb,108214,https://fsn1.your-objectstorage.com/tecdoc2025/media_files/images/350/1f3fe9b38a3f08c624c0a8138876a48f292b33b8.webp,,1,0,,,2026-08-08 22:47:30,,RAPID-5596880
847e96c5-41ec-4b6d-9a57-3eeef6cb6631,108800,https://fsn1.your-objectstorage.com/tecdoc2025/media_files/images/7788/82062e025314f828d2c7c57d52d061eaa44b84f4.webp,,0,2,,,2026-08-08 22:47:30,,RAPID-89818080
84b0f4e1-1388-4ff5-8d00-c36295f08807,108683,https://fsn1.your-objectstorage.com/tecdoc2025/media_files/PDF/440/0143efbc6cbdd93f5dcee760acaeb411dd8f7e32.pdf,,1,0,,,2026-08-08 22:47:30,,RAPID-9495954
84dd8771-7bb5-4fa8-9a5d-4a71709f7a2f,108247,https://fsn1.your-objectstorage.com/tecdoc2025/media_files/images/30/9a067d7900870e4739dc31b61b1eeab2da7333e9.webp,,0,6,,,2026-08-08 22:47:30,,RAPID-2512451
84f3f9cf-e984-4ec8-9a3e-05a676abf7bb,108783,https://fsn1.your-objectstorage.com/tecdoc2025/media_files/images/6358/ed0c70992634482c85cc54cc56554da45e02be74.webp,,0,1,,,2026-08-08 22:47:30,,RAPID-2477887
8508f7df-6ff8-4020-a17a-233a19bf3171,108461,https://fsn1.your-objectstorage.com/tecdoc2025/media_files/images/4840/7c76341e3cd7e884252f0c6ab4af9e6a1256bd10.webp,,0,2,,,2026-08-08 22:47:30,,RAPID-2378371
8513621b-8e41-4788-b2bb-22c7731e29a9,108534,https://fsn1.your-objectstorage.com/tecdoc2025/media_files/images/4522/8daaf30aa8cebd1077acf3cfc3cb40569b9c21b1.webp,,1,0,,,2026-08-08 22:47:30,,RAPID-2717444
85309578-57e0-4883-9434-ca5f43e4856c,108084,https://fsn1.your-objectstorage.com/tecdoc2025/media_files/images/2/881e53c3a53c3c6f17b3f11207e1445ea966f1c8.webp,,0,1,,,2026-08-08 22:47:30,,RAPID-5094458
8539488a-67ec-4310-9a9e-2477cfef4941,108729,https://fsn1.your-objectstorage.com/tecdoc2025/media_files/images/4652/23ef742e8c3bedbd62409c4f424dcf0cf14d31b1.webp,,1,0,,,2026-08-08 22:47:30,,RAPID-7650075
85598a67-535b-4a6e-968b-f752c7d452c6,108028,https://fsn1.your-objectstorage.com/tecdoc2025/media_files/images/6903/7b5a107c2017c4656e809c982b883bf32339685e.webp,"Brake Pad Set, disc brake",1,0,,,2026-08-06 14:47:26,,RAPID-79673982
8590f87d-f22a-40a9-af18-0a7757596dd9,108053,https://fsn1.your-objectstorage.com/tecdoc2025/media_files/images/67/b500e4c1fd6696411faa952ff8d0210d014450f1.webp,,0,3,,,2026-08-08 22:47:30,,RAPID-44174154
8598f414-7a20-4e1d-b88f-b2526bb4fb40,108404,https://fsn1.your-objectstorage.com/tecdoc2025/media_files/images/7669/16477633a9ac193070675cb8b5eaa9bf3041b90c.webp,,0,4,,,2026-08-08 22:47:30,,RAPID-85025885
85b44a26-2ded-429a-a8a2-014bc73d7266,108432,https://fsn1.your-objectstorage.com/tecdoc2025/media_files/images/2/ba329d8c9fef7655b7d5afe153e36a51da6ee712.webp,,0,5,,,2026-08-08 22:47:30,,RAPID-5414520
85e7fc0d-0e70-4e26-9730-d85569aab857,108574,https://fsn1.your-objectstorage.com/tecdoc2025/media_files/images/95/c67fa3f988c4a7f1938c92eb70655bcc4b12099c.webp,,1,0,,,2026-08-08 22:47:30,,RAPID-107723
85fb9699-2a9f-450d-8dcd-d559d8c35e44,108241,https://fsn1.your-objectstorage.com/tecdoc2025/media_files/images/475/946d923d5d357b0f62c159851f7d4cdc4a195249.webp,,0,1,,,2026-08-08 22:47:30,,RAPID-6142308
8610cb56-defe-42ee-ac5c-e29361bd1e51,108316,https://fsn1.your-objectstorage.com/tecdoc2025/media_files/PDF/4434/86a00cf2fedfd70d7fc2c247cde63f5381b27547.pdf,,1,0,,,2026-08-08 22:47:30,,RAPID-2394533
8646895d-6cd7-4a20-bf11-f721ba31a834,108662,https://fsn1.your-objectstorage.com/tecdoc2025/media_files/PDF/4564/2385db38c684100da82b9f44be33c6c159dd8ec3.pdf,,1,0,,,2026-08-08 22:47:30,,RAPID-9665022
865db35a-ef51-492c-892d-c283b2ba49fd,108629,https://fsn1.your-objectstorage.com/tecdoc2025/media_files/images/6925/7e0409924e04e30c675cfafa8d4f0bf073643025.webp,,0,1,,,2026-08-08 22:47:30,,RAPID-8159120
8667a96f-edbd-4e43-a677-cd8e29204b83,108825,https://fsn1.your-objectstorage.com/tecdoc2025/media_files/images/6357/2c8e7b165e55d0ea73b47f56e685a739b312123b.webp,,0,1,,,2026-08-08 22:47:30,,RAPID-9108892
8695753c-06cf-42d5-bd63-c40d64aa25f7,108105,https://fsn1.your-objectstorage.com/tecdoc2025/media_files/images/75/ad6b478397850114ffb67355c202f6038eb9ec17.webp,,1,0,,,2026-08-08 22:47:30,,RAPID-1220296
869fff68-aac2-4c7f-8851-d2ebc3375d13,108443,https://fsn1.your-objectstorage.com/tecdoc2025/media_files/images/2/b68e6807c3c4980f1d276be8830dc0252f77d561.webp,,0,1,,,2026-08-08 22:47:30,,RAPID-5414411
86b0a55e-3d8e-4ae4-927f-fd6f6ae9491c,108790,https://fsn1.your-objectstorage.com/tecdoc2025/media_files/images/6358/a33415d3f3bcf2bfc09722f7d4f1b341c5c655f3.webp,,0,2,,,2026-08-08 22:47:30,,RAPID-2571715
86bcc94f-b508-4ed4-a179-a7ead849a98c,108252,https://fsn1.your-objectstorage.com/tecdoc2025/media_files/images/30/fc421a00080369db6a91a0390b8b0fc8afcc5d27.webp,,0,3,,,2026-08-08 22:47:30,,RAPID-2512521
86d8d27b-2624-47bb-a477-91b3dfaa3fad,108581,https://fsn1.your-objectstorage.com/tecdoc2025/media_files/images/95/06ff488bdde3431822840857db7668c3349b3ada.webp,,1,0,,,2026-08-08 22:47:30,,RAPID-31260780
86d9390a-6d6f-45a4-ab75-39f5466a6383,108293,https://fsn1.your-objectstorage.com/tecdoc2025/media_files/images/363/726f1a4c184c02a53b3b6486fdbdbfdf75db09bb.webp,,1,0,,,2026-08-08 22:47:30,,RAPID-4612462
86e2ddbe-790c-4da6-abbc-54ac2aaff552,108036,https://fsn1.your-objectstorage.com/tecdoc2025/media_files/images/6903/45b5994732c76f3d67c77e4c79ced2c71d4a74cc.webp,"Brake Pad Set, disc brake",1,0,,,2026-08-06 14:47:26,,RAPID-80953801
8703776b-c0d8-4cc1-ab20-160c95d804c1,108395,https://fsn1.your-objectstorage.com/tecdoc2025/media_files/images/271/df04856634d1c872f74e2c58f2767bf737d9144f.webp,,0,2,,,2026-08-08 22:47:30,,RAPID-18344449
874bf748-c879-480b-be90-cb2c855446a6,108125,https://fsn1.your-objectstorage.com/tecdoc2025/media_files/images/6372/9a2075e3cdc622403a0c96495963c0dd0984f96c.webp,,1,0,,,2026-08-08 22:47:30,,RAPID-6847990
8752e446-e867-4a15-9372-4c098942529c,108819,https://fsn1.your-objectstorage.com/tecdoc2025/media_files/images/6357/d85d20085b4e11c712e7e52ccec5e013dfcd909b.webp,,0,1,,,2026-08-08 22:47:30,,RAPID-9110209
8773f4b3-9a54-4295-b374-ac830bf28e7e,108813,https://fsn1.your-objectstorage.com/tecdoc2025/media_files/images/6357/b74f1ee595d70598399a875e34b3ce1a277a4738.webp,,0,4,,,2026-08-08 22:47:30,,RAPID-9110140
87aae52a-0f3d-4b43-8fe5-30961a39af45,108813,https://fsn1.your-objectstorage.com/tecdoc2025/media_files/images/6357/f2c32f90b07b81e001e9dec786a2a91ebd3e2013.webp,,0,1,,,2026-08-08 22:47:30,,RAPID-9110140
87bfe281-188c-4617-86f9-0c226b6728b1,108221,https://fsn1.your-objectstorage.com/tecdoc2025/media_files/images/7673/c82977fe2e6f0a783fab48b2d00c991b52672318.webp,,1,0,,,2026-08-08 22:47:30,,RAPID-47648862
87ce946f-30af-41ac-a37f-2e6773886466,108342,https://fsn1.your-objectstorage.com/tecdoc2025/media_files/images/66/66e8227a614cd7f6f9c1ecef12a829d0f41cafad.webp,,0,2,,,2026-08-08 22:47:30,,RAPID-6617676
87f3f505-10c6-45a5-973a-b717523e7e8f,108349,https://fsn1.your-objectstorage.com/tecdoc2025/media_files/images/4585/7cf351a009a4d0587c73d3f756f45e7d5ebdfd63.webp,,1,0,,,2026-08-08 22:47:30,,RAPID-8317600
88450394-d5b1-4aaf-82e2-50190140ae6a,108246,https://fsn1.your-objectstorage.com/tecdoc2025/media_files/images/30/b8759fedd116257091f4a93ca595d264969f2fce.webp,,0,2,,,2026-08-08 22:47:30,,RAPID-2512267
884fdf10-32c6-42e2-8415-15ae640f686b,108683,https://fsn1.your-objectstorage.com/tecdoc2025/media_files/images/440/1a06aa576cc3613857835beb512fecd9580964d2.webp,,0,2,,,2026-08-08 22:47:30,,RAPID-9495954
8873e725-3f6f-42f3-9160-f1908918e5fa,108328,https://fsn1.your-objectstorage.com/tecdoc2025/media_files/PDF/4434/a0b4c47020de6fb4b9ae944916789d8e60e41f74.pdf,,1,0,,,2026-08-08 22:47:30,,RAPID-2394373
88b48c8a-10a9-4fd3-acfa-52d8420cf988,108837,https://fsn1.your-objectstorage.com/tecdoc2025/media_files/images/4595/4146f41d8be401f67d5d9027dc65d9d5783d94dd.webp,,1,0,,,2026-08-08 22:47:30,,RAPID-869493
8911631d-29b9-4ff4-8ead-1f64778db6d8,108052,https://fsn1.your-objectstorage.com/tecdoc2025/media_files/images/5275/ce49907b5cc96082a9d322bf4c046c5c739742e6.webp,,1,0,,,2026-08-08 22:47:30,,RAPID-16155990
893095c0-82a9-4f6b-962e-2684aa65be10,108453,https://fsn1.your-objectstorage.com/tecdoc2025/media_files/images/4840/3c4216fa75424ec2bda9028526acb604fd5e0086.webp,,0,3,,,2026-08-08 22:47:30,,RAPID-1465967
896d0fd3-70e2-4927-b111-c3604fb19a3d,108396,https://fsn1.your-objectstorage.com/tecdoc2025/media_files/images/271/52f625f0330598e070c1f7c2281aa7f6be5c2976.webp,,1,0,,,2026-08-08 22:47:30,,RAPID-9686225
89788dc2-179a-486d-aeff-262a0dd8c399,108578,https://fsn1.your-objectstorage.com/tecdoc2025/media_files/images/95/9aba00b573dba6002e4a8ee6d4212ef22c0efe88.webp,,0,2,,,2026-08-08 22:47:30,,RAPID-107725
89814b94-1048-4380-aa48-c03c582d8c4d,108305,https://fsn1.your-objectstorage.com/tecdoc2025/media_files/images/363/6bf83b547cb92502174721100a84b15b454d4dad.webp,,1,0,,,2026-08-08 22:47:30,,RAPID-4612563
898a68a4-7dd1-4169-86da-0d3d3f2d3866,108716,https://fsn1.your-objectstorage.com/tecdoc2025/media_files/images/6267/f7a5ae4d62c196e96908ebc7b588c06fc62729da.webp,,0,5,,,2026-08-08 22:47:30,,RAPID-8218217
898b4fd2-c6a1-4ff9-8cfe-2defb70e88b3,108676,https://fsn1.your-objectstorage.com/tecdoc2025/media_files/images/6473/f2b46fc84c22abbe12d5045da18a694b4760861e.webp,,1,0,,,2026-08-08 22:47:30,,RAPID-8303093
89903ca0-1256-41ce-b67f-b5048fd59347,108771,https://fsn1.your-objectstorage.com/tecdoc2025/media_files/images/6358/2f3adc2e0390b8071bb364987f95d33a894728e7.webp,,0,2,,,2026-08-08 22:47:30,,RAPID-2478009
89a35703-a00d-42ed-ad49-61f89003d37e,108789,https://fsn1.your-objectstorage.com/tecdoc2025/media_files/images/6358/ba5132c108805ce9d9b79a7f55cb21dda55fec2e.webp,,0,1,,,2026-08-08 22:47:30,,RAPID-2477992
89a6349c-4c20-49d0-9479-19d55eec1e96,108163,https://fsn1.your-objectstorage.com/tecdoc2025/media_files/images/4826/2d26bfb87cdd0f4164a351bc27275489ffb15758.webp,,0,2,,,2026-08-08 22:47:30,,RAPID-48306027
8a0cfefc-df2a-4391-8ece-5e9f9b051c6c,108773,https://fsn1.your-objectstorage.com/tecdoc2025/media_files/images/6358/24596e1bd2525ffd706e09a4f08b42640dc106af.webp,,0,3,,,2026-08-08 22:47:30,,RAPID-2478021
8a1adbfd-6348-4384-b770-11639b43fb2d,108425,https://fsn1.your-objectstorage.com/tecdoc2025/media_files/images/2/2e927f99086930859554a2f01ab51df5002a5bc9.webp,,0,1,,,2026-08-08 22:47:30,,RAPID-5414517
8a7ae70f-dd76-4da1-ac5b-aa4f0bb97ba5,108284,https://fsn1.your-objectstorage.com/tecdoc2025/media_files/images/30/1f1787f011e4b9595836459773aa34846662aefd.webp,,0,4,,,2026-08-08 22:47:30,,RAPID-2513190
8a7f2788-c9eb-4fa0-b4fb-b3882e998e58,108273,https://fsn1.your-objectstorage.com/tecdoc2025/media_files/images/30/29f4c6cfa4e3bcdb4adba64dc2b2e8e24edd9b22.webp,,0,1,,,2026-08-08 22:47:30,,RAPID-2513123
8a960bf3-cb3a-4e34-bb11-89fd8f60082c,108264,https://fsn1.your-objectstorage.com/tecdoc2025/media_files/PDF/30/b0d4e99e1f7a188bc1e4bc51b66353fc52647196.pdf,,0,1,,,2026-08-08 22:47:30,,RAPID-2512860
8aaf3d69-fccc-4b4f-8159-ad5dbafdad15,108680,https://fsn1.your-objectstorage.com/tecdoc2025/media_files/images/6473/f2b46fc84c22abbe12d5045da18a694b4760861e.webp,,1,0,,,2026-08-08 22:47:30,,RAPID-28960479
8ab86896-1860-4d9a-afe8-d9f00c6495e7,108615,https://fsn1.your-objectstorage.com/tecdoc2025/media_files/images/94/8bc3d4dcf360e87d4eaf467d36d2c5655f7c7f57.webp,,1,0,,,2026-08-08 22:47:30,,RAPID-2019616
8af51ce1-7c6f-4d53-ad70-facfb1afa186,108193,https://fsn1.your-objectstorage.com/tecdoc2025/media_files/images/442/3f71c8a706ff5d99d4b482696154196d11f7e75a.webp,,1,0,,,2026-08-08 22:47:30,,RAPID-5789133
8b18ad0c-37e4-41c2-b1c3-d7aade899220,108254,https://fsn1.your-objectstorage.com/tecdoc2025/media_files/images/30/d7c2b40d702bc87c21c781372474b98c736b0faf.webp,,0,3,,,2026-08-08 22:47:30,,RAPID-2512622
8b1e63fe-b86f-4fd6-87c1-75e45e16d32a,108510,https://fsn1.your-objectstorage.com/tecdoc2025/media_files/PDF/201/961bf171249e8b88e06b29a394f2edbb4d36fef7.pdf,,1,0,,,2026-08-08 22:47:30,,RAPID-9693154
8b5a4ab9-0e76-457c-b5a6-c975c6b64c22,108743,https://fsn1.your-objectstorage.com/tecdoc2025/media_files/images/6990/2810b04dd64d9d255fd83ceea7e12d75be61dfce.webp,,0,1,,,2026-08-08 22:47:30,,RAPID-8526925
8b7fe7e7-438f-43f2-9bde-5e5fb8259b8b,108068,https://fsn1.your-objectstorage.com/tecdoc2025/media_files/images/30/63e0f2e5564ef744ba106feead499d126e52da06.webp,,0,4,,,2026-08-08 22:47:30,,RAPID-737250
8b91150c-4c23-49ab-a7e3-f0337ed47ddb,108226,https://fsn1.your-objectstorage.com/tecdoc2025/media_files/images/475/8c2f1c166f5f4890077d7e80d90d4d306e2a22d9.webp,,1,0,,,2026-08-08 22:47:30,,RAPID-6142069
8bd65b47-e0f1-4397-bf9a-149c84ecaa87,108039,https://fsn1.your-objectstorage.com/tecdoc2025/media_files/images/6903/17e8f927ca218f982439354e580fa7b32690d855.webp,"Brake Pad Set, disc brake",1,0,,,2026-08-06 14:47:26,,RAPID-82792491
8be19fbc-eb66-4b99-b814-f6a4f1aa46ed,108166,https://fsn1.your-objectstorage.com/tecdoc2025/media_files/images/4826/52f0f8b14c24a2b6d0bd5ddfc305bcf7d68eb3cc.webp,,0,2,,,2026-08-08 22:47:30,,RAPID-48975348
8c01c3d7-237c-4fe9-bd4d-e6fadb229c63,108284,https://fsn1.your-objectstorage.com/tecdoc2025/media_files/PDF/30/b0d4e99e1f7a188bc1e4bc51b66353fc52647196.pdf,,1,0,,,2026-08-08 22:47:30,,RAPID-2513190
8cb5e8a2-651a-4b05-9e8e-149229992e96,108478,https://fsn1.your-objectstorage.com/tecdoc2025/media_files/images/156/299075fbb69ffd93dc433e12f2869d6d087be765.webp,,1,0,,,2026-08-08 22:47:30,,RAPID-52301892
8cf0d540-218c-4b5b-a477-b4e6f2ed044d,108813,https://fsn1.your-objectstorage.com/tecdoc2025/media_files/images/6357/c6dcf3a02c9431fe53792be3c55a0a83f5feaaf0.webp,,0,3,,,2026-08-08 22:47:30,,RAPID-9110140
8cfabff3-06ed-4f21-a094-186586a58a70,108294,https://fsn1.your-objectstorage.com/tecdoc2025/media_files/images/363/fdd8953bd772ede62be380ce8673c61a2dffd692.webp,,1,0,,,2026-08-08 22:47:30,,RAPID-4612459
8cfe1716-c339-405f-a24d-be2dc9ea105d,108368,https://fsn1.your-objectstorage.com/tecdoc2025/media_files/images/4881/5cceb700cbebecee6a13f0580b046c264143b7ea.webp,,1,0,,,2026-08-08 22:47:30,,RAPID-4170449
8d1062f1-e7ed-45c5-9bd4-729c40e38fc6,108721,https://fsn1.your-objectstorage.com/tecdoc2025/media_files/images/6267/16a6feec5f85c60d76aacb087edfb18dbd64abbb.webp,,0,3,,,2026-08-08 22:47:30,,RAPID-10367152
8d62a0a7-b248-4cad-b470-f81fe9769472,108438,https://fsn1.your-objectstorage.com/tecdoc2025/media_files/images/2/388ff89fedd0d9286743def447c8cd4c4c4ccd89.webp,,0,5,,,2026-08-08 22:47:30,,RAPID-5414597
8d940ae0-767c-41c9-92e8-d1a8332d7377,108579,https://fsn1.your-objectstorage.com/tecdoc2025/media_files/images/95/62e60a3c6e2731a3641cddb40f0ff2b4758f97a6.webp,,1,0,,,2026-08-08 22:47:30,,RAPID-80626971
8da79ac7-4ff1-41e0-86e9-e08713edfb17,108817,https://fsn1.your-objectstorage.com/tecdoc2025/media_files/images/6357/69b577936e1bf336be20d68e921d7cdf22797960.webp,,0,3,,,2026-08-08 22:47:30,,RAPID-9110181
8db5bccb-67a3-4829-a29c-36d359bb9f72,108628,https://fsn1.your-objectstorage.com/tecdoc2025/media_files/images/6925/0c9d59f62bfafb0b3647caa44badc1f1fbc83cea.webp,,1,0,,,2026-08-08 22:47:30,,RAPID-9217199
8dc98c96-e625-47c2-ada0-69792dcd2f16,108015,https://fsn1.your-objectstorage.com/tecdoc2025/media_files/images/6372/76fef56bf1ab87ccf22e977e08959d89d3299871.webp,"Brake Pad Set, disc brake",1,0,,,2026-08-06 14:47:26,,RAPID-21393197
8e42ce30-ec25-41fb-b645-1b2e01cfe018,108603,https://fsn1.your-objectstorage.com/tecdoc2025/media_files/images/403/174bb3c08bf8d61154c27521d6b66d8702c8df07.webp,,0,1,,,2026-08-08 22:47:30,,RAPID-3032943
8e6e4caf-2bb5-40cf-a628-f9079782db6f,108053,https://fsn1.your-objectstorage.com/tecdoc2025/media_files/PDF/67/0e4ee0465a2bfcef8d8cfece1093d68f0254e0ce.pdf,,1,0,,,2026-08-08 22:47:30,,RAPID-44174154
8e8736c0-bb58-4d08-91ef-e5d09300df2f,108632,https://fsn1.your-objectstorage.com/tecdoc2025/media_files/images/6925/a819b12933bdbb54eef1a40fad4bb58325b49227.webp,,0,5,,,2026-08-08 22:47:30,,RAPID-8158894
8e8d0a51-13f5-47c9-908e-daa7b34e6ec2,108774,https://fsn1.your-objectstorage.com/tecdoc2025/media_files/images/6358/65269e04d65940cd54904404899cbcc1ddad4caf.webp,,0,2,,,2026-08-08 22:47:30,,RAPID-2478069
8e999517-1acd-4ddb-91aa-0e521b636d8f,108397,https://fsn1.your-objectstorage.com/tecdoc2025/media_files/images/271/3a59525b9e75d702dd9796a41ff06462cb3df513.webp,,0,7,,,2026-08-08 22:47:30,,RAPID-21264884
8f46d1be-472f-43be-b76d-53b1d2a0d315,108372,https://fsn1.your-objectstorage.com/tecdoc2025/media_files/images/4344/8e540e3b30ffdb32204b71042e1a88e3dfd6dfe5.webp,,1,0,,,2026-08-08 22:47:30,,RAPID-6870860
8f4c742a-4ffc-4a0e-9c90-2ae0cf048d70,108181,https://fsn1.your-objectstorage.com/tecdoc2025/media_files/images/257/036b4a5d14a4c7a2bf43a5b1a44749e8e5c0a172.webp,,1,0,,,2026-08-08 22:47:30,,RAPID-50499364
8f7b3a4b-be12-4ae3-aa59-148b12786029,108262,https://fsn1.your-objectstorage.com/tecdoc2025/media_files/images/30/64bcf3c8f8694f27284b21e4cc4edf236cf730a0.webp,,0,4,,,2026-08-08 22:47:30,,RAPID-2512830
8fbb19a2-f7a6-48fb-973d-54826b1d2da0,108257,https://fsn1.your-objectstorage.com/tecdoc2025/media_files/PDF/30/710eeedcab31768c7bd93199b4efada5cb2fb3a8.pdf,,1,0,,,2026-08-08 22:47:30,,RAPID-2512621
8fcd0467-5d40-478a-8cdd-b6f2bb0550b0,108262,https://fsn1.your-objectstorage.com/tecdoc2025/media_files/images/30/b8d760492618ed732acdbbd90ea38820f3c2f40b.webp,,0,3,,,2026-08-08 22:47:30,,RAPID-2512830
8feedf6d-d2ed-4ab6-a160-5bda15e06703,108252,https://fsn1.your-objectstorage.com/tecdoc2025/media_files/images/30/126a14c6593c8534daa7c3c376c732f77ff7d7d4.webp,,0,2,,,2026-08-08 22:47:30,,RAPID-2512521
8ffe5b8d-fafd-4bfa-a2b7-3a1fa1f8359e,108324,https://fsn1.your-objectstorage.com/tecdoc2025/media_files/images/4434/5e7fb49b45bbeb2646027ccb3abf303a3c392862.webp,,0,1,,,2026-08-08 22:47:30,,RAPID-2394553
907bb630-c157-46df-871c-e6d71d652c15,108588,https://fsn1.your-objectstorage.com/tecdoc2025/media_files/images/403/66d098fc52331e44b9f3b66b7c6be78805d95d63.webp,,0,2,,,2026-08-08 22:47:30,,RAPID-3031935
9080aa51-e330-4a91-a878-3b9f57ea9028,108472,https://fsn1.your-objectstorage.com/tecdoc2025/media_files/images/156/4cbaa4861bab07d0d87992dec8c38078ae417c3f.webp,,1,0,,,2026-08-08 22:47:30,,RAPID-9192201
90be6439-0928-42ef-8263-21c0967d3278,108347,https://fsn1.your-objectstorage.com/tecdoc2025/media_files/PDF/66/b0a06df19d2fb12eb19f54b7735ec6b1b5cc4d59.pdf,,1,0,,,2026-08-08 22:47:30,,RAPID-6677582
90ece649-fccd-493a-889a-18e35c781397,108824,https://fsn1.your-objectstorage.com/tecdoc2025/media_files/images/6357/f31cea8ee535d19121fb9d53718e8920b72f06a1.webp,,0,3,,,2026-08-08 22:47:30,,RAPID-9108863
90fee7b0-9851-416b-ac1f-f6fe0f43dd78,108449,https://fsn1.your-objectstorage.com/tecdoc2025/media_files/images/2/442ad3df99972a5d269cf36572054e88c682b987.webp,,0,1,,,2026-08-08 22:47:30,,RAPID-5414442
91018317-8624-4e91-8370-f72f13b7b053,108156,https://fsn1.your-objectstorage.com/tecdoc2025/media_files/images/4826/ce36c35203d774bacb4791d6cbc7f24c6dc27c98.webp,,0,5,,,2026-08-08 22:47:30,,RAPID-56953185
911c84c6-4587-43cc-b3f3-301cfbf8c302,108434,https://fsn1.your-objectstorage.com/tecdoc2025/media_files/images/2/7596ae51695cbb9d68c33a806d942c79f39ebe13.webp,,1,0,,,2026-08-08 22:47:30,,RAPID-5414519
91410fb3-a74b-407a-9c46-7fd59e00e9ff,108721,https://fsn1.your-objectstorage.com/tecdoc2025/media_files/images/6267/cdefe5dde5def4e9520501a833e3a452ed0818df.webp,,1,0,,,2026-08-08 22:47:30,,RAPID-10367152
916b0b4d-54fb-423c-81f5-ed9ce70b421b,108723,https://fsn1.your-objectstorage.com/tecdoc2025/media_files/images/6267/1bb5d133561af3fcbf36587d1c78c96e98bbef83.webp,,1,0,,,2026-08-08 22:47:30,,RAPID-10363134
9172b8d0-739a-4fc4-a598-90814302007a,108393,https://fsn1.your-objectstorage.com/tecdoc2025/media_files/images/271/1cf741b1524963d28b77dc66005cc7ebca5dc745.webp,,0,7,,,2026-08-08 22:47:30,,RAPID-13049770
918d00ea-8781-41ef-b45d-4b9b537d61c1,108556,https://fsn1.your-objectstorage.com/tecdoc2025/media_files/images/4600/f0eebd7930e4a6d619f109c7f120cf4bc0ee5f8a.webp,,0,2,,,2026-08-08 22:47:30,,RAPID-7917764
91e59541-c603-40e9-b51f-fa65a7bc88ad,108065,https://fsn1.your-objectstorage.com/tecdoc2025/media_files/images/30/42cf784dba078e63f6f764134970ebead324a166.webp,,1,0,,,2026-08-08 22:47:30,,RAPID-737422
91e8f85d-c68f-4ab9-9de1-fa6135754e45,108592,https://fsn1.your-objectstorage.com/tecdoc2025/media_files/images/403/48143605554114ab8033220367338c58b5b5c59d.webp,,1,0,,,2026-08-08 22:47:30,,RAPID-3032538
9213557b-0bdf-40d8-bb45-03197c9134aa,108636,https://fsn1.your-objectstorage.com/tecdoc2025/media_files/PDF/6495/1a45735208367fe4228cd835bf7a86087477592f.pdf,,0,1,,,2026-08-08 22:47:30,,RAPID-6467375
9215c338-03f9-43ac-9787-03efae7418c8,108504,https://fsn1.your-objectstorage.com/tecdoc2025/media_files/images/201/1f28b3353b13863ae4353dd020921eef17797d20.webp,,1,0,,,2026-08-08 22:47:30,,RAPID-9690875
9230becb-3c07-4d05-ba6d-2062b804656e,108397,https://fsn1.your-objectstorage.com/tecdoc2025/media_files/images/271/02073c16a8867759e17d913bcebe858f35c961c2.webp,,0,2,,,2026-08-08 22:47:30,,RAPID-21264884
924e14b9-0f34-4c98-9809-f1b874fc3fff,108100,https://fsn1.your-objectstorage.com/tecdoc2025/media_files/PDF/4671/79058eeca66bde3cba2afffaf078585a98b48511.pdf,,1,0,,,2026-08-08 22:47:30,,RAPID-8249596
924e84b9-f0a2-4feb-b6ed-588b989b60be,108787,https://fsn1.your-objectstorage.com/tecdoc2025/media_files/images/6358/9e640c30471e1c46e036fcc9967f3ee52c3b0171.webp,,1,0,,,2026-08-08 22:47:30,,RAPID-2477976
9270a6b2-30df-4d5a-accf-81296d5cc259,108824,https://fsn1.your-objectstorage.com/tecdoc2025/media_files/images/6357/bfb164f54e055d037190e778b02f6bf21b0c4096.webp,,0,1,,,2026-08-08 22:47:30,,RAPID-9108863
927c58ee-0c5d-40f4-8816-856db795d833,108265,https://fsn1.your-objectstorage.com/tecdoc2025/media_files/images/30/170336a660152123370c1f1db626e467e6ffc782.webp,,0,3,,,2026-08-08 22:47:30,,RAPID-2512850
9299fc13-a469-4021-af89-e871fb013b5a,108395,https://fsn1.your-objectstorage.com/tecdoc2025/media_files/images/271/798003b9096f7a38acce04aa0e7bdc6c862802d7.webp,,0,6,,,2026-08-08 22:47:30,,RAPID-18344449
92d20189-8652-4175-a205-3b8ac5f2168f,108467,https://fsn1.your-objectstorage.com/tecdoc2025/media_files/images/7789/a3487a805077026e33c064c9e63e124eb17a714e.webp,,0,2,,,2026-08-08 22:47:30,,RAPID-84203801
92e8928a-6670-46fc-9da1-7d21a5f2fdda,108090,https://fsn1.your-objectstorage.com/tecdoc2025/media_files/images/4501/3d42e18bc6305637d7cb62684ee37e63f44a3415.webp,,1,0,,,2026-08-08 22:47:30,,RAPID-7903156
92f959c3-1313-4ff4-99a9-88ac3e1e26a0,108579,https://fsn1.your-objectstorage.com/tecdoc2025/media_files/images/95/1fd7b47f7a94eee6c7729b2e1b89399a74e43fa1.webp,,0,1,,,2026-08-08 22:47:30,,RAPID-80626971
93044d03-d994-4df3-a493-7ff9b86d6db8,108511,https://fsn1.your-objectstorage.com/tecdoc2025/media_files/images/201/5176dcee4b0e5077bc99861d4db739b5f74319ae.webp,,0,2,,,2026-08-08 22:47:30,,RAPID-9693155
932dbe1b-5953-4491-9765-394f4e219003,108822,https://fsn1.your-objectstorage.com/tecdoc2025/media_files/images/6357/0346a744765fea6d2393a727d4359a88df337348.webp,,0,1,,,2026-08-08 22:47:30,,RAPID-9110270
9330d4bf-39f5-490d-bea6-29aa8a8bbf2a,108595,https://fsn1.your-objectstorage.com/tecdoc2025/media_files/images/403/5c893cfcce46e9419c96d13c9800ff9bcb4d044e.webp,,0,1,,,2026-08-08 22:47:30,,RAPID-3032921
9333417d-61eb-4290-982b-229d6f1ab2e2,108457,https://fsn1.your-objectstorage.com/tecdoc2025/media_files/images/4840/5597aebcee0260e34e3530977333c749bcb49801.webp,,0,3,,,2026-08-08 22:47:30,,RAPID-332569
9396bd7b-8b64-4c9a-ae8a-1f9c172864e5,108276,https://fsn1.your-objectstorage.com/tecdoc2025/media_files/PDF/30/52762f69ce607775373069383d486d97d83a8702.pdf,,1,0,,,2026-08-08 22:47:30,,RAPID-2513475
93ac2f17-5b2a-42b4-83e1-05900a08fff8,108607,https://fsn1.your-objectstorage.com/tecdoc2025/media_files/images/403/a949f173bec1e1486a8a62b6fdc606cd2643df14.webp,,1,0,,,2026-08-08 22:47:30,,RAPID-3032095
93b97f75-9e07-433b-9e24-a762701184fe,108503,https://fsn1.your-objectstorage.com/tecdoc2025/media_files/images/185/b383d150cc57a48cf52e4a711043d9153ebdddf9.webp,,1,0,,,2026-08-08 22:47:30,,RAPID-2429022
93d5f9a5-dbdd-4646-9ab9-02ffe8b7899e,108323,https://fsn1.your-objectstorage.com/tecdoc2025/media_files/PDF/4434/48a760a44ec82db420aa64a9e774558b69fe58b4.pdf,,1,0,,,2026-08-08 22:47:30,,RAPID-14500658
93def7ab-6763-47df-971f-669e9f63818f,108255,https://fsn1.your-objectstorage.com/tecdoc2025/media_files/images/30/52bd7e1bb102ac9ff4200568b2102a77bbdac4f7.webp,,0,1,,,2026-08-08 22:47:30,,RAPID-2512559
93fd2ea9-1653-448b-b309-56470ccfb73d,108168,https://fsn1.your-objectstorage.com/tecdoc2025/media_files/images/4826/eca16baa78ef828cd35c64423e5bb8e65f880f83.webp,,0,7,,,2026-08-08 22:47:30,,RAPID-57692425
943d3956-71fb-442a-b176-d3a8f4a70719,108560,https://fsn1.your-objectstorage.com/tecdoc2025/media_files/PDF/4600/63cf730e0c85a8bccc79c5c0d0d3bb2f95652ff2.pdf,,1,0,,,2026-08-08 22:47:30,,RAPID-7968199
945d2379-bb59-4a4c-8f86-14fa2abec0d1,108339,https://fsn1.your-objectstorage.com/tecdoc2025/media_files/images/66/49ec15aa2cbd4743915ffd9c286a951a6ed17fa6.webp,,0,1,,,2026-08-08 22:47:30,,RAPID-6604009
94ac2644-6a4b-41d6-9853-90b19497090c,108056,https://fsn1.your-objectstorage.com/tecdoc2025/media_files/images/67/bcd2d5510996986cd4f212d129ad12df56abb105.webp,,0,1,,,2026-08-08 22:47:30,,RAPID-4182073
94d3e435-f33c-49f5-be99-a99f5a3f844f,108513,https://fsn1.your-objectstorage.com/tecdoc2025/media_files/images/201/37fd4087d526ed0519e9560e5f27350b0d8f6d96.webp,,0,1,,,2026-08-08 22:47:30,,RAPID-9693161
94f0d24d-7995-41c1-aec6-b4adc87f4264,108172,https://fsn1.your-objectstorage.com/tecdoc2025/media_files/images/4576/1d1b6948cf2c7b62b21f5439f5aae5719c0328d3.webp,,1,0,,,2026-08-08 22:47:30,,RAPID-13569324
9522d7e7-8ca3-46c7-a01f-2869379047be,108081,https://fsn1.your-objectstorage.com/tecdoc2025/media_files/images/234/9dc752686e8a4aaae67a0e3e7c6b215f8dfd9b77.webp,,0,4,,,2026-08-08 22:47:30,,RAPID-13841753
952b2f03-89ec-41ac-b76d-b0c7ff2ccd7c,108508,https://fsn1.your-objectstorage.com/tecdoc2025/media_files/images/201/cfedaf24d2829f03a8ad8987bd169a0b4d33d63e.webp,,0,3,,,2026-08-08 22:47:30,,RAPID-9690876
95454718-192d-4ed7-8ab4-45875a7e32ab,108777,https://fsn1.your-objectstorage.com/tecdoc2025/media_files/images/6358/36e0a0dc2204419ae72f1eaf4506e87bcb9b2e11.webp,,0,3,,,2026-08-08 22:47:30,,RAPID-2478097
9545e857-837c-4bbc-8612-e2a59d35f0b7,108409,https://fsn1.your-objectstorage.com/tecdoc2025/media_files/images/7669/8e088836d9fb33c33b466c2e289f31590fb6bfa5.webp,,1,0,,,2026-08-08 22:47:30,,RAPID-74715677
9551024e-df80-4e76-9117-a26f7c4cce44,108630,https://fsn1.your-objectstorage.com/tecdoc2025/media_files/images/6925/1cb08fd33262866ce1ee68d1f474ee9cf718bbd5.webp,,0,4,,,2026-08-08 22:47:30,,RAPID-9217428
9564328f-ee30-427b-9c26-2824ef44d617,108343,https://fsn1.your-objectstorage.com/tecdoc2025/media_files/images/66/c8937df021346aa0f5843dc15c9c63594d2295e4.webp,,0,3,,,2026-08-08 22:47:30,,RAPID-6621121
957ba260-fd87-4998-b497-c11764346790,108397,https://fsn1.your-objectstorage.com/tecdoc2025/media_files/images/271/88a05fe7da674aa408e5d39554a8a6e59dd1f9ea.webp,,0,3,,,2026-08-08 22:47:30,,RAPID-21264884
96213fc7-a6d7-4e67-93fc-eb16daa03a94,108444,https://fsn1.your-objectstorage.com/tecdoc2025/media_files/images/2/9353e3cb572047005be14009e54c833f8ebd8594.webp,,0,5,,,2026-08-08 22:47:30,,RAPID-5414408
962555e3-511e-4622-b6d1-c9e678babaa2,108630,https://fsn1.your-objectstorage.com/tecdoc2025/media_files/images/6925/78383258a46f4f79f03892b94b8714eb52a84444.webp,,0,3,,,2026-08-08 22:47:30,,RAPID-9217428
96752a4c-069b-4929-b8c1-d2514ef517d5,108348,https://fsn1.your-objectstorage.com/tecdoc2025/media_files/images/66/86d062c66c800089f36fd0a5a37f44dd75955743.webp,,0,2,,,2026-08-08 22:47:30,,RAPID-6677581
96807b74-c479-45de-a79b-16c8b975145d,108577,https://fsn1.your-objectstorage.com/tecdoc2025/media_files/images/95/c7fd355941f7d7ef989f57a7d5e6b96998dab9cd.webp,,0,2,,,2026-08-08 22:47:30,,RAPID-107726
9682b5d7-8544-4ab0-8251-e70dbcb463d9,108404,https://fsn1.your-objectstorage.com/tecdoc2025/media_files/images/7669/46e35dc63ee1d51489710b553ad6bbb6ea7a3472.webp,,1,0,,,2026-08-08 22:47:30,,RAPID-85025885
968be80a-3c0b-4893-be99-c4a13d3ad188,108279,https://fsn1.your-objectstorage.com/tecdoc2025/media_files/images/30/686e08e79a97534a2b5d68b6d4dbe6c5f899432f.webp,,0,3,,,2026-08-08 22:47:30,,RAPID-2514841
96b77a19-09e9-48c9-9e7d-c877de3bf84f,108494,https://fsn1.your-objectstorage.com/tecdoc2025/media_files/images/185/f535ffad92c6227d35dd87d46a31578928b83c71.webp,,1,0,,,2026-08-08 22:47:30,,RAPID-2338169
96c742dc-6248-43c7-af4b-8561d97474be,108694,https://fsn1.your-objectstorage.com/tecdoc2025/media_files/images/4380/f45ba81893d06e6b73b8d5be16f06fb805fb1a0f.webp,,0,4,,,2026-08-08 22:47:30,,RAPID-1961480
970a09ca-f75c-4b8c-bf07-c97b6fdbb9b6,108794,https://fsn1.your-objectstorage.com/tecdoc2025/media_files/images/6437/e1762208bb55053dcda5da96c41a240239fd8bd1.webp,,1,0,,,2026-08-08 22:47:30,,RAPID-6046685
970a89bf-4661-4510-a268-b16c67eadd87,108278,https://fsn1.your-objectstorage.com/tecdoc2025/media_files/PDF/30/710eeedcab31768c7bd93199b4efada5cb2fb3a8.pdf,,0,1,,,2026-08-08 22:47:30,,RAPID-2514803
977f4b80-f6df-4c48-9b7c-d250a43aa8b6,108767,https://fsn1.your-objectstorage.com/tecdoc2025/media_files/images/6358/2de2b9e3020ed2a1524b611639fa86c58beb2032.webp,,1,0,,,2026-08-08 22:47:30,,RAPID-2478004
97ac8653-b743-4143-9cc3-3eed3650e1f3,108731,https://fsn1.your-objectstorage.com/tecdoc2025/media_files/images/4652/edfceb60c69a293027ec1c1801c2e174f682c24c.webp,,1,0,,,2026-08-08 22:47:30,,RAPID-7650061
97db34de-9885-451f-8235-1b243b8a678a,108081,https://fsn1.your-objectstorage.com/tecdoc2025/media_files/images/234/7cf3a855dd9b55488e86f9aafcc3b8d8d3b6e181.webp,,1,0,,,2026-08-08 22:47:30,,RAPID-13841753
97f032b0-17d0-4bec-a444-be904ccd275d,108774,https://fsn1.your-objectstorage.com/tecdoc2025/media_files/images/6358/0ea32ce42dbe74500446be2a30e450338aa25c70.webp,,0,4,,,2026-08-08 22:47:30,,RAPID-2478069
9810d03c-e704-4d73-b2aa-13a5390a932c,108822,https://fsn1.your-objectstorage.com/tecdoc2025/media_files/images/6357/0346a744765fea6d2393a727d4359a88df337348.webp,,0,2,,,2026-08-08 22:47:30,,RAPID-9110270
98169c32-c85f-4c2e-825b-0ee3e30fb963,108248,https://fsn1.your-objectstorage.com/tecdoc2025/media_files/images/30/8cc0df6090317d1216390d22abe1ec2dd38b45d3.webp,,0,4,,,2026-08-08 22:47:30,,RAPID-2512436
9838513f-c737-4091-a4aa-407275da3a34,108011,https://fsn1.your-objectstorage.com/tecdoc2025/media_files/images/4420/dfb1629922f5498d2340adf24b8d1dfa8dcf7acf.webp,Brake Shoe Set,1,0,,,2026-08-06 14:47:26,,RAPID-2085632
985e16a0-7012-4432-bd32-fd9bb7b5e6a9,108245,https://fsn1.your-objectstorage.com/tecdoc2025/media_files/images/475/83c8f88a11296cfa38a49eb28a80e8ce6616ed58.webp,,1,0,,,2026-08-08 22:47:30,,RAPID-6142333
9861bb93-7fb0-4c00-8136-01bbfd50c241,108566,https://fsn1.your-objectstorage.com/tecdoc2025/media_files/images/95/4c0ddf161eb04d21889b8be1958623302e4c74e3.webp,,1,0,,,2026-08-08 22:47:30,,RAPID-19144023
98aefc25-eb97-498a-ada0-6da7f03c4801,108816,https://fsn1.your-objectstorage.com/tecdoc2025/media_files/images/6357/08d77ffee2ae87876b6f36436934523033c39c8a.webp,,1,0,,,2026-08-08 22:47:30,,RAPID-9110152
98cf9565-cf95-4046-a8c4-7cacd1d77639,108242,https://fsn1.your-objectstorage.com/tecdoc2025/media_files/images/475/dd03307d96d8d87202ba43983e6cf8889ed91927.webp,,0,1,,,2026-08-08 22:47:30,,RAPID-6142332
98e33287-5edd-4328-93a9-b7f243701e16,108220,https://fsn1.your-objectstorage.com/tecdoc2025/media_files/images/7673/44167cfb66e2012dd635fcfd451bd38f095c8d7f.webp,,0,2,,,2026-08-08 22:47:30,,RAPID-55693719
98f2e9cc-d35f-4f59-8ffe-d16450ccea5c,108753,https://fsn1.your-objectstorage.com/tecdoc2025/media_files/images/6983/168a25e8728b11d92a8b11fa66a11c73c7f8afc1.webp,,1,0,,,2026-08-08 22:47:30,,RAPID-1776617
98f3145e-5453-4268-bc60-387624283a59,108160,https://fsn1.your-objectstorage.com/tecdoc2025/media_files/images/4826/3ed0eebc6b68df5a1aef5622d4461bbca4e5495e.webp,,0,7,,,2026-08-08 22:47:30,,RAPID-54563697
991dbeee-87c7-4464-aeb2-b59effab6d99,108631,https://fsn1.your-objectstorage.com/tecdoc2025/media_files/images/6925/5f1b1d17dc5a8a5754f955fabf8d023cdbf79f7e.webp,,0,5,,,2026-08-08 22:47:30,,RAPID-9217440
9955b17d-2ede-4ca6-9cf0-375321a079f5,108359,https://fsn1.your-objectstorage.com/tecdoc2025/media_files/images/4318/ac1d48a836d9e65ada7f106952a5cc3d3feb8ed2.webp,,1,0,,,2026-08-08 22:47:30,,RAPID-3706432
997055cb-46a6-475b-9a64-dff3787632ea,108341,https://fsn1.your-objectstorage.com/tecdoc2025/media_files/PDF/66/b0a06df19d2fb12eb19f54b7735ec6b1b5cc4d59.pdf,,1,0,,,2026-08-08 22:47:30,,RAPID-6617686
99837039-a41e-4bd6-9fc7-1474584e92cf,108601,https://fsn1.your-objectstorage.com/tecdoc2025/media_files/images/403/c0e7d7e828035c3574a595633cfa164f85905ce3.webp,,1,0,,,2026-08-08 22:47:30,,RAPID-3032886
998d8c74-5c72-46c1-b991-7a4f0639a0df,108785,https://fsn1.your-objectstorage.com/tecdoc2025/media_files/images/6358/7f7827aeed388f0869de63be923359765e77bbae.webp,,0,2,,,2026-08-08 22:47:30,,RAPID-2477882
99cd09a4-d367-4dfc-8ef1-5f0e1acf6a0e,108751,https://fsn1.your-objectstorage.com/tecdoc2025/media_files/images/6983/7c83b8aed647f929d880d616cd985268d61ae850.webp,,0,1,,,2026-08-08 22:47:30,,RAPID-1776620
99db0e61-b669-478b-a745-c5526d68594c,108734,https://fsn1.your-objectstorage.com/tecdoc2025/media_files/images/7101/e810d86da5934092a7784419b1f2dddc3c11c08d.webp,,1,0,,,2026-08-08 22:47:30,,RAPID-25508648
99e0f337-e13c-45ff-b09c-0a9dea763c5f,108405,https://fsn1.your-objectstorage.com/tecdoc2025/media_files/images/7669/0ad2ed2e87f9e2695272533360e6e239d9b1f039.webp,,1,0,,,2026-08-08 22:47:30,,RAPID-80561556
9a09984c-6fa9-4c62-a6fd-888c04a57c70,108507,https://fsn1.your-objectstorage.com/tecdoc2025/media_files/images/201/2ea8167707c7683256a52e780469904bfda60f32.webp,,0,1,,,2026-08-08 22:47:30,,RAPID-18742080
9a11e80b-c355-4ad4-ae3e-7be394b5333c,108425,https://fsn1.your-objectstorage.com/tecdoc2025/media_files/images/2/8511d1c35668fd83c87819ffd0e8ec8389670a65.webp,,0,2,,,2026-08-08 22:47:30,,RAPID-5414517
9a35838f-d530-4f86-bfe9-95ee790ce74f,108393,https://fsn1.your-objectstorage.com/tecdoc2025/media_files/images/271/c7b7e473ae4fdfe686d55f425156c527f88988ca.webp,,0,5,,,2026-08-08 22:47:30,,RAPID-13049770
9a6ee247-3e01-44de-b2ac-816cfbfc4085,108841,https://fsn1.your-objectstorage.com/tecdoc2025/media_files/images/4595/d3faaf95f5d77a6147cffd121ca69077f6d2fadb.webp,,0,3,,,2026-08-08 22:47:30,,RAPID-1833351
9accbd1a-ab56-4af4-a123-ef134dc017ca,108502,https://fsn1.your-objectstorage.com/tecdoc2025/media_files/images/185/6633b50b3dbc9641cb4a89554e1f90dbc7d99530.webp,,1,0,,,2026-08-08 22:47:30,,RAPID-2382465
9ad4d8c8-48cc-4db1-9ba9-ee2ce5d46c27,108438,https://fsn1.your-objectstorage.com/tecdoc2025/media_files/images/2/271fdc5273bf50f0943b7684fd3452f725a7693f.webp,,0,2,,,2026-08-08 22:47:30,,RAPID-5414597
9af00fff-84ab-4085-9a6f-ca88ccec9f68,108078,https://fsn1.your-objectstorage.com/tecdoc2025/media_files/images/234/5af40f2215354ea3bc8cd1d3e046cbc6e3dbd2d0.webp,,0,2,,,2026-08-08 22:47:30,,RAPID-17545327
9aff4f2c-de69-448e-a6cc-16b2345f8975,108224,https://fsn1.your-objectstorage.com/tecdoc2025/media_files/images/7673/af5558e5d0f05dac1811ddb82b2cad585e375295.webp,,1,0,,,2026-08-08 22:47:30,,RAPID-56626262
9b14160b-64a8-48ce-b79b-c89e8fc36f70,108723,https://fsn1.your-objectstorage.com/tecdoc2025/media_files/images/6267/37e97b792c345efd5f73f65e4b9adfb801a345b4.webp,,0,1,,,2026-08-08 22:47:30,,RAPID-10363134
9b26baa1-abc2-4595-80fc-09ff0a9ce559,108823,https://fsn1.your-objectstorage.com/tecdoc2025/media_files/images/6357/386def5ba13eb7dde0c354361ba350c2c5e95312.webp,,0,3,,,2026-08-08 22:47:30,,RAPID-9110356
9b28ce57-bf07-4474-8182-570411940532,108329,https://fsn1.your-objectstorage.com/tecdoc2025/media_files/images/6476/5fe5af6280e5a3feaa963d3db4b6ee8202285751.webp,,0,1,,,2026-08-08 22:47:30,,RAPID-6489509
9b751daa-fbac-4d1d-80fa-323956712d73,108066,https://fsn1.your-objectstorage.com/tecdoc2025/media_files/images/30/42cf784dba078e63f6f764134970ebead324a166.webp,,1,0,,,2026-08-08 22:47:30,,RAPID-737375
9b7dfac1-0f54-4e52-80d2-1d4d5ac46dc7,108660,https://fsn1.your-objectstorage.com/tecdoc2025/media_files/PDF/4564/9dac055e39d7e1470b9f60bd1d1dc34a04a97a22.pdf,,1,0,,,2026-08-08 22:47:30,,RAPID-9665021
9baa39c3-dd10-426c-81a7-0765bcd1e23b,108062,https://fsn1.your-objectstorage.com/tecdoc2025/media_files/images/7391/242d15ae12e08e0531eb7a1a63eea0c877b89b32.webp,,1,0,,,2026-08-08 22:47:30,,RAPID-43622495
9bae6741-a11a-4a75-bb38-681a2920e502,108445,https://fsn1.your-objectstorage.com/tecdoc2025/media_files/images/2/44f925c670402ad345af8ceef710ec2f9c39b7c1.webp,,0,2,,,2026-08-08 22:47:30,,RAPID-16753044
9c192522-a140-4eba-bc9b-2b2ebb80d1c9,108426,https://fsn1.your-objectstorage.com/tecdoc2025/media_files/images/2/44f925c670402ad345af8ceef710ec2f9c39b7c1.webp,,0,6,,,2026-08-08 22:47:30,,RAPID-12571775
9c2b3098-3635-4033-9c99-4cc9e8caf1eb,108566,https://fsn1.your-objectstorage.com/tecdoc2025/media_files/images/95/851164c7660bbb24c66d5f730bc38b445f40ec2d.webp,,0,1,,,2026-08-08 22:47:30,,RAPID-19144023
9c73c816-8dce-4abf-b6c9-d3ae0cbfb31b,108585,https://fsn1.your-objectstorage.com/tecdoc2025/media_files/images/403/75d5d543c0aa039a2bcb337f83672a9466709ded.webp,,0,1,,,2026-08-08 22:47:30,,RAPID-3031793
9c7c4955-4df5-4f94-95c4-8264637dda27,108282,https://fsn1.your-objectstorage.com/tecdoc2025/media_files/images/30/16d232ef2cd5bd762991667add08b67f3672cf34.webp,,0,3,,,2026-08-08 22:47:30,,RAPID-2514801
9c9aa34f-4462-4ae0-8cc8-82a97320b0dd,108221,https://fsn1.your-objectstorage.com/tecdoc2025/media_files/images/7673/e6597767d8e22790d49b25dcf75800c0591020e8.webp,,0,7,,,2026-08-08 22:47:30,,RAPID-47648862
9ccae497-497f-425d-abe0-dea528e7c37b,108695,https://fsn1.your-objectstorage.com/tecdoc2025/media_files/images/4380/f45ba81893d06e6b73b8d5be16f06fb805fb1a0f.webp,,0,4,,,2026-08-08 22:47:30,,RAPID-1961490
9cd0de92-9df5-4c75-aefb-8ee0e7d248c8,108815,https://fsn1.your-objectstorage.com/tecdoc2025/media_files/images/6357/8f569b5308f18ebd4ce8042d6939e8e123570bdf.webp,,0,3,,,2026-08-08 22:47:30,,RAPID-9110139
9cdc0567-89b4-49cf-bfbf-502b01600ece,108516,https://fsn1.your-objectstorage.com/tecdoc2025/media_files/images/4546/683e0db38a9b8c363458849bb43164233413775c.webp,,1,0,,,2026-08-08 22:47:30,,RAPID-7744740
9ce4ad6a-4e8f-49f7-b04e-720bffa1b874,108564,https://fsn1.your-objectstorage.com/tecdoc2025/media_files/images/4600/ac45c9119928f617d03cda9982c258dfe7834681.webp,,0,1,,,2026-08-08 22:47:30,,RAPID-3381152
9d143003-9db4-4014-b744-bd2b44ac5912,108137,https://fsn1.your-objectstorage.com/tecdoc2025/media_files/images/4657/ecfba64e3b8719fafbe8d2ee6eea4e7dfa0d0cd1.webp,,0,1,,,2026-08-08 22:47:30,,RAPID-869875
9d458afc-f46c-4717-a530-b67f98d13021,108432,https://fsn1.your-objectstorage.com/tecdoc2025/media_files/images/2/8511d1c35668fd83c87819ffd0e8ec8389670a65.webp,,1,0,,,2026-08-08 22:47:30,,RAPID-5414520
9d48b811-0dda-4138-9f84-4da8849b902a,108841,https://fsn1.your-objectstorage.com/tecdoc2025/media_files/images/4595/20e646dd64b3a4d4e1932be8b8f143630d84da69.webp,,0,2,,,2026-08-08 22:47:30,,RAPID-1833351
9dabe316-b8c7-4ba2-ba44-70f073eebe1b,108280,https://fsn1.your-objectstorage.com/tecdoc2025/media_files/images/30/5151145f0d635a71baf6ed842ca33ccbe501d351.webp,,0,3,,,2026-08-08 22:47:30,,RAPID-2514802
9db17991-5c50-499d-afce-dc462de8ae77,108761,https://fsn1.your-objectstorage.com/tecdoc2025/media_files/images/6335/55e69c8921834c285542ee54e488dcd4cbb05357.webp,,0,3,,,2026-08-08 22:47:30,,RAPID-2381011
9db485cb-9de0-459e-ae97-19eeae6c357c,108284,https://fsn1.your-objectstorage.com/tecdoc2025/media_files/images/30/2f244ad85b7c4a86ffd424b1745974759d4b00b4.webp,,0,2,,,2026-08-08 22:47:30,,RAPID-2513190
9dc6b2e9-fea9-4a2f-91b5-e666684d8a9c,108808,https://fsn1.your-objectstorage.com/tecdoc2025/media_files/images/6357/3f18a6ba654ec28ceb4b72899e234867504b5fa5.webp,,1,0,,,2026-08-08 22:47:30,,RAPID-9110003
9dd93c0e-b2c1-4990-a800-0fa8174408a1,108165,https://fsn1.your-objectstorage.com/tecdoc2025/media_files/images/4826/2d26bfb87cdd0f4164a351bc27275489ffb15758.webp,,0,2,,,2026-08-08 22:47:30,,RAPID-54695406
9df6d1bd-f176-4517-b571-f6c950174f1f,108632,https://fsn1.your-objectstorage.com/tecdoc2025/media_files/images/6925/c30dfa29b02aaab3dfaf5888b568269650bcb5b9.webp,,0,1,,,2026-08-08 22:47:30,,RAPID-8158894
9e0607e6-0dcb-4d68-b7d2-3edffffb6011,108787,https://fsn1.your-objectstorage.com/tecdoc2025/media_files/images/6358/025a93cdd7defc2ac6542a745fc4738f38ec0cc1.webp,,0,3,,,2026-08-08 22:47:30,,RAPID-2477976
9e0d2fb1-bc9a-4b30-8c42-c7aec7a9e2d5,108821,https://fsn1.your-objectstorage.com/tecdoc2025/media_files/images/6357/5dbe29a035024ea672a4492fa59cff8898b90471.webp,,0,2,,,2026-08-08 22:47:30,,RAPID-9110205
9e218468-7b91-4049-a83f-8b48a998e8a5,108770,https://fsn1.your-objectstorage.com/tecdoc2025/media_files/images/6358/cf3910486bfd200db9081a1496f1831e014b2e48.webp,,0,1,,,2026-08-08 22:47:30,,RAPID-2478049
9e24ae2f-ae8c-48c0-b078-bd4db9f223c8,108442,https://fsn1.your-objectstorage.com/tecdoc2025/media_files/images/2/2550521ff0a01e60d69c5e3184e2a11db5fa0eb5.webp,,0,3,,,2026-08-08 22:47:30,,RAPID-5414373
9e2af716-cea2-42bc-a2b9-3fdbb3a6ea00,108458,https://fsn1.your-objectstorage.com/tecdoc2025/media_files/images/4840/11f6fae2b9b7d11dc320ddf6ea10087de9bd44ab.webp,,1,0,,,2026-08-08 22:47:30,,RAPID-673061
9e2bf440-c4fe-4b75-bc71-d79567a5f0d8,108549,https://fsn1.your-objectstorage.com/tecdoc2025/media_files/images/4501/b0a2fd7b553339ef3c2fa769b8f427718e440a7e.webp,,1,0,,,2026-08-08 22:47:30,,RAPID-7961211
9e42e1c2-a1ca-44ad-89de-3d76b909c4f3,108771,https://fsn1.your-objectstorage.com/tecdoc2025/media_files/images/6358/284322779aa44f02db3cfb79512b97476ed6b2a7.webp,,0,1,,,2026-08-08 22:47:30,,RAPID-2478009
9e55732b-dfca-4396-a898-c6eed80bcd5b,108518,https://fsn1.your-objectstorage.com/tecdoc2025/media_files/images/4546/04c351cc77b63b0226ec7f62ab3e06b3b981343b.webp,,1,0,,,2026-08-08 22:47:30,,RAPID-7745759
9e5b97df-c611-40ee-82cc-f67bcc0e5fc6,108847,https://fsn1.your-objectstorage.com/tecdoc2025/media_files/images/4595/a88a49ded93e4cf3218ff06c2fb8c4c2fec8e4f9.webp,,1,0,,,2026-08-08 22:47:30,,RAPID-1833429
9ebfac1d-35ec-4a07-b7ef-0c93c19e549d,108430,https://fsn1.your-objectstorage.com/tecdoc2025/media_files/images/2/e0e256181a0917c686b02c893d9267bcef82ead3.webp,,1,0,,,2026-08-08 22:47:30,,RAPID-5414543
9ee98c63-5357-4dbc-8cee-a39717471a55,108554,https://fsn1.your-objectstorage.com/tecdoc2025/media_files/images/4501/16905ce27bd0774c39cf9a5626acb44a1d30f960.webp,,1,0,,,2026-08-08 22:47:30,,RAPID-7961554
9f0dd488-98e0-430f-b700-1bb9e7a3c8c6,108838,https://fsn1.your-objectstorage.com/tecdoc2025/media_files/images/4595/34f06c053cffea4ea5086e184c202c07f573baff.webp,,0,1,,,2026-08-08 22:47:30,,RAPID-869474
9f96c103-3efa-4656-bb2f-9261f2902c3d,108632,https://fsn1.your-objectstorage.com/tecdoc2025/media_files/images/6925/e420739802448548d0f2423f5dab0d0c6947730b.webp,,0,3,,,2026-08-08 22:47:30,,RAPID-8158894
9f9af81d-4f71-42de-bd3c-85169f14e56a,108708,https://fsn1.your-objectstorage.com/tecdoc2025/media_files/images/4683/e70f28e63c87c77d0096292be2f956a8eac1a060.webp,,1,0,,,2026-08-08 22:47:30,,RAPID-1660233
9fc53b40-30ad-4ae8-b889-2a5503075c56,108575,https://fsn1.your-objectstorage.com/tecdoc2025/media_files/images/95/34e53eb0d48dadd5091cffe54b5d407a08981af1.webp,,0,1,,,2026-08-08 22:47:30,,RAPID-107710
a0419607-ef63-41ca-91b0-952652ad7e11,108420,https://fsn1.your-objectstorage.com/tecdoc2025/media_files/images/5251/4708216fcc227e0f54b46b7589b0f7a4f57a1cf3.webp,,1,0,,,2026-08-08 22:47:30,,RAPID-168653
a07b5d7c-bf55-4910-a332-f9e4408673d8,108667,https://fsn1.your-objectstorage.com/tecdoc2025/media_files/images/5377/6a8eb9c924c87cbbc57c6ed907005ad2ca458148.gif,,1,0,,,2026-08-08 22:47:30,,RAPID-4937887
a07eb52e-266e-4ecd-b56d-0c9a6e5aebcd,108263,https://fsn1.your-objectstorage.com/tecdoc2025/media_files/images/30/4f54f059e429e7116b2a65d22e012a8e0a1aebf3.webp,,0,5,,,2026-08-08 22:47:30,,RAPID-2512862
a08f4682-cfc0-4ceb-88f0-2158b90de4d5,108328,https://fsn1.your-objectstorage.com/tecdoc2025/media_files/images/4434/dff744d27a39641c71a61b2ea504947062dad185.webp,,0,1,,,2026-08-08 22:47:30,,RAPID-2394373
a09ce2cc-9add-4f50-8552-9e7424c1330b,108447,https://fsn1.your-objectstorage.com/tecdoc2025/media_files/images/2/b36901f707fa58b3dc3cdf88f881ea723744f3d6.webp,,1,0,,,2026-08-08 22:47:30,,RAPID-16225763
a0a577e1-6856-457c-900e-38cb8d9677f3,108628,https://fsn1.your-objectstorage.com/tecdoc2025/media_files/images/6925/49cb69261888fee51173fca93abb5f81fe608b3e.webp,,0,6,,,2026-08-08 22:47:30,,RAPID-9217199
a0b997b3-68ed-464c-827b-8827c0df4cc0,108012,https://fsn1.your-objectstorage.com/tecdoc2025/media_files/images/4420/0f567dd8e4f6282e7ba26a616229c9ddaa7edd3b.webp,"Tensioner Pulley, timing belt",1,0,,,2026-08-06 14:47:26,,RAPID-2744110
a0d09c32-f409-4230-b2db-cb0287dc6cdb,108274,https://fsn1.your-objectstorage.com/tecdoc2025/media_files/images/30/30373ae5d3c26f15e071ff0bb5f8292ed9b7f67d.webp,,0,3,,,2026-08-08 22:47:30,,RAPID-2513125
a0de7cf5-6d46-4be9-98d4-2494e3c67399,108282,https://fsn1.your-objectstorage.com/tecdoc2025/media_files/images/30/ca220bf8092c8fc684a342d647ec94c77e29dca1.webp,,0,5,,,2026-08-08 22:47:30,,RAPID-2514801
a0e39dbc-75dd-446e-b020-2ad5e31fd805,108429,https://fsn1.your-objectstorage.com/tecdoc2025/media_files/images/2/7596ae51695cbb9d68c33a806d942c79f39ebe13.webp,,0,1,,,2026-08-08 22:47:30,,RAPID-5414491
a1174c95-c9a0-4b53-a6e2-8f0529a9d82a,108769,https://fsn1.your-objectstorage.com/tecdoc2025/media_files/images/6358/622025e5343b4d3e38092df5535bad8aa4461099.webp,,1,0,,,2026-08-08 22:47:30,,RAPID-2478046
a119fbd3-8ed5-42ca-9827-9e666b49e2e3,108025,https://fsn1.your-objectstorage.com/tecdoc2025/media_files/images/6903/d6a35ca1ee1448d3ebe26c2d427a6db00703acdc.webp,"Brake Pad Set, disc brake",1,0,,,2026-08-06 14:47:26,,RAPID-78719442
a1278577-ebe2-4275-8118-df17a5287cd9,108455,https://fsn1.your-objectstorage.com/tecdoc2025/media_files/images/4840/53e5facf055eca69e83ec0315c55bd1dc742185a.webp,,0,2,,,2026-08-08 22:47:30,,RAPID-1492213
a13795d1-9264-4f76-9551-9a9a69781569,108406,https://fsn1.your-objectstorage.com/tecdoc2025/media_files/images/7669/b11f5f74fd89d51c441d023633afbf85faa0d978.webp,,0,1,,,2026-08-08 22:47:30,,RAPID-84830164
a15e803c-9a04-4d02-b657-219c5c93dea9,108791,https://fsn1.your-objectstorage.com/tecdoc2025/media_files/images/4592/39f8dbda49ba1600bd7c8d9a67b0107ce14aa425.webp,,0,1,,,2026-08-08 22:47:30,,RAPID-9245854
a1786890-751f-443b-97f7-35060608ab72,108428,https://fsn1.your-objectstorage.com/tecdoc2025/media_files/images/2/cff9e0e56b111d52508dbf1c02db2e6de3f5ae78.webp,,0,1,,,2026-08-08 22:47:30,,RAPID-5414488
a1a43726-e0fb-4a40-adc1-a8b80cd8b778,108162,https://fsn1.your-objectstorage.com/tecdoc2025/media_files/images/4826/281e39a51d584364eeef0e32ada36452160aeb48.webp,,0,1,,,2026-08-08 22:47:30,,RAPID-46517535
a1efbd2f-b73b-45ef-97d6-db39b23cd282,108719,https://fsn1.your-objectstorage.com/tecdoc2025/media_files/images/6267/b275a113b5a0e638d04f042fa550096b267ccff2.webp,,0,2,,,2026-08-08 22:47:30,,RAPID-10367119
a212a586-1750-4241-8117-ed4c1691b1e6,108375,https://fsn1.your-objectstorage.com/tecdoc2025/media_files/images/6942/6fcdcc72c9925cf31a36f5079845218b44b6c777.webp,,0,2,,,2026-08-08 22:47:30,,RAPID-8904852
a21dfc7b-8748-4b4b-ac9f-dd549e976339,108229,https://fsn1.your-objectstorage.com/tecdoc2025/media_files/images/475/a5d193b85a6f87ae9c716b86bdaa6f4f5ea9c755.webp,,1,0,,,2026-08-08 22:47:30,,RAPID-6141606
a2228ebd-9718-4327-bd47-9db09a4f816f,108635,https://fsn1.your-objectstorage.com/tecdoc2025/media_files/PDF/6495/cb1e283f978087500a6609c520512fd3fddec96c.pdf,,0,2,,,2026-08-08 22:47:30,,RAPID-6467383
a24eb264-e3e3-45ba-8a4e-52a99bbee390,108719,https://fsn1.your-objectstorage.com/tecdoc2025/media_files/images/6267/0db6736cb0d8e20eb8429a81417da417c293663d.webp,,1,0,,,2026-08-08 22:47:30,,RAPID-10367119
a254cc11-0b16-46fc-b12d-7466a0157458,108252,https://fsn1.your-objectstorage.com/tecdoc2025/media_files/PDF/30/710eeedcab31768c7bd93199b4efada5cb2fb3a8.pdf,,0,1,,,2026-08-08 22:47:30,,RAPID-2512521
a28d4305-5f3c-46f2-afea-92f1e9c479ec,108754,https://fsn1.your-objectstorage.com/tecdoc2025/media_files/images/6983/14597cc82f172d8f1a1fbafcee43b72493127f09.webp,,0,1,,,2026-08-08 22:47:30,,RAPID-1776607
a2ae0c22-9aed-46c9-8d19-eba082ebb45d,108635,https://fsn1.your-objectstorage.com/tecdoc2025/media_files/PDF/6495/1a45735208367fe4228cd835bf7a86087477592f.pdf,,0,1,,,2026-08-08 22:47:30,,RAPID-6467383
a2cf4b5d-e931-4cdf-8465-3037e1ef4c81,108246,https://fsn1.your-objectstorage.com/tecdoc2025/media_files/PDF/30/c97d325bb954384fde686c8bb5d8c63a9030676c.pdf,,1,0,,,2026-08-08 22:47:30,,RAPID-2512267
a30cbc6e-c20e-4c9a-aca5-26bdeb5d5970,108679,https://fsn1.your-objectstorage.com/tecdoc2025/media_files/images/6473/f2b46fc84c22abbe12d5045da18a694b4760861e.webp,,1,0,,,2026-08-08 22:47:30,,RAPID-24686321
a398979d-1917-41dc-b6c5-d70da16ce9d2,108289,https://fsn1.your-objectstorage.com/tecdoc2025/media_files/images/363/791ddfea66c15c1c7d2cbe80e8aea2816e1ae09e.webp,,1,0,,,2026-08-08 22:47:30,,RAPID-4612420
a3d92ad3-9c13-4922-906d-b400a83b174a,108689,https://fsn1.your-objectstorage.com/tecdoc2025/media_files/images/145/12a8b5acf8dec1883c8c0bbfb3f614f9731d6807.webp,,1,0,,,2026-08-08 22:47:30,,RAPID-2340684
a3daadcf-5088-4a70-be40-68af9ee406ac,108809,https://fsn1.your-objectstorage.com/tecdoc2025/media_files/images/6357/7f69e8889135cab9f6a950d1a1ac14f00df6e353.webp,,0,1,,,2026-08-08 22:47:30,,RAPID-9110128
a40391b5-05f5-4f08-951d-f6a8b367e419,108585,https://fsn1.your-objectstorage.com/tecdoc2025/media_files/images/403/2ec358f9c75f461be87302fe69c75edf76de8230.webp,,0,2,,,2026-08-08 22:47:30,,RAPID-3031793
a40bc91f-a59b-44c7-81df-0928830fe6ea,108242,https://fsn1.your-objectstorage.com/tecdoc2025/media_files/images/475/83c8f88a11296cfa38a49eb28a80e8ce6616ed58.webp,,1,0,,,2026-08-08 22:47:30,,RAPID-6142332
a46df6f6-b471-4cf4-9ae3-5e6766c2c1e2,108829,https://fsn1.your-objectstorage.com/tecdoc2025/media_files/images/4675/cb010e1c5132503caa9669dd3a58462b29731821.webp,,1,0,,,2026-08-08 22:47:30,,RAPID-9210669
a47593ab-db80-4c50-b78b-1e2f94898eae,108441,https://fsn1.your-objectstorage.com/tecdoc2025/media_files/images/2/501e344a091c82b0f58697211cfdc013fbd39b44.webp,,0,6,,,2026-08-08 22:47:30,,RAPID-5414370
a481c1f7-7b1c-4b6a-ada8-bc315572e59f,108381,https://fsn1.your-objectstorage.com/tecdoc2025/media_files/images/4391/f0eb4d90cb9eaf0fcce0fdf5cbb1a97a532a5ae5.webp,,1,0,,,2026-08-08 22:47:30,,RAPID-1506363
a5045ebc-30ef-4ce5-89ba-f14c556a0794,108569,https://fsn1.your-objectstorage.com/tecdoc2025/media_files/images/95/d5a0998d4cd6fa8fa09499e41b41ff0e49ad7cb4.webp,,1,0,,,2026-08-08 22:47:30,,RAPID-107690
a537a756-e8ac-4393-a0b9-eeb0ff1143a2,108405,https://fsn1.your-objectstorage.com/tecdoc2025/media_files/images/7669/761ce1e531396d80305a1ef386acaa248d65a751.webp,,0,1,,,2026-08-08 22:47:30,,RAPID-80561556
a554a0fc-7429-452d-956c-f07fa1a6b76a,108404,https://fsn1.your-objectstorage.com/tecdoc2025/media_files/images/7669/3b4a44ce6caee27a1834a3305c7930a9e95d7963.webp,,0,3,,,2026-08-08 22:47:30,,RAPID-85025885
a56a3196-3d0a-435b-9d07-c87cd5b13620,108261,https://fsn1.your-objectstorage.com/tecdoc2025/media_files/images/30/9d6275b5f9f683f89a1b8dc4ea806a5905828d5c.webp,,0,2,,,2026-08-08 22:47:30,,RAPID-2512716
a56df346-1961-41d1-825f-4acc7e833f81,108688,https://fsn1.your-objectstorage.com/tecdoc2025/media_files/images/6355/28fc5a4418ba634e971a66501c96e406c8520050.webp,,0,3,,,2026-08-08 22:47:30,,RAPID-6871166
a5859747-0a7e-47f3-afd2-e579aed0a343,108576,https://fsn1.your-objectstorage.com/tecdoc2025/media_files/images/95/d5a0998d4cd6fa8fa09499e41b41ff0e49ad7cb4.webp,,1,0,,,2026-08-08 22:47:30,,RAPID-107693
a59866c2-95f4-400f-91a5-0c9cba79a19e,108631,https://fsn1.your-objectstorage.com/tecdoc2025/media_files/images/6925/49cb69261888fee51173fca93abb5f81fe608b3e.webp,,0,6,,,2026-08-08 22:47:30,,RAPID-9217440
a598e110-b26b-4e43-895a-ad90dcb329e8,108082,https://fsn1.your-objectstorage.com/tecdoc2025/media_files/images/4391/7ea35922495f1ce0f309d3a9348d573d1be96c82.webp,,1,0,,,2026-08-08 22:47:30,,RAPID-1497774
a5a2b7b5-a7e6-4d69-98cb-852ae14c3f17,108557,https://fsn1.your-objectstorage.com/tecdoc2025/media_files/PDF/4600/4471354793cd03b1e53b451c3718108dff09fdf1.pdf,,1,0,,,2026-08-08 22:47:30,,RAPID-7960701
a5d393f8-0a3b-4e40-9547-ebbc237b8910,108816,https://fsn1.your-objectstorage.com/tecdoc2025/media_files/images/6357/bc158e0b69f14bf1aab410c382591936c86f4189.webp,,0,3,,,2026-08-08 22:47:30,,RAPID-9110152
a5de18c1-1ba5-4d45-8ce2-dfa0274a2d80,108168,https://fsn1.your-objectstorage.com/tecdoc2025/media_files/images/4826/a12df17411c850504f93a61446f12fd2eaafbd21.webp,,0,1,,,2026-08-08 22:47:30,,RAPID-57692425
a5e8a517-9e22-4726-b6ec-e643b22f39ed,108277,https://fsn1.your-objectstorage.com/tecdoc2025/media_files/images/30/b56af2cd84fa23e3c42d53c4c44acc32b61b3401.webp,,0,5,,,2026-08-08 22:47:30,,RAPID-2514804
a62526ab-d7bd-449e-8fac-bf11a4b59720,108247,https://fsn1.your-objectstorage.com/tecdoc2025/media_files/images/30/cad83d44af3475d59209498fc474c544c413d382.webp,,0,2,,,2026-08-08 22:47:30,,RAPID-2512451
a62d3c0a-d501-4a95-b5f0-723e1e781774,108453,https://fsn1.your-objectstorage.com/tecdoc2025/media_files/images/4840/d22b6e3f4e59e5c5705a100269b0ee2e3440a086.webp,,1,0,,,2026-08-08 22:47:30,,RAPID-1465967
a634052f-cbd0-4747-9e37-bdf4ad675c11,108008,https://fsn1.your-objectstorage.com/tecdoc2025/media_files/images/4814/d3b2d4728d53a40c204b346455361c8abcff1123.webp,Fuel Filter,1,0,,,2026-08-06 14:47:26,,RAPID-6489749
a63795b3-a0e8-47c3-bdaf-408a4ebc13a8,108751,https://fsn1.your-objectstorage.com/tecdoc2025/media_files/images/6983/d842a13df44351a85071311c21ae002a33646170.webp,,1,0,,,2026-08-08 22:47:30,,RAPID-1776620
a641ab87-a7f3-4355-809d-925b5c995e2f,108814,https://fsn1.your-objectstorage.com/tecdoc2025/media_files/images/6357/40721d2ca24679cb9d7ed55c974c04bd7726f40b.webp,,0,5,,,2026-08-08 22:47:30,,RAPID-9110143
a654e525-36b4-47f3-b044-0e60002595e7,108239,https://fsn1.your-objectstorage.com/tecdoc2025/media_files/images/475/bef442181557b5608fe1c0abdf55ff72e46e78a6.webp,,0,1,,,2026-08-08 22:47:30,,RAPID-6142337
a67145d5-b378-4323-b2d7-1eee95bba6b6,108220,https://fsn1.your-objectstorage.com/tecdoc2025/media_files/images/7673/3ddde16e76244544ff879814eeee2e80b70cb63b.webp,,0,5,,,2026-08-08 22:47:30,,RAPID-55693719
a683e9b2-5ec5-4121-a663-cbd4e9853992,108373,https://fsn1.your-objectstorage.com/tecdoc2025/media_files/images/4344/ab2bf44e76cfeec893b080e3d3ea629d59827cdb.webp,,0,1,,,2026-08-08 22:47:30,,RAPID-6870791
a6a867c2-61fc-4255-8ccc-c74000518e55,108530,https://fsn1.your-objectstorage.com/tecdoc2025/media_files/images/4522/1cf996e46b1d9fc0797423e816d9c979674a3454.webp,,1,0,,,2026-08-08 22:47:30,,RAPID-2717430
a6afe3d4-d4c7-496e-be81-76b470da20e9,108127,https://fsn1.your-objectstorage.com/tecdoc2025/media_files/images/6372/7f70dfc4183005dfdada9811b6e17abe25c790e6.webp,,1,0,,,2026-08-08 22:47:30,,RAPID-6848003
a74893b4-e1e8-4e29-b359-ba51399a60db,108650,https://fsn1.your-objectstorage.com/tecdoc2025/media_files/images/6495/15ce28c36313f9cfeef81380ded8ef676d25662e.webp,,0,1,,,2026-08-08 22:47:30,,RAPID-6469465
a7606e6e-e74b-480f-94fa-3ec462f48958,108282,https://fsn1.your-objectstorage.com/tecdoc2025/media_files/PDF/30/52762f69ce607775373069383d486d97d83a8702.pdf,,1,0,,,2026-08-08 22:47:30,,RAPID-2514801
a77f94b6-f59e-4fb7-8cff-c406728cf7df,108784,https://fsn1.your-objectstorage.com/tecdoc2025/media_files/images/6358/b51030d43edda90a72b4990c5015d2e1ac843efd.webp,,0,1,,,2026-08-08 22:47:30,,RAPID-2477895
a7803247-6daa-47dc-94f5-635280ba610b,108509,https://fsn1.your-objectstorage.com/tecdoc2025/media_files/images/201/187ee973cac489e95004d5a431cdcd9b1874aae2.webp,,0,1,,,2026-08-08 22:47:30,,RAPID-16896468
a7a181ac-4025-443b-a615-a6bb86c94dbc,108671,https://fsn1.your-objectstorage.com/tecdoc2025/media_files/images/5377/96b3519828ff00d80a8307b0d59b125b453fe213.webp,,0,1,,,2026-08-08 22:47:30,,RAPID-27349634
a7b6d6cb-5026-4629-bc84-6611ae643e62,108742,https://fsn1.your-objectstorage.com/tecdoc2025/media_files/images/6990/7653018f6cd965c4469aed21e1e324c970cd8ed6.webp,,0,2,,,2026-08-08 22:47:30,,RAPID-8524529
a7da74e2-471b-46bf-b810-cce596b0f799,108598,https://fsn1.your-objectstorage.com/tecdoc2025/media_files/images/403/6613e572d02db14c5f53f2b19200ece1aa113c9c.webp,,0,1,,,2026-08-08 22:47:30,,RAPID-3032873
a7f9059c-26da-4f03-af3f-8f3f84e09229,108179,https://fsn1.your-objectstorage.com/tecdoc2025/media_files/images/257/9a2075e3cdc622403a0c96495963c0dd0984f96c.webp,,1,0,,,2026-08-08 22:47:30,,RAPID-8956850
a8312034-f69a-4ec2-96fc-41f4e4e6c7e5,108119,https://fsn1.your-objectstorage.com/tecdoc2025/media_files/images/21/0976e75a10577e57b2aa8b007f06722e0eb342e7.webp,,0,1,,,2026-08-08 22:47:30,,RAPID-374484
a8400b03-3a43-4317-b6c1-6df55130c4f6,108772,https://fsn1.your-objectstorage.com/tecdoc2025/media_files/images/6358/c31368a72b58bab215919746ac27f7e4257b45f5.webp,,0,4,,,2026-08-08 22:47:30,,RAPID-2478060
a8468c7e-23a1-4bbf-9a47-88f91dad216b,108687,https://fsn1.your-objectstorage.com/tecdoc2025/media_files/images/440/e9dc1fb89602a201ea95590b78e286a3e884c5c7.webp,,0,4,,,2026-08-08 22:47:30,,RAPID-9495945
a847d1b4-64d5-4e0b-968a-7f2452e7aa0c,108114,https://fsn1.your-objectstorage.com/tecdoc2025/media_files/images/45/3f5971964c71f226554b9be88761037177e12bb3.webp,,0,1,,,2026-08-08 22:47:30,,RAPID-6027674
a871b921-6c5a-4981-a659-04cd946b0a07,108447,https://fsn1.your-objectstorage.com/tecdoc2025/media_files/images/2/2e927f99086930859554a2f01ab51df5002a5bc9.webp,,0,3,,,2026-08-08 22:47:30,,RAPID-16225763
a879eb71-08d6-448e-87e5-a46facb42e04,108279,https://fsn1.your-objectstorage.com/tecdoc2025/media_files/images/30/49353a75b10bed2a9226da12fd66bc4581b9c85b.webp,,0,2,,,2026-08-08 22:47:30,,RAPID-2514841
a87a9f4d-8863-4ec4-a69b-691ab71e64d5,108393,https://fsn1.your-objectstorage.com/tecdoc2025/media_files/images/271/ed2a98709769a15367f356fd6367d7f3c4c7ce55.webp,,0,3,,,2026-08-08 22:47:30,,RAPID-13049770
a898e7ea-4c38-42c1-b52b-656ae5a9f183,108775,https://fsn1.your-objectstorage.com/tecdoc2025/media_files/images/6358/452d437a4842609cd02f42f72753b95c8b1f3b72.webp,,0,4,,,2026-08-08 22:47:30,,RAPID-2478092
a8ce2a04-7af0-4d57-b337-a43a491f143c,108835,https://fsn1.your-objectstorage.com/tecdoc2025/media_files/images/4595/3d7dc04672b10afc1e4eaf7ca01554d2e655116c.webp,,1,0,,,2026-08-08 22:47:30,,RAPID-1127398
a8e46250-418e-4942-83bf-a6a415b0993c,108787,https://fsn1.your-objectstorage.com/tecdoc2025/media_files/images/6358/b07cc1ac3ee31f32f39481d9d856bf54a06b5bc4.webp,,0,2,,,2026-08-08 22:47:30,,RAPID-2477976
a8e5e95f-9197-4714-a9ce-f03ff3b7fe29,108230,https://fsn1.your-objectstorage.com/tecdoc2025/media_files/images/475/901d2c08e2ddf9e5125728ae37d426089fd4b14e.webp,,0,1,,,2026-08-08 22:47:30,,RAPID-6142070
a8f5e8c6-51a4-4cb0-a511-884eec5403bd,108417,https://fsn1.your-objectstorage.com/tecdoc2025/media_files/images/5251/4708216fcc227e0f54b46b7589b0f7a4f57a1cf3.webp,,1,0,,,2026-08-08 22:47:30,,RAPID-168655
a901d639-5ab1-4f01-bb76-d7d90f46fab7,108431,https://fsn1.your-objectstorage.com/tecdoc2025/media_files/images/2/b7f6a99b27e7c6a9b397de8feb9a8c4312ac7110.webp,,0,1,,,2026-08-08 22:47:30,,RAPID-5414544
a90b5e01-7e5a-47c3-9efd-12fb409ac12a,108616,https://fsn1.your-objectstorage.com/tecdoc2025/media_files/images/144/fa06f3e8886e7327b93e033b353c8a4b193c1859.webp,,1,0,,,2026-08-08 22:47:30,,RAPID-337056
a92f5e20-b0d6-43f5-b8b0-2b45fb8e6e77,108077,https://fsn1.your-objectstorage.com/tecdoc2025/media_files/images/234/81f7d4b8851ac6b1c60a9f386501f93598af33d0.webp,,0,1,,,2026-08-08 22:47:30,,RAPID-19475374
a93eb685-18e8-43df-badb-c1ba086ae3eb,108153,https://fsn1.your-objectstorage.com/tecdoc2025/media_files/images/6558/5f24edf735c3e0fbff4c3e5ad16cefd5c2cc20b7.webp,,1,0,,,2026-08-08 22:47:30,,RAPID-3712914
a957fa40-36c6-436b-8a3c-fbb360d167b9,108442,https://fsn1.your-objectstorage.com/tecdoc2025/media_files/images/2/501e344a091c82b0f58697211cfdc013fbd39b44.webp,,0,4,,,2026-08-08 22:47:30,,RAPID-5414373
a95fcd51-a6e4-478b-831c-61acace212ab,108815,https://fsn1.your-objectstorage.com/tecdoc2025/media_files/images/6357/8fddd7d7973adfc91e8bc8aaa9e04cd3926a4dac.webp,,0,2,,,2026-08-08 22:47:30,,RAPID-9110139
a9a563a1-1ef4-4d81-acb8-f19ae69da23c,108135,https://fsn1.your-objectstorage.com/tecdoc2025/media_files/images/4657/be94132ca36f626795fe00a7b0c3a5f11b4d240b.webp,,0,2,,,2026-08-08 22:47:30,,RAPID-870642
a9cae024-32eb-4804-9742-badf865cdf39,108264,https://fsn1.your-objectstorage.com/tecdoc2025/media_files/images/30/64bcf3c8f8694f27284b21e4cc4edf236cf730a0.webp,,0,4,,,2026-08-08 22:47:30,,RAPID-2512860
aa2505d7-afeb-4d9f-8836-edbb7a6f7714,108609,https://fsn1.your-objectstorage.com/tecdoc2025/media_files/images/4773/7445009cb79cf9e24e16b1d7e90fbf6694bd2a23.webp,,1,0,,,2026-08-08 22:47:30,,RAPID-98623279
aa8c3158-31fe-40c9-8e43-e36f28b642ba,108655,https://fsn1.your-objectstorage.com/tecdoc2025/media_files/images/6495/b9aa459798ce45cbc3ae63ca838f053d305bb745.webp,,1,0,,,2026-08-08 22:47:30,,RAPID-12443963
aace73d1-4117-4691-96e6-2093eda10f21,108561,https://fsn1.your-objectstorage.com/tecdoc2025/media_files/images/4600/25f7f42fb6b7e78487b722a87314f6e7e679d76e.webp,,0,1,,,2026-08-08 22:47:30,,RAPID-10397886
aad9efa0-35a2-44ea-9cc2-29fb3b269c0d,108166,https://fsn1.your-objectstorage.com/tecdoc2025/media_files/images/4826/4900d4dd59636e690ca0b5b1a1e41c8e02c56879.webp,,1,0,,,2026-08-08 22:47:30,,RAPID-48975348
aafc0c60-f00b-4ad1-8951-9062309025dd,108800,https://fsn1.your-objectstorage.com/tecdoc2025/media_files/images/7788/febc453b4c7871df143e5d009775baf6934e66d3.webp,,1,0,,,2026-08-08 22:47:30,,RAPID-89818080
ab00b0bb-795b-418e-8f8f-c0fe6cbb55ef,108134,https://fsn1.your-objectstorage.com/tecdoc2025/media_files/images/4657/77e3eda26fb0f46b1b63712c6f3c8685c43f7fdf.webp,,1,0,,,2026-08-08 22:47:30,,RAPID-869986
ab0e6a64-1601-45e2-ad35-ac42603d9503,108816,https://fsn1.your-objectstorage.com/tecdoc2025/media_files/images/6357/66dc9b9d628135c2cd6434dfef0afb412f4bcb9d.webp,,0,4,,,2026-08-08 22:47:30,,RAPID-9110152
ab2caf87-ce29-4d35-886b-1a8f1881833c,108545,https://fsn1.your-objectstorage.com/tecdoc2025/media_files/images/4522/e48e204acaef87241b50a4f3f76f23113f769073.webp,,1,0,,,2026-08-08 22:47:30,,RAPID-2724973
ab33c170-1f04-44d3-b30d-d0fe5505ee27,108658,https://fsn1.your-objectstorage.com/tecdoc2025/media_files/PDF/6495/cb1e283f978087500a6609c520512fd3fddec96c.pdf,,0,2,,,2026-08-08 22:47:30,,RAPID-6467376
ab4ca764-6ac7-463a-b30d-d6b1a9b324f4,108687,https://fsn1.your-objectstorage.com/tecdoc2025/media_files/images/440/04795e97f31c1e6ade36dba48fb24476300a2c7d.webp,,0,3,,,2026-08-08 22:47:30,,RAPID-9495945
ab6089f5-23d0-4d79-861d-ad67df679be5,108150,https://fsn1.your-objectstorage.com/tecdoc2025/media_files/images/6390/baa3678c0cec0ed9a9ce7f12cf6df0aac152837d.webp,,1,0,,,2026-08-08 22:47:30,,RAPID-2966827
ab8d0503-c89a-4924-b26f-50187109d90d,108437,https://fsn1.your-objectstorage.com/tecdoc2025/media_files/images/2/9465c255ca7a446e070e06aae09d3aa8469b248f.webp,,1,0,,,2026-08-08 22:47:30,,RAPID-26787438
ab9dec9a-8ad3-475a-bd0d-d6d538cc884e,108156,https://fsn1.your-objectstorage.com/tecdoc2025/media_files/images/4826/60082a5bcd4806e25f6cb43562090e95b54a3c2a.webp,,1,0,,,2026-08-08 22:47:30,,RAPID-56953185
abb55889-9fbd-4850-8b79-5a914a381e08,108633,https://fsn1.your-objectstorage.com/tecdoc2025/media_files/images/6925/0ca7f0f5ff466ccb6e607e4ac3c1b1984ef3997d.webp,,0,1,,,2026-08-08 22:47:30,,RAPID-19338321
abdd16ce-3f61-4346-94d5-a62dae1038e2,108583,https://fsn1.your-objectstorage.com/tecdoc2025/media_files/images/133/e5a46c0d8f90150da339ff6d836774185a6cc2fa.webp,,1,0,,,2026-08-08 22:47:30,,RAPID-896996
abe01a4b-72a8-410b-9a53-09d660aadd56,108711,https://fsn1.your-objectstorage.com/tecdoc2025/media_files/images/4683/926e53b84b7be3f38881f5eaa546d8489d9ca066.webp,,1,0,,,2026-08-08 22:47:30,,RAPID-2781571
abe35c4b-54c5-4b61-9468-6bb36e8ccafc,108783,https://fsn1.your-objectstorage.com/tecdoc2025/media_files/images/6358/54ad2b534ca8eb3b0261e70841e920e65ce8040a.webp,,0,3,,,2026-08-08 22:47:30,,RAPID-2477887
abea89cd-4ff0-40aa-a3d1-5bd1a10da2ca,108448,https://fsn1.your-objectstorage.com/tecdoc2025/media_files/images/2/442ad3df99972a5d269cf36572054e88c682b987.webp,,0,1,,,2026-08-08 22:47:30,,RAPID-5414441
abfafee0-f43b-4e8d-9461-aac22fee116c,108846,https://fsn1.your-objectstorage.com/tecdoc2025/media_files/images/4595/d33c483b6e5c23da01b74f1cf071c7da1bcc3eca.webp,,1,0,,,2026-08-08 22:47:30,,RAPID-1833309
ac2f933e-c738-42a2-b142-d4905833857a,108341,https://fsn1.your-objectstorage.com/tecdoc2025/media_files/images/66/0829aa0d60d6f203fd49aa6f0e3feb6614d53fd8.webp,,0,2,,,2026-08-08 22:47:30,,RAPID-6617686
ac7252a1-087f-44f6-ac5e-03d378d18145,108561,https://fsn1.your-objectstorage.com/tecdoc2025/media_files/PDF/4600/b3d68e9741c77b8cbb6566e4b8280507bfd40daa.pdf,,1,0,,,2026-08-08 22:47:30,,RAPID-10397886
ac82d684-078f-4d5a-9804-9edbeb83716a,108151,https://fsn1.your-objectstorage.com/tecdoc2025/media_files/images/6390/baa3678c0cec0ed9a9ce7f12cf6df0aac152837d.webp,,1,0,,,2026-08-08 22:47:30,,RAPID-2967483
ac89f361-2a78-4201-ab74-f134a329e6b3,108568,https://fsn1.your-objectstorage.com/tecdoc2025/media_files/images/95/4c0ddf161eb04d21889b8be1958623302e4c74e3.webp,,1,0,,,2026-08-08 22:47:30,,RAPID-19534318
accb8e6a-a77c-4624-8ab0-b35d8cc5ab8d,108318,https://fsn1.your-objectstorage.com/tecdoc2025/media_files/PDF/4434/cf0a06b7057cce3765b9c56525f73151e1085d2c.pdf,,1,0,,,2026-08-08 22:47:30,,RAPID-2394479
ad22ff17-060a-4a45-b40b-37ca7fa4679a,108135,https://fsn1.your-objectstorage.com/tecdoc2025/media_files/images/4657/f3cbddf8977876a08e946dd4fc51fe633aecf70f.webp,,0,1,,,2026-08-08 22:47:30,,RAPID-870642
ad53ce27-9054-44d9-aa97-7df84b614ac8,108681,https://fsn1.your-objectstorage.com/tecdoc2025/media_files/images/6473/f2b46fc84c22abbe12d5045da18a694b4760861e.webp,,1,0,,,2026-08-08 22:47:30,,RAPID-33234189
ad99cad5-03ee-4821-898c-da696032f0e6,108650,https://fsn1.your-objectstorage.com/tecdoc2025/media_files/PDF/6495/cb1e283f978087500a6609c520512fd3fddec96c.pdf,,0,3,,,2026-08-08 22:47:30,,RAPID-6469465
ada900a9-7689-4d16-85a4-e6d1de8bb82d,108572,https://fsn1.your-objectstorage.com/tecdoc2025/media_files/images/95/c5aa7a85f5b3655bbef5c79ea95c2f4fdc5b1da9.webp,,1,0,,,2026-08-08 22:47:30,,RAPID-107714
adb21b05-b24f-4e15-985c-2647e08d6acb,108664,https://fsn1.your-objectstorage.com/tecdoc2025/media_files/images/4564/70a7d02465e4eb83908056e47d25539d302d72c2.webp,,0,1,,,2026-08-08 22:47:30,,RAPID-9665046
adcbb923-3b57-4a58-8a8d-f113766a2431,108281,https://fsn1.your-objectstorage.com/tecdoc2025/media_files/images/30/d0a904f6b2dc848d466492666f215bb510899a50.webp,,0,4,,,2026-08-08 22:47:30,,RAPID-2514843
ade780ce-2f90-4659-8898-3c20b141acf5,108070,https://fsn1.your-objectstorage.com/tecdoc2025/media_files/images/30/215651b3f850a3f8551516b31863ee25bc428bc8.webp,,0,2,,,2026-08-08 22:47:30,,RAPID-737115
ae4bd234-b8d5-402c-a099-61fc64e29841,108260,https://fsn1.your-objectstorage.com/tecdoc2025/media_files/PDF/30/710eeedcab31768c7bd93199b4efada5cb2fb3a8.pdf,,1,0,,,2026-08-08 22:47:30,,RAPID-2512729
ae63af1e-b41f-40c0-a304-028f5c7d48c9,108211,https://fsn1.your-objectstorage.com/tecdoc2025/media_files/images/4464/549b2609bd92a5084d008b23abc8468448d40abe.webp,,1,0,,,2026-08-08 22:47:30,,RAPID-9686801
ae7d2406-f797-42fa-a631-7277f7ad21ad,108774,https://fsn1.your-objectstorage.com/tecdoc2025/media_files/images/6358/40bc2ab942e5631825d1776571cd3ad36920af50.webp,,1,0,,,2026-08-08 22:47:30,,RAPID-2478069
ae856fa2-f87e-4d3f-acc8-eb89ad191e58,108356,https://fsn1.your-objectstorage.com/tecdoc2025/media_files/images/4585/1565f40273618ad9abef3435a2b17e5b96605a66.webp,,1,0,,,2026-08-08 22:47:30,,RAPID-8354960
aea322a1-587b-44ca-a101-69b4b3b72b7f,108106,https://fsn1.your-objectstorage.com/tecdoc2025/media_files/images/57/2293213d1f8541b790775f90274b1165e580b2ed.webp,,1,0,,,2026-08-08 22:47:30,,RAPID-8658489
aeb017ff-3c00-424a-ba4c-72757842ef22,108511,https://fsn1.your-objectstorage.com/tecdoc2025/media_files/images/201/e1d80bc1e32b855366673236539a3246f2140650.webp,,1,0,,,2026-08-08 22:47:30,,RAPID-9693155
aeb0abe6-53cc-45a6-ad7c-b9cb93e75df5,108463,https://fsn1.your-objectstorage.com/tecdoc2025/media_files/images/6359/33a9161dad88efcf0516fd5da5b7016310fcb0a1.webp,,1,0,,,2026-08-08 22:47:30,,RAPID-14563422
aec6fa28-2986-4605-9b4a-cec81a9597e8,108164,https://fsn1.your-objectstorage.com/tecdoc2025/media_files/images/4826/3fb194189d16d731e0a7af7edf58bff9b85dde2d.webp,,1,0,,,2026-08-08 22:47:30,,RAPID-50712759
af04bbd2-3538-4fd4-9259-5d2684f5e861,108410,https://fsn1.your-objectstorage.com/tecdoc2025/media_files/images/7669/0591aace638a900d891c8a436f94459fa150ee2a.webp,,0,1,,,2026-08-08 22:47:30,,RAPID-81019283
af29126c-2a98-40f6-af56-93a161d22634,108459,https://fsn1.your-objectstorage.com/tecdoc2025/media_files/images/4840/11110746c17ac85e97f5eaf1e7f0d464fc795a40.webp,,1,0,,,2026-08-08 22:47:30,,RAPID-2320366
af2af781-773d-4b4e-a0d9-a5ae09374c5a,108173,https://fsn1.your-objectstorage.com/tecdoc2025/media_files/images/4576/5bde58d545aef5fa077a453fcec4d48d18d364db.webp,,1,0,,,2026-08-08 22:47:30,,RAPID-18871097
af41d641-2ca6-4f7d-8758-b8204e6adceb,108736,https://fsn1.your-objectstorage.com/tecdoc2025/media_files/images/7101/097b5ee85cb19cb89029f76299d96665660e80fa.webp,,1,0,,,2026-08-08 22:47:30,,RAPID-30045202
afab4268-c17a-44da-8767-f81a03ed9402,108441,https://fsn1.your-objectstorage.com/tecdoc2025/media_files/images/2/d85250c9952e9a42f19e10ce4ab92bceb663b9c3.webp,,0,4,,,2026-08-08 22:47:30,,RAPID-5414370
affd7c0a-3dcf-44d5-be0f-381f877e1880,108632,https://fsn1.your-objectstorage.com/tecdoc2025/media_files/images/6925/2d43bb20820351d3127c99d34fe0d26944ece482.webp,,0,4,,,2026-08-08 22:47:30,,RAPID-8158894
b006a829-8052-4692-abdb-a1823da96af7,108059,https://fsn1.your-objectstorage.com/tecdoc2025/media_files/images/4975/0f213aa8d8d8e670483df8187e011cad29513478.webp,,1,0,,,2026-08-08 22:47:30,,RAPID-91165344
b04bd670-fcab-48c8-895a-d58d881e0bcc,108391,https://fsn1.your-objectstorage.com/tecdoc2025/media_files/images/271/e93905279318c763d32730e3c40de9331f3e4bce.webp,,0,4,,,2026-08-08 22:47:30,,RAPID-15622509
b05a80c3-ddd9-4e29-baec-4d7f957592c4,108633,https://fsn1.your-objectstorage.com/tecdoc2025/media_files/images/6925/fb36647cd00821151d52b4a7a46d8f96a983afe4.webp,,0,3,,,2026-08-08 22:47:30,,RAPID-19338321
b06288ea-84fb-447d-a19b-6189119f2850,108536,https://fsn1.your-objectstorage.com/tecdoc2025/media_files/images/4522/df5d8119cc0e5d830f9de5b310db4bd7676cb62b.webp,,1,0,,,2026-08-08 22:47:30,,RAPID-2722154
b0631466-ad77-492f-9f5d-e35097411a42,108834,https://fsn1.your-objectstorage.com/tecdoc2025/media_files/images/4595/69ddad84e5f65a0d0a456b82001662b148268d1e.webp,,1,0,,,2026-08-08 22:47:30,,RAPID-1090578
b0971597-6f43-4ed3-9901-9637e0cd5460,108717,https://fsn1.your-objectstorage.com/tecdoc2025/media_files/images/6267/0dcbf8dba726913bc52c5e464fa8681bc897fde1.webp,,0,4,,,2026-08-08 22:47:30,,RAPID-8218363
b0a9e5c2-d0e7-4dc0-97c3-48d4731185dc,108300,https://fsn1.your-objectstorage.com/tecdoc2025/media_files/images/363/a2dc7b50f1bcdfbf9d170935333a5770b14f3a42.webp,,1,0,,,2026-08-08 22:47:30,,RAPID-4612496
b0cd3ab1-c7cc-45d3-9554-9d3731ba6fd0,108283,https://fsn1.your-objectstorage.com/tecdoc2025/media_files/images/30/6a37a180a1b899ba7caa2b75caa1c440de6f24e5.webp,,0,2,,,2026-08-08 22:47:30,,RAPID-2513860
b0d9693b-7c1d-418c-ae2a-fb7e30c8e8a1,108117,https://fsn1.your-objectstorage.com/tecdoc2025/media_files/images/45/3f5971964c71f226554b9be88761037177e12bb3.webp,,1,0,,,2026-08-08 22:47:30,,RAPID-2275733
b0eb78f9-6494-4cab-a91e-b0e3b4742748,108384,https://fsn1.your-objectstorage.com/tecdoc2025/media_files/images/4391/9616a5099a41ba88f2505f285599cedafb192d93.webp,,1,0,,,2026-08-08 22:47:30,,RAPID-1515198
b0f8bd17-fd9b-4901-b7ab-a9ac6596498e,108407,https://fsn1.your-objectstorage.com/tecdoc2025/media_files/images/7669/d9bcfbbe932434df779cdbfb471e424b4201bb40.webp,,1,0,,,2026-08-08 22:47:30,,RAPID-76752650
b148800a-3bd3-4153-a6c1-e932028d27a9,108844,https://fsn1.your-objectstorage.com/tecdoc2025/media_files/images/4595/38e9a86995b3b1e9e908a74f876afeddc4174411.webp,,0,2,,,2026-08-08 22:47:30,,RAPID-1854377
b198ed60-5bdc-4135-9a93-89c255478030,108246,https://fsn1.your-objectstorage.com/tecdoc2025/media_files/images/30/8601c22412150f7eb88ecbfb8de6b2185f125f97.webp,,0,6,,,2026-08-08 22:47:30,,RAPID-2512267
b19b6c4d-a5fc-4d3c-a588-977646c83dcc,108166,https://fsn1.your-objectstorage.com/tecdoc2025/media_files/images/4826/5ad031be8392fb74e744896a5d396fac51e8ddca.webp,,0,3,,,2026-08-08 22:47:30,,RAPID-48975348
b1a59160-784a-4623-967d-d70b4bf65046,108395,https://fsn1.your-objectstorage.com/tecdoc2025/media_files/images/271/22b33f3b4da5b3e8b5d8c0b991ea64d4956e894b.webp,,0,5,,,2026-08-08 22:47:30,,RAPID-18344449
b1b1d4b4-6ee0-4ce8-b055-d710acd3fac4,108246,https://fsn1.your-objectstorage.com/tecdoc2025/media_files/PDF/30/710eeedcab31768c7bd93199b4efada5cb2fb3a8.pdf,,0,1,,,2026-08-08 22:47:30,,RAPID-2512267
b1be067c-535d-42d7-9aee-2e6cdd38b6e5,108655,https://fsn1.your-objectstorage.com/tecdoc2025/media_files/PDF/6495/2b98cf7e3ce72ef370ed74cb91d9b4d5cb3988fa.pdf,,0,1,,,2026-08-08 22:47:30,,RAPID-12443963
b1e573a8-9fa8-4daa-8bf2-3004b4da337d,108617,https://fsn1.your-objectstorage.com/tecdoc2025/media_files/images/144/b4bf2fcdbeb3f8decb012fd9a9575a938b4ee44a.webp,,1,0,,,2026-08-08 22:47:30,,RAPID-336980
b205bd24-bde4-46c3-8039-8013cb2d3225,108804,https://fsn1.your-objectstorage.com/tecdoc2025/media_files/images/7788/ce980f0dadc526cdad900b9f5873a290b2ee741e.webp,,0,3,,,2026-08-08 22:47:30,,RAPID-90146231
b20cfba6-1af0-49aa-b05e-124ba58dfbdc,108578,https://fsn1.your-objectstorage.com/tecdoc2025/media_files/images/95/f4d21b4e2d74dc7dae2c0a6f279c5e923bbf4178.webp,,0,1,,,2026-08-08 22:47:30,,RAPID-107725
b2235edb-86d5-4387-9025-f32926d09f36,108104,https://fsn1.your-objectstorage.com/tecdoc2025/media_files/images/75/e6d9c212a512c043082db1b729a76f7b5c7cc954.webp,,0,2,,,2026-08-08 22:47:30,,RAPID-1220295
b257ee66-f061-4858-a539-68bd76ca5982,108779,https://fsn1.your-objectstorage.com/tecdoc2025/media_files/images/6358/0049ac83001ae13ffb669f5dbee3407be4edb266.webp,,1,0,,,2026-08-08 22:47:30,,RAPID-2478227
b26fab78-48af-475d-8453-e88058d9a2fa,108779,https://fsn1.your-objectstorage.com/tecdoc2025/media_files/images/6358/5c1b84b6e4767a444331ad3bea184887b51582f2.webp,,0,3,,,2026-08-08 22:47:30,,RAPID-2478227
b2725f05-5d45-437d-b6ee-3a3abd1c4bf9,108476,https://fsn1.your-objectstorage.com/tecdoc2025/media_files/images/156/2c5d58dd6902d2cdd9b24e7d25528c6f81f71ca1.webp,,1,0,,,2026-08-08 22:47:30,,RAPID-9192200
b2760ab3-18d3-4117-b974-6d53f0f2702e,108410,https://fsn1.your-objectstorage.com/tecdoc2025/media_files/images/7669/7d9b6e706d52dc922616208ca657153c964242c7.webp,,0,4,,,2026-08-08 22:47:30,,RAPID-81019283
b279b384-03f7-4cdd-a95e-6de2aa303246,108254,https://fsn1.your-objectstorage.com/tecdoc2025/media_files/images/30/0baa4cc017507a6fe0e228d36d17f0149bb5c482.webp,,0,4,,,2026-08-08 22:47:30,,RAPID-2512622
b2807c0d-9eff-4d18-92c4-511cbca7bfda,108395,https://fsn1.your-objectstorage.com/tecdoc2025/media_files/images/271/185dd1bf861fb5bcc10b92b76acfa9bfb5c9f9bb.webp,,1,0,,,2026-08-08 22:47:30,,RAPID-18344449
b28af50e-697c-4907-a1eb-ead2e06fd79a,108456,https://fsn1.your-objectstorage.com/tecdoc2025/media_files/images/4840/e4b7849cc12335f5c7c77cfa80f33c29037d8fdf.webp,,0,1,,,2026-08-08 22:47:30,,RAPID-642850
b2ad754e-83f9-4e6e-ad77-523cc1abac77,108604,https://fsn1.your-objectstorage.com/tecdoc2025/media_files/images/403/174bb3c08bf8d61154c27521d6b66d8702c8df07.webp,,0,1,,,2026-08-08 22:47:30,,RAPID-3032946
b2b1d82b-7ca8-431e-b7a8-a3c69630e172,108560,https://fsn1.your-objectstorage.com/tecdoc2025/media_files/images/4600/81693d6a7576f0de90494ace6d3a2f836f9fce42.webp,,0,1,,,2026-08-08 22:47:30,,RAPID-7968199
b2c6756e-0aa0-4740-b6e3-0b8ee74dc54d,108661,https://fsn1.your-objectstorage.com/tecdoc2025/media_files/images/4564/d89f8190ba840a8ef7fe5dd58e440fcf6e25709b.webp,,0,1,,,2026-08-08 22:47:30,,RAPID-9665025
b2d4120b-1003-479c-9bfe-51147b10ec85,108638,https://fsn1.your-objectstorage.com/tecdoc2025/media_files/PDF/6495/cb1e283f978087500a6609c520512fd3fddec96c.pdf,,0,2,,,2026-08-08 22:47:30,,RAPID-6467384
b2d88983-5968-419e-976a-50560d0ccf62,108281,https://fsn1.your-objectstorage.com/tecdoc2025/media_files/images/30/a0f9bac391da68632b00a0b11036a351d31463cd.webp,,0,1,,,2026-08-08 22:47:30,,RAPID-2514843
b2dbc3a0-36a1-4e68-a75e-3e7943e2fdbf,108094,https://fsn1.your-objectstorage.com/tecdoc2025/media_files/images/5377/0d0e8883fcc8d7e907136dbf21c028917c58c02d.webp,,1,0,,,2026-08-08 22:47:30,,RAPID-32644377
b2fa7f1a-2250-4e4e-9f7d-c7de59a1c64e,108640,https://fsn1.your-objectstorage.com/tecdoc2025/media_files/images/6495/356c0bf9b0720681def6eae22e2601f050ba08db.webp,,1,0,,,2026-08-08 22:47:30,,RAPID-6467362
b3169bd4-57e9-46ad-b569-a9268a9bf652,108425,https://fsn1.your-objectstorage.com/tecdoc2025/media_files/images/2/4a66d6962f1e2d4734a3e5fb7d74d0f7112ecb3e.webp,,1,0,,,2026-08-08 22:47:30,,RAPID-5414517
b3333589-951e-4260-96df-663a11572d7c,108714,https://fsn1.your-objectstorage.com/tecdoc2025/media_files/images/4683/2d3583542e60d768619714b9665ce1eca203295d.webp,,1,0,,,2026-08-08 22:47:30,,RAPID-2301132
b37996e9-596f-43ab-bbaf-ed247c417165,108326,https://fsn1.your-objectstorage.com/tecdoc2025/media_files/PDF/4434/a0b4c47020de6fb4b9ae944916789d8e60e41f74.pdf,,1,0,,,2026-08-08 22:47:30,,RAPID-2394371
b37f4db2-5adc-4825-9d7b-586901e2a87e,108785,https://fsn1.your-objectstorage.com/tecdoc2025/media_files/images/6358/b276914eacda27f55cedd24df9fbaf4432eb98a3.webp,,1,0,,,2026-08-08 22:47:30,,RAPID-2477882
b398ecc6-5915-4220-bcee-e01b2f7990dc,108073,https://fsn1.your-objectstorage.com/tecdoc2025/media_files/images/4344/bb9d9a8d6061e82b4fbb32b8150fe7bf37e72c93.webp,,1,0,,,2026-08-08 22:47:30,,RAPID-6730562
b3a0abff-bcd0-4e63-b005-b10e61e9ba8c,108693,https://fsn1.your-objectstorage.com/tecdoc2025/media_files/images/4380/fdb3bbf239339669a0d9e3312a01483ba17d5fdf.webp,,1,0,,,2026-08-08 22:47:30,,RAPID-2092469
b3c337be-5f84-4c22-bafb-e772fbf79e28,108165,https://fsn1.your-objectstorage.com/tecdoc2025/media_files/images/4826/a3d8459579d09bbceb20ca00eda21d702d016dcf.webp,,0,1,,,2026-08-08 22:47:30,,RAPID-54695406
b40c50fa-3424-461d-81af-641b4337d3e3,108457,https://fsn1.your-objectstorage.com/tecdoc2025/media_files/images/4840/990395b7ccf59a0c7f43ac6dc4c880140c15d674.webp,,0,1,,,2026-08-08 22:47:30,,RAPID-332569
b439121b-5af2-432a-9f85-1dc8d92a3c2e,108121,https://fsn1.your-objectstorage.com/tecdoc2025/media_files/images/183/3958b4f10e4c719bb9644c0f85eefd2c4c256433.webp,,1,0,,,2026-08-08 22:47:30,,RAPID-9564360
b449eaef-a419-4c23-af3f-bc2f7fe00028,108595,https://fsn1.your-objectstorage.com/tecdoc2025/media_files/images/403/bca61729d63badf7012f859b8f9baa08faf6c375.webp,,1,0,,,2026-08-08 22:47:30,,RAPID-3032921
b46293cc-3de2-42b6-91d2-99df8716c70f,108355,https://fsn1.your-objectstorage.com/tecdoc2025/media_files/images/4585/8a635237c3125a9bf113eb0090c7d8c66cc719b2.webp,,1,0,,,2026-08-08 22:47:30,,RAPID-8352975
b4899dbb-9a2e-4d68-9c72-02836859c403,108460,https://fsn1.your-objectstorage.com/tecdoc2025/media_files/images/4840/c6cf7ea225d851dda42eb40da6aa7696f7257d6d.webp,,0,4,,,2026-08-08 22:47:30,,RAPID-367880
b49e68db-0c64-44da-9a96-110b4be028da,108426,https://fsn1.your-objectstorage.com/tecdoc2025/media_files/images/2/a9aa9c7727f8242583a87e1c60dde9f809ee8798.webp,,0,4,,,2026-08-08 22:47:30,,RAPID-12571775
b4aeb680-2a5c-4522-926c-b0de8e52cd86,108323,https://fsn1.your-objectstorage.com/tecdoc2025/media_files/images/4434/798f18518a16a75ed6321fd68ad2215276dd7b42.webp,,0,1,,,2026-08-08 22:47:30,,RAPID-14500658
b4d32443-6315-48f7-97f5-8cb4156f64c2,108590,https://fsn1.your-objectstorage.com/tecdoc2025/media_files/images/403/fe85a7776273abd145131d915439383b9675e18e.webp,,0,1,,,2026-08-08 22:47:30,,RAPID-3032424
b5191e28-77ec-4d61-b874-17d685921fe6,108157,https://fsn1.your-objectstorage.com/tecdoc2025/media_files/images/4826/4338d96215ce02970039046ffa564d4a306e6bd7.webp,,1,0,,,2026-08-08 22:47:30,,RAPID-53825165
b5269298-c7e6-42d6-a8dc-3cc74d3c03c1,108083,https://fsn1.your-objectstorage.com/tecdoc2025/media_files/images/2/9f350b30b79bd415efdbfd9822e38a55a6806ca8.webp,,1,0,,,2026-08-08 22:47:30,,RAPID-5094460
b538ab27-34ac-4f52-b472-e68afe0e7eb5,108775,https://fsn1.your-objectstorage.com/tecdoc2025/media_files/images/6358/d19048d42c48b273b474875121230d75a308f217.webp,,0,7,,,2026-08-08 22:47:30,,RAPID-2478092
b54db6c0-d0bb-4815-84ca-6e79e990a452,108811,https://fsn1.your-objectstorage.com/tecdoc2025/media_files/images/6357/bfd6f86e578247ba9211227bc931e422f5729e0c.webp,,0,2,,,2026-08-08 22:47:30,,RAPID-9110126
b584318b-9a3a-439c-be7b-af7236300da4,108780,https://fsn1.your-objectstorage.com/tecdoc2025/media_files/images/6358/0d4b29c18a0e8163c25071e5b86cc01350e419bf.webp,,0,6,,,2026-08-08 22:47:30,,RAPID-2478300
b58454d1-f192-4632-a537-09856f694924,108166,https://fsn1.your-objectstorage.com/tecdoc2025/media_files/images/4826/6c99b4e95b0ba32f2810960417897d4dc0d3d7f5.webp,,0,6,,,2026-08-08 22:47:30,,RAPID-48975348
b5ece103-57dd-4ed9-9fbe-ae16aa7a7c69,108480,https://fsn1.your-objectstorage.com/tecdoc2025/media_files/images/481/08aacde7e4eb8f3154d855b6b4a0d15da8c9edfd.webp,,1,0,,,2026-08-08 22:47:30,,RAPID-9048809
b6125cf4-1b6a-45f8-8ca3-3b8396b55f93,108264,https://fsn1.your-objectstorage.com/tecdoc2025/media_files/images/30/bbff5130e2ec3ae87387ad8096d5a93c891a0eaa.webp,,0,3,,,2026-08-08 22:47:30,,RAPID-2512860
b61f8162-49cd-4e76-9a95-52d053eb74c3,108233,https://fsn1.your-objectstorage.com/tecdoc2025/media_files/images/475/85b135efec13ebbf4a07947f23e81c0032e2cf5d.webp,,1,0,,,2026-08-08 22:47:30,,RAPID-6142306
b6e39cb2-dbbf-418a-b3c4-9393472b98b7,108394,https://fsn1.your-objectstorage.com/tecdoc2025/media_files/images/271/2a7a0f3cf7f7d650c4c9ed4402889a918b955f61.webp,,0,2,,,2026-08-08 22:47:30,,RAPID-15752757
b6f89fcf-7535-4d1e-b929-5aeef589c886,108076,https://fsn1.your-objectstorage.com/tecdoc2025/media_files/images/234/f47a216d7f223ba66c56fbcd7ba9426016a1b36e.webp,,0,2,,,2026-08-08 22:47:30,,RAPID-21724128
b719058c-f213-481d-a175-95eac143353f,108426,https://fsn1.your-objectstorage.com/tecdoc2025/media_files/images/2/69f099ed4e95c248eb27e194095bdc7e98135072.webp,,0,5,,,2026-08-08 22:47:30,,RAPID-12571775
b7387084-611d-4d33-88bb-2daed83a0761,108079,https://fsn1.your-objectstorage.com/tecdoc2025/media_files/images/234/9dc752686e8a4aaae67a0e3e7c6b215f8dfd9b77.webp,,0,4,,,2026-08-08 22:47:30,,RAPID-18151300
b75825ba-1777-4f5d-a0f7-035b07fa4a64,108781,https://fsn1.your-objectstorage.com/tecdoc2025/media_files/images/6358/ca823698adb6a285827abdba04dd41727a3aba1c.webp,,1,0,,,2026-08-08 22:47:30,,RAPID-2477867
b7e8e696-5854-4845-aa29-2c13a5f805a4,108071,https://fsn1.your-objectstorage.com/tecdoc2025/media_files/images/30/e04dc135e303d4596b76d096cb2abd81b0e97478.webp,,0,2,,,2026-08-08 22:47:30,,RAPID-737535
b8062b48-1da3-4ec5-ba2e-a0f30b8e9e57,108306,https://fsn1.your-objectstorage.com/tecdoc2025/media_files/images/484/c0d73cf8cb6710daa43562677d3a59b6217c2920.webp,,1,0,,,2026-08-08 22:47:30,,RAPID-6467336
b86cc668-d055-48f1-9138-bab2d41ccccc,108786,https://fsn1.your-objectstorage.com/tecdoc2025/media_files/images/6358/0e139a7e8a1a3cd607a21d9275abb62c1e4df7bd.webp,,0,3,,,2026-08-08 22:47:30,,RAPID-2477930
b892a3ec-5568-4d56-be46-6753bb9221ce,108404,https://fsn1.your-objectstorage.com/tecdoc2025/media_files/images/7669/eb86591f743788088192b2f3613c1152287a9e08.webp,,0,1,,,2026-08-08 22:47:30,,RAPID-85025885
b8a75f07-e720-4235-ac9a-c30abe165165,108054,https://fsn1.your-objectstorage.com/tecdoc2025/media_files/images/67/0d0eb63a513b3de115dd94bd83983c2541ce4ca4.webp,,0,1,,,2026-08-08 22:47:30,,RAPID-4181904
b8ae4829-1ac8-446c-acca-8c1d5a3c36a8,108510,https://fsn1.your-objectstorage.com/tecdoc2025/media_files/images/201/9dbbe98795fb5ea7bb6ed4b7fee8f7b682df5c95.webp,,0,2,,,2026-08-08 22:47:30,,RAPID-9693154
b8b95ed8-f119-4b67-9e6c-1cb677c1f9f7,108481,https://fsn1.your-objectstorage.com/tecdoc2025/media_files/images/481/08aacde7e4eb8f3154d855b6b4a0d15da8c9edfd.webp,,1,0,,,2026-08-08 22:47:30,,RAPID-9048806
b8d607c4-3356-4375-a1bd-849794f48404,108842,https://fsn1.your-objectstorage.com/tecdoc2025/media_files/images/4595/b93d2574e641b0f4011bfcd56cc156b611f85f71.webp,,1,0,,,2026-08-08 22:47:30,,RAPID-1833370
b8f52af9-399b-49ec-bfbc-adad7544374a,108787,https://fsn1.your-objectstorage.com/tecdoc2025/media_files/images/6358/cbfc7996c57749c48e8f4869cea61ee125b3522e.webp,,0,1,,,2026-08-08 22:47:30,,RAPID-2477976
b93b8376-ab1c-4651-95aa-206f068f8281,108755,https://fsn1.your-objectstorage.com/tecdoc2025/media_files/images/6983/bcd0010e61f1d5876f6c9276f0b410f53c345090.webp,,1,0,,,2026-08-08 22:47:30,,RAPID-1776605
b9498a75-667b-4465-bfe6-eceda31d3d9e,108428,https://fsn1.your-objectstorage.com/tecdoc2025/media_files/images/2/e5c9aa52dff28c21a30e51819041d7b70304175d.webp,,0,4,,,2026-08-08 22:47:30,,RAPID-5414488
b993ecd9-5c31-4161-9a60-e08da0dc2034,108264,https://fsn1.your-objectstorage.com/tecdoc2025/media_files/PDF/30/e789521b2466401212a0cf8cd3c696de25a57157.pdf,,0,2,,,2026-08-08 22:47:30,,RAPID-2512860
b9e056ba-da5f-4550-b18d-134ec8c48f29,108395,https://fsn1.your-objectstorage.com/tecdoc2025/media_files/images/271/75307869b6ec9fa9e3bfe69a4cc2a1024d95ee51.webp,,0,3,,,2026-08-08 22:47:30,,RAPID-18344449
b9eda4ba-a448-462e-ae78-855c38b21c0d,108473,https://fsn1.your-objectstorage.com/tecdoc2025/media_files/images/156/b10457814ff6b83235e2c8ae933eb3c280d235fa.webp,,1,0,,,2026-08-08 22:47:30,,RAPID-9192165
ba209db4-c175-4337-be99-1f4e9526fbb9,108563,https://fsn1.your-objectstorage.com/tecdoc2025/media_files/images/4600/ac45c9119928f617d03cda9982c258dfe7834681.webp,,0,1,,,2026-08-08 22:47:30,,RAPID-3728931
ba30c6b9-b91a-4b64-a512-616d1cfd22a1,108520,https://fsn1.your-objectstorage.com/tecdoc2025/media_files/images/4546/f9e50c4db0d43e9e607ffec42ca69c72775e4fb5.webp,,1,0,,,2026-08-08 22:47:30,,RAPID-7747667
ba48a1bb-21ce-4057-b279-7384aa231420,108247,https://fsn1.your-objectstorage.com/tecdoc2025/media_files/images/30/127cba77977fca8cdc5d2d64bdf4dc51cb8d2556.webp,,0,4,,,2026-08-08 22:47:30,,RAPID-2512451
bab7d728-18a3-440f-95f7-8d6c80a9b3d7,108400,https://fsn1.your-objectstorage.com/tecdoc2025/media_files/images/271/fa66ffb61c693df2e8a2b09525312c6d9463bb6a.webp,,0,1,,,2026-08-08 22:47:30,,RAPID-18936891
bac42a38-8751-4b1f-a853-1191848acd01,108377,https://fsn1.your-objectstorage.com/tecdoc2025/media_files/images/4969/bff2693aea68b4fad9aafdddb949dcc00e430464.webp,,1,0,,,2026-08-08 22:47:30,,RAPID-56167489
bad30032-7875-4575-ae72-9f99f3524d00,108506,https://fsn1.your-objectstorage.com/tecdoc2025/media_files/images/201/42f8cfa61a2e06f59b1a075a32d9bf940238a17a.webp,,0,3,,,2026-08-08 22:47:30,,RAPID-12181971
bae0b564-1fc4-46c8-a64d-ab8e04591f96,108506,https://fsn1.your-objectstorage.com/tecdoc2025/media_files/images/201/094630cadc0a06efb217e26460827656d38f8645.webp,,0,1,,,2026-08-08 22:47:30,,RAPID-12181971
bae4f272-8bb0-4602-a9f2-95cdccfff4c2,108276,https://fsn1.your-objectstorage.com/tecdoc2025/media_files/images/30/ed8a10e7ac812ecdb81269ae7c5bcf07e91e999b.webp,,0,2,,,2026-08-08 22:47:30,,RAPID-2513475
baeee164-4e56-4c03-abc0-619eac1aafe7,108275,https://fsn1.your-objectstorage.com/tecdoc2025/media_files/images/30/d6569ce4ea349b6aac12f72e1d47e7cb19ec5b97.webp,,0,3,,,2026-08-08 22:47:30,,RAPID-2513704
baf6c8be-a38d-4880-89a6-7a5c508a7cb6,108823,https://fsn1.your-objectstorage.com/tecdoc2025/media_files/images/6357/decc4c3bc4870c3354660f5e1f4bc91cb8bc62b8.webp,,1,0,,,2026-08-08 22:47:30,,RAPID-9110356
baffdda5-eebd-418f-a6ec-0febf883badc,108550,https://fsn1.your-objectstorage.com/tecdoc2025/media_files/images/4501/9ba6ae5ae5c11a5f61ecb35d412cf1365daf7b39.webp,,1,0,,,2026-08-08 22:47:30,,RAPID-7961337
bb02da32-db81-4e0b-bde6-a2f404dfc106,108786,https://fsn1.your-objectstorage.com/tecdoc2025/media_files/images/6358/0450ab6389116eb7324275ce8f4a83c217983050.webp,,1,0,,,2026-08-08 22:47:30,,RAPID-2477930
bb34de8f-4042-4751-93a5-6b306ecee0f1,108786,https://fsn1.your-objectstorage.com/tecdoc2025/media_files/images/6358/ddb92f0aabcaf88b7e7fe2f587c3af03bcbf4b93.webp,,0,1,,,2026-08-08 22:47:30,,RAPID-2477930
bb37b1d4-921f-4f81-be5c-c685a874a65d,108451,https://fsn1.your-objectstorage.com/tecdoc2025/media_files/images/2/9465c255ca7a446e070e06aae09d3aa8469b248f.webp,,1,0,,,2026-08-08 22:47:30,,RAPID-24685577
bb74f178-d72a-485f-998b-d4c7fe97f48f,108441,https://fsn1.your-objectstorage.com/tecdoc2025/media_files/images/2/9ace6a9191fea35b9823f6e2c10f10083ec61e53.webp,,0,5,,,2026-08-08 22:47:30,,RAPID-5414370
bbd90046-d5b8-40b5-b59c-c6b9ccdc877f,108665,https://fsn1.your-objectstorage.com/tecdoc2025/media_files/images/4564/eb1c19c4e62fd33c92a922af8e4b2b0b82393842.webp,,0,1,,,2026-08-08 22:47:30,,RAPID-9665047
bc005d9f-a248-49c7-b7de-df794517f4ab,108574,https://fsn1.your-objectstorage.com/tecdoc2025/media_files/images/95/90444a4dd1551467b032542b75a14101836f4de9.webp,,0,1,,,2026-08-08 22:47:30,,RAPID-107723
bc07cf8d-a0ff-479e-b801-4b725799448b,108320,https://fsn1.your-objectstorage.com/tecdoc2025/media_files/images/4434/f9e68cc734a42424e1e86c5aa2443e891d5d8f6a.webp,,0,1,,,2026-08-08 22:47:30,,RAPID-2394534
bc0c08ce-78b9-45e8-b883-c7953eddeaf2,108348,https://fsn1.your-objectstorage.com/tecdoc2025/media_files/PDF/66/b0a06df19d2fb12eb19f54b7735ec6b1b5cc4d59.pdf,,1,0,,,2026-08-08 22:47:30,,RAPID-6677581
bc22eaba-9601-4016-bd5d-8d98c14d7626,108377,https://fsn1.your-objectstorage.com/tecdoc2025/media_files/images/4969/8f88577a9fb84278932e6be87f3ea5de49644703.webp,,0,1,,,2026-08-08 22:47:30,,RAPID-56167489
bc27499e-e751-416b-9191-fc07b1ff5999,108445,https://fsn1.your-objectstorage.com/tecdoc2025/media_files/images/2/c479d03c2fc0b8efe93b2442c6ee4cc8d93bdd2d.webp,,0,6,,,2026-08-08 22:47:30,,RAPID-16753044
bc44129e-7ce6-4bbe-84bb-600540a70b50,108160,https://fsn1.your-objectstorage.com/tecdoc2025/media_files/images/4826/6e361b522d035a9676a1af0c4b8520c0114aa91d.webp,,0,3,,,2026-08-08 22:47:30,,RAPID-54563697
bc64c772-eb0b-48cf-84b4-d6b68e3c1168,108467,https://fsn1.your-objectstorage.com/tecdoc2025/media_files/images/7789/21399c0653947424ad52068b02ba1dc0eaf28623.webp,,0,1,,,2026-08-08 22:47:30,,RAPID-84203801
bcaa2835-70d2-487c-a6ae-b3b50ef0be02,108818,https://fsn1.your-objectstorage.com/tecdoc2025/media_files/images/6357/8bd9db5c33c28365288ea3751957ad1ab4147368.webp,,0,3,,,2026-08-08 22:47:30,,RAPID-9110170
bcc37b57-2665-404e-9b0e-8091a147472c,108427,https://fsn1.your-objectstorage.com/tecdoc2025/media_files/images/2/2e927f99086930859554a2f01ab51df5002a5bc9.webp,,0,6,,,2026-08-08 22:47:30,,RAPID-5414490
bd3d900b-574b-4f4c-921a-b34f52f7c882,108278,https://fsn1.your-objectstorage.com/tecdoc2025/media_files/PDF/30/52762f69ce607775373069383d486d97d83a8702.pdf,,1,0,,,2026-08-08 22:47:30,,RAPID-2514803
bd4a2c35-29a8-4dbf-bb0e-6f134f8fc05d,108406,https://fsn1.your-objectstorage.com/tecdoc2025/media_files/images/7669/debc464df0b6a673c1c8433075d3173240562786.webp,,0,3,,,2026-08-08 22:47:30,,RAPID-84830164
bd6d97a8-3e82-4fe1-81b8-45c378e54148,108450,https://fsn1.your-objectstorage.com/tecdoc2025/media_files/images/2/442ad3df99972a5d269cf36572054e88c682b987.webp,,0,1,,,2026-08-08 22:47:30,,RAPID-5414439
bd756e01-7422-4c69-a2eb-c219e04f5b49,108749,https://fsn1.your-objectstorage.com/tecdoc2025/media_files/images/6995/b2f3f01a98c65d6690db5ad0bfd277fd96c776be.webp,,1,0,,,2026-08-08 22:47:30,,RAPID-10858265
bda65b44-db09-4cfb-8981-5cd47e50f5d7,108067,https://fsn1.your-objectstorage.com/tecdoc2025/media_files/images/30/71d9776a3d169e182167723d71093224e5d9c35d.webp,,0,1,,,2026-08-08 22:47:30,,RAPID-737251
bdcc6eac-d505-41cb-8d45-4530f047e99f,108321,https://fsn1.your-objectstorage.com/tecdoc2025/media_files/images/4434/b4c541c03cc1c6a2f35f986709e793dfa9956a8d.webp,,0,1,,,2026-08-08 22:47:30,,RAPID-15624439
be2b0426-32fe-4e25-a277-a496e0ee1878,108247,https://fsn1.your-objectstorage.com/tecdoc2025/media_files/images/30/aa6a30bf08081738a1e3922deb13abf1ea5bede7.webp,,0,3,,,2026-08-08 22:47:30,,RAPID-2512451
be496c86-a0c5-4ed3-9522-088a6cf32f5b,108222,https://fsn1.your-objectstorage.com/tecdoc2025/media_files/images/7673/75a6e65531abc67a4c09f3489ab7de43537d3b35.webp,,1,0,,,2026-08-08 22:47:30,,RAPID-52694112
be68952b-9175-4fec-b456-8ecc113bcc87,108690,https://fsn1.your-objectstorage.com/tecdoc2025/media_files/images/145/12a8b5acf8dec1883c8c0bbfb3f614f9731d6807.webp,,1,0,,,2026-08-08 22:47:30,,RAPID-2340725
be8575e6-e4a3-4b0d-aedd-4a3d04a3437d,108285,https://fsn1.your-objectstorage.com/tecdoc2025/media_files/images/30/6d4d8454a074c60506b86479a59ed8e1ed7e74b4.webp,,0,2,,,2026-08-08 22:47:30,,RAPID-2513192
be90d28b-b5e6-4008-acff-6f93f2966ad4,108132,https://fsn1.your-objectstorage.com/tecdoc2025/media_files/images/5275/73b99ac25f51bbf11253d0b00a282ae77f1a4047.webp,,1,0,,,2026-08-08 22:47:30,,RAPID-5872826
be96255e-cbdb-4ee9-b6b7-be521981f007,108409,https://fsn1.your-objectstorage.com/tecdoc2025/media_files/images/7669/dd11e8497c76c5d05cd78ed39587040aad95f490.webp,,0,2,,,2026-08-08 22:47:30,,RAPID-74715677
bea00a21-48b1-491a-b81c-d984bd3e9f25,108634,https://fsn1.your-objectstorage.com/tecdoc2025/media_files/PDF/6925/45bc7c34dc3a2937b97cf95d2aa6fcf1f945b80b.pdf,,1,0,,,2026-08-08 22:47:30,,RAPID-21195037
bea7c762-fa5f-4a7c-af0f-79132e8d63b8,108682,https://fsn1.your-objectstorage.com/tecdoc2025/media_files/images/6473/f2b46fc84c22abbe12d5045da18a694b4760861e.webp,,1,0,,,2026-08-08 22:47:30,,RAPID-23862351
bedd7c9f-7cfc-4023-b869-565694995dca,108525,https://fsn1.your-objectstorage.com/tecdoc2025/media_files/images/4522/cfbf2ccc9a630f7688991f14fd89dbac2bc71613.webp,,1,0,,,2026-08-08 22:47:30,,RAPID-2715556
beeb9442-64fe-458c-af28-a23e81566255,108282,https://fsn1.your-objectstorage.com/tecdoc2025/media_files/images/30/2686c5e5b77f251c27cb1b8f41004402dd450747.webp,,0,2,,,2026-08-08 22:47:30,,RAPID-2514801
bef6aa35-e7bc-4658-898e-26f26e45033f,108459,https://fsn1.your-objectstorage.com/tecdoc2025/media_files/images/4840/d39ed7165528b18c33fd2a9296822c461bce42c0.webp,,0,2,,,2026-08-08 22:47:30,,RAPID-2320366
bf25dd41-c311-4783-9ef4-414c69cc152d,108124,https://fsn1.your-objectstorage.com/tecdoc2025/media_files/images/4894/809e98a5692b4b6bf347eb82f651ab0dde4aa245.webp,,1,0,,,2026-08-08 22:47:30,,RAPID-7910534
bf427165-3a8e-4e79-af39-7c603015c6a5,108443,https://fsn1.your-objectstorage.com/tecdoc2025/media_files/images/2/2550521ff0a01e60d69c5e3184e2a11db5fa0eb5.webp,,0,4,,,2026-08-08 22:47:30,,RAPID-5414411
bf63682b-048d-4c81-964e-446077f7d20e,108807,https://fsn1.your-objectstorage.com/tecdoc2025/media_files/images/6357/233e0d86bb21be9d86e063ce9a5e07df29041002.webp,,0,1,,,2026-08-08 22:47:30,,RAPID-9110021
bfb6ab10-c925-41d0-badc-0f056f4eb70d,108512,https://fsn1.your-objectstorage.com/tecdoc2025/media_files/PDF/201/961bf171249e8b88e06b29a394f2edbb4d36fef7.pdf,,1,0,,,2026-08-08 22:47:30,,RAPID-9693160
c021742f-300d-4814-b374-b45e9c8bd6b8,108306,https://fsn1.your-objectstorage.com/tecdoc2025/media_files/images/484/c0d73cf8cb6710daa43562677d3a59b6217c2920.webp,,0,4,,,2026-08-08 22:47:30,,RAPID-6467336
c03acd8d-dfa3-4522-b3ea-74179db82a90,108815,https://fsn1.your-objectstorage.com/tecdoc2025/media_files/images/6357/f9f739d024079eeadcf551e99e23bb0bbf076a27.webp,,0,4,,,2026-08-08 22:47:30,,RAPID-9110139
c0a0eb4f-e846-4da0-9921-4d461e490589,108175,https://fsn1.your-objectstorage.com/tecdoc2025/media_files/images/257/9a2075e3cdc622403a0c96495963c0dd0984f96c.webp,,1,0,,,2026-08-08 22:47:30,,RAPID-8956853
c0a87970-9d9e-424d-8d3b-7f59b0201304,108809,https://fsn1.your-objectstorage.com/tecdoc2025/media_files/images/6357/636c100d71f257637be998259d8a79574ee3e46a.webp,,0,4,,,2026-08-08 22:47:30,,RAPID-9110128
c0c95e08-835c-495a-837a-2c0a16e74927,108605,https://fsn1.your-objectstorage.com/tecdoc2025/media_files/images/403/8e722bcc06300d9ba1bba27c878cad26d93b7fef.webp,,1,0,,,2026-08-08 22:47:30,,RAPID-3031850
c0f1d4f1-f2d6-4374-b98c-df894c0e0219,108801,https://fsn1.your-objectstorage.com/tecdoc2025/media_files/images/7788/df8f3ee4e8e76f8eab5cf3904ba5f579ca681344.webp,,1,0,,,2026-08-08 22:47:30,,RAPID-91462161
c103605a-2b8b-4b0a-be83-17511c482e0a,108718,https://fsn1.your-objectstorage.com/tecdoc2025/media_files/images/6267/80c3d0e19de7c560281af514d56a605fd5a8e939.webp,,0,1,,,2026-08-08 22:47:30,,RAPID-10363049
c11e4040-9c42-4779-b149-e0b1ccce2e77,108501,https://fsn1.your-objectstorage.com/tecdoc2025/media_files/images/185/f37939ab34458665745e48d831b7779a0586f7d1.webp,,1,0,,,2026-08-08 22:47:30,,RAPID-2383206
c13acb98-76e7-4cfe-b6a2-a42a5bcef1ea,108702,https://fsn1.your-objectstorage.com/tecdoc2025/media_files/images/378/fcd7bacb3db52c613ccd3735fd8a70ba2cc8f31e.webp,,0,1,,,2026-08-08 22:47:30,,RAPID-9686787
c1856b94-9f3c-430c-8953-f532cc020c3b,108114,https://fsn1.your-objectstorage.com/tecdoc2025/media_files/images/45/b0664dfbbbd049ff3d6c8370a2eb551038d8085d.webp,,1,0,,,2026-08-08 22:47:30,,RAPID-6027674
c1921064-694f-4601-b318-9703a834c3f7,108446,https://fsn1.your-objectstorage.com/tecdoc2025/media_files/images/2/8edecd57391843ace1c1cf8ca91d9ad86c2a89de.webp,,1,0,,,2026-08-08 22:47:30,,RAPID-5414452
c1b6b4ca-589b-45fe-b727-cd14f22b0ba1,108635,https://fsn1.your-objectstorage.com/tecdoc2025/media_files/images/6495/356c0bf9b0720681def6eae22e2601f050ba08db.webp,,1,0,,,2026-08-08 22:47:30,,RAPID-6467383
c218419f-d48b-411f-8961-41992950807f,108775,https://fsn1.your-objectstorage.com/tecdoc2025/media_files/images/6358/e8179ab8a84ea15088c6f02964ac801258ad6e2b.webp,,0,6,,,2026-08-08 22:47:30,,RAPID-2478092
c24efd2e-6b8b-413b-a6b5-ae970bb6e1bc,108648,https://fsn1.your-objectstorage.com/tecdoc2025/media_files/images/6495/9be11ffa31873b52d90701ba5687236b4799a19d.webp,,1,0,,,2026-08-08 22:47:30,,RAPID-6468476
c25d5e92-4dfa-41a4-8515-671dc9e9dd1f,108709,https://fsn1.your-objectstorage.com/tecdoc2025/media_files/images/4683/f2d94bdfdc0f92b047eca84387e5ba40b5337771.webp,,1,0,,,2026-08-08 22:47:30,,RAPID-424742
c2621978-23b7-4ed4-9517-c3b81ac4b716,108212,https://fsn1.your-objectstorage.com/tecdoc2025/media_files/images/4464/5eba43596b1c85be62a6abbfe3a44defdd341116.webp,,1,0,,,2026-08-08 22:47:30,,RAPID-9689086
c2646321-ad83-4b66-aa5c-e8772ece5dd6,108133,https://fsn1.your-objectstorage.com/tecdoc2025/media_files/images/5275/af89952640281cd45d8870f84ebb5e83eac80bc7.webp,,1,0,,,2026-08-08 22:47:30,,RAPID-5872823
c28a1494-13e6-4c8e-9739-27ca85faf0d3,108754,https://fsn1.your-objectstorage.com/tecdoc2025/media_files/images/6983/c15ac6d41a631fc818357be3eb3ee733a4c41e7a.webp,,1,0,,,2026-08-08 22:47:30,,RAPID-1776607
c2a3894b-e01a-4df1-b183-6274509abe4e,108335,https://fsn1.your-objectstorage.com/tecdoc2025/media_files/images/186/425f7ff89d317bb2602af31bcdcb64e556a6ebac.webp,,0,1,,,2026-08-08 22:47:30,,RAPID-9638634
c2afda40-609e-4158-b459-86692da9aefb,108163,https://fsn1.your-objectstorage.com/tecdoc2025/media_files/images/4826/77e7e87e88284a0df53660ca86b5f6e3bddf0777.webp,,1,0,,,2026-08-08 22:47:30,,RAPID-48306027
c2c85f54-5e09-4fdb-abdc-3e306d474f5a,108580,https://fsn1.your-objectstorage.com/tecdoc2025/media_files/images/95/0743e2f3c0778968a9cc28a9315978e420d80ed1.webp,,0,1,,,2026-08-08 22:47:30,,RAPID-80953906
c2ca3756-c1b8-4b5d-a48e-be876530af11,108247,https://fsn1.your-objectstorage.com/tecdoc2025/media_files/PDF/30/710eeedcab31768c7bd93199b4efada5cb2fb3a8.pdf,,0,1,,,2026-08-08 22:47:30,,RAPID-2512451
c2dd11b6-61c6-45fb-92db-78e6b281d8a6,108165,https://fsn1.your-objectstorage.com/tecdoc2025/media_files/images/4826/2978b43ce8b12f047923b0230c6b262548760f4d.webp,,0,3,,,2026-08-08 22:47:30,,RAPID-54695406
c2fb5451-dd76-4737-b904-259b2fa34c65,108775,https://fsn1.your-objectstorage.com/tecdoc2025/media_files/images/6358/c61ec60694b67390edc4c17fa9b0f3087986045f.webp,,0,3,,,2026-08-08 22:47:30,,RAPID-2478092
c304ede3-e9ed-4644-874e-40de6d40d063,108393,https://fsn1.your-objectstorage.com/tecdoc2025/media_files/images/271/c34d917198b8da4081a67e0dd21fb03976bee218.webp,,0,6,,,2026-08-08 22:47:30,,RAPID-13049770
c36bb1c5-2785-4215-8e77-fba0645078b6,108434,https://fsn1.your-objectstorage.com/tecdoc2025/media_files/images/2/b28a441baab3eee64dbc42d804143f0a5a90ad65.webp,,0,6,,,2026-08-08 22:47:30,,RAPID-5414519
c3aa0630-2299-42ad-bcef-e66824c23d3f,108687,https://fsn1.your-objectstorage.com/tecdoc2025/media_files/images/440/cb26f79aecb04735b67d9cac5b550b379fc81535.webp,,0,2,,,2026-08-08 22:47:30,,RAPID-9495945
c3bfcc88-c704-47a6-b1cf-5b577459cfc3,108773,https://fsn1.your-objectstorage.com/tecdoc2025/media_files/images/6358/27b771f296764188df714177a578752d1ced26c2.webp,,0,1,,,2026-08-08 22:47:30,,RAPID-2478021
c3ef50d5-282c-4e23-9440-994ebfdc7ddd,108201,https://fsn1.your-objectstorage.com/tecdoc2025/media_files/images/7324/fd79c489200118f8246a1096a987aecd7f0c6da5.webp,,0,4,,,2026-08-08 22:47:30,,RAPID-27873809
c3f8d478-34d5-4a44-9f6f-9f3879569a25,108097,https://fsn1.your-objectstorage.com/tecdoc2025/media_files/images/485/fbe5e3b8f6a3df9b817ae555f8300b968e715a01.webp,,0,1,,,2026-08-08 22:47:30,,RAPID-1575143
c3ffd87b-bf27-4a44-959f-63e06eb10881,108259,https://fsn1.your-objectstorage.com/tecdoc2025/media_files/images/30/a21b0d0b6a9a5a2ac8945822f377d933634d96f5.webp,,0,3,,,2026-08-08 22:47:30,,RAPID-2512832
c4026c06-acfd-4b46-9a47-af79e8064e04,108201,https://fsn1.your-objectstorage.com/tecdoc2025/media_files/images/7324/fd79c489200118f8246a1096a987aecd7f0c6da5.webp,,0,6,,,2026-08-08 22:47:30,,RAPID-27873809
c414b133-dfaa-4478-9f25-c4db6145ef71,108591,https://fsn1.your-objectstorage.com/tecdoc2025/media_files/images/403/58cf40065f3d4fc2cd9b19b7406bd42b8b040b86.webp,,0,2,,,2026-08-08 22:47:30,,RAPID-3032673
c435bb1c-d7a8-463d-8aa7-15d21aa937f7,108054,https://fsn1.your-objectstorage.com/tecdoc2025/media_files/images/67/315e3d139b77317b3ddccc8416d2ae921035a9bd.webp,,0,2,,,2026-08-08 22:47:30,,RAPID-4181904
c4aa5471-8a17-4ee9-8954-61e95efb7f1b,108263,https://fsn1.your-objectstorage.com/tecdoc2025/media_files/images/30/9114a8d11697cce74ec7e37d639ade1ab520ed7f.webp,,0,4,,,2026-08-08 22:47:30,,RAPID-2512862
c4ec0c33-ee99-46c1-80e1-b2c94f73443d,108018,https://fsn1.your-objectstorage.com/tecdoc2025/media_files/images/6903/0bdcd207efb57edaf256eb44a76079d044d7de10.webp,Brake Shoe Set,1,0,,,2026-08-06 14:47:26,,RAPID-73928733
c4fcd7b3-ac95-4a55-b906-118414524100,108309,https://fsn1.your-objectstorage.com/tecdoc2025/media_files/images/421/9e526863761dd51e4853a98f1c2f7ce689d6a0d4.webp,,1,0,,,2026-08-08 22:47:30,,RAPID-6278790
c50370cd-641a-48d6-b43e-1b1dbc7a2cb0,108027,https://fsn1.your-objectstorage.com/tecdoc2025/media_files/images/6903/92765fbf8e7169b62cd1fcf94a1aa4cf95d11edf.webp,"Brake Pad Set, disc brake",1,0,,,2026-08-06 14:47:26,,RAPID-73043312
c521a855-aebc-4678-844b-c435ca1808ed,108280,https://fsn1.your-objectstorage.com/tecdoc2025/media_files/images/30/4ef504a6409e960b9aad97f58e787004dabf0480.webp,,0,5,,,2026-08-08 22:47:30,,RAPID-2514802
c5272ae2-dc1a-486c-a7a6-bf7f062d2058,108109,https://fsn1.your-objectstorage.com/tecdoc2025/media_files/images/5646/028f5f918e8b5647b8bdf3f91f8b9ed9273f1142.webp,,1,0,,,2026-08-08 22:47:30,,RAPID-46097464
c53ab957-d4fc-4d1e-a6bf-aab131719a90,108345,https://fsn1.your-objectstorage.com/tecdoc2025/media_files/PDF/66/b0a06df19d2fb12eb19f54b7735ec6b1b5cc4d59.pdf,,1,0,,,2026-08-08 22:47:30,,RAPID-6677577
c5481727-5ec9-4217-8a37-dd6b7e8a02cc,108129,https://fsn1.your-objectstorage.com/tecdoc2025/media_files/images/6372/aa6a74feb0646a2ae4dc7151290f25f43e4a1515.webp,,1,0,,,2026-08-08 22:47:30,,RAPID-6848021
c5738c7b-5ae8-4675-9a56-875ae4aeac2b,108452,https://fsn1.your-objectstorage.com/tecdoc2025/media_files/images/2/9465c255ca7a446e070e06aae09d3aa8469b248f.webp,,1,0,,,2026-08-08 22:47:30,,RAPID-25705792
c597fe53-d757-4c66-9c43-d606e2d60b52,108640,https://fsn1.your-objectstorage.com/tecdoc2025/media_files/PDF/6495/cb1e283f978087500a6609c520512fd3fddec96c.pdf,,0,2,,,2026-08-08 22:47:30,,RAPID-6467362
c5980da8-1f64-4e9c-a8d3-59b5d64c747a,108650,https://fsn1.your-objectstorage.com/tecdoc2025/media_files/images/6495/356c0bf9b0720681def6eae22e2601f050ba08db.webp,,1,0,,,2026-08-08 22:47:30,,RAPID-6469465
c5a4231c-8bc8-4b26-aa6e-f4bfc5b80e69,108113,https://fsn1.your-objectstorage.com/tecdoc2025/media_files/images/45/5cafe857e274ea384429a9d0bc991c40ac42c2b0.webp,,1,0,,,2026-08-08 22:47:30,,RAPID-6027678
c5f231e3-f4fe-481e-940d-9c3cc75de3ce,108514,https://fsn1.your-objectstorage.com/tecdoc2025/media_files/images/4546/1005fb93f28c13360ef1abf2e0b77e152bd378aa.webp,,1,0,,,2026-08-08 22:47:30,,RAPID-7817463
c6441be0-ce23-4dda-afd5-1ec1c42d51bf,108820,https://fsn1.your-objectstorage.com/tecdoc2025/media_files/images/6357/96975ea27e0ff57606ac82c3ab5c5d13553d558e.webp,,0,4,,,2026-08-08 22:47:30,,RAPID-9110284
c650cbdf-a234-498f-a6f4-913cedb46543,108393,https://fsn1.your-objectstorage.com/tecdoc2025/media_files/images/271/3a59525b9e75d702dd9796a41ff06462cb3df513.webp,,0,4,,,2026-08-08 22:47:30,,RAPID-13049770
c6528286-ce41-46c0-84f9-ecc57399293b,108089,https://fsn1.your-objectstorage.com/tecdoc2025/media_files/images/4501/3d42e18bc6305637d7cb62684ee37e63f44a3415.webp,,1,0,,,2026-08-08 22:47:30,,RAPID-7903157
c66869e6-eeb0-4063-afad-7d1629818b3a,108269,https://fsn1.your-objectstorage.com/tecdoc2025/media_files/images/30/3411ae61886615722e6fc43ed322b3bbafc8dbed.webp,,0,5,,,2026-08-08 22:47:30,,RAPID-2513126
c6743a42-edb6-4724-b542-aa7b796f2cbf,108267,https://fsn1.your-objectstorage.com/tecdoc2025/media_files/images/30/7581c9df2b9e38c05ca2d556ad694806c84df6ae.webp,,0,1,,,2026-08-08 22:47:30,,RAPID-2513002
c68303fe-ee47-4abc-9c71-648a7f2bbef7,108760,https://fsn1.your-objectstorage.com/tecdoc2025/media_files/images/57/afab1b3a37f94935aa17e22b70c46168daf9785d.webp,,1,0,,,2026-08-08 22:47:30,,RAPID-8694120
c687403d-55c0-4d28-ac6e-57c7cc3a5b8b,108345,https://fsn1.your-objectstorage.com/tecdoc2025/media_files/images/66/34d68cd912934077cc78c387b8ae6a5a9c2e6961.webp,,0,1,,,2026-08-08 22:47:30,,RAPID-6677577
c693f030-e57d-47b3-b624-2c634dc8ce1b,108465,https://fsn1.your-objectstorage.com/tecdoc2025/media_files/images/6359/33a9161dad88efcf0516fd5da5b7016310fcb0a1.webp,,1,0,,,2026-08-08 22:47:30,,RAPID-15168701
c6f33b64-5505-4507-ab9c-bbb6ae73b6b0,108768,https://fsn1.your-objectstorage.com/tecdoc2025/media_files/images/6358/aded5a4eaa95af2cfa35b3ffdc3daf97079f9a05.webp,,0,6,,,2026-08-08 22:47:30,,RAPID-2478005
c718957e-3422-4c0d-9507-bc3c2826e127,108228,https://fsn1.your-objectstorage.com/tecdoc2025/media_files/images/475/8c2f1c166f5f4890077d7e80d90d4d306e2a22d9.webp,,1,0,,,2026-08-08 22:47:30,,RAPID-6142068
c71b2a92-6c57-44b3-9015-77675307f076,108160,https://fsn1.your-objectstorage.com/tecdoc2025/media_files/images/4826/17a36f7ef20ec8d0c27cbd219c1199a36e60349f.webp,,1,0,,,2026-08-08 22:47:30,,RAPID-54563697
c745d656-f9e9-47a1-84e9-9613bd0adac9,108780,https://fsn1.your-objectstorage.com/tecdoc2025/media_files/images/6358/12a04bc867bc0750286ca4e7dc7258ed39dcdd09.webp,,1,0,,,2026-08-08 22:47:30,,RAPID-2478300
c7726612-e090-4ffc-8827-3c79c23ae000,108455,https://fsn1.your-objectstorage.com/tecdoc2025/media_files/images/4840/f8e2cc6585241b0e17141d97975338333836a4b6.webp,,0,1,,,2026-08-08 22:47:30,,RAPID-1492213
c7caddf5-be68-48af-92ee-93cc79571006,108695,https://fsn1.your-objectstorage.com/tecdoc2025/media_files/images/4380/aa81473ba418e2b4cfe4f512a820ca193bac71a8.webp,,0,3,,,2026-08-08 22:47:30,,RAPID-1961490
c8046743-9009-4191-9bd1-a0a1a267708a,108601,https://fsn1.your-objectstorage.com/tecdoc2025/media_files/images/403/d73c1c60ad076741742b17d8e08fe9519260d8c9.webp,,0,1,,,2026-08-08 22:47:30,,RAPID-3032886
c858da76-d055-4ecb-a47d-c3f1c58024ad,108822,https://fsn1.your-objectstorage.com/tecdoc2025/media_files/images/6357/d6809e85f88dc9d384aacbe4849fa82e6ceefa50.webp,,1,0,,,2026-08-08 22:47:30,,RAPID-9110270
c896d77f-fdaa-464e-8f58-e549f7e339f8,108161,https://fsn1.your-objectstorage.com/tecdoc2025/media_files/images/4826/05e7f7c56548be75c96c06924aded30313ee3474.webp,,0,2,,,2026-08-08 22:47:30,,RAPID-47436407
c89da989-1fef-45a7-b921-d8a08407589e,108683,https://fsn1.your-objectstorage.com/tecdoc2025/media_files/PDF/440/ec03350a27617f6d2ca8b1a61097bbedbaf431e2.pdf,,0,1,,,2026-08-08 22:47:30,,RAPID-9495954
c8ba48c7-6575-44a4-8b07-6c7b771ab0ba,108439,https://fsn1.your-objectstorage.com/tecdoc2025/media_files/images/2/9465c255ca7a446e070e06aae09d3aa8469b248f.webp,,1,0,,,2026-08-08 22:47:30,,RAPID-31757157
c8e29175-92eb-4a6a-93c0-77ccd6a2c4d9,108789,https://fsn1.your-objectstorage.com/tecdoc2025/media_files/images/6358/5c0c8976a60bc06021825c44898512a2c05a5bb4.webp,,0,3,,,2026-08-08 22:47:30,,RAPID-2477992
c8f93dff-c9c4-44e2-8506-a456b429427d,108272,https://fsn1.your-objectstorage.com/tecdoc2025/media_files/images/30/ad5c6653be6893a1a888ec41ba743ac8cb8d23ac.webp,,0,7,,,2026-08-08 22:47:30,,RAPID-2513311
c91e00c1-8721-4c8c-8f11-c54c4462f458,108171,https://fsn1.your-objectstorage.com/tecdoc2025/media_files/images/4576/a8a35912f0fa3483c3ca62c4b7bcc98e7bfbb4da.webp,,1,0,,,2026-08-08 22:47:30,,RAPID-20200487
c937422b-c3b9-4cc4-8d01-bbb04754e442,108375,https://fsn1.your-objectstorage.com/tecdoc2025/media_files/images/6942/6fcdcc72c9925cf31a36f5079845218b44b6c777.webp,,0,1,,,2026-08-08 22:47:30,,RAPID-8904852
c952349e-128d-4857-a691-5df0b738e5f1,108628,https://fsn1.your-objectstorage.com/tecdoc2025/media_files/images/6925/a6aca409b32187f9f717bf6376847e0e3b5355b8.webp,,0,1,,,2026-08-08 22:47:30,,RAPID-9217199
c9e0db42-ff7e-40b6-abc9-7dff58003ad1,108841,https://fsn1.your-objectstorage.com/tecdoc2025/media_files/images/4595/5ae15d449332823a51567585556a89d89406f2b9.webp,,1,0,,,2026-08-08 22:47:30,,RAPID-1833351
ca09d73d-35f6-440b-9d19-ec8af61ac6bd,108099,https://fsn1.your-objectstorage.com/tecdoc2025/media_files/images/4671/4c0e8a3e24962bd43d92b4305940395f5c106270.webp,,0,1,,,2026-08-08 22:47:30,,RAPID-8249594
ca16da3a-bef0-4bd9-9bfd-c616fdedc0b0,108504,https://fsn1.your-objectstorage.com/tecdoc2025/media_files/images/201/54f5b908ccc7d8fe10556819657e723bc6fa1314.webp,,0,2,,,2026-08-08 22:47:30,,RAPID-9690875
ca2a1951-c4ce-492e-b37d-ee61d80e12a6,108276,https://fsn1.your-objectstorage.com/tecdoc2025/media_files/images/30/d7fb2758620b7d45a914da47a401c9aa0f5b7ef4.webp,,0,4,,,2026-08-08 22:47:30,,RAPID-2513475
ca2bc1fd-32ee-4236-a966-3ec140e36aef,108469,https://fsn1.your-objectstorage.com/tecdoc2025/media_files/images/5947/75d9e83f0b47afa758cd6593474197a3ef48a0e7.webp,,1,0,,,2026-08-08 22:47:30,,RAPID-15231449
ca341c08-95dd-48cb-9382-861ed80da331,108424,https://fsn1.your-objectstorage.com/tecdoc2025/media_files/images/5251/c8edd0091ec597eee069dc5a4f8a863d402370a9.webp,,0,1,,,2026-08-08 22:47:30,,RAPID-1438553
ca38f547-64f5-4b15-8f53-f70b7517f59f,108578,https://fsn1.your-objectstorage.com/tecdoc2025/media_files/images/95/c67fa3f988c4a7f1938c92eb70655bcc4b12099c.webp,,1,0,,,2026-08-08 22:47:30,,RAPID-107725
ca5f4782-707f-41f4-b00b-7767f7da4519,108767,https://fsn1.your-objectstorage.com/tecdoc2025/media_files/images/6358/e4aa306be826a1998d54a0eb6e3ac5e6d0b526cb.webp,,0,3,,,2026-08-08 22:47:30,,RAPID-2478004
ca76f560-662f-4aaa-8418-e005233bef3f,108041,https://fsn1.your-objectstorage.com/tecdoc2025/media_files/images/4997/4dfb66302f7b5e423f4868eb67b5b8509f82b81a.webp,"Tensioner Pulley, timing belt",1,0,,,2026-08-06 14:47:26,,RAPID-10425833
cadce27c-0a33-49b0-aa32-280d6ad4c18c,108386,https://fsn1.your-objectstorage.com/tecdoc2025/media_files/images/4834/1e79d41e79ceb70ca45ffef3c68baa26743450f2.webp,,1,0,,,2026-08-08 22:47:30,,RAPID-2014165
cb08f6cc-012e-405e-bf77-b23831987bed,108849,https://fsn1.your-objectstorage.com/tecdoc2025/media_files/images/4595/e96a06d7f9f9f81bc49dbfc1c34adbd34368e833.webp,,1,0,,,2026-08-08 22:47:30,,RAPID-1872682
cb88aaad-f842-4d9f-ae24-1ed6acb02ffa,108207,https://fsn1.your-objectstorage.com/tecdoc2025/media_files/images/4464/2a4d622b46f769cedee946cbb87f39f1ade422b6.webp,,1,0,,,2026-08-08 22:47:30,,RAPID-9686380
cbe05195-e76a-48ef-bb2a-f63e671e3d59,108629,https://fsn1.your-objectstorage.com/tecdoc2025/media_files/images/6925/1d847c91822d9909dfb083c5c754b9f6efea783a.webp,,1,0,,,2026-08-08 22:47:30,,RAPID-8159120
cc14c606-9d5c-447d-b493-c2fa1cbe060c,108434,https://fsn1.your-objectstorage.com/tecdoc2025/media_files/images/2/7bd43db804fad2e9e4337e605f4dbfde3c73e25a.webp,,0,3,,,2026-08-08 22:47:30,,RAPID-5414519
cc2aca8e-43ff-4566-b1a9-84f08b046be1,108144,https://fsn1.your-objectstorage.com/tecdoc2025/media_files/images/6390/e549af0595ab8454554408eca9e002d4021e6e9f.webp,,1,0,,,2026-08-08 22:47:30,,RAPID-4834585
cca5c63e-892b-47ef-8ff4-592951441b13,108808,https://fsn1.your-objectstorage.com/tecdoc2025/media_files/images/6357/7515044c0aa6298b2e54aa4ed32703f598c5f0b7.webp,,0,2,,,2026-08-08 22:47:30,,RAPID-9110003
ccbe6cef-4002-4d65-842b-476bb39e8541,108456,https://fsn1.your-objectstorage.com/tecdoc2025/media_files/images/4840/11f6fae2b9b7d11dc320ddf6ea10087de9bd44ab.webp,,1,0,,,2026-08-08 22:47:30,,RAPID-642850
ccbfcef5-1e6a-42f3-bf3b-5e253e5f6b2d,108630,https://fsn1.your-objectstorage.com/tecdoc2025/media_files/images/6925/5f1b1d17dc5a8a5754f955fabf8d023cdbf79f7e.webp,,0,5,,,2026-08-08 22:47:30,,RAPID-9217428
cced0221-39a2-4ad7-8605-4287a8744c5b,108361,https://fsn1.your-objectstorage.com/tecdoc2025/media_files/images/4318/28d4d717bd319224fc02cf37e87e815dd342c47c.webp,,1,0,,,2026-08-08 22:47:30,,RAPID-3706446
cd24f38e-10a0-4d52-9c86-bc5daa743c0f,108247,https://fsn1.your-objectstorage.com/tecdoc2025/media_files/images/30/2bfcc8e31672ed129048fb0f9ec77aae2740d02f.webp,,0,5,,,2026-08-08 22:47:30,,RAPID-2512451
cd2b13ab-d0cc-4194-9861-6a7011adb1df,108447,https://fsn1.your-objectstorage.com/tecdoc2025/media_files/images/2/3d48254791a18434c5e3c867d72715e8bc195157.webp,,0,2,,,2026-08-08 22:47:30,,RAPID-16225763
cd352779-ca5d-4095-b770-1e35893d60f6,108342,https://fsn1.your-objectstorage.com/tecdoc2025/media_files/PDF/66/b0a06df19d2fb12eb19f54b7735ec6b1b5cc4d59.pdf,,1,0,,,2026-08-08 22:47:30,,RAPID-6617676
cd3a92c9-27f5-437f-9f4d-c02cd9c3504e,108823,https://fsn1.your-objectstorage.com/tecdoc2025/media_files/images/6357/3df167b663cdff82865e8cf5424a89ef92adf16c.webp,,0,7,,,2026-08-08 22:47:30,,RAPID-9110356
cd632021-150e-4f98-90ce-f4a0595120ce,108426,https://fsn1.your-objectstorage.com/tecdoc2025/media_files/images/2/dff011557fb75bc44138a1714dd2d4a01ec98938.webp,,0,3,,,2026-08-08 22:47:30,,RAPID-12571775
cd816301-d0a8-4cfb-b9ae-d89b79c0873e,108791,https://fsn1.your-objectstorage.com/tecdoc2025/media_files/images/4592/39f8dbda49ba1600bd7c8d9a67b0107ce14aa425.webp,,0,2,,,2026-08-08 22:47:30,,RAPID-9245854
cd876d34-9332-4e38-9326-e063cf7c2180,108809,https://fsn1.your-objectstorage.com/tecdoc2025/media_files/images/6357/0d8299ac15c8a9a0ca57d88ad0f5d36fef666d09.webp,,0,2,,,2026-08-08 22:47:30,,RAPID-9110128
cd884b53-319b-4291-a41a-bc8fb9b286f9,108285,https://fsn1.your-objectstorage.com/tecdoc2025/media_files/images/30/5c3387a5a2bc44338526c6a81b9138fe25908a4e.webp,,0,1,,,2026-08-08 22:47:30,,RAPID-2513192
cdb414a7-8443-41f5-937a-5bd2c3d974e1,108740,https://fsn1.your-objectstorage.com/tecdoc2025/media_files/images/7101/6b9c5bcb40001504b77d8ef0e1de9ab476dc9daa.webp,,1,0,,,2026-08-08 22:47:30,,RAPID-26460396
cdc2d731-d971-4ae2-be8f-203700c220d9,108726,https://fsn1.your-objectstorage.com/tecdoc2025/media_files/images/4652/6d8295c854ba5a9434e23dd50121fb6006427c59.webp,,1,0,,,2026-08-08 22:47:30,,RAPID-7650093
ce31e0f7-ef3d-401c-8a3c-c1ef0e3befc2,108775,https://fsn1.your-objectstorage.com/tecdoc2025/media_files/images/6358/1dcc415d76e2250fbd3d2668712bb80166c4e3e9.webp,,0,1,,,2026-08-08 22:47:30,,RAPID-2478092
ce94270a-f86a-4833-b6b6-66665406f2bb,108269,https://fsn1.your-objectstorage.com/tecdoc2025/media_files/PDF/30/4ecd71838d467cee799631666377bc459e256d29.pdf,,1,0,,,2026-08-08 22:47:30,,RAPID-2513126
cf8adaa5-3a88-4c93-840a-6456cd5716a1,108338,https://fsn1.your-objectstorage.com/tecdoc2025/media_files/images/186/a6c1e9350686b63d466ea511af20b63dc48d8c2a.webp,,1,0,,,2026-08-08 22:47:30,,RAPID-51777116
cfae52e0-fb62-4b23-bf12-a4c40e2c25cc,108019,https://fsn1.your-objectstorage.com/tecdoc2025/media_files/images/6903/1e9855a09296d53a99c874e18d750f6f84d0e1bb.webp,Brake Shoe Set,1,0,,,2026-08-06 14:47:26,,RAPID-82037042
d01eb3de-edfc-4290-81d5-c299e65ca659,108021,https://fsn1.your-objectstorage.com/tecdoc2025/media_files/images/6903/b4ed98bd2c70524a398e59b1862f36515f2231fe.webp,"Brake Pad Set, disc brake",1,0,,,2026-08-06 14:47:26,,RAPID-73828702
d02b5193-7f3b-4135-8400-fecb0d0b96a7,108360,https://fsn1.your-objectstorage.com/tecdoc2025/media_files/images/4318/2313e728d09fa42021c5b7d857a7b9b232facdb7.webp,,1,0,,,2026-08-08 22:47:30,,RAPID-3706431
d047d697-0512-4ae8-aa05-f986af8cd0fb,108351,https://fsn1.your-objectstorage.com/tecdoc2025/media_files/images/4585/03e60ef31c04ac3c99f4e6373bf0847ed260a4f8.webp,,1,0,,,2026-08-08 22:47:30,,RAPID-6678475
d05bf7e6-2616-474c-a395-522d9f4b3cb0,108277,https://fsn1.your-objectstorage.com/tecdoc2025/media_files/images/30/f4d0e0c8fbc18ed4b84342ef47761d421b3a7cf3.webp,,0,1,,,2026-08-08 22:47:30,,RAPID-2514804
d0a3f4ee-4a81-429e-96e8-644702c5b094,108586,https://fsn1.your-objectstorage.com/tecdoc2025/media_files/images/403/e168e4aa6d7d0900220a428ea03992e91ba4a07e.webp,,0,2,,,2026-08-08 22:47:30,,RAPID-3031819
d0bb3dca-c466-420c-87d0-375d38f3710b,108560,https://fsn1.your-objectstorage.com/tecdoc2025/media_files/images/4600/381c0158750205aa1dacff7d9be7e4259ca59740.webp,,0,2,,,2026-08-08 22:47:30,,RAPID-7968199
d0bfd665-582a-4296-a20b-74a1348e31b2,108395,https://fsn1.your-objectstorage.com/tecdoc2025/media_files/images/271/a63210cf65f732f4049aa16c34d00c12c2889142.webp,,0,1,,,2026-08-08 22:47:30,,RAPID-18344449
d0d65587-3104-48ac-a3b6-04ceea483567,108805,https://fsn1.your-objectstorage.com/tecdoc2025/media_files/images/6357/c77af7d1d0f86f98b2f4dea481a9554c440ecbb1.webp,,0,3,,,2026-08-08 22:47:30,,RAPID-9110016
d0e12f38-691d-4722-b42b-9e83cc3ce460,108543,https://fsn1.your-objectstorage.com/tecdoc2025/media_files/images/4522/6778ad4f527d30b85eff8a940f5f7b449bdb91a9.webp,,1,0,,,2026-08-08 22:47:30,,RAPID-2722167
d12a2fcb-545a-4502-940b-05a4e4d6143d,108272,https://fsn1.your-objectstorage.com/tecdoc2025/media_files/images/30/e13cba4e453449b75d545893cd4d87576ec426bb.webp,,0,3,,,2026-08-08 22:47:30,,RAPID-2513311
d12bf57a-f406-4384-b6c0-c892f02ddf30,108428,https://fsn1.your-objectstorage.com/tecdoc2025/media_files/images/2/f231609619af282ef6e1866a71e3ca2f5e1a63c4.webp,,0,2,,,2026-08-08 22:47:30,,RAPID-5414488
d1631365-525d-419d-8b07-e08756bf5ba4,108020,https://fsn1.your-objectstorage.com/tecdoc2025/media_files/images/6903/c6b4516cbfacaaccc8ee90566fb69f86f521d011.webp,Brake Shoe Set,1,0,,,2026-08-06 14:47:26,,RAPID-82102237
d186b5ab-76e1-40f1-915e-a51e8a898f97,108645,https://fsn1.your-objectstorage.com/tecdoc2025/media_files/PDF/6495/cb1e283f978087500a6609c520512fd3fddec96c.pdf,,0,2,,,2026-08-08 22:47:30,,RAPID-6467402
d18e917b-659e-42cc-947b-40d6a5def669,108335,https://fsn1.your-objectstorage.com/tecdoc2025/media_files/images/186/d065357892440a88f04879c4e122e366607ab39b.webp,,1,0,,,2026-08-08 22:47:30,,RAPID-9638634
d19c01c9-341a-4fb6-a48a-9eda4c434d9f,108067,https://fsn1.your-objectstorage.com/tecdoc2025/media_files/images/30/46d319a01184cc19949b9e18733e9ffcc2c76bf9.webp,,0,4,,,2026-08-08 22:47:30,,RAPID-737251
d19e5d9f-a518-43f9-97f0-3f8ecc2e0988,108628,https://fsn1.your-objectstorage.com/tecdoc2025/media_files/images/6925/73e64d48fea59df373d2267474b151f7ab5a3d47.webp,,0,7,,,2026-08-08 22:47:30,,RAPID-9217199
d1b7a56a-3c2b-4fb2-a955-e66f72a01a4d,108365,https://fsn1.your-objectstorage.com/tecdoc2025/media_files/images/4318/94436faa8b81302efc773eeb084a5f13407de9f9.webp,,1,0,,,2026-08-08 22:47:30,,RAPID-3381128
d21cd625-8fa1-45ae-b734-551457079fad,108180,https://fsn1.your-objectstorage.com/tecdoc2025/media_files/images/257/aa6a74feb0646a2ae4dc7151290f25f43e4a1515.webp,,1,0,,,2026-08-08 22:47:30,,RAPID-8956999
d22144b5-5397-4d51-ab40-ea84668fa179,108277,https://fsn1.your-objectstorage.com/tecdoc2025/media_files/images/30/34e18702ff8e8a22f1da2aaeab1f9e43378d3304.webp,,0,4,,,2026-08-08 22:47:30,,RAPID-2514804
d232e13d-0e1e-4b32-9cd4-eed8c738540b,108522,https://fsn1.your-objectstorage.com/tecdoc2025/media_files/images/4546/1b3fb3b0f24ce8eba8d3aab3327128a74a60b101.webp,,1,0,,,2026-08-08 22:47:30,,RAPID-7747677
d24d782e-7d64-4954-9814-4fdb60293b6c,108702,https://fsn1.your-objectstorage.com/tecdoc2025/media_files/PDF/378/8a43ffde7a7782874f25f3c17ab38c8fec69770b.pdf,,1,0,,,2026-08-08 22:47:30,,RAPID-9686787
d2597456-f440-4b97-a903-fe019fa4152e,108060,https://fsn1.your-objectstorage.com/tecdoc2025/media_files/images/7391/45c8ec9edb11e6a67304685ac7264448adfa4d68.webp,,1,0,,,2026-08-08 22:47:30,,RAPID-40470918
d2606cf4-7116-48e2-83e0-d429e01468fa,108486,https://fsn1.your-objectstorage.com/tecdoc2025/media_files/images/481/10a28340a523656dc84172a127a81680c6542ed7.webp,,1,0,,,2026-08-08 22:47:30,,RAPID-9049157
d2a488b9-2144-421d-b098-fc550c2bae75,108322,https://fsn1.your-objectstorage.com/tecdoc2025/media_files/images/4434/b4c541c03cc1c6a2f35f986709e793dfa9956a8d.webp,,0,1,,,2026-08-08 22:47:30,,RAPID-17808437
d2da2b40-b015-4191-ad62-3b1b26fd34ba,108822,https://fsn1.your-objectstorage.com/tecdoc2025/media_files/images/6357/f0c706b4763b0a4e8b71487600213bfd8562a224.webp,,0,3,,,2026-08-08 22:47:30,,RAPID-9110270
d2dc43e3-7956-4487-bb7b-dc52b3ac704f,108689,https://fsn1.your-objectstorage.com/tecdoc2025/media_files/PDF/145/a129df233f90511e02e16c20fb0b583a5803ca40.pdf,,0,1,,,2026-08-08 22:47:30,,RAPID-2340684
d2deef40-302a-40d2-9fd4-34444d3b8fc8,108261,https://fsn1.your-objectstorage.com/tecdoc2025/media_files/PDF/30/710eeedcab31768c7bd93199b4efada5cb2fb3a8.pdf,,1,0,,,2026-08-08 22:47:30,,RAPID-2512716
d3078c8b-d887-49bd-bd2d-7a04e149ed9e,108597,https://fsn1.your-objectstorage.com/tecdoc2025/media_files/images/403/40041c60365802cc31839b54dcb8a144c0c2905a.webp,,0,1,,,2026-08-08 22:47:30,,RAPID-3032888
d3111b15-ff8f-4a8b-a5a7-bd6397c831d5,108340,https://fsn1.your-objectstorage.com/tecdoc2025/media_files/images/66/f8c8012b5e42b4db1410f0c8b2cfa440bae91d62.webp,,0,1,,,2026-08-08 22:47:30,,RAPID-6604012
d32da971-680c-4884-a701-fd2009cecfce,108067,https://fsn1.your-objectstorage.com/tecdoc2025/media_files/images/30/42cf784dba078e63f6f764134970ebead324a166.webp,,1,0,,,2026-08-08 22:47:30,,RAPID-737251
d34fc6fc-e42f-49b9-8d2b-30a476554e74,108107,https://fsn1.your-objectstorage.com/tecdoc2025/media_files/images/5646/028f5f918e8b5647b8bdf3f91f8b9ed9273f1142.webp,,1,0,,,2026-08-08 22:47:30,,RAPID-40600138
d352e55a-07cd-45a7-9fba-003ee472a126,108818,https://fsn1.your-objectstorage.com/tecdoc2025/media_files/images/6357/e1d9256e3178e71320cd4a8e4168bcda8bba5787.webp,,1,0,,,2026-08-08 22:47:30,,RAPID-9110170
d357f4f3-61d3-40a5-a900-9c951d670a13,108630,https://fsn1.your-objectstorage.com/tecdoc2025/media_files/images/6925/a6aca409b32187f9f717bf6376847e0e3b5355b8.webp,,0,1,,,2026-08-08 22:47:30,,RAPID-9217428
d36694e9-6dbf-4c68-a03d-e7170c016e2a,108504,https://fsn1.your-objectstorage.com/tecdoc2025/media_files/images/201/e44cfb11d0a55f45ca59e3b9b5c8e1a0c74f52f2.webp,,0,3,,,2026-08-08 22:47:30,,RAPID-9690875
d381d061-5ccc-4ca9-88cc-055c0400b778,108341,https://fsn1.your-objectstorage.com/tecdoc2025/media_files/images/66/38c976cdddff8b7672e37a629022dd040bec9404.webp,,0,3,,,2026-08-08 22:47:30,,RAPID-6617686
d393c7b3-44c9-4e58-b169-f91bc6ceebcb,108339,https://fsn1.your-objectstorage.com/tecdoc2025/media_files/PDF/66/b0a06df19d2fb12eb19f54b7735ec6b1b5cc4d59.pdf,,1,0,,,2026-08-08 22:47:30,,RAPID-6604009
d397f8a1-8da1-4989-8073-683de205396f,108161,https://fsn1.your-objectstorage.com/tecdoc2025/media_files/images/4826/6e361b522d035a9676a1af0c4b8520c0114aa91d.webp,,0,3,,,2026-08-08 22:47:30,,RAPID-47436407
d3a756ee-726d-480d-8c90-cb223b8fca30,108229,https://fsn1.your-objectstorage.com/tecdoc2025/media_files/images/475/5620f2885d3f847033befeb6f45d901e7c127c5f.webp,,0,1,,,2026-08-08 22:47:30,,RAPID-6141606
d3d3e46c-bddc-4d55-8139-031008464e9d,108798,https://fsn1.your-objectstorage.com/tecdoc2025/media_files/images/7788/febc453b4c7871df143e5d009775baf6934e66d3.webp,,1,0,,,2026-08-08 22:47:30,,RAPID-91790776
d3e4c809-d1e8-499f-a94c-9edb77a4fef5,108447,https://fsn1.your-objectstorage.com/tecdoc2025/media_files/images/2/69f099ed4e95c248eb27e194095bdc7e98135072.webp,,0,5,,,2026-08-08 22:47:30,,RAPID-16225763
d4216ee8-5394-409e-89ff-0c539d654edd,108259,https://fsn1.your-objectstorage.com/tecdoc2025/media_files/images/30/0b5c6de8c8ffce6272f04dd567ed520509889224.webp,,0,4,,,2026-08-08 22:47:30,,RAPID-2512832
d43d2ee6-08b8-47c8-8dd7-17d8fc766706,108594,https://fsn1.your-objectstorage.com/tecdoc2025/media_files/images/403/322a132103abbc96c22536aba4b2e39f059296df.webp,,0,2,,,2026-08-08 22:47:30,,RAPID-3032431
d45d4277-c5f5-49c7-a46c-b117ce577ce8,108034,https://fsn1.your-objectstorage.com/tecdoc2025/media_files/images/6903/1d193bb4aa746d4a82d5fa0eae8ddb9ef803ae26.webp,"Brake Pad Set, disc brake",1,0,,,2026-08-06 14:47:26,,RAPID-76751619
d484056e-8f3a-4f79-945f-e73a611c5456,108160,https://fsn1.your-objectstorage.com/tecdoc2025/media_files/images/4826/67c672cec12757b404fd5576084588c704c6e010.webp,,0,4,,,2026-08-08 22:47:30,,RAPID-54563697
d4906d7a-1e7d-408f-9f7a-f01b3cbfbf11,108042,https://fsn1.your-objectstorage.com/tecdoc2025/media_files/images/206/14a785fd194675b7b0e89b08f0efde7c355872df.webp,Brake Shoe Set,0,1,,,2026-08-06 14:47:26,,RAPID-5054000
d494c871-0178-4e2d-9d0f-37eaecba2ce6,108544,https://fsn1.your-objectstorage.com/tecdoc2025/media_files/images/4522/e48e204acaef87241b50a4f3f76f23113f769073.webp,,1,0,,,2026-08-08 22:47:30,,RAPID-2724975
d4964235-86e9-4183-946b-a277ee9b3372,108238,https://fsn1.your-objectstorage.com/tecdoc2025/media_files/images/475/4f5966179eed9f526545d3c13f50a4460bdf9d02.webp,,0,1,,,2026-08-08 22:47:30,,RAPID-6142073
d49da21b-b2b9-4535-a8ab-044e063a17e6,108744,https://fsn1.your-objectstorage.com/tecdoc2025/media_files/images/6990/2810b04dd64d9d255fd83ceea7e12d75be61dfce.webp,,0,2,,,2026-08-08 22:47:30,,RAPID-8526922
d4a7ab49-1794-40d8-9af7-5e3ed7a5ef56,108488,https://fsn1.your-objectstorage.com/tecdoc2025/media_files/images/481/c9aa499bc1d35e576df6f7d79c3a03800c7d6f06.webp,,1,0,,,2026-08-08 22:47:30,,RAPID-47585805
d4d0a05d-8d5c-49c7-9ab3-c6b7be12f506,108231,https://fsn1.your-objectstorage.com/tecdoc2025/media_files/images/475/477dcea16e4c76602ca34670f4953604265376ad.webp,,0,1,,,2026-08-08 22:47:30,,RAPID-6142305
d4f505a0-38c1-47ca-accd-37fe6bb860fa,108092,https://fsn1.your-objectstorage.com/tecdoc2025/media_files/images/249/7556a23df5c0960c0b55375ddbd4ebb6dfe8f282.webp,,1,0,,,2026-08-08 22:47:30,,RAPID-34216686
d4f5ed1d-832c-4fe8-ac8e-becdb2524162,108235,https://fsn1.your-objectstorage.com/tecdoc2025/media_files/images/475/be2edb544898f0aa86b8c34bb79f015b2319d4a9.webp,,1,0,,,2026-08-08 22:47:30,,RAPID-6142072
d56a0dc6-03aa-4646-a67e-e7a6c002ba8b,108454,https://fsn1.your-objectstorage.com/tecdoc2025/media_files/images/4840/d7e2ea700eff92600daecc04c4aa1f61d13cf706.webp,,0,1,,,2026-08-08 22:47:30,,RAPID-126460
d5bb812c-adb5-4a4e-90ad-514294e5b0b3,108652,https://fsn1.your-objectstorage.com/tecdoc2025/media_files/images/6495/356c0bf9b0720681def6eae22e2601f050ba08db.webp,,1,0,,,2026-08-08 22:47:30,,RAPID-6467360
d5e4d6eb-c861-43c3-b689-ed159268c169,108833,https://fsn1.your-objectstorage.com/tecdoc2025/media_files/images/4667/4bd6f923c42a41bfbb81272bf329d3c2962dbfbc.webp,,1,0,,,2026-08-08 22:47:30,,RAPID-9326886
d60806b0-9162-457e-b7eb-32945800a467,108490,https://fsn1.your-objectstorage.com/tecdoc2025/media_files/images/6985/3707bc883d292e8181b0583b04cbd099f375e540.webp,,1,0,,,2026-08-08 22:47:30,,RAPID-28434674
d6132aee-b5c3-4f90-acb9-c5d7576c0493,108178,https://fsn1.your-objectstorage.com/tecdoc2025/media_files/images/257/7f70dfc4183005dfdada9811b6e17abe25c790e6.webp,,1,0,,,2026-08-08 22:47:30,,RAPID-8956980
d6349544-75ea-4337-897b-5ed256ee9e94,108752,https://fsn1.your-objectstorage.com/tecdoc2025/media_files/images/6983/2467fb8392acb20d1f669684528d16356b9a5c92.webp,,1,0,,,2026-08-08 22:47:30,,RAPID-1776608
d6ac6867-178b-431c-8e96-bbebbd075e39,108628,https://fsn1.your-objectstorage.com/tecdoc2025/media_files/images/6925/1cb08fd33262866ce1ee68d1f474ee9cf718bbd5.webp,,0,4,,,2026-08-08 22:47:30,,RAPID-9217199
d6b368b4-039f-4151-9550-384a72fdafbb,108116,https://fsn1.your-objectstorage.com/tecdoc2025/media_files/images/45/d915de4500f80bfe0eacce332e1dd450312a4a91.webp,,0,1,,,2026-08-08 22:47:30,,RAPID-2276882
d6cefda9-2d14-4eb2-826f-be08f534b88b,108733,https://fsn1.your-objectstorage.com/tecdoc2025/media_files/images/5412/3540e49beea4abe1ca1624097255a5199df332b4.webp,,1,0,,,2026-08-08 22:47:30,,RAPID-8416358
d6d33f8c-4e79-4f7f-b32c-bbfab42f5ce9,108216,https://fsn1.your-objectstorage.com/tecdoc2025/media_files/images/350/1f3fe9b38a3f08c624c0a8138876a48f292b33b8.webp,,1,0,,,2026-08-08 22:47:30,,RAPID-5596840
d6de8429-8183-452c-9449-4334b2604a66,108276,https://fsn1.your-objectstorage.com/tecdoc2025/media_files/images/30/fcf27eab8df5a60ddb4a86ed22faf6606eec5e30.webp,,0,3,,,2026-08-08 22:47:30,,RAPID-2513475
d6ec6694-5df1-4e17-bdf8-b5375f943616,108508,https://fsn1.your-objectstorage.com/tecdoc2025/media_files/images/201/b8d6d2d76222325a41834aeebebb0a709b25fac5.webp,,0,1,,,2026-08-08 22:47:30,,RAPID-9690876
d6f535fd-5495-4c35-a19b-7c883c4b83be,108035,https://fsn1.your-objectstorage.com/tecdoc2025/media_files/images/6903/0c70a2f620c40eca2e93c48914a56840997dd622.webp,"Brake Pad Set, disc brake",1,0,,,2026-08-06 14:47:26,,RAPID-83053944
d7079d3d-2487-4ded-b289-b3358ba7d17d,108408,https://fsn1.your-objectstorage.com/tecdoc2025/media_files/images/7669/00c83dba406519852a3ec0917c3f22f34413e01f.webp,,0,4,,,2026-08-08 22:47:30,,RAPID-85549909
d70c5a2a-d368-4933-96ec-54de1fef5fa1,108509,https://fsn1.your-objectstorage.com/tecdoc2025/media_files/images/201/4178cf40ee9e88c90c9b16f4d1862c314e31c84e.webp,,0,2,,,2026-08-08 22:47:30,,RAPID-16896468
d72ce3e8-3589-4cab-a6d2-ce5b3e3cd0b2,108425,https://fsn1.your-objectstorage.com/tecdoc2025/media_files/images/2/7596ae51695cbb9d68c33a806d942c79f39ebe13.webp,,0,4,,,2026-08-08 22:47:30,,RAPID-5414517
d75b74f7-1eae-46d1-b43b-5836d02a05a3,108788,https://fsn1.your-objectstorage.com/tecdoc2025/media_files/images/6358/b1d1a33c57ea9e20a2984c7c8d0024fd9b66a5f6.webp,,0,2,,,2026-08-08 22:47:30,,RAPID-2477990
d7662b62-b1f2-42a2-8ee5-9994a3227af2,108285,https://fsn1.your-objectstorage.com/tecdoc2025/media_files/PDF/30/b0d4e99e1f7a188bc1e4bc51b66353fc52647196.pdf,,1,0,,,2026-08-08 22:47:30,,RAPID-2513192
d76f6b81-9b73-4454-aa5d-7b093613ea93,108768,https://fsn1.your-objectstorage.com/tecdoc2025/media_files/images/6358/fa2f4b33f7e2cc4d8a48bdbd726bf1b9942e7bbc.webp,,0,5,,,2026-08-08 22:47:30,,RAPID-2478005
d77d5b1a-7b6a-46cd-b0c3-96aa355ba650,108391,https://fsn1.your-objectstorage.com/tecdoc2025/media_files/images/271/64313a9f9ecccd81e82420095e46c4f58bbb186d.webp,,0,2,,,2026-08-08 22:47:30,,RAPID-15622509
d7a40b85-7056-41b0-ae06-533adc6cc738,108741,https://fsn1.your-objectstorage.com/tecdoc2025/media_files/images/6990/e3c9b7221928ada1ce098971bd7cb9874f8ad9c3.webp,,0,3,,,2026-08-08 22:47:30,,RAPID-8524532
d7a49d2e-7dcb-4f16-9349-16767c39526e,108326,https://fsn1.your-objectstorage.com/tecdoc2025/media_files/images/4434/280232c792678ced5248d50975958ff1e96b6858.webp,,0,1,,,2026-08-08 22:47:30,,RAPID-2394371
d7b6512d-b780-41ae-ae8e-01a433c5e6f7,108184,https://fsn1.your-objectstorage.com/tecdoc2025/media_files/images/442/3f249429b768f3bd653f14e410fb2c569385378e.webp,,1,0,,,2026-08-08 22:47:30,,RAPID-9680208
d7c70ed2-b205-46ad-9c8d-9053e944492d,108084,https://fsn1.your-objectstorage.com/tecdoc2025/media_files/images/2/eaaf289600e20d9f3df87430865c74f43b92be7a.webp,,1,0,,,2026-08-08 22:47:30,,RAPID-5094458
d7d7ba8a-ada7-4d8a-804c-3d46743e9c42,108778,https://fsn1.your-objectstorage.com/tecdoc2025/media_files/images/6358/a21f66d07e7572eb491b06cf23ca4ac5865b30d1.webp,,0,3,,,2026-08-08 22:47:30,,RAPID-2478206
d7d8baac-e29b-4464-9473-fda60fb40f75,108249,https://fsn1.your-objectstorage.com/tecdoc2025/media_files/images/30/6d0b683d79eb568ef93a887062ff63777587298b.webp,,0,2,,,2026-08-08 22:47:30,,RAPID-2512454
d7de911f-6f0b-4815-bfde-4a64bde7b37c,108121,https://fsn1.your-objectstorage.com/tecdoc2025/media_files/images/183/e898f8dfea0492b305a81f774d5b4d5556e6d343.webp,,0,3,,,2026-08-08 22:47:30,,RAPID-9564360
d7f1fe4a-8b66-419e-836c-503193746444,108453,https://fsn1.your-objectstorage.com/tecdoc2025/media_files/images/4840/53e5facf055eca69e83ec0315c55bd1dc742185a.webp,,0,2,,,2026-08-08 22:47:30,,RAPID-1465967
d81559db-1f40-4a61-ae6f-42cb38a6403f,108388,https://fsn1.your-objectstorage.com/tecdoc2025/media_files/images/4938/a34dd5a846b1df243f779be680202aec4745586c.webp,,1,0,,,2026-08-08 22:47:30,,RAPID-7150587
d87a0ec0-3c02-4730-a40b-a32918be8144,108825,https://fsn1.your-objectstorage.com/tecdoc2025/media_files/images/6357/d9dc9508b3f7d6f6b8d37de942d1904a7e7aaeec.webp,,0,2,,,2026-08-08 22:47:30,,RAPID-9108892
d88d7f83-f1e2-474c-b3a4-e34aaa86aa1d,108220,https://fsn1.your-objectstorage.com/tecdoc2025/media_files/images/7673/7e476f4202267d46d86ff80cfb0581c899f90382.webp,,0,4,,,2026-08-08 22:47:30,,RAPID-55693719
d8d9a9af-8c7a-42c7-9c35-ac87ef43340b,108429,https://fsn1.your-objectstorage.com/tecdoc2025/media_files/images/2/fddc8c5463db4ef86fc3dfc623c192a345407517.webp,,0,4,,,2026-08-08 22:47:30,,RAPID-5414491
d8f87b2f-482a-4af6-a612-c91ff9485426,108810,https://fsn1.your-objectstorage.com/tecdoc2025/media_files/images/6357/5de0badd13e020c93af90c6013d4c6735f884a60.webp,,0,2,,,2026-08-08 22:47:30,,RAPID-9110063
d91cf64a-7ee1-4ff8-a3e2-d6d7ce022c0d,108686,https://fsn1.your-objectstorage.com/tecdoc2025/media_files/PDF/440/ec03350a27617f6d2ca8b1a61097bbedbaf431e2.pdf,,0,1,,,2026-08-08 22:47:30,,RAPID-9495951
d937c74a-a4c9-4fd8-ba09-7c8f37da55c5,108823,https://fsn1.your-objectstorage.com/tecdoc2025/media_files/images/6357/b165759c9f6b4034a3bda2aadcf9dd4d36c99ddf.webp,,0,1,,,2026-08-08 22:47:30,,RAPID-9110356
d9481804-91fa-473e-87dd-b1aa49a83379,108080,https://fsn1.your-objectstorage.com/tecdoc2025/media_files/images/234/b496347b69f1501ee6aa066649af9e9af69e68c3.webp,,0,3,,,2026-08-08 22:47:30,,RAPID-16032286
d959296c-c8e7-4ef7-8799-614c54f97d9e,108205,https://fsn1.your-objectstorage.com/tecdoc2025/media_files/images/4464/306d517a0016b2a2c8e43e1086f1c025fa4ef5a8.webp,,1,0,,,2026-08-08 22:47:30,,RAPID-9686317
d9a574e1-8f11-4089-bb14-a1f4d1d87ca1,108764,https://fsn1.your-objectstorage.com/tecdoc2025/media_files/images/4869/328a8218e617bb2a552552372e0f36b84ae8f825.webp,,1,0,,,2026-08-08 22:47:30,,RAPID-3286750
d9d4040c-4707-4c5d-95ee-aea16134f0d8,108154,https://fsn1.your-objectstorage.com/tecdoc2025/media_files/images/4826/be0819e85f50a6353ad2779ddae33fa329c229a9.webp,,0,1,,,2026-08-08 22:47:30,,RAPID-58298776
d9df2ba0-149d-418d-a11a-27363438540f,108394,https://fsn1.your-objectstorage.com/tecdoc2025/media_files/images/271/4024fee7180cf24052d404d60b1ae91c76e10638.webp,,1,0,,,2026-08-08 22:47:30,,RAPID-15752757
d9e548df-10fb-460c-bde4-2b0f7d4b067d,108559,https://fsn1.your-objectstorage.com/tecdoc2025/media_files/images/4600/381c0158750205aa1dacff7d9be7e4259ca59740.webp,,0,2,,,2026-08-08 22:47:30,,RAPID-7968195
d9f29e01-4971-47ea-8a4f-95ecba5b51df,108505,https://fsn1.your-objectstorage.com/tecdoc2025/media_files/images/201/22da8ded0a9394d65a792ef5f62caf47363c7407.webp,,1,0,,,2026-08-08 22:47:30,,RAPID-9690870
db018790-8105-49e5-ae6a-2e6492ef255c,108696,https://fsn1.your-objectstorage.com/tecdoc2025/media_files/images/4380/acea82cf4498046e16c68edfc5bdb1e786cd542b.webp,,1,0,,,2026-08-08 22:47:30,,RAPID-1961491
db430045-d522-4ddb-a2e1-be16dd44baf9,108220,https://fsn1.your-objectstorage.com/tecdoc2025/media_files/images/7673/9c8b9f7c5f699147e69bd86ee5ae97037dc55adf.webp,,0,6,,,2026-08-08 22:47:30,,RAPID-55693719
db6b3c87-0769-45fe-a54a-0ee516a8cb4b,108241,https://fsn1.your-objectstorage.com/tecdoc2025/media_files/images/475/49a9c845ca817950d39f6fa507e71b883e4fadd2.webp,,1,0,,,2026-08-08 22:47:30,,RAPID-6142308
db8d79db-c1f4-4c29-83fe-159fee35a9eb,108814,https://fsn1.your-objectstorage.com/tecdoc2025/media_files/images/6357/6cf4b10b067396ade5ca5a0e8453a7a4ecc2d9f0.webp,,0,4,,,2026-08-08 22:47:30,,RAPID-9110143
dba08dee-5df5-4e5d-8902-8983d7d15291,108780,https://fsn1.your-objectstorage.com/tecdoc2025/media_files/images/6358/7bd26894349122402dd6ac7b4c45f82962bb779e.webp,,0,3,,,2026-08-08 22:47:30,,RAPID-2478300
dbba5a37-0e05-4a55-a6eb-be6d36059844,108606,https://fsn1.your-objectstorage.com/tecdoc2025/media_files/images/403/688e8b8d55a5c76d54710b597fec1decfb4eddce.webp,,1,0,,,2026-08-08 22:47:30,,RAPID-3031899
dbdd8586-324d-4651-adcc-4781311d011d,108410,https://fsn1.your-objectstorage.com/tecdoc2025/media_files/images/7669/43c7a7892ece084546a547b37875cd2e3c4cf8ae.webp,,0,5,,,2026-08-08 22:47:30,,RAPID-81019283
dc33a277-5f82-4d3a-981c-cfeaaf981712,108633,https://fsn1.your-objectstorage.com/tecdoc2025/media_files/images/6925/24838dd97b5227f1b737a229565fa25553160e71.webp,,0,7,,,2026-08-08 22:47:30,,RAPID-19338321
dc8af94d-3f6e-450e-897c-753a84505fd6,108632,https://fsn1.your-objectstorage.com/tecdoc2025/media_files/images/6925/12458abea5b5aee3a9f1815cbf9d93a8f6c875fb.webp,,0,2,,,2026-08-08 22:47:30,,RAPID-8158894
dcf3f5dd-bdec-4a48-b4cf-642b0ba4dbe4,108631,https://fsn1.your-objectstorage.com/tecdoc2025/media_files/images/6925/78383258a46f4f79f03892b94b8714eb52a84444.webp,,0,3,,,2026-08-08 22:47:30,,RAPID-9217440
dd340f40-f783-4a4e-93d6-08ae12e344b2,108283,https://fsn1.your-objectstorage.com/tecdoc2025/media_files/images/30/49ba72a079f2ffd067d7073c01949e9d79d5eab7.webp,,1,0,,,2026-08-08 22:47:30,,RAPID-2513860
dd80b1e8-a524-4697-912e-b852cee50d69,108397,https://fsn1.your-objectstorage.com/tecdoc2025/media_files/images/271/c7b7e473ae4fdfe686d55f425156c527f88988ca.webp,,0,6,,,2026-08-08 22:47:30,,RAPID-21264884
dd9b0b89-5021-4c72-8ce5-778dc65d8129,108605,https://fsn1.your-objectstorage.com/tecdoc2025/media_files/images/403/5dd942ca522aeda66f75184e7357b4c8fa0159e6.webp,,0,2,,,2026-08-08 22:47:30,,RAPID-3031850
ddba45c2-ffe8-4b66-b259-24bb92a0d6fc,108821,https://fsn1.your-objectstorage.com/tecdoc2025/media_files/images/6357/5dbe29a035024ea672a4492fa59cff8898b90471.webp,,0,3,,,2026-08-08 22:47:30,,RAPID-9110205
ddfff1c5-6bcd-4926-aa4e-01f000244820,108778,https://fsn1.your-objectstorage.com/tecdoc2025/media_files/images/6358/70e65bc3a9106bb04e1e17c8cf1dcfd209cd2ba0.webp,,0,1,,,2026-08-08 22:47:30,,RAPID-2478206
de0f0b15-25ad-438e-83e8-99c853b899ea,108685,https://fsn1.your-objectstorage.com/tecdoc2025/media_files/PDF/440/ec03350a27617f6d2ca8b1a61097bbedbaf431e2.pdf,,0,1,,,2026-08-08 22:47:30,,RAPID-9495952
de13da52-6036-4635-b177-99d9cc14f9df,108807,https://fsn1.your-objectstorage.com/tecdoc2025/media_files/images/6357/7e4cc075de5e1ed974c5bd43856520765810d774.webp,,0,4,,,2026-08-08 22:47:30,,RAPID-9110021
de3783f6-6db8-4ef8-90b5-eedc2feaae87,108252,https://fsn1.your-objectstorage.com/tecdoc2025/media_files/PDF/30/52762f69ce607775373069383d486d97d83a8702.pdf,,1,0,,,2026-08-08 22:47:30,,RAPID-2512521
de67ac6b-423c-4944-ab90-5f5031374ba7,108068,https://fsn1.your-objectstorage.com/tecdoc2025/media_files/images/30/71d9776a3d169e182167723d71093224e5d9c35d.webp,,0,1,,,2026-08-08 22:47:30,,RAPID-737250
de7c54bb-e32a-4315-960c-fc267ae7483f,108393,https://fsn1.your-objectstorage.com/tecdoc2025/media_files/images/271/88a05fe7da674aa408e5d39554a8a6e59dd1f9ea.webp,,1,0,,,2026-08-08 22:47:30,,RAPID-13049770
de919b39-867e-4e5a-a54d-abbc53818adf,108163,https://fsn1.your-objectstorage.com/tecdoc2025/media_files/images/4826/a3d8459579d09bbceb20ca00eda21d702d016dcf.webp,,0,1,,,2026-08-08 22:47:30,,RAPID-48306027
deab3f34-179d-4d7d-a8c1-db9855c4f312,108589,https://fsn1.your-objectstorage.com/tecdoc2025/media_files/images/403/eb8d4089385381756bd80d74def3e99f5eaa80df.webp,,1,0,,,2026-08-08 22:47:30,,RAPID-3031938
deacdaa4-7712-4b2a-9226-7205ed0eeb06,108821,https://fsn1.your-objectstorage.com/tecdoc2025/media_files/images/6357/732690d6bc8c8a6f7772c569701de37c881723c6.webp,,1,0,,,2026-08-08 22:47:30,,RAPID-9110205
deccc6df-f37e-4e89-abb7-680e45f0efdc,108495,https://fsn1.your-objectstorage.com/tecdoc2025/media_files/images/185/1bbb0e3fe1ceb120bdc0c59691c4b7f6d5275af5.webp,,1,0,,,2026-08-08 22:47:30,,RAPID-2339408
deda39d9-8691-402a-86ff-26f91b25bd85,108283,https://fsn1.your-objectstorage.com/tecdoc2025/media_files/images/30/49798b4b8a68d361be0c83a953927d11d387b7dc.webp,,0,1,,,2026-08-08 22:47:30,,RAPID-2513860
deeff1d4-bde6-491c-9e91-920444fc023f,108812,https://fsn1.your-objectstorage.com/tecdoc2025/media_files/images/6357/3cd2469b55b8040c846847330990051d4833a1ef.webp,,0,2,,,2026-08-08 22:47:30,,RAPID-9110110
df0b48d7-784b-4848-a3ae-d1eb57e54cc7,108336,https://fsn1.your-objectstorage.com/tecdoc2025/media_files/images/186/0c5111d7463d4a5d4035b4fb20567544c6a9ffc3.webp,,1,0,,,2026-08-08 22:47:30,,RAPID-9642232
df0d6cc4-da13-4745-bcdd-6dc43224c80d,108009,https://fsn1.your-objectstorage.com/tecdoc2025/media_files/images/4814/03e5bdb5a65b32edce94f3f7e6a5a4ca76f88cdf.webp,Fuel Filter,1,0,,,2026-08-06 14:47:26,,RAPID-6489812
df1977ee-830a-4829-a30b-452b7c007388,108282,https://fsn1.your-objectstorage.com/tecdoc2025/media_files/images/30/365a788cdcc06fd6f5fc7b02fa6235ef927eb188.webp,,0,7,,,2026-08-08 22:47:30,,RAPID-2514801
df224127-84ad-4b0e-a65f-85e555a1649e,108272,https://fsn1.your-objectstorage.com/tecdoc2025/media_files/images/30/b00318798fffc0c22fd693788e69ecdf8812a7fc.webp,,0,5,,,2026-08-08 22:47:30,,RAPID-2513311
df3d3311-1f17-4706-a4b6-b95d83e59b5e,108704,https://fsn1.your-objectstorage.com/tecdoc2025/media_files/PDF/378/300a966b06970d717976fd3c97d313a2e0514d42.pdf,,1,0,,,2026-08-08 22:47:30,,RAPID-9688997
df3d3ca2-d2a0-4d80-93c7-aafcda678967,108298,https://fsn1.your-objectstorage.com/tecdoc2025/media_files/images/363/3cbdef580d574fe459f6f0cc620af74072d4b0a0.webp,,1,0,,,2026-08-08 22:47:30,,RAPID-4612472
df5728b4-4c1b-4874-84b9-fb3cfba57f63,108238,https://fsn1.your-objectstorage.com/tecdoc2025/media_files/images/475/be2edb544898f0aa86b8c34bb79f015b2319d4a9.webp,,1,0,,,2026-08-08 22:47:30,,RAPID-6142073
df5baf17-bebf-467a-be17-4ea1162c1cdb,108056,https://fsn1.your-objectstorage.com/tecdoc2025/media_files/images/67/7ec794062786a9a0b428460c992fff4b5080e273.webp,,0,3,,,2026-08-08 22:47:30,,RAPID-4182073
df9b926d-4968-4d5b-b1bb-86688f590d7c,108197,https://fsn1.your-objectstorage.com/tecdoc2025/media_files/images/442/182744cb9af939adc934ebba2d5aed6e269eb00a.webp,,1,0,,,2026-08-08 22:47:30,,RAPID-5788988
dfaf0293-a38b-45c5-aae2-5b5efac3334b,108831,https://fsn1.your-objectstorage.com/tecdoc2025/media_files/images/4675/cb010e1c5132503caa9669dd3a58462b29731821.webp,,1,0,,,2026-08-08 22:47:30,,RAPID-9210670
dfb8cb68-2682-44ed-85c1-da1defdcd8ab,108798,https://fsn1.your-objectstorage.com/tecdoc2025/media_files/images/7788/6f5bf04bb4b4e80d84792bad67a73011c162f6ec.webp,,0,1,,,2026-08-08 22:47:30,,RAPID-91790776
dfd645fb-2fd2-4406-bd24-07e13ed6d82a,108234,https://fsn1.your-objectstorage.com/tecdoc2025/media_files/images/475/e1eea989fd6d88c2e226a3865e8427f0c39f2419.webp,,0,1,,,2026-08-08 22:47:30,,RAPID-6142304
e008f78a-93d8-404a-a971-4b67ccf5a7d4,108666,https://fsn1.your-objectstorage.com/tecdoc2025/media_files/images/4564/d89f8190ba840a8ef7fe5dd58e440fcf6e25709b.webp,,0,1,,,2026-08-08 22:47:30,,RAPID-9665050
e00c6e91-18ee-4479-9a95-dbe2f18a5365,108652,https://fsn1.your-objectstorage.com/tecdoc2025/media_files/PDF/6495/cb1e283f978087500a6609c520512fd3fddec96c.pdf,,0,2,,,2026-08-08 22:47:30,,RAPID-6467360
e00cf56c-85ed-4c51-8920-a8cf7ac82422,108427,https://fsn1.your-objectstorage.com/tecdoc2025/media_files/images/2/8511d1c35668fd83c87819ffd0e8ec8389670a65.webp,,1,0,,,2026-08-08 22:47:30,,RAPID-5414490
e0336a83-63a1-4bfc-8d15-bbe9ec6fc384,108668,https://fsn1.your-objectstorage.com/tecdoc2025/media_files/images/5377/96b3519828ff00d80a8307b0d59b125b453fe213.webp,,0,1,,,2026-08-08 22:47:30,,RAPID-4937878
e03eeefa-e62a-4c0c-9910-a5edb354cdcb,108269,https://fsn1.your-objectstorage.com/tecdoc2025/media_files/PDF/30/b0d4e99e1f7a188bc1e4bc51b66353fc52647196.pdf,,0,1,,,2026-08-08 22:47:30,,RAPID-2513126
e075249f-c110-49ec-9c26-9c493bcc0605,108750,https://fsn1.your-objectstorage.com/tecdoc2025/media_files/images/6983/55990bb960e21cf20a7abfeca5a1f611c634219c.webp,,0,2,,,2026-08-08 22:47:30,,RAPID-1776619
e07aa0d5-9a3e-46e8-9018-cfdf1def965c,108358,https://fsn1.your-objectstorage.com/tecdoc2025/media_files/images/4318/579a9876454fd97c24b41a7da046f0fc12a236c3.webp,,1,0,,,2026-08-08 22:47:30,,RAPID-2560074
e0ae6d19-b482-40df-9e10-093fd94a1420,108409,https://fsn1.your-objectstorage.com/tecdoc2025/media_files/images/7669/bf23ed66b9d26106734dace0e526119b8e34ac10.webp,,0,4,,,2026-08-08 22:47:30,,RAPID-74715677
e0c499eb-507a-45bc-8142-d308639f37fc,108644,https://fsn1.your-objectstorage.com/tecdoc2025/media_files/images/6495/356c0bf9b0720681def6eae22e2601f050ba08db.webp,,1,0,,,2026-08-08 22:47:30,,RAPID-6467400
e0d775a5-256c-4344-8f16-e5d9d2eff3ab,108264,https://fsn1.your-objectstorage.com/tecdoc2025/media_files/images/30/f0be65908707b717fdba9bcb73e04ca6f1297831.webp,,1,0,,,2026-08-08 22:47:30,,RAPID-2512860
e12812b3-ee69-4775-a28c-1a87492fadbc,108630,https://fsn1.your-objectstorage.com/tecdoc2025/media_files/images/6925/49cb69261888fee51173fca93abb5f81fe608b3e.webp,,0,6,,,2026-08-08 22:47:30,,RAPID-9217428
e14b4587-a05f-49c9-aca0-fb7203b33408,108267,https://fsn1.your-objectstorage.com/tecdoc2025/media_files/PDF/30/b0d4e99e1f7a188bc1e4bc51b66353fc52647196.pdf,,1,0,,,2026-08-08 22:47:30,,RAPID-2513002
e14bfc79-b5b8-4eee-9495-85f82060eb0a,108559,https://fsn1.your-objectstorage.com/tecdoc2025/media_files/PDF/4600/63cf730e0c85a8bccc79c5c0d0d3bb2f95652ff2.pdf,,1,0,,,2026-08-08 22:47:30,,RAPID-7968195
e18bd4e9-c6bf-4f95-8bb6-615c16231b6c,108690,https://fsn1.your-objectstorage.com/tecdoc2025/media_files/PDF/145/a129df233f90511e02e16c20fb0b583a5803ca40.pdf,,0,1,,,2026-08-08 22:47:30,,RAPID-2340725
e1d27b66-6184-4515-9bce-68ddedc9d8bd,108119,https://fsn1.your-objectstorage.com/tecdoc2025/media_files/images/21/3d9b5cd2bfb1bfb30cc5a2808e5e4bfb20a476d5.webp,,0,2,,,2026-08-08 22:47:30,,RAPID-374484
e1ef9894-ec55-40b2-8b03-8cf052cd9725,108201,https://fsn1.your-objectstorage.com/tecdoc2025/media_files/images/7324/fd79c489200118f8246a1096a987aecd7f0c6da5.webp,,0,5,,,2026-08-08 22:47:30,,RAPID-27873809
e270ad28-e16a-4612-89c8-9945b44658d4,108217,https://fsn1.your-objectstorage.com/tecdoc2025/media_files/images/350/09ba33414ceabd5496a4731ba9132be21bb70a0c.webp,,1,0,,,2026-08-08 22:47:30,,RAPID-5596879
e27f2dce-4932-4596-90c7-24d1ef83aa7c,108509,https://fsn1.your-objectstorage.com/tecdoc2025/media_files/images/201/c4d85a982d5c5f04d959994721f784b499fdc8b4.webp,,1,0,,,2026-08-08 22:47:30,,RAPID-16896468
e29f4e59-8996-4bf6-a15e-c70bfe32f0e1,108443,https://fsn1.your-objectstorage.com/tecdoc2025/media_files/images/2/9353e3cb572047005be14009e54c833f8ebd8594.webp,,0,3,,,2026-08-08 22:47:30,,RAPID-5414411
e2c41e00-3031-47e7-bf41-9ffb21f9bce9,108393,https://fsn1.your-objectstorage.com/tecdoc2025/media_files/images/271/11f364e3a9f233e7a438c6e852ba6b2848afbc56.webp,,0,1,,,2026-08-08 22:47:30,,RAPID-13049770
e2d23ac2-86d1-4c0d-acdf-1ad296535ac2,108762,https://fsn1.your-objectstorage.com/tecdoc2025/media_files/images/5397/7c6ab9ecb06c1b494aa0cda27c0c7595242e5f3b.webp,,1,0,,,2026-08-08 22:47:30,,RAPID-8804702
e2e299bd-919d-4f6e-9cca-bd67d2bd94cd,108071,https://fsn1.your-objectstorage.com/tecdoc2025/media_files/images/30/71d9776a3d169e182167723d71093224e5d9c35d.webp,,0,1,,,2026-08-08 22:47:30,,RAPID-737535
e2fc6618-66ff-4a39-93cb-977a81715c87,108466,https://fsn1.your-objectstorage.com/tecdoc2025/media_files/images/7789/a3487a805077026e33c064c9e63e124eb17a714e.webp,,0,2,,,2026-08-08 22:47:30,,RAPID-83743931
e30a7864-95b8-43ce-8bf2-c69e9ee5b3d4,108306,https://fsn1.your-objectstorage.com/tecdoc2025/media_files/images/484/c0d73cf8cb6710daa43562677d3a59b6217c2920.webp,,0,1,,,2026-08-08 22:47:30,,RAPID-6467336
e30b0428-dec0-4bfd-b4c9-f82751fada81,108302,https://fsn1.your-objectstorage.com/tecdoc2025/media_files/images/363/1ae6ab27f07e01f5d5aabb9e1a6f0c5b51a4c888.webp,,1,0,,,2026-08-08 22:47:30,,RAPID-4612548
e34f53f7-f418-4bc7-bff0-077b3497332e,108646,https://fsn1.your-objectstorage.com/tecdoc2025/media_files/PDF/6495/7e2fd425afe78dfb704098540a9b4b71a41dda2c.pdf,,0,1,,,2026-08-08 22:47:30,,RAPID-6467403
e35b4b40-2bfd-4303-b5ec-98131036ed3e,108287,https://fsn1.your-objectstorage.com/tecdoc2025/media_files/images/4455/2f2e85ebf708f3b92e83ebeb185443bd10053ab7.webp,,1,0,,,2026-08-08 22:47:30,,RAPID-6118150
e3bbba9a-8bb9-4f39-95df-51c46e0d2d96,108485,https://fsn1.your-objectstorage.com/tecdoc2025/media_files/images/481/d792199e5954f298a33e47268364a796d4adeeb1.webp,,0,1,,,2026-08-08 22:47:30,,RAPID-9049146
e43bb4c3-7b87-4c3f-a1f5-ec9fe3ec1b6e,108278,https://fsn1.your-objectstorage.com/tecdoc2025/media_files/images/30/6a8219c23f4d07816f62480718b3b0fb35c110d4.webp,,0,5,,,2026-08-08 22:47:30,,RAPID-2514803
e47f8cbf-8dd4-4de9-8e66-0e93d0c1349d,108352,https://fsn1.your-objectstorage.com/tecdoc2025/media_files/images/4585/f4af9c3f6ae68351eab0a854982907a54fd9496a.webp,,1,0,,,2026-08-08 22:47:30,,RAPID-6678280
e4aae613-4fd7-438f-9725-1037440ebeec,108253,https://fsn1.your-objectstorage.com/tecdoc2025/media_files/images/30/6f1edf647a75b9ca71e74bf87addd21d690ef0ed.webp,,0,2,,,2026-08-08 22:47:30,,RAPID-2512524
e518ad45-3a24-4c41-a88a-867828597537,108462,https://fsn1.your-objectstorage.com/tecdoc2025/media_files/images/4840/893d87c790824bf7b388865201c39748dfa43026.webp,,0,2,,,2026-08-08 22:47:30,,RAPID-2400341
e523001b-eeee-454b-a7a7-91c29b4c8a0a,108343,https://fsn1.your-objectstorage.com/tecdoc2025/media_files/images/66/03e4c28319407f20797b2a9c555e274db40292f1.webp,,0,1,,,2026-08-08 22:47:30,,RAPID-6621121
e5282ab6-dc27-4f36-9380-b4b92d9c1e69,108769,https://fsn1.your-objectstorage.com/tecdoc2025/media_files/images/6358/534b63ede7f1a55f319594d9bef48bc69c80ab45.webp,,0,2,,,2026-08-08 22:47:30,,RAPID-2478046
e531774d-e8cb-427b-a89f-9853ee7c0b36,108654,https://fsn1.your-objectstorage.com/tecdoc2025/media_files/images/6495/356c0bf9b0720681def6eae22e2601f050ba08db.webp,,1,0,,,2026-08-08 22:47:30,,RAPID-6469468
e53cbd72-5a79-4d6e-bfcb-798a3d7a514a,108264,https://fsn1.your-objectstorage.com/tecdoc2025/media_files/images/30/7408db10bd39e84f8ab5f29e80a7b8e33c7a017d.webp,,0,5,,,2026-08-08 22:47:30,,RAPID-2512860
e557dae1-90d6-43f4-978b-92cc61db307b,108499,https://fsn1.your-objectstorage.com/tecdoc2025/media_files/images/185/a6c76745abd28995dc18e550f3da91ffaecf965c.webp,,1,0,,,2026-08-08 22:47:30,,RAPID-2382480
e561fb8e-ed33-455f-b7db-0f6830a25a14,108777,https://fsn1.your-objectstorage.com/tecdoc2025/media_files/images/6358/47426b5b0a0a8b31699afd5b2ae78b0ec466a843.webp,,0,4,,,2026-08-08 22:47:30,,RAPID-2478097
e56f24cf-ba43-4c80-9f07-9efa581d5e20,108362,https://fsn1.your-objectstorage.com/tecdoc2025/media_files/images/4318/d671f01718f4dd6bd08600443ec5de942b86ad61.webp,,1,0,,,2026-08-08 22:47:30,,RAPID-3728925
e57f8fb0-f3e8-46f5-a6fe-85784062e6c1,108824,https://fsn1.your-objectstorage.com/tecdoc2025/media_files/images/6357/0ffd8493b9959921cdf6acede9ed88ef9494fc3b.webp,,0,2,,,2026-08-08 22:47:30,,RAPID-9108863
e5832cd1-1d92-4e60-b25d-3c4fdcd36382,108845,https://fsn1.your-objectstorage.com/tecdoc2025/media_files/images/4595/444b2c59fe0946d877e4970e8df6c211c24e473d.webp,,1,0,,,2026-08-08 22:47:30,,RAPID-856403
e58a73c3-7c76-4bcc-9ebe-a9cfe49d7db9,108510,https://fsn1.your-objectstorage.com/tecdoc2025/media_files/images/201/bae288c7848df7b3b799615293b24ebd8cfecf7c.webp,,0,1,,,2026-08-08 22:47:30,,RAPID-9693154
e59249a1-328c-4090-9a6a-c42b6782faf7,108505,https://fsn1.your-objectstorage.com/tecdoc2025/media_files/images/201/50c2b0becd0d915c27d96617dc03a38aff935a8d.webp,,0,1,,,2026-08-08 22:47:30,,RAPID-9690870
e5ac8d66-b3e4-441f-a44f-f3e716567282,108460,https://fsn1.your-objectstorage.com/tecdoc2025/media_files/images/4840/2a679b618ab7b6d6e66137243df5912520418951.webp,,1,0,,,2026-08-08 22:47:30,,RAPID-367880
e5b6aa56-044d-4d45-a6c2-8ae06c006f84,108057,https://fsn1.your-objectstorage.com/tecdoc2025/media_files/images/67/24ff35220986f9d7755e7a112078405f462ee731.webp,,0,2,,,2026-08-08 22:47:30,,RAPID-4181915
e5d01798-6ae7-461f-b702-07cbff7b2d5a,108653,https://fsn1.your-objectstorage.com/tecdoc2025/media_files/PDF/6495/cb1e283f978087500a6609c520512fd3fddec96c.pdf,,0,2,,,2026-08-08 22:47:30,,RAPID-6467358
e60729d3-680d-42fa-9ac9-113462924189,108405,https://fsn1.your-objectstorage.com/tecdoc2025/media_files/images/7669/9b6c5467c118a5c361c62e932ab282e16a489068.webp,,0,2,,,2026-08-08 22:47:30,,RAPID-80561556
e6132cbe-2b72-4b23-876d-1e67bbe15a99,108624,https://fsn1.your-objectstorage.com/tecdoc2025/media_files/images/249/c9a6d3d66e9f6c33606538c5f25934809a3084ef.webp,,1,0,,,2026-08-08 22:47:30,,RAPID-6763929
e62eff10-8632-4aee-b4a9-a17c7fb7810e,108773,https://fsn1.your-objectstorage.com/tecdoc2025/media_files/images/6358/c44451d9d4066907d8f935e96dbb32041456a833.webp,,1,0,,,2026-08-08 22:47:30,,RAPID-2478021
e654ee2a-d726-4ba0-8e0f-95bff0fe860c,108588,https://fsn1.your-objectstorage.com/tecdoc2025/media_files/images/403/4b98db24a3a28ab785aa0f412e3e49bc1b1672f8.webp,,1,0,,,2026-08-08 22:47:30,,RAPID-3031935
e6574bcb-9753-47cb-aa99-e1df9b6a59a2,108511,https://fsn1.your-objectstorage.com/tecdoc2025/media_files/images/201/26b9a268e45cb013a06c962135d7f2b42ab2578f.webp,,0,1,,,2026-08-08 22:47:30,,RAPID-9693155
e67d4220-544e-4912-829e-075b1b11ab38,108777,https://fsn1.your-objectstorage.com/tecdoc2025/media_files/images/6358/48c76258b6330e4037aa95114f2fd53aaa7dc74a.webp,,0,2,,,2026-08-08 22:47:30,,RAPID-2478097
e6bcb81f-5ef7-4025-ba23-ed9290b4bf33,108809,https://fsn1.your-objectstorage.com/tecdoc2025/media_files/images/6357/f353c4d7095d5e6a65992a22f51e1368b4fbafa3.webp,,0,3,,,2026-08-08 22:47:30,,RAPID-9110128
e6ef504c-0d47-4b60-92f1-50fe53ea3066,108265,https://fsn1.your-objectstorage.com/tecdoc2025/media_files/images/30/51d735c3cc4d7fa7931feef33135b61587a9e480.webp,,0,1,,,2026-08-08 22:47:30,,RAPID-2512850
e7339bc6-43fd-4bee-bb83-212f6c3c24f1,108533,https://fsn1.your-objectstorage.com/tecdoc2025/media_files/images/4522/1cf996e46b1d9fc0797423e816d9c979674a3454.webp,,1,0,,,2026-08-08 22:47:30,,RAPID-2717433
e77b5697-f8e6-4cd7-8415-a644100b0682,108784,https://fsn1.your-objectstorage.com/tecdoc2025/media_files/images/6358/5b4aaed701a3183e1bf6527a35f78ee241283e05.webp,,0,3,,,2026-08-08 22:47:30,,RAPID-2477895
e7b379f9-37cb-45b8-873f-643f3158ba85,108259,https://fsn1.your-objectstorage.com/tecdoc2025/media_files/PDF/30/b0d4e99e1f7a188bc1e4bc51b66353fc52647196.pdf,,1,0,,,2026-08-08 22:47:30,,RAPID-2512832
e7d22351-f72a-4614-9747-3cc92b588a3a,108113,https://fsn1.your-objectstorage.com/tecdoc2025/media_files/images/45/3f5971964c71f226554b9be88761037177e12bb3.webp,,0,1,,,2026-08-08 22:47:30,,RAPID-6027678
e7d41f72-2721-465e-adaf-e5a08217b442,108256,https://fsn1.your-objectstorage.com/tecdoc2025/media_files/PDF/30/710eeedcab31768c7bd93199b4efada5cb2fb3a8.pdf,,1,0,,,2026-08-08 22:47:30,,RAPID-2512619
e82d5e10-5851-4901-ac95-18010f624ca8,108806,https://fsn1.your-objectstorage.com/tecdoc2025/media_files/images/6357/e3401514f12ea6e443597c67c85144f36aed0410.webp,,0,5,,,2026-08-08 22:47:30,,RAPID-9110028
e83642c6-6738-4796-bc11-7e820348ea55,108686,https://fsn1.your-objectstorage.com/tecdoc2025/media_files/images/440/1ad8b3e21c824bf741f51caba6f9231a37eb718e.webp,,0,3,,,2026-08-08 22:47:30,,RAPID-9495951
e844c6f1-c81d-45ee-9e49-bc45c878b4e4,108402,https://fsn1.your-objectstorage.com/tecdoc2025/media_files/images/6989/59bd9f8a7b595e862923dd37f7d84288a349290c.webp,,1,0,,,2026-08-08 22:47:30,,RAPID-6029843
e8513e2d-0aee-41bf-8f65-401b9fddd6ff,108820,https://fsn1.your-objectstorage.com/tecdoc2025/media_files/images/6357/3bb55ffa4b0ae75be6ca660160ec02593cd70016.webp,,0,3,,,2026-08-08 22:47:30,,RAPID-9110284
e86adc9e-a1c6-4256-ac47-1b36ff565bf4,108015,https://fsn1.your-objectstorage.com/tecdoc2025/media_files/images/6372/ec8b460df2f932e7d6fc01b1d9c3f74042dc4955.webp,"Brake Pad Set, disc brake",0,1,,,2026-08-06 14:47:26,,RAPID-21393197
e87fc597-a1cc-48b7-8ca1-f77bef6ebc45,108597,https://fsn1.your-objectstorage.com/tecdoc2025/media_files/images/403/b02c2de0db3f479b0a38007d3f1ac9f0de996ae1.webp,,0,2,,,2026-08-08 22:47:30,,RAPID-3032888
e8c6e5e9-4dc9-40a1-9bd2-2ceb57fd2b1c,108053,https://fsn1.your-objectstorage.com/tecdoc2025/media_files/images/67/eaf1f1b17dc9c7805c97d1050bf2252d9094cd72.webp,,0,2,,,2026-08-08 22:47:30,,RAPID-44174154
e9070153-5d34-4819-92fe-437192089798,108447,https://fsn1.your-objectstorage.com/tecdoc2025/media_files/images/2/44f925c670402ad345af8ceef710ec2f9c39b7c1.webp,,0,6,,,2026-08-08 22:47:30,,RAPID-16225763
e91540fa-3a10-45b5-8138-9071e2db0beb,108761,https://fsn1.your-objectstorage.com/tecdoc2025/media_files/images/6335/55e69c8921834c285542ee54e488dcd4cbb05357.webp,,0,4,,,2026-08-08 22:47:30,,RAPID-2381011
e926d856-1191-4ef1-ae31-768c5fdd2adb,108808,https://fsn1.your-objectstorage.com/tecdoc2025/media_files/images/6357/9f8279214551c4087730e8c80331de61b850abe7.webp,,0,3,,,2026-08-08 22:47:30,,RAPID-9110003
e958b8a7-cd67-4903-bbcb-8c290e01dbd8,108716,https://fsn1.your-objectstorage.com/tecdoc2025/media_files/images/6267/3467acd6956a63663a2a4acdc5dbd30011704fa7.webp,,0,3,,,2026-08-08 22:47:30,,RAPID-8218217
e959acd1-1222-4e5b-aa24-38c2a827e5c1,108010,https://fsn1.your-objectstorage.com/tecdoc2025/media_files/images/4598/a11dc0093ec8cb06ec9cbeb76b04c459ceb86f94.webp,"Tensioner Pulley, timing belt",1,0,,,2026-08-06 14:47:26,,RAPID-1309951
e99b37dd-5c07-401d-b36c-b7635b033aa4,108781,https://fsn1.your-objectstorage.com/tecdoc2025/media_files/images/6358/aaa3192932578f514f753e5ce5b0580eaddf3f6c.webp,,0,3,,,2026-08-08 22:47:30,,RAPID-2477867
e9a5a587-eee9-41f1-a8ef-642a8d90a01a,108314,https://fsn1.your-objectstorage.com/tecdoc2025/media_files/images/421/8df1b2a37f99fbb0c0cba26e0e758ad500bd5e60.webp,,1,0,,,2026-08-08 22:47:30,,RAPID-6401220
e9c99515-54d5-4eaf-ae24-54a7dcdeebb7,108515,https://fsn1.your-objectstorage.com/tecdoc2025/media_files/images/4546/8d6cdec24a6070be84a99529b531492e944d2b35.webp,,1,0,,,2026-08-08 22:47:30,,RAPID-7817441
e9e037d6-f75c-4bce-b19b-227bb12710d0,108590,https://fsn1.your-objectstorage.com/tecdoc2025/media_files/images/403/94ade317012806cbeb454d85e596da2b8e13aa25.webp,,0,2,,,2026-08-08 22:47:30,,RAPID-3032424
e9ebddd4-e4bc-4b3b-80f0-a56cef6bb0fb,108493,https://fsn1.your-objectstorage.com/tecdoc2025/media_files/images/185/f5a51c4583e1bca41a255833f3d36c00f3fd9c3f.webp,,1,0,,,2026-08-08 22:47:30,,RAPID-2338172
ea0c9f22-22d1-444b-a911-4070a81a0e31,108158,https://fsn1.your-objectstorage.com/tecdoc2025/media_files/images/4826/cf6f407419077b61ac72e11db94fd4308b2c2980.webp,,0,1,,,2026-08-08 22:47:30,,RAPID-56232635
ea62ae8e-6b89-479f-81d1-31ce5b9f3754,108629,https://fsn1.your-objectstorage.com/tecdoc2025/media_files/images/6925/c9574c5c5a10f51fdee78a382a2f47f1600ea4b4.webp,,0,2,,,2026-08-08 22:47:30,,RAPID-8159120
ea699657-29c3-41b2-8817-c0ddb9f74207,108521,https://fsn1.your-objectstorage.com/tecdoc2025/media_files/images/4546/abdef8eee787fe2d13a98c79f8bf1f3796254f50.webp,,1,0,,,2026-08-08 22:47:30,,RAPID-7747736
ea717847-7fef-4099-aed0-e38ee49d0425,108415,https://fsn1.your-objectstorage.com/tecdoc2025/media_files/images/5251/5189e0d018b736e5825df1295c84773c1eee6b7c.webp,,1,0,,,2026-08-08 22:47:30,,RAPID-164995
ea76f364-7d53-4bc5-b2cc-44f2547af938,108756,https://fsn1.your-objectstorage.com/tecdoc2025/media_files/images/6983/ee0431f40590ef4b6daafeec1190c59574a6263a.webp,,1,0,,,2026-08-08 22:47:30,,RAPID-1776723
ea7ee6f6-f380-49e5-807f-74fc228f7896,108701,https://fsn1.your-objectstorage.com/tecdoc2025/media_files/images/378/672157201a0ac93a60e221e34797fc9a34467bd9.webp,,1,0,,,2026-08-08 22:47:30,,RAPID-9686350
ea880c13-0aa7-488a-b03f-e0ed3da2a959,108077,https://fsn1.your-objectstorage.com/tecdoc2025/media_files/images/234/73ae2d44aa7209e8b283145559e384a64d13c042.webp,,0,2,,,2026-08-08 22:47:30,,RAPID-19475374
ea8e591e-59ba-4828-9e98-9cfb2ce6a9f5,108170,https://fsn1.your-objectstorage.com/tecdoc2025/media_files/images/5598/f41d37f88728bfef0dde58ad9aae62f6bb86ce9b.webp,,1,0,,,2026-08-08 22:47:30,,RAPID-21653491
eaa3a5c4-b6b4-4a94-a105-5f1fd75b3cb7,108391,https://fsn1.your-objectstorage.com/tecdoc2025/media_files/images/271/85b6f4a16ba9be9cc2b51669e16625137127bb26.webp,,0,3,,,2026-08-08 22:47:30,,RAPID-15622509
eabcab31-f8c5-4f19-b510-10fb82de3923,108435,https://fsn1.your-objectstorage.com/tecdoc2025/media_files/images/2/9465c255ca7a446e070e06aae09d3aa8469b248f.webp,,1,0,,,2026-08-08 22:47:30,,RAPID-23601143
eabd0d90-f9a5-4128-8701-df4857cba3be,108624,https://fsn1.your-objectstorage.com/tecdoc2025/media_files/images/249/4d1efbe9a71afb36c8367fc903f9b4a0785798bd.webp,,0,1,,,2026-08-08 22:47:30,,RAPID-6763929
ead78aed-3369-4a67-94bf-c1dd098e9c2e,108507,https://fsn1.your-objectstorage.com/tecdoc2025/media_files/images/201/f3acb4657206cf59bf69d176d64d1415490362b7.webp,,1,0,,,2026-08-08 22:47:30,,RAPID-18742080
eae5bb46-bd09-45a3-9d07-a86856d0a5d5,108318,https://fsn1.your-objectstorage.com/tecdoc2025/media_files/images/4434/0059f7b6fee5c9a97d54773b74e3bf50de5a3e8d.webp,,0,1,,,2026-08-08 22:47:30,,RAPID-2394479
eb0536cf-ac34-433e-a3c3-5c2f0763cc09,108636,https://fsn1.your-objectstorage.com/tecdoc2025/media_files/images/6495/356c0bf9b0720681def6eae22e2601f050ba08db.webp,,1,0,,,2026-08-08 22:47:30,,RAPID-6467375
eb6c39d6-4e93-4bf1-8cd2-fcde2ef3f3aa,108810,https://fsn1.your-objectstorage.com/tecdoc2025/media_files/images/6357/9edc0bd25872f42b62e5cdb968ccaa75f9175a93.webp,,0,1,,,2026-08-08 22:47:30,,RAPID-9110063
eba3a349-4530-469a-a463-31a72a7a83c0,108259,https://fsn1.your-objectstorage.com/tecdoc2025/media_files/images/30/9114a8d11697cce74ec7e37d639ade1ab520ed7f.webp,,0,2,,,2026-08-08 22:47:30,,RAPID-2512832
ebbf8643-db3e-4b85-8884-30e4bcd3acc2,108767,https://fsn1.your-objectstorage.com/tecdoc2025/media_files/images/6358/41d122ccd63cabebb39a0019bfd651b85556fcb6.webp,,0,1,,,2026-08-08 22:47:30,,RAPID-2478004
ebe8c333-4160-4197-94e2-7b8578204cb9,108370,https://fsn1.your-objectstorage.com/tecdoc2025/media_files/images/4344/b4806c2077a5e3d2ba0e17dcf53e5cc80df5f226.webp,,1,0,,,2026-08-08 22:47:30,,RAPID-6870818
ebe9aa09-f87e-4697-817d-2eeeddef62c0,108725,https://fsn1.your-objectstorage.com/tecdoc2025/media_files/images/4652/1bc325d6afc6f904091f1783d483c19125716530.webp,,1,0,,,2026-08-08 22:47:30,,RAPID-7650092
ec10dfca-99e5-4564-bd3f-fd0a8b9e0864,108177,https://fsn1.your-objectstorage.com/tecdoc2025/media_files/images/257/025363cf21e3963fedb1c06d592a4f646ec7c1b6.webp,,1,0,,,2026-08-08 22:47:30,,RAPID-8956981
ec1bbb18-03c0-497e-82df-321e7b28b2bc,108688,https://fsn1.your-objectstorage.com/tecdoc2025/media_files/images/6355/581885bd8e3bf3ec2caef9919fc114ea6a970a52.webp,,0,1,,,2026-08-08 22:47:30,,RAPID-6871166
ec24f74c-f8f1-4ead-9e15-b94b1c851562,108770,https://fsn1.your-objectstorage.com/tecdoc2025/media_files/images/6358/80871ae07062e6c4c04d839468d92bf8cc6d5369.webp,,1,0,,,2026-08-08 22:47:30,,RAPID-2478049
ec25458d-6e5f-4175-bd1a-98b78ebcf23c,108253,https://fsn1.your-objectstorage.com/tecdoc2025/media_files/PDF/30/710eeedcab31768c7bd93199b4efada5cb2fb3a8.pdf,,0,1,,,2026-08-08 22:47:30,,RAPID-2512524
ec2d4f54-fc01-437b-9cd1-c6ef51a6b3c0,108364,https://fsn1.your-objectstorage.com/tecdoc2025/media_files/images/4318/18d84906924bb3edd3a8b43b37aebd91daa03d68.webp,,1,0,,,2026-08-08 22:47:30,,RAPID-3381130
ec44fbed-90b0-4fa4-8af2-f9f8649e7ea3,108327,https://fsn1.your-objectstorage.com/tecdoc2025/media_files/images/4434/7005525f023128f7ace99f4fe28cb71c2a2a2444.webp,,0,1,,,2026-08-08 22:47:30,,RAPID-2394374
ec68bb91-3e00-4532-974d-4fb697bcd060,108248,https://fsn1.your-objectstorage.com/tecdoc2025/media_files/PDF/30/710eeedcab31768c7bd93199b4efada5cb2fb3a8.pdf,,0,1,,,2026-08-08 22:47:30,,RAPID-2512436
ec8f2b55-4e49-4b82-9ef5-8a7924b078ea,108066,https://fsn1.your-objectstorage.com/tecdoc2025/media_files/images/30/4920fa00037d8103f26eaee51e0d3730495fe74b.webp,,0,1,,,2026-08-08 22:47:30,,RAPID-737375
eca6703e-bdb3-42f1-a051-eb9b0dafcf7b,108199,https://fsn1.your-objectstorage.com/tecdoc2025/media_files/images/5259/691f468611598b9e7f6f1beedcdaad0d0f227c77.webp,,1,0,,,2026-08-08 22:47:30,,RAPID-5776093
ecb6ac24-672e-406b-978b-7f52a6dfe8aa,108599,https://fsn1.your-objectstorage.com/tecdoc2025/media_files/images/403/83d348df794dac93f59acfdb7fff1354fc6cf7fd.webp,,1,0,,,2026-08-08 22:47:30,,RAPID-3032922
ecc01648-3801-4e3d-b6e9-f7a2281a04ff,108407,https://fsn1.your-objectstorage.com/tecdoc2025/media_files/images/7669/6227b990a1dc4f5f0eaf06c59b7b25f0b13a8c78.webp,,0,2,,,2026-08-08 22:47:30,,RAPID-76752650
eccf68be-03d7-487b-b0b6-f29c943ea3f6,108722,https://fsn1.your-objectstorage.com/tecdoc2025/media_files/images/6267/5cbd0abc8017314fe8321a50c4508bed2d6cdfd6.webp,,0,2,,,2026-08-08 22:47:30,,RAPID-10367149
ecde8f0b-3aaa-4dea-966b-f9ffa525f34e,108203,https://fsn1.your-objectstorage.com/tecdoc2025/media_files/images/4464/726cfcba3f7214e7e9b2d571f500889b9ac364d8.webp,,1,0,,,2026-08-08 22:47:30,,RAPID-9686269
ed12ee0c-2c34-43c9-b916-7971829ead67,108716,https://fsn1.your-objectstorage.com/tecdoc2025/media_files/images/6267/e155e086bf866b1e021cd202697f9a228aae7b14.webp,,1,0,,,2026-08-08 22:47:30,,RAPID-8218217
ed5adb68-1246-4d75-983d-ae029b2f23ec,108810,https://fsn1.your-objectstorage.com/tecdoc2025/media_files/images/6357/b7d438e3ecd735b7c095f071d1b30ade272c317f.webp,,0,3,,,2026-08-08 22:47:30,,RAPID-9110063
ed732d92-bae9-4051-b7fa-5f91db2190e0,108143,https://fsn1.your-objectstorage.com/tecdoc2025/media_files/images/6390/813039a62a12c2fc5452e8924125043e9db5a70f.webp,,1,0,,,2026-08-08 22:47:30,,RAPID-3024132
ed83091f-0f18-49a8-9acd-9c8524855f9b,108639,https://fsn1.your-objectstorage.com/tecdoc2025/media_files/images/6495/356c0bf9b0720681def6eae22e2601f050ba08db.webp,,1,0,,,2026-08-08 22:47:30,,RAPID-6467363
eda467e9-c285-47fb-a098-28b5817a192c,108786,https://fsn1.your-objectstorage.com/tecdoc2025/media_files/images/6358/45b2b2fdfc9d48330633e22343d77dd2d76b4771.webp,,0,2,,,2026-08-08 22:47:30,,RAPID-2477930
ee2fc6cd-5eda-49c7-97f6-59fdd9e83464,108057,https://fsn1.your-objectstorage.com/tecdoc2025/media_files/images/67/0d0eb63a513b3de115dd94bd83983c2541ce4ca4.webp,,0,1,,,2026-08-08 22:47:30,,RAPID-4181915
ee36ac5f-dc45-4318-8df1-e65d478e731b,108712,https://fsn1.your-objectstorage.com/tecdoc2025/media_files/images/4683/4c74396a4b9a18757344654f749f38f52ec294bb.webp,,1,0,,,2026-08-08 22:47:30,,RAPID-2301140
ee799e39-77f7-4b4e-b6e3-b6eb64d570cb,108695,https://fsn1.your-objectstorage.com/tecdoc2025/media_files/images/4380/acea82cf4498046e16c68edfc5bdb1e786cd542b.webp,,1,0,,,2026-08-08 22:47:30,,RAPID-1961490
eeb4c8bf-3b41-43c4-a7f6-4595f694b1cc,108817,https://fsn1.your-objectstorage.com/tecdoc2025/media_files/images/6357/cf349b8c57fb6ab24a5d01be7e6424d34bfc7287.webp,,0,4,,,2026-08-08 22:47:30,,RAPID-9110181
eeb65336-0c3b-4a32-b7b8-36cd793f15ac,108232,https://fsn1.your-objectstorage.com/tecdoc2025/media_files/images/475/901d2c08e2ddf9e5125728ae37d426089fd4b14e.webp,,0,1,,,2026-08-08 22:47:30,,RAPID-6142071
eebc82a2-dd73-4c1f-9094-6faffa029af2,108332,https://fsn1.your-objectstorage.com/tecdoc2025/media_files/images/186/ac0f732ca36aeae13a28b9d0ff3c1e692828eee2.webp,,1,0,,,2026-08-08 22:47:30,,RAPID-9628158
eebeff46-5c8e-45d4-af06-871fc1d1bbd4,108634,https://fsn1.your-objectstorage.com/tecdoc2025/media_files/images/6925/09f3d32bdf01f8852b93a64c3c064709f79666ba.webp,,0,4,,,2026-08-08 22:47:30,,RAPID-21195037
eec24ad4-d52c-420c-99a0-edbc7eaefcc6,108720,https://fsn1.your-objectstorage.com/tecdoc2025/media_files/images/6267/518d77492475bdfb6ecddd706b51c834346bb753.webp,,0,1,,,2026-08-08 22:47:30,,RAPID-10367122
eed8d712-4590-499b-b112-babf896effba,108243,https://fsn1.your-objectstorage.com/tecdoc2025/media_files/images/475/34c57903cfa759a4ef9c7e60c6c10c604492d733.webp,,0,1,,,2026-08-08 22:47:30,,RAPID-6142334
eef14c2e-30e4-4651-8021-9ed063639126,108589,https://fsn1.your-objectstorage.com/tecdoc2025/media_files/images/403/c334cdfa486921040dfb0a7b5e80ee05ad31bcda.webp,,0,1,,,2026-08-08 22:47:30,,RAPID-3031938
ef06f0ca-33f2-4051-afc6-22ed3275f3de,108327,https://fsn1.your-objectstorage.com/tecdoc2025/media_files/PDF/4434/a0b4c47020de6fb4b9ae944916789d8e60e41f74.pdf,,1,0,,,2026-08-08 22:47:30,,RAPID-2394374
ef208380-eb92-4a36-8655-4251b1587767,108629,https://fsn1.your-objectstorage.com/tecdoc2025/media_files/images/6925/04c9e6e670a31bf5f21b18270c64365e0689bfb5.webp,,0,6,,,2026-08-08 22:47:30,,RAPID-8159120
ef59f220-ba08-4c61-ab59-69f5c62103cc,108782,https://fsn1.your-objectstorage.com/tecdoc2025/media_files/images/6358/92d7db92de4d5ee781747d8be5f0c3e57c23045c.webp,,0,2,,,2026-08-08 22:47:30,,RAPID-2477871
ef784569-a65c-4ba1-aecf-cc6eebaa83b2,108285,https://fsn1.your-objectstorage.com/tecdoc2025/media_files/images/30/e57560425b5ef22598a44266cd27b8c9c4501e1c.webp,,0,4,,,2026-08-08 22:47:30,,RAPID-2513192
ef935716-6483-42c4-adc9-b71e7dc558df,108657,https://fsn1.your-objectstorage.com/tecdoc2025/media_files/images/6495/356c0bf9b0720681def6eae22e2601f050ba08db.webp,,1,0,,,2026-08-08 22:47:30,,RAPID-6469463
efd83c05-2e29-4703-b32b-fb4a766be9f7,108629,https://fsn1.your-objectstorage.com/tecdoc2025/media_files/images/6925/24bc299c7315f484593838353baa0f03d6f4dca9.webp,,0,7,,,2026-08-08 22:47:30,,RAPID-8159120
eff0da0f-76e7-48a2-a2c6-601cfcdbe173,108668,https://fsn1.your-objectstorage.com/tecdoc2025/media_files/images/5377/79164f618fa6a87178e5c48bf9862e86e1dbe1a6.gif,,1,0,,,2026-08-08 22:47:30,,RAPID-4937878
eff83622-a8e9-4b43-b05e-2b5075b2f376,108428,https://fsn1.your-objectstorage.com/tecdoc2025/media_files/images/2/ce1b52674fd335dae89c59abe30cc60a4868f1c3.webp,,0,5,,,2026-08-08 22:47:30,,RAPID-5414488
f00aff60-cf66-4636-8db9-299844cae472,108448,https://fsn1.your-objectstorage.com/tecdoc2025/media_files/images/2/37760fb57efd465343590fae1f76839ee60f3a7f.webp,,1,0,,,2026-08-08 22:47:30,,RAPID-5414441
f0331605-4df6-47ae-98b3-65e52d323b53,108269,https://fsn1.your-objectstorage.com/tecdoc2025/media_files/images/30/6c5105d02dc87fc851d7a2052f76c1586b20bd96.webp,,0,2,,,2026-08-08 22:47:30,,RAPID-2513126
f05084c3-9143-4888-abb1-6f933a9a9eb0,108593,https://fsn1.your-objectstorage.com/tecdoc2025/media_files/images/403/9f646422b4e32fe1088e590bbec435e6a2a53a71.webp,,0,2,,,2026-08-08 22:47:30,,RAPID-3032541
f0587cde-17c5-4460-b2f8-82458d239ef7,108136,https://fsn1.your-objectstorage.com/tecdoc2025/media_files/images/4657/f3cbddf8977876a08e946dd4fc51fe633aecf70f.webp,,0,1,,,2026-08-08 22:47:30,,RAPID-870639
f05f3d89-d836-4a35-9597-efe6b425e35f,108806,https://fsn1.your-objectstorage.com/tecdoc2025/media_files/images/6357/cb3f2df4125c810b61fac7e660e772c27ac97834.webp,,0,1,,,2026-08-08 22:47:30,,RAPID-9110028
f07f7f83-bc77-4938-b1ce-7ed681de1cb4,108391,https://fsn1.your-objectstorage.com/tecdoc2025/media_files/images/271/efe405ec057337d9d91c143c2ee2a0ebafc3cab2.webp,,0,5,,,2026-08-08 22:47:30,,RAPID-15622509
f0871ac8-ec35-467e-87ba-82f9d393f817,108722,https://fsn1.your-objectstorage.com/tecdoc2025/media_files/images/6267/84eb83d700bab9f2bb64911c8f180e8ed6d1bf39.webp,,0,1,,,2026-08-08 22:47:30,,RAPID-10367149
f117d5e2-2f18-4a37-a273-716883dd0375,108792,https://fsn1.your-objectstorage.com/tecdoc2025/media_files/images/6437/28e434642054e4eb24d031a813cf8893cc908097.webp,,1,0,,,2026-08-08 22:47:30,,RAPID-6046670
f147ee67-160f-43c9-a923-6c51c56167fb,108273,https://fsn1.your-objectstorage.com/tecdoc2025/media_files/images/30/f0bb793c3c61aaeeb0cfb45d4afcabade53e4764.webp,,0,2,,,2026-08-08 22:47:30,,RAPID-2513123
f14c7734-7b34-4940-b75f-a2832481691d,108593,https://fsn1.your-objectstorage.com/tecdoc2025/media_files/images/403/5dab2b0e73944b68c5c3abdfb4b194d5dcc21bc7.webp,,0,1,,,2026-08-08 22:47:30,,RAPID-3032541
f1a103e1-85db-4259-b93b-e0348679d025,108633,https://fsn1.your-objectstorage.com/tecdoc2025/media_files/images/6925/bf89596a4540255ac11d35013e3b806d01ee5ee9.webp,,0,6,,,2026-08-08 22:47:30,,RAPID-19338321
f20431a1-0140-4810-b6d3-de22f07c902f,108154,https://fsn1.your-objectstorage.com/tecdoc2025/media_files/images/4826/5919a5f4623d49bce4ca466c7c2af7b95ab3bf99.webp,,0,2,,,2026-08-08 22:47:30,,RAPID-58298776
f23ef638-423d-447e-bf94-c7c5688ec129,108818,https://fsn1.your-objectstorage.com/tecdoc2025/media_files/images/6357/4beac5bbadd72997ad908216ef494034b743164e.webp,,0,2,,,2026-08-08 22:47:30,,RAPID-9110170
f2458502-91e6-4e89-8170-9f7c1829f38c,108575,https://fsn1.your-objectstorage.com/tecdoc2025/media_files/images/95/23ece2b7cfdd793ba3a45b9cf2cfd2f022828eda.webp,,0,2,,,2026-08-08 22:47:30,,RAPID-107710
f25d1228-d2b2-40b3-abcc-55837e0b42a0,108791,https://fsn1.your-objectstorage.com/tecdoc2025/media_files/images/4592/39f8dbda49ba1600bd7c8d9a67b0107ce14aa425.webp,,1,0,,,2026-08-08 22:47:30,,RAPID-9245854
f2684b63-7668-4ef9-8aad-7676bf3f9257,108164,https://fsn1.your-objectstorage.com/tecdoc2025/media_files/images/4826/8a19b2a406bed50a1526c5ec852dfabd18c1f11c.webp,,0,3,,,2026-08-08 22:47:30,,RAPID-50712759
f26fc4b6-9ab1-47e0-a58f-fde2437fff23,108818,https://fsn1.your-objectstorage.com/tecdoc2025/media_files/images/6357/16dcd1f4ac59e9ad9d242672ee8d765af65c33a8.webp,,0,1,,,2026-08-08 22:47:30,,RAPID-9110170
f2986409-0fae-4f9e-add0-1dd43be8a40d,108255,https://fsn1.your-objectstorage.com/tecdoc2025/media_files/PDF/30/710eeedcab31768c7bd93199b4efada5cb2fb3a8.pdf,,1,0,,,2026-08-08 22:47:30,,RAPID-2512559
f2a15c8e-dfc5-4d66-8a87-29534bb748b4,108285,https://fsn1.your-objectstorage.com/tecdoc2025/media_files/images/30/2bbc9f99dbaa5b2ee61085ed92f0da74695d32cf.webp,,0,3,,,2026-08-08 22:47:30,,RAPID-2513192
f2d4e048-5d66-456c-aaaf-f6d6d8af11bb,108080,https://fsn1.your-objectstorage.com/tecdoc2025/media_files/images/234/90723ba5a41e03c958ac67194944e32e0387dbb2.webp,,0,1,,,2026-08-08 22:47:30,,RAPID-16032286
f2f1706e-7609-4448-86be-1aa5b6348f5f,108795,https://fsn1.your-objectstorage.com/tecdoc2025/media_files/images/6437/92bff997425ef5996becdc1cff8e7989378454a1.webp,,1,0,,,2026-08-08 22:47:30,,RAPID-7927560
f2fbf895-2b5e-4b16-b894-f397a05f0394,108281,https://fsn1.your-objectstorage.com/tecdoc2025/media_files/images/30/48fa77ae93fb014599dfd4889954cf2aec573721.webp,,0,2,,,2026-08-08 22:47:30,,RAPID-2514843
f312b629-654b-40d9-8644-0db240adeb3b,108716,https://fsn1.your-objectstorage.com/tecdoc2025/media_files/images/6267/44ae1467b558b9b3e134c21fcc3622b158bc339f.webp,,0,7,,,2026-08-08 22:47:30,,RAPID-8218217
f36085f0-3ce6-4389-8b29-e2edec0dcb18,108232,https://fsn1.your-objectstorage.com/tecdoc2025/media_files/images/475/0388c07026fd11d5624872a4e6b097c17ffaac22.webp,,1,0,,,2026-08-08 22:47:30,,RAPID-6142071
f3f03a63-9dc8-406c-bc5c-33ebac473e4c,108571,https://fsn1.your-objectstorage.com/tecdoc2025/media_files/images/95/2c416f2050b7116dabc83d35b79d0fb85869ea3f.webp,,1,0,,,2026-08-08 22:47:30,,RAPID-107570
f3f58218-0181-4819-a1f1-2f66bd7458fc,108438,https://fsn1.your-objectstorage.com/tecdoc2025/media_files/images/2/575294160e5f930dbd67ef652d818f6ac6b42350.webp,,0,6,,,2026-08-08 22:47:30,,RAPID-5414597
f411fbf2-f487-4b86-9761-e3786cd4f3bc,108658,https://fsn1.your-objectstorage.com/tecdoc2025/media_files/images/6495/356c0bf9b0720681def6eae22e2601f050ba08db.webp,,0,1,,,2026-08-08 22:47:30,,RAPID-6467376
f45b44b1-71e8-4f7c-b0e7-b27defe8ce35,108828,https://fsn1.your-objectstorage.com/tecdoc2025/media_files/images/4675/cb010e1c5132503caa9669dd3a58462b29731821.webp,,1,0,,,2026-08-08 22:47:30,,RAPID-9210668
f467c057-ce87-40e2-9089-633a5d2e4590,108100,https://fsn1.your-objectstorage.com/tecdoc2025/media_files/images/4671/0a2e432904faaa928b4af6451c256fc20277bc66.webp,,0,1,,,2026-08-08 22:47:30,,RAPID-8249596
f471e98e-3c25-4317-acf2-2299058d84df,108385,https://fsn1.your-objectstorage.com/tecdoc2025/media_files/images/4391/9616a5099a41ba88f2505f285599cedafb192d93.webp,,1,0,,,2026-08-08 22:47:30,,RAPID-1515200
f47b4cf6-50d5-472f-9389-8af42d5affbf,108697,https://fsn1.your-objectstorage.com/tecdoc2025/media_files/PDF/378/7dad069cbae8e3ce575e52aabbfdb28d94e9b1bc.pdf,,1,0,,,2026-08-08 22:47:30,,RAPID-9686299
f4858a6b-59b6-47c9-a41f-b356e71392d2,108814,https://fsn1.your-objectstorage.com/tecdoc2025/media_files/images/6357/ffa2833da63043794875c91b2313a99128fb7357.webp,,0,3,,,2026-08-08 22:47:30,,RAPID-9110143
f501f256-152b-4d8b-869e-d8ae32402b4b,108278,https://fsn1.your-objectstorage.com/tecdoc2025/media_files/images/30/5c279d04fc32b1b804e288b2402d0f7c354c5669.webp,,0,4,,,2026-08-08 22:47:30,,RAPID-2514803
f51ef2b4-a995-4f3b-a718-ec0575c1c45d,108116,https://fsn1.your-objectstorage.com/tecdoc2025/media_files/images/45/3f5971964c71f226554b9be88761037177e12bb3.webp,,1,0,,,2026-08-08 22:47:30,,RAPID-2276882
f54b04cb-9a7b-4bec-b647-2e78cc7d5fa3,108068,https://fsn1.your-objectstorage.com/tecdoc2025/media_files/images/30/42cf784dba078e63f6f764134970ebead324a166.webp,,1,0,,,2026-08-08 22:47:30,,RAPID-737250
f5518de0-28ad-49f8-a87c-93ac857d076a,108718,https://fsn1.your-objectstorage.com/tecdoc2025/media_files/images/6267/144bdb2d8fb257374b9baad0170702352ea78105.webp,,1,0,,,2026-08-08 22:47:30,,RAPID-10363049
f55d20a5-bc90-450e-adb7-78e2d4c0bea6,108656,https://fsn1.your-objectstorage.com/tecdoc2025/media_files/PDF/6495/1a45735208367fe4228cd835bf7a86087477592f.pdf,,0,1,,,2026-08-08 22:47:30,,RAPID-6467385
f55d6993-a9b1-459b-9626-b595383a5295,108432,https://fsn1.your-objectstorage.com/tecdoc2025/media_files/images/2/f1bb4c91380573e5b691f9c76c5470abd2f7dd06.webp,,0,2,,,2026-08-08 22:47:30,,RAPID-5414520
f576c5c7-dae2-4228-b968-07f86ef85ed4,108231,https://fsn1.your-objectstorage.com/tecdoc2025/media_files/images/475/85b135efec13ebbf4a07947f23e81c0032e2cf5d.webp,,1,0,,,2026-08-08 22:47:30,,RAPID-6142305
f58e3eaa-4961-4d92-a2bc-53fe2a5a572c,108649,https://fsn1.your-objectstorage.com/tecdoc2025/media_files/PDF/6495/87aadebcd0dae8410fdde83a0deb54f4e5b7e7c6.pdf,,0,2,,,2026-08-08 22:47:30,,RAPID-6469467
f5a48332-e1f1-400d-bd87-829f427cd19f,108168,https://fsn1.your-objectstorage.com/tecdoc2025/media_files/images/4826/6c99b4e95b0ba32f2810960417897d4dc0d3d7f5.webp,,0,6,,,2026-08-08 22:47:30,,RAPID-57692425
f5cfc853-d261-47ad-abdc-3442bceb4522,108575,https://fsn1.your-objectstorage.com/tecdoc2025/media_files/images/95/c5aa7a85f5b3655bbef5c79ea95c2f4fdc5b1da9.webp,,1,0,,,2026-08-08 22:47:30,,RAPID-107710
f5f0669c-c145-4d1a-b9f5-d871cca54f82,108167,https://fsn1.your-objectstorage.com/tecdoc2025/media_files/images/4826/45f4a2b6a5caf39bc841444c0ec9d20be983f546.webp,,1,0,,,2026-08-08 22:47:30,,RAPID-49777592
f5fe7c5f-e7a0-40cb-81b7-9595176ddc15,108850,https://fsn1.your-objectstorage.com/tecdoc2025/media_files/images/4595/43b9ce37fd9edb13dd0b720fbc7e2c76d15b2726.webp,,1,0,,,2026-08-08 22:47:30,,RAPID-836017
f62f23d2-4c14-4d1f-a4c1-087e904b23f3,108404,https://fsn1.your-objectstorage.com/tecdoc2025/media_files/images/7669/41bd89c2651032e52f04132409013ed8b94fc900.webp,,0,2,,,2026-08-08 22:47:30,,RAPID-85025885
f63537ae-76e8-4b02-b2ae-27fa723af165,108104,https://fsn1.your-objectstorage.com/tecdoc2025/media_files/images/75/c279122fd69242f028d528757a1545af023e5f25.webp,,0,1,,,2026-08-08 22:47:30,,RAPID-1220295
f6690fc9-e36a-45ee-b04b-96693224f1d3,108130,https://fsn1.your-objectstorage.com/tecdoc2025/media_files/images/6372/025363cf21e3963fedb1c06d592a4f646ec7c1b6.webp,,1,0,,,2026-08-08 22:47:30,,RAPID-6848004
f6b00f1b-b720-4ac8-b13b-ff58f9d144d8,108785,https://fsn1.your-objectstorage.com/tecdoc2025/media_files/images/6358/95b409c9a7abde27e853581863570ca129e48e11.webp,,0,1,,,2026-08-08 22:47:30,,RAPID-2477882
f6cca2f3-1cbb-4f5b-b840-89ee6a8152ef,108408,https://fsn1.your-objectstorage.com/tecdoc2025/media_files/images/7669/b2a6186e6f611151b638293fae137218c62425d4.webp,,0,2,,,2026-08-08 22:47:30,,RAPID-85549909
f6fabe00-14a8-45c9-b1ab-9babb6073707,108155,https://fsn1.your-objectstorage.com/tecdoc2025/media_files/images/4826/16f2c180cda9bb8ef0864f59ff626cfac9cb22df.webp,,0,4,,,2026-08-08 22:47:30,,RAPID-51433062
f71030d3-a1fb-4325-8ea8-cc2ce0aa553a,108258,https://fsn1.your-objectstorage.com/tecdoc2025/media_files/images/30/c12c244c0aca3f1790cb73036ea2e94e935037cc.webp,,0,3,,,2026-08-08 22:47:30,,RAPID-2512847
f7218186-3141-4d8e-b55d-16f38d6f92db,108409,https://fsn1.your-objectstorage.com/tecdoc2025/media_files/images/7669/8ab65d4ebceb024f83392b8c66053327df775475.webp,,0,3,,,2026-08-08 22:47:30,,RAPID-74715677
f72955f6-bc74-4c0e-9a8c-db87912ed5d7,108562,https://fsn1.your-objectstorage.com/tecdoc2025/media_files/images/4600/6da95d2cb6fe2257915673ce582819646a050d79.webp,,0,2,,,2026-08-08 22:47:30,,RAPID-10397946
f730b4f7-39d6-4c01-a61b-d8dd58a1b65d,108510,https://fsn1.your-objectstorage.com/tecdoc2025/media_files/images/201/c5f9744fcbf4b2bf5f6162fa9c607cc9caf449cf.webp,,0,4,,,2026-08-08 22:47:30,,RAPID-9693154
f74cac81-9158-4699-b56e-714f1ebcf42a,108068,https://fsn1.your-objectstorage.com/tecdoc2025/media_files/images/30/b09e58d1b9c62ca6730fc50fe032f837fe2ba714.webp,,0,2,,,2026-08-08 22:47:30,,RAPID-737250
f76c007c-1574-4e2a-8b41-bb869d77dc80,108066,https://fsn1.your-objectstorage.com/tecdoc2025/media_files/images/30/a9e14d2cf0dbe50ff7fd5261a01a4f65771f1007.webp,,0,5,,,2026-08-08 22:47:30,,RAPID-737375
f80d41f6-d5fd-4c04-b2f7-00bad68d683a,108262,https://fsn1.your-objectstorage.com/tecdoc2025/media_files/images/30/90e32bd013d9020236e9ebd51ae6c1d6d1412fab.webp,,0,2,,,2026-08-08 22:47:30,,RAPID-2512830
f814df9d-5a70-40bc-bb13-dc2ac6d5334f,108779,https://fsn1.your-objectstorage.com/tecdoc2025/media_files/images/6358/0dc17ebd2c1b8c834b2565903ebb4658dc3f5b48.webp,,0,2,,,2026-08-08 22:47:30,,RAPID-2478227
f8468c30-b5ff-44f6-b9e3-c6a1591fc3f2,108603,https://fsn1.your-objectstorage.com/tecdoc2025/media_files/images/403/338155621447f626e11be8aedbd8f074254cd8a4.webp,,1,0,,,2026-08-08 22:47:30,,RAPID-3032943
f8767a1a-ca33-4845-a6d4-c50b8cdd6b91,108192,https://fsn1.your-objectstorage.com/tecdoc2025/media_files/images/442/6919c4952eb15146ce3bc489afe8916d1dbe9dad.webp,,1,0,,,2026-08-08 22:47:30,,RAPID-5789165
f88c0744-d1aa-4438-89dd-c0b82188168e,108450,https://fsn1.your-objectstorage.com/tecdoc2025/media_files/images/2/37760fb57efd465343590fae1f76839ee60f3a7f.webp,,1,0,,,2026-08-08 22:47:30,,RAPID-5414439
f8a38d2f-8d84-4124-a06c-84d9003859cb,108780,https://fsn1.your-objectstorage.com/tecdoc2025/media_files/images/6358/98588c2655534bbd71d179b2ffa860b2fcaf4c67.webp,,0,2,,,2026-08-08 22:47:30,,RAPID-2478300
f8a7ff7c-d498-479f-819e-8608348c2f0e,108814,https://fsn1.your-objectstorage.com/tecdoc2025/media_files/images/6357/b6e5fded93ddcb4d97ef915c1282f2baa930e4b9.webp,,0,1,,,2026-08-08 22:47:30,,RAPID-9110143
f8db20b9-fef2-4127-afe0-4b47db0491dd,108460,https://fsn1.your-objectstorage.com/tecdoc2025/media_files/images/4840/fbe65bcb12b333f513caf71fdbe854ec70c2facb.webp,,0,5,,,2026-08-08 22:47:30,,RAPID-367880
f8f5ab4c-b995-4e61-8d2c-5625bc01459e,108694,https://fsn1.your-objectstorage.com/tecdoc2025/media_files/images/4380/3d67d9ef1ed39729f2fe01d86e0fbad8a3dab7f7.webp,,0,2,,,2026-08-08 22:47:30,,RAPID-1961480
f959dea9-52fd-46ca-a89c-286fa58f4ac9,108237,https://fsn1.your-objectstorage.com/tecdoc2025/media_files/images/475/59cdbde19f42988f500aaad818bbc1475085ee16.webp,,1,0,,,2026-08-08 22:47:30,,RAPID-6142303
f9871964-5e53-42bf-b7fd-78ffc4e8de0f,108249,https://fsn1.your-objectstorage.com/tecdoc2025/media_files/images/30/d8812553998894cd0a0ea235a041c2abfe1b94ea.webp,,0,5,,,2026-08-08 22:47:30,,RAPID-2512454
f9b396b9-cd78-43a3-a5a7-840ab6f83303,108375,https://fsn1.your-objectstorage.com/tecdoc2025/media_files/images/6942/1ac89209cd207032b1fca5a6043f212f0144ef58.webp,,1,0,,,2026-08-08 22:47:30,,RAPID-8904852
f9c3e222-48c7-432a-a19c-fee87ff7aa54,108643,https://fsn1.your-objectstorage.com/tecdoc2025/media_files/PDF/6495/2b98cf7e3ce72ef370ed74cb91d9b4d5cb3988fa.pdf,,0,1,,,2026-08-08 22:47:30,,RAPID-10664338
fa365db5-228f-4865-8b1e-e0fb1a57a145,108256,https://fsn1.your-objectstorage.com/tecdoc2025/media_files/images/30/9639edb68d4ccf6773822e05ce410c9096f66c22.webp,,0,1,,,2026-08-08 22:47:30,,RAPID-2512619
fa7567ce-1178-4f9c-a666-7e3cd746e94f,108619,https://fsn1.your-objectstorage.com/tecdoc2025/media_files/images/249/77e3628ae05adcf90858df913b6e07e5ea236743.webp,,1,0,,,2026-08-08 22:47:30,,RAPID-6762324
fa94162c-f631-4fde-991c-12d390ed5dad,108461,https://fsn1.your-objectstorage.com/tecdoc2025/media_files/images/4840/aa8b8f5da860679ff8c550ec754deee24bb603d8.webp,,1,0,,,2026-08-08 22:47:30,,RAPID-2378371
faa8a69e-aac6-4ba3-97ef-70e159c21bdb,108657,https://fsn1.your-objectstorage.com/tecdoc2025/media_files/PDF/6495/cb1e283f978087500a6609c520512fd3fddec96c.pdf,,0,3,,,2026-08-08 22:47:30,,RAPID-6469463
fab52337-ed18-42df-948c-abeba75a9aa1,108742,https://fsn1.your-objectstorage.com/tecdoc2025/media_files/images/6990/ce3dbc9d1be74ccaac101ad4852574f4004a5e74.webp,,0,4,,,2026-08-08 22:47:30,,RAPID-8524529
fae013cf-7b90-4c96-8497-301f0a1b1563,108155,https://fsn1.your-objectstorage.com/tecdoc2025/media_files/images/4826/be0819e85f50a6353ad2779ddae33fa329c229a9.webp,,0,2,,,2026-08-08 22:47:30,,RAPID-51433062
fae76883-c5e8-4e1e-8411-333757111ef3,108274,https://fsn1.your-objectstorage.com/tecdoc2025/media_files/images/30/3411ae61886615722e6fc43ed322b3bbafc8dbed.webp,,0,2,,,2026-08-08 22:47:30,,RAPID-2513125
fb2aaad6-a7f4-4937-bd13-db05bfd17d8d,108246,https://fsn1.your-objectstorage.com/tecdoc2025/media_files/images/30/50f7f1cf36e6c2ab24008a156e6d3d9b79cc587e.webp,,0,5,,,2026-08-08 22:47:30,,RAPID-2512267
fb4a0f72-b296-49cb-9668-4277b7828c35,108512,https://fsn1.your-objectstorage.com/tecdoc2025/media_files/images/201/b6bfe506c516f622d981929ced8bfd7db4f46f95.webp,,0,1,,,2026-08-08 22:47:30,,RAPID-9693160
fb66395f-98fb-4243-b0eb-4432949b9fa8,108248,https://fsn1.your-objectstorage.com/tecdoc2025/media_files/images/30/f38d1807028161ecbcd08e2f3f09453a6653d90e.webp,,0,3,,,2026-08-08 22:47:30,,RAPID-2512436
fbb88d99-22be-4d47-b77d-186299faa629,108600,https://fsn1.your-objectstorage.com/tecdoc2025/media_files/images/403/c995d44a85fe6c9b3ea7becc1797b341cbd520c6.webp,,0,1,,,2026-08-08 22:47:30,,RAPID-3032889
fbbceedb-9b3c-4796-9edc-15fd37d904cf,108691,https://fsn1.your-objectstorage.com/tecdoc2025/media_files/images/145/1f2f0053c07e74dc8809fbdfbe744bee9145221b.webp,,1,0,,,2026-08-08 22:47:30,,RAPID-6867274
fbbf49dd-3515-47d0-b6b2-ccf9eb2b398f,108591,https://fsn1.your-objectstorage.com/tecdoc2025/media_files/images/403/3eb0dc36b816e1b22162dfb094211f3aa30c0550.webp,,1,0,,,2026-08-08 22:47:30,,RAPID-3032673
fbcb0712-02bc-4bc6-8954-540fc8c785ea,108519,https://fsn1.your-objectstorage.com/tecdoc2025/media_files/images/4546/36e56d80e84ee851d069e4648d9978af176797c8.webp,,1,0,,,2026-08-08 22:47:30,,RAPID-7747565
fc261680-2d0e-428b-a40f-3a0a46952dbf,108168,https://fsn1.your-objectstorage.com/tecdoc2025/media_files/images/4826/65c8970a0d8cf881583da21285efe9d1ac0743c2.webp,,0,4,,,2026-08-08 22:47:30,,RAPID-57692425
fc2b9abb-24a8-46cd-8ff1-6f0a3ec55fc7,108826,https://fsn1.your-objectstorage.com/tecdoc2025/media_files/images/4675/cb010e1c5132503caa9669dd3a58462b29731821.webp,,1,0,,,2026-08-08 22:47:30,,RAPID-9210663
fc5025e1-7762-4965-95d4-f89e79140d2d,108556,https://fsn1.your-objectstorage.com/tecdoc2025/media_files/PDF/4600/8b2ad5b887e9fe69bcf44b27cc1272ba570766b4.pdf,,1,0,,,2026-08-08 22:47:30,,RAPID-7917764
fcbef03d-770d-4eb4-ac75-6ccf96c75e7f,108443,https://fsn1.your-objectstorage.com/tecdoc2025/media_files/images/2/2fcbcfd70d8c51ce0985e8164a56b4bf1e10dd2f.webp,,0,2,,,2026-08-08 22:47:30,,RAPID-5414411
fcca55da-eb0d-4362-afb7-0bf2ca5ab539,108427,https://fsn1.your-objectstorage.com/tecdoc2025/media_files/images/2/7e2d9c0f90676c80ac9ba5ccb5fe07b0914f8897.webp,,0,3,,,2026-08-08 22:47:30,,RAPID-5414490
fcd7afd0-d29b-4212-99f2-51859bc318f7,108260,https://fsn1.your-objectstorage.com/tecdoc2025/media_files/images/30/d5e722543b1d84b4342ab3178035cc44b6c24c13.webp,,0,1,,,2026-08-08 22:47:30,,RAPID-2512729
fcf2cb95-8539-4171-9473-beb9e2dd89d3,108394,https://fsn1.your-objectstorage.com/tecdoc2025/media_files/images/271/b9fa5eb72686544839c5bcf1bc0517fdbe50a21a.webp,,0,3,,,2026-08-08 22:47:30,,RAPID-15752757
fd278b04-3685-4e85-8d0b-da1b690bb0f2,108595,https://fsn1.your-objectstorage.com/tecdoc2025/media_files/images/403/138b6d358f68d484fffd57594b04c0c61163a7f7.webp,,0,2,,,2026-08-08 22:47:30,,RAPID-3032921
fd38c9af-c83c-474b-a6b8-2ab6a0f1d193,108100,https://fsn1.your-objectstorage.com/tecdoc2025/media_files/images/4671/4c0e8a3e24962bd43d92b4305940395f5c106270.webp,,0,2,,,2026-08-08 22:47:30,,RAPID-8249596
fde242d9-8856-421b-a478-824a192fdf18,108580,https://fsn1.your-objectstorage.com/tecdoc2025/media_files/images/95/5218dffac09b7866298ec32862135bb92f910867.webp,,0,2,,,2026-08-08 22:47:30,,RAPID-80953906
fde5c821-08c0-4836-875f-5c1a4178fbd2,108445,https://fsn1.your-objectstorage.com/tecdoc2025/media_files/images/2/c0081aba291c096aa37ae170be5ac050e5fc15a2.webp,,0,5,,,2026-08-08 22:47:30,,RAPID-16753044
fe02dea2-a344-4d05-8a58-7b15005ffd23,108431,https://fsn1.your-objectstorage.com/tecdoc2025/media_files/images/2/e0e256181a0917c686b02c893d9267bcef82ead3.webp,,1,0,,,2026-08-08 22:47:30,,RAPID-5414544
fe34c977-2c38-4fe9-8f75-16ab8599f6c5,108279,https://fsn1.your-objectstorage.com/tecdoc2025/media_files/images/30/a5c114c748f2f2341a2f6f91f621d37c96a1e54d.webp,,0,5,,,2026-08-08 22:47:30,,RAPID-2514841
fe42fde6-a055-4011-9883-29e063257474,108768,https://fsn1.your-objectstorage.com/tecdoc2025/media_files/images/6358/21ccb7f8646f215eddfde683d733ca845ab3496e.webp,,0,4,,,2026-08-08 22:47:30,,RAPID-2478005
fe431b1b-03a3-42bd-b68d-25e77a8c0c51,108087,https://fsn1.your-objectstorage.com/tecdoc2025/media_files/images/72/0eb729b0a284ec66ccc3c2c08bd2718c1a5a9029.webp,,0,1,,,2026-08-08 22:47:30,,RAPID-5065880
fe55a2d2-2502-43b4-9e2d-584ae1d3ca3d,108343,https://fsn1.your-objectstorage.com/tecdoc2025/media_files/PDF/66/b0a06df19d2fb12eb19f54b7735ec6b1b5cc4d59.pdf,,1,0,,,2026-08-08 22:47:30,,RAPID-6621121
fe74df3f-26d2-403b-b5db-de19f8e4a073,108611,https://fsn1.your-objectstorage.com/tecdoc2025/media_files/images/6924/e9f643562081c32428e9c860fd73b27132026844.webp,,1,0,,,2026-08-08 22:47:30,,RAPID-14304281
fe8b38ca-71eb-491d-aca5-dc1cc7227dc7,108470,https://fsn1.your-objectstorage.com/tecdoc2025/media_files/images/5947/4deb7766f9f18099910a0af2362898fca914ce2d.webp,,0,1,,,2026-08-08 22:47:30,,RAPID-16027780
fed3138b-0ad3-4178-9534-e86a897b9c8d,108787,https://fsn1.your-objectstorage.com/tecdoc2025/media_files/images/6358/ad2c16df4c844a16fb184d5131315c18abfd7ecc.webp,,0,5,,,2026-08-08 22:47:30,,RAPID-2477976
feea6a72-f4a2-49e5-bb56-eb1d20a1fed4,108443,https://fsn1.your-objectstorage.com/tecdoc2025/media_files/images/2/3e6ab28fcd171eb63f39e3360086f6d0a05a37f6.webp,,0,5,,,2026-08-08 22:47:30,,RAPID-5414411
ff1e849a-2f73-4c17-bc2b-bdb9cf144b1e,108071,https://fsn1.your-objectstorage.com/tecdoc2025/media_files/images/30/42cf784dba078e63f6f764134970ebead324a166.webp,,1,0,,,2026-08-08 22:47:30,,RAPID-737535
ff514992-1370-4207-99e1-2eb30bb4ad62,108643,https://fsn1.your-objectstorage.com/tecdoc2025/media_files/images/6495/c87254faedb68d545670dd8578ae83a6e40aca58.webp,,1,0,,,2026-08-08 22:47:30,,RAPID-10664338
ff5e7803-7997-4ab6-a9ba-ab5c6861c041,108377,https://fsn1.your-objectstorage.com/tecdoc2025/media_files/images/4969/cfa3d1a62d2a49dcbb19aaf6fd99a4284f4a7aae.webp,,0,2,,,2026-08-08 22:47:30,,RAPID-56167489
ffd1829a-39c0-44d0-8d9d-22adfd85ac97,108758,https://fsn1.your-objectstorage.com/tecdoc2025/media_files/images/57/df3421f1ea3165e94a04a7237251fa41faa29c38.webp,,1,0,,,2026-08-08 22:47:30,,RAPID-8671352
ffe5fbd3-eaff-49d1-a458-8799a8a11160,108447,https://fsn1.your-objectstorage.com/tecdoc2025/media_files/images/2/c479d03c2fc0b8efe93b2442c6ee4cc8d93bdd2d.webp,,0,4,,,2026-08-08 22:47:30,,RAPID-16225763
fffdbf41-2aac-4cd3-a41b-30985e9dc953,108697,https://fsn1.your-objectstorage.com/tecdoc2025/media_files/images/378/8d6333399adc94036b7f2f91c5ba7412216ac439.webp,,0,1,,,2026-08-08 22:47:30,,RAPID-9686299
